ID,is_fraud
0,1
1,0
2,0
3,0
4,1
5,1
6,0
7,1
8,1
9,0
10,1
11,0
12,0
13,0
14,0
15,0
16,0
17,0
18,1
19,0
20,1
21,1
22,1
23,0
24,1
25,0
26,1
27,1
28,0
29,0
30,1
31,0
32,0
33,1
34,0
35,0
36,0
37,0
38,1
39,1
40,1
41,0
42,1
43,0
44,0
45,0
46,0
47,0
48,0
49,0
50,0
51,0
52,0
53,0
54,0
55,1
56,1
57,0
58,0
59,1
60,1
61,0
62,0
63,0
64,0
65,0
66,1
67,0
68,1
69,0
70,1
71,0
72,0
73,0
74,1
75,0
76,0
77,0
78,0
79,0
80,0
81,1
82,0
83,0
84,1
85,0
86,0
87,0
88,0
89,0
90,1
91,1
92,0
93,1
94,1
95,0
96,0
97,0
98,1
99,0
100,1
101,0
102,1
103,0
104,0
105,0
106,1
107,1
108,0
109,0
110,0
111,1
112,1
113,1
114,0
115,0
116,0
117,0
118,1
119,1
120,0
121,0
122,1
123,0
124,0
125,1
126,0
127,0
128,1
129,0
130,0
131,0
132,0
133,0
134,0
135,0
136,1
137,0
138,0
139,0
140,0
141,0
142,0
143,0
144,0
145,0
146,0
147,1
148,0
149,0
150,0
151,0
152,1
153,0
154,0
155,0
156,0
157,0
158,0
159,0
160,1
161,0
162,1
163,0
164,0
165,0
166,0
167,1
168,0
169,0
170,1
171,0
172,0
173,0
174,1
175,0
176,0
177,0
178,1
179,0
180,0
181,0
182,0
183,1
184,1
185,0
186,0
187,1
188,1
189,1
190,0
191,0
192,0
193,0
194,1
195,0
196,0
197,0
198,0
199,1
200,0
201,0
202,1
203,0
204,0
205,1
206,0
207,0
208,0
209,0
210,0
211,0
212,0
213,0
214,0
215,1
216,0
217,0
218,0
219,0
220,1
221,0
222,0
223,1
224,0
225,0
226,0
227,1
228,0
229,0
230,1
231,0
232,1
233,0
234,0
235,0
236,1
237,0
238,0
239,0
240,0
241,0
242,0
243,0
244,1
245,0
246,0
247,0
248,0
249,0
250,0
251,1
252,0
253,1
254,0
255,0
256,0
257,0
258,0
259,0
260,0
261,1
262,1
263,0
264,0
265,0
266,0
267,0
268,0
269,0
270,0
271,0
272,0
273,1
274,1
275,0
276,0
277,0
278,0
279,0
280,1
281,0
282,0
283,0
284,1
285,1
286,0
287,1
288,0
289,0
290,0
291,0
292,0
293,0
294,0
295,0
296,0
297,1
298,0
299,1
300,0
301,0
302,0
303,0
304,1
305,0
306,1
307,1
308,0
309,1
310,1
311,0
312,0
313,0
314,0
315,0
316,0
317,0
318,1
319,1
320,1
321,0
322,0
323,1
324,1
325,1
326,0
327,1
328,0
329,1
330,1
331,1
332,0
333,1
334,0
335,1
336,1
337,0
338,0
339,0
340,0
341,0
342,0
343,0
344,0
345,0
346,0
347,0
348,1
349,0
350,0
351,1
352,0
353,1
354,0
355,0
356,0
357,0
358,0
359,1
360,0
361,0
362,0
363,1
364,0
365,0
366,1
367,1
368,0
369,0
370,0
371,0
372,0
373,0
374,0
375,1
376,1
377,0
378,1
379,0
380,0
381,0
382,1
383,0
384,0
385,0
386,1
387,0
388,0
389,0
390,1
391,0
392,0
393,1
394,0
395,0
396,0
397,0
398,0
399,0
400,0
401,1
402,1
403,1
404,1
405,0
406,0
407,1
408,0
409,1
410,1
411,0
412,0
413,0
414,1
415,0
416,0
417,0
418,0
419,0
420,1
421,0
422,0
423,0
424,0
425,0
426,0
427,0
428,1
429,1
430,0
431,0
432,1
433,0
434,0
435,1
436,0
437,1
438,1
439,0
440,1
441,0
442,0
443,0
444,0
445,0
446,0
447,0
448,1
449,0
450,0
451,1
452,0
453,0
454,0
455,0
456,0
457,0
458,0
459,0
460,0
461,0
462,0
463,0
464,0
465,0
466,0
467,1
468,1
469,0
470,1
471,0
472,1
473,0
474,1
475,0
476,0
477,1
478,0
479,0
480,1
481,0
482,0
483,0
484,0
485,0
486,1
487,1
488,0
489,1
490,0
491,1
492,0
493,0
494,0
495,0
496,1
497,0
498,0
499,0
500,0
501,1
502,0
503,0
504,0
505,0
506,0
507,0
508,1
509,1
510,0
511,0
512,0
513,0
514,1
515,0
516,0
517,0
518,0
519,0
520,1
521,0
522,0
523,1
524,0
525,0
526,0
527,1
528,0
529,1
530,0
531,0
532,0
533,1
534,0
535,0
536,0
537,0
538,1
539,0
540,0
541,0
542,0
543,0
544,0
545,0
546,1
547,0
548,0
549,0
550,1
551,0
552,0
553,0
554,0
555,0
556,1
557,0
558,0
559,1
560,1
561,0
562,0
563,0
564,0
565,0
566,1
567,0
568,0
569,0
570,0
571,1
572,1
573,0
574,0
575,1
576,0
577,0
578,1
579,0
580,0
581,1
582,1
583,0
584,0
585,0
586,1
587,0
588,0
589,0
590,1
591,0
592,0
593,0
594,1
595,1
596,0
597,0
598,1
599,0
600,1
601,0
602,1
603,0
604,0
605,1
606,1
607,1
608,0
609,0
610,0
611,0
612,1
613,0
614,0
615,0
616,0
617,1
618,0
619,0
620,1
621,0
622,0
623,0
624,0
625,0
626,0
627,1
628,1
629,0
630,0
631,0
632,0
633,0
634,0
635,0
636,0
637,0
638,0
639,0
640,0
641,0
642,0
643,0
644,0
645,1
646,0
647,0
648,1
649,0
650,0
651,0
652,0
653,0
654,0
655,0
656,1
657,0
658,0
659,1
660,0
661,0
662,0
663,0
664,0
665,1
666,0
667,0
668,0
669,1
670,1
671,1
672,0
673,0
674,0
675,0
676,1
677,0
678,1
679,0
680,0
681,0
682,0
683,0
684,1
685,1
686,0
687,0
688,0
689,0
690,1
691,0
692,1
693,0
694,1
695,0
696,0
697,0
698,0
699,0
700,0
701,0
702,0
703,0
704,0
705,0
706,0
707,0
708,0
709,0
710,0
711,0
712,0
713,0
714,0
715,1
716,1
717,0
718,0
719,0
720,0
721,0
722,0
723,0
724,1
725,0
726,0
727,0
728,1
729,0
730,0
731,1
732,1
733,1
734,0
735,0
736,0
737,0
738,1
739,0
740,1
741,0
742,0
743,1
744,0
745,0
746,0
747,1
748,0
749,0
750,0
751,0
752,0
753,1
754,1
755,1
756,1
757,1
758,0
759,0
760,0
761,1
762,0
763,0
764,0
765,0
766,0
767,0
768,0
769,0
770,1
771,0
772,0
773,0
774,1
775,0
776,0
777,0
778,0
779,0
780,0
781,1
782,0
783,0
784,0
785,0
786,0
787,0
788,0
789,0
790,0
791,1
792,0
793,0
794,1
795,0
796,0
797,0
798,1
799,0
800,1
801,0
802,0
803,0
804,0
805,0
806,0
807,1
808,0
809,0
810,0
811,1
812,0
813,0
814,1
815,0
816,1
817,0
818,1
819,0
820,0
821,0
822,1
823,1
824,0
825,0
826,0
827,0
828,0
829,0
830,0
831,1
832,0
833,1
834,1
835,0
836,0
837,0
838,1
839,1
840,0
841,0
842,0
843,0
844,0
845,0
846,1
847,0
848,0
849,0
850,0
851,0
852,1
853,0
854,1
855,1
856,1
857,1
858,0
859,0
860,1
861,0
862,1
863,1
864,0
865,0
866,1
867,1
868,0
869,0
870,1
871,0
872,0
873,1
874,0
875,0
876,0
877,1
878,0
879,0
880,0
881,0
882,1
883,1
884,1
885,0
886,0
887,1
888,0
889,0
890,1
891,0
892,0
893,0
894,1
895,0
896,0
897,0
898,0
899,0
900,0
901,1
902,0
903,0
904,0
905,1
906,0
907,0
908,0
909,0
910,0
911,1
912,0
913,1
914,1
915,0
916,0
917,0
918,0
919,0
920,1
921,0
922,1
923,0
924,0
925,0
926,0
927,0
928,0
929,0
930,1
931,0
932,0
933,0
934,0
935,1
936,0
937,0
938,1
939,1
940,0
941,1
942,0
943,0
944,0
945,0
946,0
947,0
948,0
949,0
950,0
951,1
952,0
953,0
954,1
955,0
956,0
957,1
958,1
959,0
960,0
961,1
962,0
963,0
964,0
965,1
966,0
967,0
968,0
969,1
970,0
971,0
972,1
973,1
974,0
975,0
976,1
977,0
978,0
979,0
980,0
981,0
982,0
983,0
984,1
985,0
986,1
987,0
988,0
989,0
990,0
991,0
992,0
993,1
994,0
995,0
996,0
997,0
998,1
999,0
1000,0
1001,1
1002,1
1003,0
1004,0
1005,1
1006,0
1007,1
1008,0
1009,1
1010,1
1011,1
1012,1
1013,0
1014,0
1015,1
1016,1
1017,1
1018,0
1019,1
1020,0
1021,1
1022,1
1023,1
1024,0
1025,0
1026,0
1027,0
1028,0
1029,0
1030,0
1031,1
1032,0
1033,1
1034,1
1035,1
1036,1
1037,1
1038,0
1039,0
1040,0
1041,1
1042,0
1043,0
1044,0
1045,0
1046,1
1047,1
1048,0
1049,1
1050,0
1051,0
1052,1
1053,0
1054,0
1055,0
1056,0
1057,1
1058,1
1059,0
1060,0
1061,0
1062,1
1063,0
1064,0
1065,0
1066,0
1067,0
1068,0
1069,0
1070,0
1071,0
1072,0
1073,0
1074,1
1075,1
1076,0
1077,0
1078,0
1079,0
1080,0
1081,0
1082,0
1083,0
1084,0
1085,1
1086,0
1087,0
1088,0
1089,1
1090,0
1091,1
1092,0
1093,0
1094,0
1095,0
1096,1
1097,1
1098,0
1099,0
1100,1
1101,0
1102,0
1103,0
1104,0
1105,1
1106,1
1107,0
1108,1
1109,0
1110,0
1111,0
1112,0
1113,1
1114,0
1115,1
1116,0
1117,0
1118,0
1119,1
1120,0
1121,1
1122,0
1123,1
1124,0
1125,1
1126,0
1127,1
1128,0
1129,0
1130,0
1131,0
1132,1
1133,0
1134,0
1135,1
1136,0
1137,0
1138,1
1139,0
1140,0
1141,0
1142,0
1143,1
1144,0
1145,0
1146,1
1147,1
1148,0
1149,0
1150,0
1151,0
1152,1
1153,0
1154,1
1155,0
1156,1
1157,0
1158,0
1159,1
1160,0
1161,1
1162,0
1163,0
1164,1
1165,0
1166,0
1167,1
1168,0
1169,0
1170,0
1171,1
1172,1
1173,1
1174,1
1175,1
1176,0
1177,0
1178,1
1179,0
1180,1
1181,0
1182,1
1183,1
1184,1
1185,0
1186,1
1187,0
1188,1
1189,1
1190,0
1191,0
1192,0
1193,0
1194,0
1195,0
1196,0
1197,0
1198,1
1199,0
1200,0
1201,0
1202,1
1203,1
1204,1
1205,0
1206,0
1207,1
1208,0
1209,0
1210,0
1211,0
1212,1
1213,1
1214,1
1215,0
1216,0
1217,0
1218,1
1219,0
1220,1
1221,0
1222,0
1223,1
1224,1
1225,0
1226,0
1227,0
1228,1
1229,0
1230,1
1231,0
1232,0
1233,0
1234,0
1235,0
1236,1
1237,1
1238,1
1239,0
1240,0
1241,0
1242,0
1243,0
1244,1
1245,0
1246,1
1247,0
1248,0
1249,1
1250,0
1251,0
1252,0
1253,0
1254,0
1255,1
1256,1
1257,0
1258,0
1259,1
1260,0
1261,0
1262,1
1263,1
1264,0
1265,1
1266,0
1267,0
1268,0
1269,0
1270,0
1271,0
1272,0
1273,0
1274,0
1275,0
1276,1
1277,0
1278,1
1279,0
1280,0
1281,0
1282,0
1283,1
1284,0
1285,0
1286,1
1287,0
1288,1
1289,0
1290,0
1291,0
1292,1
1293,0
1294,1
1295,1
1296,1
1297,0
1298,1
1299,1
1300,0
1301,0
1302,1
1303,1
1304,0
1305,0
1306,0
1307,0
1308,0
1309,0
1310,0
1311,0
1312,0
1313,1
1314,0
1315,1
1316,0
1317,1
1318,0
1319,0
1320,1
1321,1
1322,0
1323,0
1324,1
1325,0
1326,1
1327,0
1328,0
1329,1
1330,1
1331,1
1332,0
1333,0
1334,0
1335,1
1336,0
1337,0
1338,0
1339,0
1340,0
1341,0
1342,1
1343,1
1344,1
1345,0
1346,0
1347,1
1348,0
1349,0
1350,1
1351,1
1352,0
1353,0
1354,0
1355,0
1356,1
1357,0
1358,0
1359,0
1360,0
1361,0
1362,0
1363,0
1364,1
1365,1
1366,0
1367,0
1368,0
1369,1
1370,0
1371,0
1372,1
1373,0
1374,0
1375,0
1376,0
1377,0
1378,0
1379,0
1380,0
1381,0
1382,1
1383,0
1384,0
1385,0
1386,0
1387,0
1388,0
1389,0
1390,0
1391,0
1392,0
1393,1
1394,1
1395,0
1396,1
1397,0
1398,1
1399,0
1400,0
1401,0
1402,0
1403,0
1404,0
1405,0
1406,0
1407,0
1408,1
1409,0
1410,0
1411,0
1412,0
1413,1
1414,0
1415,0
1416,0
1417,0
1418,0
1419,1
1420,0
1421,0
1422,0
1423,0
1424,1
1425,1
1426,0
1427,0
1428,0
1429,0
1430,0
1431,0
1432,1
1433,0
1434,1
1435,0
1436,0
1437,0
1438,0
1439,0
1440,0
1441,0
1442,0
1443,0
1444,0
1445,1
1446,0
1447,0
1448,0
1449,0
1450,0
1451,0
1452,1
1453,1
1454,1
1455,0
1456,0
1457,0
1458,1
1459,0
1460,0
1461,0
1462,0
1463,0
1464,0
1465,0
1466,1
1467,1
1468,0
1469,0
1470,0
1471,1
1472,1
1473,0
1474,1
1475,0
1476,0
1477,1
1478,0
1479,0
1480,0
1481,0
1482,0
1483,0
1484,0
1485,0
1486,0
1487,0
1488,1
1489,0
1490,0
1491,0
1492,0
1493,1
1494,1
1495,0
1496,1
1497,0
1498,0
1499,0
1500,1
1501,0
1502,0
1503,0
1504,0
1505,0
1506,0
1507,0
1508,0
1509,0
1510,0
1511,0
1512,1
1513,1
1514,0
1515,0
1516,0
1517,0
1518,0
1519,0
1520,0
1521,0
1522,0
1523,0
1524,0
1525,1
1526,0
1527,1
1528,0
1529,0
1530,1
1531,0
1532,1
1533,0
1534,0
1535,0
1536,1
1537,1
1538,1
1539,0
1540,0
1541,0
1542,1
1543,0
1544,1
1545,1
1546,0
1547,0
1548,1
1549,0
1550,0
1551,0
1552,1
1553,0
1554,1
1555,1
1556,0
1557,0
1558,0
1559,0
1560,0
1561,0
1562,0
1563,0
1564,0
1565,0
1566,0
1567,1
1568,0
1569,1
1570,0
1571,0
1572,0
1573,0
1574,0
1575,0
1576,0
1577,0
1578,0
1579,1
1580,1
1581,1
1582,1
1583,0
1584,0
1585,0
1586,0
1587,0
1588,1
1589,0
1590,1
1591,0
1592,0
1593,0
1594,1
1595,1
1596,0
1597,1
1598,0
1599,0
1600,0
1601,0
1602,1
1603,1
1604,0
1605,0
1606,0
1607,0
1608,0
1609,1
1610,0
1611,0
1612,0
1613,0
1614,0
1615,0
1616,1
1617,0
1618,0
1619,1
1620,0
1621,1
1622,0
1623,0
1624,1
1625,0
1626,0
1627,0
1628,0
1629,1
1630,0
1631,1
1632,1
1633,1
1634,0
1635,0
1636,0
1637,0
1638,0
1639,0
1640,0
1641,0
1642,0
1643,0
1644,1
1645,0
1646,0
1647,1
1648,0
1649,0
1650,0
1651,0
1652,0
1653,0
1654,0
1655,0
1656,0
1657,0
1658,0
1659,1
1660,1
1661,0
1662,0
1663,1
1664,0
1665,0
1666,0
1667,0
1668,1
1669,0
1670,0
1671,1
1672,0
1673,1
1674,0
1675,0
1676,1
1677,0
1678,0
1679,0
1680,1
1681,1
1682,1
1683,0
1684,0
1685,1
1686,0
1687,1
1688,0
1689,0
1690,0
1691,0
1692,0
1693,0
1694,0
1695,0
1696,1
1697,0
1698,1
1699,0
1700,0
1701,0
1702,0
1703,1
1704,0
1705,1
1706,0
1707,0
1708,0
1709,0
1710,0
1711,0
1712,1
1713,1
1714,1
1715,0
1716,0
1717,1
1718,0
1719,0
1720,0
1721,0
1722,0
1723,0
1724,0
1725,1
1726,1
1727,1
1728,1
1729,0
1730,0
1731,0
1732,1
1733,1
1734,1
1735,0
1736,1
1737,1
1738,0
1739,0
1740,1
1741,0
1742,0
1743,0
1744,1
1745,1
1746,0
1747,1
1748,0
1749,0
1750,1
1751,0
1752,0
1753,0
1754,0
1755,0
1756,0
1757,1
1758,1
1759,1
1760,0
1761,0
1762,1
1763,1
1764,1
1765,1
1766,0
1767,1
1768,0
1769,1
1770,1
1771,1
1772,1
1773,0
1774,0
1775,0
1776,1
1777,0
1778,0
1779,0
1780,1
1781,0
1782,0
1783,0
1784,0
1785,0
1786,1
1787,0
1788,1
1789,1
1790,1
1791,0
1792,0
1793,0
1794,0
1795,0
1796,0
1797,0
1798,0
1799,1
1800,0
1801,0
1802,0
1803,0
1804,0
1805,0
1806,0
1807,1
1808,0
1809,0
1810,0
1811,0
1812,0
1813,1
1814,0
1815,1
1816,0
1817,0
1818,0
1819,1
1820,0
1821,0
1822,0
1823,0
1824,1
1825,1
1826,1
1827,0
1828,0
1829,0
1830,0
1831,1
1832,0
1833,0
1834,0
1835,1
1836,0
1837,0
1838,1
1839,1
1840,0
1841,0
1842,0
1843,1
1844,1
1845,1
1846,1
1847,0
1848,0
1849,0
1850,0
1851,0
1852,0
1853,1
1854,1
1855,0
1856,0
1857,0
1858,0
1859,0
1860,0
1861,0
1862,0
1863,0
1864,1
1865,0
1866,0
1867,0
1868,1
1869,1
1870,1
1871,0
1872,0
1873,0
1874,1
1875,0
1876,1
1877,0
1878,1
1879,0
1880,0
1881,0
1882,0
1883,0
1884,0
1885,0
1886,0
1887,0
1888,1
1889,0
1890,0
1891,1
1892,0
1893,0
1894,0
1895,0
1896,0
1897,1
1898,0
1899,0
1900,0
1901,0
1902,0
1903,1
1904,0
1905,0
1906,1
1907,0
1908,0
1909,0
1910,0
1911,1
1912,0
1913,0
1914,0
1915,0
1916,0
1917,0
1918,0
1919,0
1920,1
1921,0
1922,1
1923,0
1924,0
1925,0
1926,0
1927,1
1928,1
1929,0
1930,0
1931,1
1932,0
1933,0
1934,1
1935,0
1936,0
1937,0
1938,0
1939,1
1940,1
1941,0
1942,0
1943,1
1944,1
1945,0
1946,0
1947,0
1948,0
1949,0
1950,0
1951,0
1952,1
1953,1
1954,0
1955,0
1956,1
1957,1
1958,0
1959,1
1960,0
1961,1
1962,0
1963,0
1964,0
1965,0
1966,0
1967,0
1968,0
1969,0
1970,1
1971,0
1972,1
1973,0
1974,0
1975,1
1976,0
1977,0
1978,1
1979,0
1980,0
1981,1
1982,1
1983,0
1984,0
1985,1
1986,1
1987,0
1988,0
1989,0
1990,0
1991,0
1992,0
1993,0
1994,1
1995,0
1996,0
1997,1
1998,0
1999,0
2000,0
2001,0
2002,0
2003,0
2004,1
2005,0
2006,0
2007,0
2008,0
2009,0
2010,1
2011,1
2012,0
2013,0
2014,1
2015,0
2016,1
2017,0
2018,0
2019,0
2020,0
2021,1
2022,0
2023,0
2024,0
2025,0
2026,0
2027,0
2028,1
2029,0
2030,0
2031,1
2032,0
2033,0
2034,0
2035,1
2036,0
2037,0
2038,1
2039,0
2040,0
2041,0
2042,1
2043,1
2044,0
2045,0
2046,0
2047,0
2048,1
2049,0
2050,0
2051,1
2052,0
2053,0
2054,0
2055,0
2056,0
2057,1
2058,1
2059,1
2060,1
2061,0
2062,0
2063,0
2064,1
2065,1
2066,1
2067,1
2068,1
2069,1
2070,0
2071,0
2072,0
2073,1
2074,0
2075,0
2076,1
2077,0
2078,1
2079,0
2080,0
2081,0
2082,0
2083,0
2084,1
2085,0
2086,0
2087,1
2088,0
2089,0
2090,0
2091,1
2092,0
2093,0
2094,0
2095,0
2096,1
2097,1
2098,0
2099,0
2100,0
2101,0
2102,0
2103,0
2104,1
2105,1
2106,0
2107,1
2108,0
2109,0
2110,1
2111,0
2112,0
2113,0
2114,0
2115,1
2116,0
2117,0
2118,0
2119,0
2120,0
2121,0
2122,0
2123,0
2124,1
2125,1
2126,0
2127,0
2128,0
2129,0
2130,1
2131,0
2132,0
2133,0
2134,0
2135,1
2136,1
2137,1
2138,1
2139,1
2140,0
2141,1
2142,1
2143,1
2144,1
2145,0
2146,0
2147,0
2148,1
2149,1
2150,1
2151,0
2152,1
2153,1
2154,1
2155,0
2156,0
2157,0
2158,1
2159,0
2160,0
2161,1
2162,0
2163,0
2164,1
2165,0
2166,0
2167,0
2168,0
2169,0
2170,0
2171,0
2172,1
2173,0
2174,0
2175,0
2176,0
2177,1
2178,0
2179,0
2180,0
2181,1
2182,0
2183,0
2184,0
2185,0
2186,0
2187,0
2188,0
2189,0
2190,0
2191,0
2192,0
2193,0
2194,0
2195,0
2196,0
2197,1
2198,0
2199,0
2200,1
2201,0
2202,0
2203,0
2204,1
2205,1
2206,1
2207,1
2208,0
2209,1
2210,1
2211,1
2212,0
2213,1
2214,0
2215,1
2216,0
2217,0
2218,1
2219,0
2220,1
2221,0
2222,0
2223,0
2224,0
2225,0
2226,0
2227,1
2228,1
2229,0
2230,1
2231,0
2232,0
2233,0
2234,0
2235,0
2236,0
2237,0
2238,1
2239,1
2240,0
2241,0
2242,0
2243,1
2244,1
2245,1
2246,0
2247,0
2248,0
2249,0
2250,0
2251,0
2252,1
2253,0
2254,0
2255,0
2256,0
2257,0
2258,0
2259,0
2260,0
2261,1
2262,0
2263,1
2264,1
2265,0
2266,1
2267,0
2268,0
2269,0
2270,0
2271,0
2272,1
2273,0
2274,0
2275,0
2276,1
2277,0
2278,1
2279,0
2280,0
2281,0
2282,1
2283,0
2284,0
2285,0
2286,1
2287,0
2288,0
2289,0
2290,0
2291,1
2292,0
2293,0
2294,1
2295,1
2296,0
2297,0
2298,1
2299,0
2300,0
2301,0
2302,0
2303,0
2304,1
2305,0
2306,0
2307,0
2308,0
2309,1
2310,0
2311,1
2312,1
2313,0
2314,1
2315,1
2316,0
2317,0
2318,0
2319,1
2320,1
2321,1
2322,0
2323,1
2324,1
2325,1
2326,0
2327,1
2328,0
2329,0
2330,0
2331,1
2332,0
2333,0
2334,0
2335,0
2336,0
2337,1
2338,1
2339,1
2340,0
2341,0
2342,0
2343,0
2344,1
2345,0
2346,0
2347,0
2348,0
2349,0
2350,1
2351,0
2352,0
2353,0
2354,1
2355,0
2356,0
2357,0
2358,0
2359,0
2360,0
2361,0
2362,0
2363,0
2364,0
2365,1
2366,0
2367,1
2368,0
2369,1
2370,0
2371,0
2372,0
2373,1
2374,0
2375,0
2376,1
2377,0
2378,1
2379,0
2380,0
2381,1
2382,0
2383,1
2384,1
2385,0
2386,0
2387,0
2388,0
2389,1
2390,1
2391,0
2392,0
2393,0
2394,0
2395,0
2396,0
2397,0
2398,0
2399,0
2400,0
2401,1
2402,0
2403,1
2404,0
2405,0
2406,1
2407,0
2408,1
2409,0
2410,0
2411,0
2412,0
2413,0
2414,0
2415,0
2416,1
2417,1
2418,0
2419,1
2420,1
2421,0
2422,0
2423,0
2424,0
2425,0
2426,0
2427,0
2428,0
2429,0
2430,0
2431,0
2432,0
2433,0
2434,1
2435,1
2436,0
2437,1
2438,1
2439,0
2440,0
2441,0
2442,0
2443,0
2444,0
2445,0
2446,1
2447,1
2448,0
2449,1
2450,1
2451,0
2452,0
2453,0
2454,1
2455,0
2456,0
2457,0
2458,0
2459,0
2460,1
2461,0
2462,1
2463,0
2464,0
2465,1
2466,0
2467,0
2468,0
2469,0
2470,1
2471,0
2472,1
2473,0
2474,0
2475,0
2476,0
2477,1
2478,0
2479,1
2480,0
2481,0
2482,1
2483,0
2484,0
2485,0
2486,0
2487,0
2488,0
2489,0
2490,1
2491,0
2492,0
2493,0
2494,0
2495,0
2496,0
2497,0
2498,0
2499,0
2500,0
2501,0
2502,0
2503,0
2504,1
2505,0
2506,0
2507,0
2508,1
2509,0
2510,0
2511,0
2512,0
2513,0
2514,0
2515,1
2516,1
2517,1
2518,0
2519,0
2520,1
2521,0
2522,0
2523,0
2524,0
2525,0
2526,1
2527,0
2528,1
2529,1
2530,0
2531,0
2532,0
2533,0
2534,1
2535,0
2536,0
2537,0
2538,0
2539,1
2540,0
2541,0
2542,1
2543,0
2544,0
2545,0
2546,0
2547,0
2548,0
2549,0
2550,1
2551,0
2552,0
2553,0
2554,0
2555,1
2556,1
2557,0
2558,0
2559,0
2560,0
2561,0
2562,0
2563,0
2564,0
2565,0
2566,0
2567,0
2568,0
2569,1
2570,0
2571,1
2572,0
2573,0
2574,1
2575,0
2576,0
2577,0
2578,0
2579,1
2580,0
2581,0
2582,0
2583,1
2584,1
2585,1
2586,0
2587,0
2588,0
2589,0
2590,0
2591,0
2592,0
2593,0
2594,1
2595,0
2596,0
2597,0
2598,0
2599,0
2600,1
2601,0
2602,0
2603,0
2604,1
2605,0
2606,0
2607,1
2608,0
2609,0
2610,0
2611,0
2612,1
2613,1
2614,0
2615,0
2616,1
2617,0
2618,1
2619,0
2620,1
2621,1
2622,1
2623,1
2624,0
2625,1
2626,0
2627,1
2628,0
2629,0
2630,0
2631,0
2632,0
2633,0
2634,0
2635,0
2636,0
2637,0
2638,0
2639,0
2640,0
2641,0
2642,0
2643,0
2644,1
2645,1
2646,1
2647,1
2648,0
2649,0
2650,0
2651,0
2652,1
2653,0
2654,0
2655,0
2656,1
2657,0
2658,0
2659,0
2660,0
2661,1
2662,1
2663,0
2664,1
2665,0
2666,0
2667,1
2668,1
2669,0
2670,1
2671,0
2672,0
2673,0
2674,0
2675,0
2676,0
2677,0
2678,0
2679,0
2680,0
2681,1
2682,1
2683,0
2684,0
2685,0
2686,0
2687,1
2688,0
2689,0
2690,0
2691,0
2692,0
2693,0
2694,0
2695,0
2696,1
2697,0
2698,0
2699,0
2700,0
2701,0
2702,0
2703,0
2704,0
2705,0
2706,0
2707,0
2708,0
2709,1
2710,1
2711,0
2712,0
2713,0
2714,0
2715,0
2716,0
2717,1
2718,0
2719,1
2720,0
2721,0
2722,0
2723,1
2724,0
2725,0
2726,1
2727,0
2728,0
2729,0
2730,0
2731,0
2732,0
2733,1
2734,0
2735,1
2736,1
2737,0
2738,0
2739,1
2740,0
2741,1
2742,1
2743,0
2744,0
2745,0
2746,0
2747,0
2748,0
2749,0
2750,1
2751,0
2752,0
2753,0
2754,0
2755,1
2756,0
2757,0
2758,1
2759,0
2760,1
2761,0
2762,0
2763,0
2764,1
2765,1
2766,1
2767,0
2768,1
2769,0
2770,1
2771,0
2772,0
2773,1
2774,0
2775,0
2776,0
2777,0
2778,0
2779,1
2780,0
2781,1
2782,1
2783,1
2784,0
2785,0
2786,1
2787,0
2788,0
2789,1
2790,0
2791,0
2792,0
2793,0
2794,0
2795,1
2796,1
2797,0
2798,0
2799,0
2800,0
2801,0
2802,0
2803,0
2804,0
2805,0
2806,0
2807,0
2808,0
2809,0
2810,1
2811,0
2812,1
2813,0
2814,0
2815,0
2816,1
2817,0
2818,0
2819,0
2820,0
2821,1
2822,0
2823,0
2824,1
2825,0
2826,1
2827,0
2828,0
2829,0
2830,0
2831,0
2832,0
2833,1
2834,0
2835,0
2836,0
2837,0
2838,1
2839,0
2840,0
2841,0
2842,0
2843,0
2844,1
2845,0
2846,0
2847,0
2848,0
2849,0
2850,0
2851,0
2852,0
2853,0
2854,1
2855,0
2856,0
2857,0
2858,0
2859,0
2860,0
2861,0
2862,0
2863,1
2864,0
2865,0
2866,1
2867,1
2868,0
2869,0
2870,0
2871,1
2872,0
2873,0
2874,1
2875,1
2876,0
2877,1
2878,1
2879,1
2880,1
2881,1
2882,1
2883,1
2884,0
2885,0
2886,1
2887,0
2888,1
2889,0
2890,1
2891,0
2892,1
2893,0
2894,0
2895,1
2896,0
2897,0
2898,0
2899,0
2900,0
2901,0
2902,1
2903,0
2904,0
2905,1
2906,1
2907,0
2908,0
2909,0
2910,0
2911,0
2912,1
2913,0
2914,0
2915,1
2916,1
2917,1
2918,1
2919,0
2920,0
2921,1
2922,0
2923,1
2924,0
2925,1
2926,1
2927,0
2928,0
2929,1
2930,0
2931,0
2932,0
2933,0
2934,1
2935,1
2936,1
2937,0
2938,0
2939,0
2940,1
2941,0
2942,1
2943,0
2944,0
2945,1
2946,0
2947,1
2948,0
2949,0
2950,0
2951,1
2952,1
2953,1
2954,0
2955,1
2956,1
2957,0
2958,0
2959,0
2960,0
2961,0
2962,0
2963,0
2964,0
2965,1
2966,0
2967,0
2968,1
2969,0
2970,1
2971,0
2972,0
2973,0
2974,0
2975,0
2976,0
2977,0
2978,0
2979,0
2980,0
2981,1
2982,0
2983,1
2984,0
2985,0
2986,1
2987,0
2988,0
2989,0
2990,1
2991,0
2992,0
2993,0
2994,0
2995,0
2996,0
2997,0
2998,1
2999,0
3000,1
3001,1
3002,0
3003,0
3004,1
3005,0
3006,0
3007,0
3008,0
3009,0
3010,0
3011,0
3012,1
3013,1
3014,0
3015,1
3016,0
3017,0
3018,0
3019,1
3020,1
3021,0
3022,0
3023,1
3024,0
3025,0
3026,1
3027,1
3028,0
3029,0
3030,1
3031,1
3032,0
3033,0
3034,0
3035,0
3036,1
3037,0
3038,0
3039,0
3040,1
3041,1
3042,0
3043,0
3044,0
3045,0
3046,0
3047,0
3048,0
3049,0
3050,0
3051,1
3052,1
3053,0
3054,0
3055,0
3056,0
3057,0
3058,1
3059,0
3060,0
3061,0
3062,1
3063,0
3064,1
3065,0
3066,0
3067,0
3068,0
3069,0
3070,0
3071,0
3072,0
3073,0
3074,0
3075,1
3076,0
3077,1
3078,0
3079,1
3080,1
3081,1
3082,0
3083,0
3084,1
3085,1
3086,0
3087,1
3088,0
3089,1
3090,0
3091,0
3092,0
3093,1
3094,0
3095,0
3096,1
3097,0
3098,1
3099,0
3100,1
3101,0
3102,0
3103,0
3104,0
3105,1
3106,0
3107,0
3108,0
3109,1
3110,1
3111,0
3112,0
3113,0
3114,0
3115,0
3116,0
3117,0
3118,1
3119,0
3120,0
3121,0
3122,0
3123,1
3124,0
3125,1
3126,0
3127,0
3128,1
3129,1
3130,0
3131,0
3132,0
3133,0
3134,0
3135,0
3136,1
3137,1
3138,0
3139,1
3140,1
3141,0
3142,0
3143,1
3144,1
3145,0
3146,0
3147,1
3148,0
3149,0
3150,1
3151,1
3152,1
3153,0
3154,0
3155,0
3156,0
3157,0
3158,0
3159,0
3160,0
3161,0
3162,1
3163,0
3164,1
3165,1
3166,0
3167,0
3168,0
3169,1
3170,0
3171,1
3172,1
3173,0
3174,0
3175,0
3176,0
3177,0
3178,1
3179,1
3180,0
3181,0
3182,0
3183,0
3184,0
3185,0
3186,0
3187,0
3188,0
3189,0
3190,0
3191,0
3192,1
3193,0
3194,0
3195,0
3196,1
3197,0
3198,1
3199,0
3200,1
3201,0
3202,0
3203,0
3204,0
3205,0
3206,1
3207,0
3208,0
3209,1
3210,0
3211,0
3212,0
3213,0
3214,1
3215,1
3216,0
3217,0
3218,0
3219,0
3220,0
3221,1
3222,0
3223,0
3224,0
3225,0
3226,0
3227,1
3228,0
3229,0
3230,0
3231,0
3232,0
3233,0
3234,0
3235,0
3236,0
3237,0
3238,0
3239,0
3240,0
3241,0
3242,0
3243,0
3244,0
3245,0
3246,0
3247,1
3248,0
3249,1
3250,1
3251,0
3252,1
3253,1
3254,0
3255,0
3256,0
3257,0
3258,0
3259,0
3260,0
3261,1
3262,0
3263,0
3264,1
3265,1
3266,1
3267,0
3268,0
3269,0
3270,0
3271,0
3272,0
3273,0
3274,0
3275,0
3276,0
3277,0
3278,0
3279,1
3280,0
3281,0
3282,0
3283,1
3284,0
3285,1
3286,0
3287,1
3288,0
3289,0
3290,1
3291,1
3292,0
3293,1
3294,0
3295,1
3296,1
3297,0
3298,1
3299,0
3300,0
3301,1
3302,0
3303,0
3304,0
3305,0
3306,0
3307,0
3308,0
3309,0
3310,0
3311,0
3312,0
3313,1
3314,0
3315,0
3316,1
3317,0
3318,0
3319,1
3320,0
3321,0
3322,0
3323,1
3324,0
3325,0
3326,0
3327,1
3328,0
3329,1
3330,0
3331,0
3332,0
3333,0
3334,0
3335,1
3336,0
3337,1
3338,0
3339,0
3340,1
3341,0
3342,1
3343,1
3344,0
3345,1
3346,0
3347,0
3348,1
3349,0
3350,0
3351,0
3352,0
3353,0
3354,1
3355,1
3356,1
3357,0
3358,0
3359,0
3360,0
3361,0
3362,1
3363,0
3364,1
3365,1
3366,1
3367,1
3368,0
3369,0
3370,1
3371,0
3372,0
3373,0
3374,0
3375,1
3376,0
3377,1
3378,1
3379,0
3380,0
3381,0
3382,0
3383,0
3384,1
3385,0
3386,0
3387,0
3388,0
3389,0
3390,0
3391,0
3392,0
3393,1
3394,0
3395,0
3396,0
3397,1
3398,0
3399,0
3400,0
3401,1
3402,1
3403,0
3404,1
3405,0
3406,1
3407,0
3408,1
3409,1
3410,0
3411,1
3412,1
3413,0
3414,0
3415,0
3416,0
3417,0
3418,0
3419,0
3420,0
3421,1
3422,0
3423,1
3424,0
3425,1
3426,1
3427,1
3428,1
3429,0
3430,0
3431,0
3432,1
3433,1
3434,1
3435,1
3436,0
3437,0
3438,1
3439,1
3440,0
3441,1
3442,1
3443,0
3444,0
3445,0
3446,0
3447,0
3448,0
3449,1
3450,0
3451,1
3452,1
3453,0
3454,0
3455,1
3456,0
3457,0
3458,0
3459,1
3460,0
3461,0
3462,0
3463,0
3464,0
3465,1
3466,1
3467,0
3468,1
3469,0
3470,0
3471,0
3472,0
3473,1
3474,1
3475,1
3476,0
3477,1
3478,0
3479,0
3480,0
3481,1
3482,0
3483,0
3484,0
3485,0
3486,0
3487,1
3488,0
3489,0
3490,0
3491,0
3492,1
3493,0
3494,0
3495,0
3496,0
3497,1
3498,0
3499,0
3500,1
3501,0
3502,0
3503,1
3504,0
3505,0
3506,0
3507,0
3508,1
3509,0
3510,0
3511,0
3512,1
3513,0
3514,1
3515,1
3516,0
3517,0
3518,1
3519,0
3520,0
3521,1
3522,1
3523,0
3524,0
3525,0
3526,0
3527,0
3528,0
3529,1
3530,0
3531,0
3532,0
3533,1
3534,0
3535,0
3536,0
3537,0
3538,1
3539,0
3540,0
3541,0
3542,0
3543,0
3544,0
3545,0
3546,0
3547,1
3548,1
3549,1
3550,1
3551,0
3552,0
3553,0
3554,1
3555,0
3556,1
3557,0
3558,0
3559,0
3560,0
3561,0
3562,0
3563,0
3564,0
3565,1
3566,0
3567,1
3568,1
3569,0
3570,0
3571,1
3572,0
3573,0
3574,0
3575,0
3576,1
3577,0
3578,1
3579,1
3580,0
3581,1
3582,0
3583,0
3584,0
3585,0
3586,0
3587,0
3588,0
3589,0
3590,1
3591,0
3592,1
3593,0
3594,0
3595,1
3596,0
3597,0
3598,1
3599,0
3600,0
3601,1
3602,1
3603,1
3604,1
3605,1
3606,0
3607,0
3608,1
3609,0
3610,0
3611,0
3612,0
3613,0
3614,1
3615,0
3616,0
3617,0
3618,1
3619,0
3620,0
3621,1
3622,0
3623,0
3624,1
3625,0
3626,0
3627,0
3628,0
3629,0
3630,1
3631,0
3632,1
3633,0
3634,1
3635,0
3636,0
3637,0
3638,1
3639,0
3640,0
3641,0
3642,0
3643,0
3644,1
3645,1
3646,1
3647,1
3648,1
3649,0
3650,0
3651,1
3652,1
3653,0
3654,0
3655,1
3656,0
3657,1
3658,1
3659,1
3660,0
3661,1
3662,0
3663,1
3664,0
3665,0
3666,0
3667,1
3668,0
3669,1
3670,0
3671,0
3672,0
3673,0
3674,0
3675,0
3676,1
3677,1
3678,1
3679,0
3680,0
3681,0
3682,0
3683,0
3684,0
3685,0
3686,1
3687,0
3688,1
3689,0
3690,0
3691,1
3692,0
3693,1
3694,0
3695,0
3696,0
3697,0
3698,0
3699,0
3700,0
3701,0
3702,0
3703,0
3704,0
3705,0
3706,0
3707,0
3708,1
3709,0
3710,0
3711,0
3712,1
3713,1
3714,0
3715,0
3716,0
3717,0
3718,0
3719,1
3720,0
3721,0
3722,1
3723,0
3724,1
3725,1
3726,0
3727,0
3728,0
3729,1
3730,0
3731,1
3732,0
3733,0
3734,0
3735,0
3736,0
3737,0
3738,0
3739,0
3740,1
3741,0
3742,0
3743,0
3744,0
3745,0
3746,0
3747,0
3748,0
3749,0
3750,0
3751,0
3752,1
3753,1
3754,0
3755,1
3756,1
3757,0
3758,1
3759,0
3760,1
3761,1
3762,0
3763,0
3764,1
3765,0
3766,1
3767,0
3768,0
3769,1
3770,0
3771,0
3772,0
3773,0
3774,0
3775,0
3776,1
3777,0
3778,1
3779,0
3780,0
3781,0
3782,1
3783,0
3784,0
3785,1
3786,0
3787,0
3788,0
3789,0
3790,0
3791,1
3792,0
3793,0
3794,0
3795,0
3796,0
3797,1
3798,1
3799,0
3800,0
3801,0
3802,0
3803,0
3804,0
3805,0
3806,1
3807,0
3808,0
3809,1
3810,0
3811,1
3812,1
3813,0
3814,1
3815,0
3816,0
3817,1
3818,1
3819,0
3820,1
3821,0
3822,0
3823,0
3824,0
3825,1
3826,0
3827,0
3828,0
3829,1
3830,0
3831,0
3832,0
3833,1
3834,0
3835,1
3836,1
3837,0
3838,0
3839,0
3840,1
3841,0
3842,1
3843,0
3844,0
3845,0
3846,0
3847,0
3848,0
3849,0
3850,0
3851,0
3852,0
3853,0
3854,1
3855,0
3856,1
3857,0
3858,0
3859,0
3860,0
3861,0
3862,0
3863,1
3864,0
3865,1
3866,1
3867,0
3868,0
3869,0
3870,1
3871,0
3872,0
3873,1
3874,0
3875,1
3876,0
3877,0
3878,1
3879,0
3880,0
3881,0
3882,0
3883,0
3884,1
3885,1
3886,0
3887,0
3888,0
3889,1
3890,1
3891,0
3892,1
3893,0
3894,1
3895,0
3896,0
3897,0
3898,0
3899,0
3900,1
3901,0
3902,0
3903,0
3904,0
3905,1
3906,0
3907,0
3908,0
3909,0
3910,0
3911,0
3912,0
3913,0
3914,0
3915,1
3916,0
3917,0
3918,0
3919,1
3920,1
3921,0
3922,0
3923,0
3924,0
3925,0
3926,0
3927,0
3928,1
3929,0
3930,1
3931,1
3932,0
3933,0
3934,0
3935,1
3936,0
3937,0
3938,0
3939,0
3940,0
3941,0
3942,0
3943,1
3944,0
3945,0
3946,1
3947,0
3948,0
3949,1
3950,0
3951,1
3952,1
3953,1
3954,0
3955,0
3956,0
3957,0
3958,1
3959,0
3960,1
3961,1
3962,0
3963,0
3964,0
3965,1
3966,0
3967,0
3968,0
3969,0
3970,0
3971,0
3972,0
3973,1
3974,1
3975,1
3976,0
3977,0
3978,0
3979,0
3980,1
3981,1
3982,1
3983,0
3984,0
3985,0
3986,0
3987,0
3988,0
3989,0
3990,0
3991,0
3992,0
3993,0
3994,1
3995,0
3996,0
3997,0
3998,0
3999,1
4000,1
4001,0
4002,0
4003,0
4004,0
4005,0
4006,0
4007,1
4008,0
4009,0
4010,0
4011,0
4012,1
4013,0
4014,0
4015,0
4016,1
4017,0
4018,0
4019,1
4020,1
4021,0
4022,0
4023,1
4024,1
4025,0
4026,1
4027,1
4028,0
4029,0
4030,1
4031,0
4032,0
4033,0
4034,0
4035,1
4036,0
4037,1
4038,0
4039,0
4040,0
4041,1
4042,0
4043,1
4044,1
4045,1
4046,0
4047,1
4048,1
4049,0
4050,1
4051,0
4052,0
4053,0
4054,0
4055,1
4056,1
4057,1
4058,0
4059,0
4060,1
4061,1
4062,0
4063,0
4064,1
4065,0
4066,0
4067,1
4068,0
4069,1
4070,1
4071,0
4072,0
4073,1
4074,0
4075,0
4076,1
4077,0
4078,0
4079,1
4080,1
4081,0
4082,1
4083,1
4084,0
4085,0
4086,0
4087,1
4088,0
4089,0
4090,1
4091,0
4092,0
4093,0
4094,0
4095,0
4096,0
4097,0
4098,0
4099,0
4100,0
4101,1
4102,0
4103,0
4104,0
4105,0
4106,0
4107,0
4108,0
4109,1
4110,0
4111,1
4112,0
4113,0
4114,0
4115,0
4116,0
4117,0
4118,1
4119,0
4120,0
4121,0
4122,0
4123,0
4124,1
4125,0
4126,0
4127,0
4128,0
4129,0
4130,1
4131,1
4132,1
4133,1
4134,0
4135,1
4136,1
4137,0
4138,0
4139,1
4140,1
4141,0
4142,0
4143,1
4144,0
4145,0
4146,1
4147,0
4148,1
4149,0
4150,0
4151,0
4152,0
4153,0
4154,0
4155,1
4156,0
4157,0
4158,0
4159,1
4160,1
4161,1
4162,0
4163,0
4164,0
4165,1
4166,0
4167,0
4168,0
4169,0
4170,1
4171,0
4172,0
4173,0
4174,0
4175,1
4176,1
4177,0
4178,1
4179,1
4180,0
4181,1
4182,0
4183,0
4184,0
4185,1
4186,0
4187,0
4188,1
4189,0
4190,0
4191,0
4192,0
4193,1
4194,1
4195,0
4196,0
4197,0
4198,0
4199,1
4200,0
4201,1
4202,0
4203,1
4204,0
4205,0
4206,0
4207,1
4208,1
4209,0
4210,1
4211,1
4212,0
4213,0
4214,0
4215,0
4216,0
4217,0
4218,0
4219,0
4220,0
4221,0
4222,1
4223,0
4224,0
4225,0
4226,0
4227,0
4228,0
4229,1
4230,0
4231,0
4232,0
4233,0
4234,0
4235,0
4236,0
4237,1
4238,1
4239,0
4240,1
4241,0
4242,1
4243,1
4244,0
4245,0
4246,1
4247,0
4248,1
4249,0
4250,0
4251,1
4252,0
4253,1
4254,0
4255,0
4256,0
4257,1
4258,0
4259,0
4260,1
4261,1
4262,0
4263,1
4264,0
4265,0
4266,0
4267,1
4268,0
4269,0
4270,1
4271,0
4272,0
4273,0
4274,0
4275,0
4276,0
4277,0
4278,0
4279,0
4280,0
4281,0
4282,1
4283,0
4284,1
4285,0
4286,1
4287,1
4288,0
4289,0
4290,0
4291,0
4292,1
4293,0
4294,1
4295,1
4296,0
4297,1
4298,1
4299,0
4300,0
4301,0
4302,0
4303,0
4304,0
4305,1
4306,0
4307,0
4308,0
4309,1
4310,0
4311,0
4312,0
4313,0
4314,0
4315,0
4316,0
4317,0
4318,1
4319,0
4320,1
4321,0
4322,0
4323,0
4324,0
4325,0
4326,0
4327,1
4328,0
4329,0
4330,0
4331,1
4332,0
4333,1
4334,1
4335,0
4336,1
4337,1
4338,0
4339,0
4340,0
4341,0
4342,0
4343,0
4344,0
4345,0
4346,1
4347,0
4348,1
4349,0
4350,1
4351,0
4352,1
4353,1
4354,0
4355,0
4356,1
4357,1
4358,0
4359,0
4360,1
4361,1
4362,0
4363,0
4364,0
4365,0
4366,0
4367,0
4368,1
4369,1
4370,0
4371,0
4372,1
4373,1
4374,0
4375,0
4376,1
4377,0
4378,0
4379,0
4380,0
4381,1
4382,0
4383,0
4384,0
4385,0
4386,0
4387,0
4388,0
4389,1
4390,1
4391,1
4392,1
4393,0
4394,0
4395,0
4396,1
4397,1
4398,1
4399,0
4400,0
4401,0
4402,0
4403,0
4404,0
4405,1
4406,0
4407,1
4408,1
4409,0
4410,0
4411,1
4412,0
4413,1
4414,1
4415,0
4416,0
4417,1
4418,1
4419,0
4420,1
4421,0
4422,0
4423,0
4424,0
4425,0
4426,0
4427,0
4428,0
4429,1
4430,0
4431,0
4432,1
4433,0
4434,0
4435,1
4436,0
4437,0
4438,0
4439,0
4440,0
4441,0
4442,1
4443,1
4444,0
4445,1
4446,0
4447,0
4448,0
4449,1
4450,0
4451,0
4452,0
4453,0
4454,1
4455,1
4456,0
4457,1
4458,1
4459,0
4460,1
4461,1
4462,0
4463,0
4464,0
4465,0
4466,0
4467,0
4468,0
4469,1
4470,0
4471,0
4472,1
4473,1
4474,0
4475,1
4476,1
4477,0
4478,0
4479,0
4480,1
4481,0
4482,0
4483,1
4484,1
4485,0
4486,0
4487,0
4488,0
4489,0
4490,0
4491,1
4492,0
4493,0
4494,1
4495,0
4496,0
4497,0
4498,0
4499,0
4500,0
4501,1
4502,1
4503,0
4504,0
4505,0
4506,1
4507,0
4508,0
4509,0
4510,1
4511,0
4512,0
4513,0
4514,0
4515,1
4516,0
4517,0
4518,1
4519,0
4520,0
4521,1
4522,1
4523,0
4524,0
4525,0
4526,0
4527,0
4528,0
4529,0
4530,0
4531,0
4532,0
4533,0
4534,0
4535,0
4536,1
4537,0
4538,0
4539,0
4540,1
4541,1
4542,0
4543,0
4544,1
4545,1
4546,0
4547,1
4548,0
4549,1
4550,1
4551,0
4552,0
4553,1
4554,0
4555,0
4556,0
4557,0
4558,0
4559,0
4560,0
4561,0
4562,1
4563,1
4564,1
4565,0
4566,0
4567,0
4568,0
4569,1
4570,0
4571,0
4572,1
4573,1
4574,1
4575,0
4576,1
4577,0
4578,1
4579,0
4580,0
4581,0
4582,0
4583,0
4584,0
4585,1
4586,1
4587,0
4588,1
4589,1
4590,0
4591,1
4592,1
4593,0
4594,0
4595,1
4596,1
4597,0
4598,0
4599,0
4600,1
4601,0
4602,0
4603,0
4604,0
4605,0
4606,0
4607,0
4608,1
4609,0
4610,0
4611,0
4612,1
4613,0
4614,0
4615,0
4616,0
4617,0
4618,0
4619,0
4620,0
4621,0
4622,0
4623,0
4624,0
4625,0
4626,0
4627,1
4628,1
4629,0
4630,0
4631,0
4632,0
4633,1
4634,0
4635,1
4636,1
4637,1
4638,0
4639,1
4640,1
4641,1
4642,0
4643,0
4644,1
4645,0
4646,1
4647,0
4648,0
4649,0
4650,1
4651,0
4652,0
4653,0
4654,0
4655,1
4656,1
4657,0
4658,0
4659,0
4660,1
4661,0
4662,0
4663,0
4664,0
4665,0
4666,0
4667,0
4668,0
4669,0
4670,1
4671,1
4672,0
4673,1
4674,0
4675,0
4676,0
4677,0
4678,0
4679,0
4680,1
4681,0
4682,0
4683,0
4684,0
4685,1
4686,0
4687,0
4688,1
4689,1
4690,1
4691,0
4692,1
4693,1
4694,0
4695,0
4696,0
4697,0
4698,0
4699,0
4700,0
4701,0
4702,0
4703,0
4704,0
4705,0
4706,0
4707,0
4708,0
4709,0
4710,0
4711,0
4712,0
4713,0
4714,0
4715,0
4716,0
4717,0
4718,1
4719,1
4720,0
4721,0
4722,0
4723,1
4724,0
4725,0
4726,0
4727,0
4728,0
4729,0
4730,0
4731,1
4732,1
4733,1
4734,0
4735,0
4736,1
4737,0
4738,0
4739,0
4740,0
4741,0
4742,0
4743,1
4744,0
4745,0
4746,0
4747,0
4748,0
4749,0
4750,0
4751,0
4752,1
4753,0
4754,1
4755,0
4756,1
4757,0
4758,0
4759,0
4760,0
4761,0
4762,0
4763,0
4764,1
4765,0
4766,0
4767,1
4768,0
4769,0
4770,0
4771,0
4772,0
4773,0
4774,1
4775,0
4776,1
4777,0
4778,0
4779,1
4780,1
4781,0
4782,0
4783,0
4784,1
4785,0
4786,0
4787,0
4788,1
4789,1
4790,1
4791,1
4792,0
4793,1
4794,0
4795,1
4796,1
4797,1
4798,0
4799,0
4800,1
4801,1
4802,0
4803,1
4804,0
4805,0
4806,0
4807,0
4808,1
4809,1
4810,0
4811,0
4812,0
4813,0
4814,1
4815,1
4816,0
4817,1
4818,0
4819,0
4820,1
4821,0
4822,1
4823,0
4824,0
4825,0
4826,1
4827,1
4828,0
4829,0
4830,1
4831,0
4832,1
4833,0
4834,1
4835,0
4836,1
4837,0
4838,0
4839,0
4840,0
4841,0
4842,0
4843,0
4844,0
4845,1
4846,0
4847,1
4848,0
4849,1
4850,0
4851,0
4852,1
4853,0
4854,0
4855,0
4856,0
4857,1
4858,1
4859,0
4860,0
4861,1
4862,0
4863,1
4864,0
4865,0
4866,0
4867,0
4868,1
4869,1
4870,0
4871,0
4872,0
4873,1
4874,1
4875,1
4876,0
4877,0
4878,0
4879,0
4880,0
4881,0
4882,0
4883,0
4884,1
4885,0
4886,0
4887,1
4888,0
4889,0
4890,0
4891,0
4892,1
4893,1
4894,0
4895,0
4896,0
4897,0
4898,0
4899,0
4900,0
4901,0
4902,0
4903,0
4904,1
4905,0
4906,0
4907,0
4908,0
4909,1
4910,0
4911,0
4912,0
4913,0
4914,0
4915,1
4916,1
4917,0
4918,0
4919,0
4920,1
4921,0
4922,0
4923,0
4924,0
4925,0
4926,1
4927,0
4928,1
4929,0
4930,0
4931,0
4932,0
4933,0
4934,0
4935,0
4936,0
4937,1
4938,0
4939,0
4940,0
4941,0
4942,0
4943,1
4944,0
4945,0
4946,0
4947,1
4948,0
4949,0
4950,0
4951,1
4952,1
4953,0
4954,0
4955,0
4956,1
4957,1
4958,1
4959,0
4960,1
4961,0
4962,0
4963,0
4964,1
4965,0
4966,1
4967,0
4968,1
4969,1
4970,0
4971,1
4972,0
4973,0
4974,1
4975,0
4976,1
4977,1
4978,0
4979,1
4980,1
4981,0
4982,0
4983,1
4984,1
4985,1
4986,0
4987,0
4988,1
4989,0
4990,1
4991,1
4992,1
4993,0
4994,0
4995,0
4996,1
4997,0
4998,0
4999,1
5000,0
5001,0
5002,0
5003,1
5004,0
5005,1
5006,0
5007,0
5008,1
5009,0
5010,1
5011,1
5012,0
5013,0
5014,1
5015,0
5016,1
5017,0
5018,0
5019,0
5020,1
5021,0
5022,1
5023,0
5024,0
5025,1
5026,1
5027,1
5028,0
5029,0
5030,1
5031,0
5032,0
5033,0
5034,0
5035,1
5036,0
5037,1
5038,0
5039,0
5040,0
5041,0
5042,1
5043,0
5044,0
5045,0
5046,0
5047,1
5048,0
5049,0
5050,0
5051,0
5052,1
5053,0
5054,0
5055,0
5056,0
5057,0
5058,0
5059,0
5060,1
5061,0
5062,1
5063,0
5064,0
5065,0
5066,0
5067,1
5068,0
5069,0
5070,0
5071,1
5072,0
5073,0
5074,0
5075,0
5076,0
5077,0
5078,1
5079,1
5080,0
5081,0
5082,0
5083,0
5084,0
5085,0
5086,0
5087,0
5088,1
5089,0
5090,0
5091,1
5092,1
5093,1
5094,1
5095,0
5096,1
5097,0
5098,0
5099,0
5100,1
5101,1
5102,0
5103,0
5104,1
5105,0
5106,0
5107,0
5108,0
5109,0
5110,0
5111,0
5112,1
5113,0
5114,1
5115,0
5116,1
5117,0
5118,0
5119,0
5120,0
5121,1
5122,0
5123,1
5124,0
5125,1
5126,1
5127,1
5128,0
5129,0
5130,1
5131,0
5132,0
5133,0
5134,0
5135,0
5136,0
5137,0
5138,1
5139,0
5140,0
5141,0
5142,0
5143,0
5144,0
5145,0
5146,0
5147,0
5148,0
5149,0
5150,1
5151,0
5152,0
5153,0
5154,0
5155,0
5156,0
5157,1
5158,0
5159,0
5160,0
5161,1
5162,0
5163,0
5164,0
5165,0
5166,0
5167,0
5168,1
5169,0
5170,1
5171,0
5172,1
5173,0
5174,0
5175,0
5176,0
5177,1
5178,0
5179,0
5180,1
5181,0
5182,0
5183,0
5184,0
5185,0
5186,0
5187,1
5188,1
5189,0
5190,0
5191,0
5192,0
5193,0
5194,0
5195,0
5196,0
5197,0
5198,0
5199,0
5200,0
5201,0
5202,0
5203,0
5204,0
5205,0
5206,0
5207,0
5208,0
5209,1
5210,1
5211,1
5212,0
5213,0
5214,1
5215,0
5216,0
5217,1
5218,1
5219,1
5220,0
5221,0
5222,0
5223,0
5224,1
5225,0
5226,1
5227,0
5228,0
5229,0
5230,0
5231,0
5232,0
5233,0
5234,0
5235,1
5236,0
5237,0
5238,1
5239,0
5240,1
5241,0
5242,0
5243,1
5244,0
5245,0
5246,1
5247,0
5248,0
5249,0
5250,0
5251,0
5252,1
5253,1
5254,0
5255,1
5256,1
5257,1
5258,0
5259,0
5260,0
5261,1
5262,0
5263,0
5264,1
5265,0
5266,0
5267,0
5268,1
5269,1
5270,0
5271,1
5272,1
5273,0
5274,1
5275,0
5276,1
5277,0
5278,0
5279,0
5280,0
5281,1
5282,1
5283,1
5284,0
5285,0
5286,0
5287,0
5288,0
5289,0
5290,0
5291,0
5292,0
5293,0
5294,0
5295,1
5296,0
5297,1
5298,0
5299,0
5300,0
5301,0
5302,0
5303,0
5304,0
5305,0
5306,0
5307,1
5308,0
5309,0
5310,0
5311,0
5312,0
5313,0
5314,1
5315,0
5316,1
5317,0
5318,0
5319,0
5320,0
5321,0
5322,0
5323,0
5324,0
5325,1
5326,0
5327,1
5328,0
5329,1
5330,0
5331,0
5332,1
5333,0
5334,1
5335,0
5336,0
5337,0
5338,1
5339,0
5340,0
5341,1
5342,0
5343,1
5344,1
5345,0
5346,1
5347,0
5348,0
5349,0
5350,0
5351,1
5352,1
5353,0
5354,0
5355,1
5356,1
5357,0
5358,1
5359,1
5360,0
5361,0
5362,0
5363,0
5364,0
5365,0
5366,0
5367,1
5368,0
5369,1
5370,1
5371,0
5372,1
5373,1
5374,0
5375,0
5376,0
5377,1
5378,0
5379,0
5380,1
5381,0
5382,1
5383,0
5384,1
5385,1
5386,0
5387,1
5388,0
5389,0
5390,0
5391,1
5392,1
5393,0
5394,1
5395,0
5396,0
5397,1
5398,0
5399,0
5400,0
5401,0
5402,0
5403,0
5404,0
5405,0
5406,0
5407,1
5408,0
5409,0
5410,1
5411,0
5412,0
5413,1
5414,1
5415,0
5416,0
5417,1
5418,0
5419,0
5420,0
5421,0
5422,0
5423,0
5424,1
5425,0
5426,1
5427,0
5428,0
5429,1
5430,0
5431,0
5432,0
5433,0
5434,0
5435,1
5436,0
5437,0
5438,0
5439,0
5440,1
5441,0
5442,1
5443,1
5444,0
5445,0
5446,1
5447,1
5448,0
5449,0
5450,0
5451,0
5452,0
5453,1
5454,0
5455,1
5456,0
5457,0
5458,1
5459,0
5460,0
5461,1
5462,0
5463,0
5464,0
5465,1
5466,0
5467,0
5468,1
5469,0
5470,0
5471,0
5472,0
5473,0
5474,0
5475,1
5476,0
5477,0
5478,1
5479,1
5480,0
5481,1
5482,1
5483,0
5484,1
5485,0
5486,0
5487,0
5488,0
5489,0
5490,1
5491,0
5492,0
5493,0
5494,0
5495,0
5496,1
5497,1
5498,0
5499,0
5500,1
5501,0
5502,0
5503,0
5504,0
5505,0
5506,0
5507,0
5508,0
5509,0
5510,0
5511,0
5512,0
5513,1
5514,0
5515,0
5516,1
5517,0
5518,1
5519,0
5520,0
5521,1
5522,1
5523,0
5524,1
5525,0
5526,0
5527,0
5528,0
5529,0
5530,0
5531,0
5532,1
5533,0
5534,0
5535,1
5536,1
5537,1
5538,1
5539,1
5540,1
5541,0
5542,0
5543,0
5544,1
5545,0
5546,1
5547,0
5548,0
5549,0
5550,1
5551,0
5552,0
5553,0
5554,1
5555,0
5556,0
5557,0
5558,0
5559,1
5560,0
5561,0
5562,0
5563,1
5564,0
5565,0
5566,0
5567,0
5568,1
5569,0
5570,0
5571,0
5572,0
5573,0
5574,1
5575,0
5576,0
5577,0
5578,0
5579,0
5580,0
5581,1
5582,0
5583,1
5584,1
5585,0
5586,1
5587,1
5588,0
5589,0
5590,1
5591,0
5592,0
5593,0
5594,0
5595,0
5596,1
5597,0
5598,0
5599,0
5600,1
5601,1
5602,0
5603,1
5604,0
5605,0
5606,0
5607,0
5608,0
5609,0
5610,1
5611,1
5612,0
5613,1
5614,0
5615,0
5616,0
5617,0
5618,0
5619,0
5620,0
5621,0
5622,0
5623,0
5624,0
5625,0
5626,1
5627,1
5628,1
5629,1
5630,1
5631,0
5632,1
5633,0
5634,0
5635,0
5636,1
5637,1
5638,1
5639,1
5640,0
5641,0
5642,0
5643,0
5644,0
5645,0
5646,0
5647,0
5648,1
5649,0
5650,0
5651,0
5652,1
5653,0
5654,0
5655,1
5656,0
5657,0
5658,1
5659,1
5660,1
5661,0
5662,0
5663,0
5664,0
5665,0
5666,0
5667,0
5668,0
5669,0
5670,0
5671,0
5672,0
5673,0
5674,0
5675,0
5676,0
5677,0
5678,0
5679,1
5680,0
5681,0
5682,0
5683,1
5684,1
5685,0
5686,0
5687,0
5688,1
5689,0
5690,0
5691,1
5692,1
5693,0
5694,0
5695,0
5696,0
5697,1
5698,1
5699,0
5700,0
5701,1
5702,0
5703,0
5704,0
5705,0
5706,0
5707,0
5708,0
5709,1
5710,1
5711,1
5712,0
5713,0
5714,0
5715,0
5716,1
5717,1
5718,0
5719,0
5720,0
5721,0
5722,1
5723,0
5724,0
5725,0
5726,0
5727,0
5728,0
5729,0
5730,0
5731,0
5732,0
5733,1
5734,1
5735,0
5736,0
5737,0
5738,0
5739,0
5740,0
5741,0
5742,0
5743,0
5744,1
5745,1
5746,0
5747,0
5748,0
5749,0
5750,0
5751,0
5752,1
5753,1
5754,0
5755,0
5756,0
5757,1
5758,0
5759,0
5760,1
5761,1
5762,0
5763,0
5764,0
5765,0
5766,0
5767,1
5768,1
5769,0
5770,0
5771,0
5772,1
5773,1
5774,0
5775,0
5776,0
5777,1
5778,1
5779,0
5780,1
5781,1
5782,0
5783,1
5784,0
5785,0
5786,1
5787,1
5788,0
5789,0
5790,1
5791,1
5792,1
5793,0
5794,0
5795,0
5796,1
5797,0
5798,0
5799,1
5800,0
5801,0
5802,1
5803,0
5804,0
5805,0
5806,0
5807,0
5808,0
5809,1
5810,0
5811,1
5812,0
5813,0
5814,0
5815,0
5816,1
5817,1
5818,1
5819,0
5820,0
5821,0
5822,0
5823,0
5824,0
5825,1
5826,0
5827,0
5828,1
5829,0
5830,0
5831,0
5832,0
5833,0
5834,0
5835,0
5836,0
5837,0
5838,0
5839,0
5840,0
5841,0
5842,0
5843,0
5844,0
5845,1
5846,0
5847,1
5848,0
5849,0
5850,0
5851,0
5852,1
5853,1
5854,1
5855,0
5856,0
5857,1
5858,1
5859,1
5860,1
5861,0
5862,0
5863,0
5864,0
5865,1
5866,1
5867,0
5868,0
5869,0
5870,1
5871,1
5872,0
5873,0
5874,1
5875,0
5876,0
5877,0
5878,1
5879,1
5880,1
5881,1
5882,0
5883,1
5884,0
5885,0
5886,0
5887,0
5888,0
5889,1
5890,1
5891,0
5892,0
5893,0
5894,1
5895,1
5896,1
5897,1
5898,0
5899,0
5900,1
5901,0
5902,1
5903,1
5904,0
5905,1
5906,1
5907,1
5908,0
5909,0
5910,1
5911,0
5912,0
5913,1
5914,0
5915,0
5916,0
5917,1
5918,0
5919,0
5920,0
5921,1
5922,0
5923,0
5924,0
5925,0
5926,1
5927,1
5928,1
5929,1
5930,0
5931,1
5932,1
5933,0
5934,0
5935,0
5936,1
5937,0
5938,1
5939,0
5940,1
5941,1
5942,1
5943,1
5944,0
5945,1
5946,0
5947,1
5948,0
5949,1
5950,0
5951,0
5952,0
5953,0
5954,0
5955,0
5956,0
5957,0
5958,0
5959,1
5960,0
5961,1
5962,0
5963,1
5964,1
5965,0
5966,1
5967,1
5968,0
5969,0
5970,0
5971,0
5972,1
5973,0
5974,1
5975,0
5976,1
5977,0
5978,1
5979,0
5980,1
5981,0
5982,0
5983,0
5984,1
5985,0
5986,0
5987,1
5988,0
5989,0
5990,0
5991,1
5992,0
5993,0
5994,0
5995,0
5996,0
5997,1
5998,0
5999,0
6000,0
6001,1
6002,1
6003,0
6004,1
6005,0
6006,1
6007,1
6008,0
6009,1
6010,0
6011,0
6012,0
6013,0
6014,0
6015,1
6016,0
6017,0
6018,1
6019,0
6020,0
6021,1
6022,0
6023,0
6024,0
6025,0
6026,0
6027,0
6028,1
6029,0
6030,0
6031,0
6032,1
6033,0
6034,1
6035,1
6036,1
6037,0
6038,0
6039,0
6040,1
6041,0
6042,0
6043,0
6044,0
6045,0
6046,0
6047,0
6048,0
6049,1
6050,0
6051,1
6052,0
6053,0
6054,0
6055,1
6056,1
6057,0
6058,0
6059,0
6060,1
6061,0
6062,0
6063,0
6064,0
6065,0
6066,0
6067,1
6068,1
6069,1
6070,0
6071,1
6072,0
6073,1
6074,0
6075,0
6076,0
6077,0
6078,0
6079,0
6080,0
6081,0
6082,1
6083,1
6084,0
6085,0
6086,1
6087,1
6088,0
6089,1
6090,0
6091,0
6092,0
6093,1
6094,0
6095,1
6096,1
6097,0
6098,0
6099,1
6100,0
6101,0
6102,1
6103,1
6104,1
6105,1
6106,1
6107,0
6108,0
6109,0
6110,0
6111,0
6112,0
6113,0
6114,0
6115,1
6116,0
6117,0
6118,0
6119,1
6120,0
6121,0
6122,0
6123,0
6124,1
6125,0
6126,1
6127,0
6128,0
6129,0
6130,0
6131,0
6132,0
6133,0
6134,0
6135,0
6136,1
6137,1
6138,0
6139,0
6140,0
6141,1
6142,0
6143,0
6144,0
6145,0
6146,1
6147,0
6148,0
6149,0
6150,1
6151,1
6152,0
6153,0
6154,1
6155,0
6156,0
6157,1
6158,0
6159,0
6160,0
6161,0
6162,0
6163,1
6164,0
6165,0
6166,0
6167,0
6168,0
6169,0
6170,1
6171,1
6172,1
6173,0
6174,0
6175,0
6176,0
6177,1
6178,1
6179,0
6180,0
6181,0
6182,0
6183,0
6184,0
6185,0
6186,1
6187,0
6188,0
6189,0
6190,0
6191,0
6192,0
6193,0
6194,1
6195,0
6196,0
6197,1
6198,1
6199,1
6200,0
6201,1
6202,0
6203,0
6204,0
6205,0
6206,1
6207,1
6208,1
6209,0
6210,0
6211,0
6212,1
6213,0
6214,0
6215,0
6216,0
6217,0
6218,0
6219,0
6220,0
6221,0
6222,0
6223,0
6224,0
6225,0
6226,1
6227,0
6228,0
6229,0
6230,0
6231,0
6232,0
6233,1
6234,0
6235,0
6236,0
6237,0
6238,0
6239,1
6240,1
6241,0
6242,1
6243,0
6244,0
6245,0
6246,0
6247,0
6248,0
6249,0
6250,0
6251,0
6252,0
6253,1
6254,1
6255,0
6256,0
6257,0
6258,0
6259,1
6260,0
6261,1
6262,0
6263,1
6264,1
6265,0
6266,0
6267,0
6268,0
6269,1
6270,1
6271,1
6272,1
6273,0
6274,0
6275,0
6276,0
6277,0
6278,0
6279,1
6280,0
6281,1
6282,1
6283,0
6284,0
6285,1
6286,0
6287,1
6288,0
6289,0
6290,0
6291,0
6292,0
6293,1
6294,1
6295,0
6296,0
6297,0
6298,0
6299,1
6300,1
6301,1
6302,0
6303,0
6304,1
6305,0
6306,0
6307,0
6308,1
6309,0
6310,0
6311,0
6312,0
6313,0
6314,0
6315,1
6316,0
6317,0
6318,0
6319,0
6320,0
6321,1
6322,1
6323,0
6324,0
6325,0
6326,0
6327,0
6328,0
6329,0
6330,0
6331,0
6332,0
6333,0
6334,1
6335,0
6336,1
6337,1
6338,0
6339,0
6340,0
6341,0
6342,0
6343,1
6344,1
6345,0
6346,1
6347,1
6348,1
6349,0
6350,1
6351,0
6352,1
6353,0
6354,0
6355,0
6356,0
6357,0
6358,0
6359,1
6360,0
6361,0
6362,0
6363,1
6364,0
6365,0
6366,0
6367,0
6368,0
6369,1
6370,1
6371,0
6372,1
6373,0
6374,0
6375,1
6376,1
6377,0
6378,0
6379,0
6380,1
6381,0
6382,0
6383,1
6384,0
6385,0
6386,0
6387,0
6388,0
6389,0
6390,0
6391,0
6392,0
6393,0
6394,0
6395,0
6396,1
6397,0
6398,0
6399,1
6400,0
6401,1
6402,1
6403,0
6404,0
6405,0
6406,0
6407,0
6408,1
6409,0
6410,1
6411,0
6412,0
6413,0
6414,0
6415,1
6416,0
6417,0
6418,1
6419,0
6420,0
6421,0
6422,0
6423,0
6424,0
6425,1
6426,0
6427,1
6428,0
6429,1
6430,0
6431,0
6432,0
6433,0
6434,1
6435,0
6436,0
6437,1
6438,1
6439,0
6440,0
6441,0
6442,1
6443,0
6444,0
6445,0
6446,0
6447,1
6448,0
6449,0
6450,1
6451,0
6452,0
6453,0
6454,1
6455,1
6456,0
6457,0
6458,0
6459,0
6460,1
6461,1
6462,0
6463,0
6464,0
6465,1
6466,0
6467,1
6468,1
6469,0
6470,0
6471,0
6472,1
6473,0
6474,0
6475,1
6476,0
6477,0
6478,0
6479,0
6480,1
6481,0
6482,0
6483,0
6484,0
6485,0
6486,0
6487,1
6488,0
6489,0
6490,0
6491,1
6492,1
6493,1
6494,0
6495,0
6496,0
6497,1
6498,0
6499,0
6500,0
6501,0
6502,1
6503,0
6504,0
6505,1
6506,0
6507,1
6508,0
6509,0
6510,0
6511,1
6512,1
6513,1
6514,0
6515,1
6516,0
6517,1
6518,0
6519,0
6520,1
6521,0
6522,0
6523,0
6524,0
6525,0
6526,0
6527,1
6528,0
6529,0
6530,1
6531,0
6532,1
6533,0
6534,0
6535,0
6536,0
6537,0
6538,0
6539,0
6540,1
6541,0
6542,1
6543,0
6544,0
6545,0
6546,0
6547,0
6548,0
6549,1
6550,1
6551,0
6552,0
6553,1
6554,0
6555,1
6556,0
6557,0
6558,0
6559,0
6560,0
6561,0
6562,0
6563,0
6564,0
6565,0
6566,1
6567,0
6568,1
6569,0
6570,1
6571,0
6572,0
6573,0
6574,0
6575,0
6576,0
6577,1
6578,0
6579,1
6580,0
6581,0
6582,0
6583,0
6584,0
6585,0
6586,0
6587,0
6588,1
6589,0
6590,1
6591,1
6592,0
6593,1
6594,0
6595,1
6596,0
6597,0
6598,0
6599,0
6600,0
6601,0
6602,0
6603,0
6604,0
6605,0
6606,0
6607,1
6608,0
6609,0
6610,0
6611,0
6612,0
6613,0
6614,0
6615,0
6616,0
6617,0
6618,1
6619,0
6620,1
6621,0
6622,1
6623,0
6624,0
6625,0
6626,0
6627,1
6628,0
6629,0
6630,0
6631,0
6632,0
6633,0
6634,0
6635,1
6636,0
6637,0
6638,0
6639,1
6640,0
6641,0
6642,0
6643,0
6644,1
6645,0
6646,0
6647,1
6648,0
6649,0
6650,0
6651,0
6652,0
6653,0
6654,1
6655,1
6656,0
6657,0
6658,0
6659,0
6660,1
6661,0
6662,1
6663,1
6664,0
6665,0
6666,1
6667,1
6668,0
6669,0
6670,1
6671,1
6672,0
6673,0
6674,0
6675,1
6676,0
6677,0
6678,1
6679,1
6680,1
6681,0
6682,1
6683,1
6684,0
6685,0
6686,0
6687,0
6688,1
6689,1
6690,0
6691,1
6692,0
6693,0
6694,0
6695,0
6696,0
6697,0
6698,0
6699,1
6700,0
6701,0
6702,0
6703,1
6704,1
6705,1
6706,0
6707,0
6708,0
6709,1
6710,0
6711,1
6712,1
6713,1
6714,0
6715,1
6716,1
6717,0
6718,1
6719,1
6720,0
6721,1
6722,0
6723,0
6724,0
6725,1
6726,0
6727,1
6728,0
6729,1
6730,0
6731,0
6732,0
6733,0
6734,0
6735,1
6736,0
6737,0
6738,0
6739,0
6740,0
6741,1
6742,0
6743,0
6744,1
6745,0
6746,0
6747,1
6748,0
6749,0
6750,0
6751,0
6752,0
6753,0
6754,0
6755,1
6756,0
6757,0
6758,0
6759,0
6760,1
6761,0
6762,0
6763,0
6764,0
6765,0
6766,1
6767,0
6768,0
6769,0
6770,0
6771,0
6772,1
6773,0
6774,0
6775,0
6776,0
6777,0
6778,0
6779,0
6780,0
6781,1
6782,0
6783,1
6784,0
6785,0
6786,1
6787,0
6788,0
6789,0
6790,0
6791,0
6792,1
6793,1
6794,1
6795,1
6796,0
6797,0
6798,1
6799,0
6800,0
6801,0
6802,1
6803,0
6804,0
6805,0
6806,0
6807,1
6808,0
6809,0
6810,1
6811,0
6812,0
6813,0
6814,0
6815,0
6816,0
6817,0
6818,0
6819,0
6820,0
6821,1
6822,0
6823,1
6824,1
6825,1
6826,0
6827,0
6828,0
6829,0
6830,1
6831,1
6832,0
6833,1
6834,0
6835,0
6836,0
6837,0
6838,0
6839,0
6840,1
6841,1
6842,0
6843,1
6844,0
6845,0
6846,0
6847,0
6848,0
6849,0
6850,1
6851,1
6852,1
6853,0
6854,1
6855,0
6856,0
6857,0
6858,1
6859,1
6860,0
6861,0
6862,0
6863,1
6864,1
6865,1
6866,0
6867,0
6868,0
6869,1
6870,0
6871,1
6872,0
6873,1
6874,0
6875,0
6876,0
6877,0
6878,0
6879,0
6880,0
6881,0
6882,0
6883,0
6884,1
6885,0
6886,1
6887,0
6888,0
6889,0
6890,0
6891,1
6892,1
6893,0
6894,0
6895,0
6896,0
6897,0
6898,0
6899,0
6900,0
6901,0
6902,0
6903,0
6904,0
6905,0
6906,0
6907,0
6908,1
6909,0
6910,0
6911,0
6912,0
6913,1
6914,0
6915,0
6916,0
6917,1
6918,0
6919,0
6920,0
6921,1
6922,0
6923,1
6924,0
6925,0
6926,0
6927,1
6928,1
6929,0
6930,1
6931,1
6932,0
6933,1
6934,0
6935,0
6936,0
6937,0
6938,0
6939,0
6940,0
6941,0
6942,0
6943,1
6944,0
6945,1
6946,1
6947,0
6948,0
6949,0
6950,0
6951,0
6952,1
6953,0
6954,0
6955,0
6956,1
6957,0
6958,0
6959,0
6960,0
6961,0
6962,1
6963,1
6964,0
6965,0
6966,1
6967,1
6968,0
6969,0
6970,0
6971,0
6972,0
6973,1
6974,0
6975,0
6976,0
6977,0
6978,1
6979,0
6980,0
6981,1
6982,1
6983,1
6984,1
6985,0
6986,0
6987,0
6988,0
6989,0
6990,0
6991,0
6992,0
6993,1
6994,1
6995,0
6996,0
6997,0
6998,0
6999,1
7000,0
7001,0
7002,0
7003,0
7004,0
7005,0
7006,1
7007,0
7008,1
7009,0
7010,0
7011,0
7012,0
7013,1
7014,0
7015,1
7016,0
7017,0
7018,0
7019,0
7020,1
7021,1
7022,0
7023,0
7024,0
7025,0
7026,0
7027,1
7028,0
7029,1
7030,1
7031,0
7032,0
7033,1
7034,0
7035,0
7036,1
7037,0
7038,0
7039,1
7040,0
7041,0
7042,0
7043,0
7044,0
7045,0
7046,0
7047,0
7048,0
7049,0
7050,0
7051,0
7052,0
7053,0
7054,1
7055,0
7056,0
7057,0
7058,0
7059,0
7060,0
7061,0
7062,0
7063,1
7064,0
7065,1
7066,0
7067,0
7068,0
7069,1
7070,1
7071,0
7072,0
7073,0
7074,0
7075,0
7076,0
7077,1
7078,0
7079,0
7080,0
7081,0
7082,1
7083,1
7084,0
7085,1
7086,0
7087,1
7088,0
7089,0
7090,0
7091,0
7092,0
7093,1
7094,0
7095,0
7096,0
7097,0
7098,0
7099,0
7100,0
7101,0
7102,0
7103,0
7104,1
7105,0
7106,0
7107,0
7108,0
7109,1
7110,0
7111,1
7112,1
7113,0
7114,1
7115,0
7116,0
7117,0
7118,1
7119,0
7120,0
7121,0
7122,1
7123,0
7124,0
7125,0
7126,0
7127,0
7128,0
7129,0
7130,1
7131,0
7132,1
7133,1
7134,1
7135,1
7136,0
7137,0
7138,1
7139,1
7140,0
7141,0
7142,0
7143,0
7144,0
7145,0
7146,0
7147,0
7148,0
7149,0
7150,1
7151,0
7152,1
7153,0
7154,0
7155,0
7156,1
7157,1
7158,0
7159,0
7160,0
7161,0
7162,0
7163,0
7164,0
7165,1
7166,0
7167,0
7168,1
7169,0
7170,1
7171,0
7172,0
7173,0
7174,1
7175,0
7176,0
7177,1
7178,1
7179,0
7180,1
7181,1
7182,0
7183,0
7184,1
7185,1
7186,0
7187,1
7188,0
7189,0
7190,0
7191,1
7192,1
7193,0
7194,1
7195,0
7196,1
7197,0
7198,1
7199,0
7200,0
7201,1
7202,0
7203,0
7204,1
7205,0
7206,1
7207,0
7208,0
7209,0
7210,0
7211,0
7212,1
7213,0
7214,0
7215,1
7216,1
7217,0
7218,1
7219,0
7220,0
7221,0
7222,0
7223,0
7224,0
7225,0
7226,0
7227,1
7228,0
7229,0
7230,1
7231,1
7232,0
7233,1
7234,0
7235,0
7236,0
7237,1
7238,0
7239,0
7240,0
7241,0
7242,0
7243,0
7244,0
7245,1
7246,0
7247,1
7248,0
7249,0
7250,0
7251,0
7252,0
7253,1
7254,0
7255,0
7256,0
7257,0
7258,0
7259,0
7260,1
7261,0
7262,0
7263,0
7264,0
7265,0
7266,1
7267,1
7268,0
7269,0
7270,0
7271,1
7272,0
7273,0
7274,0
7275,0
7276,0
7277,0
7278,0
7279,0
7280,0
7281,1
7282,0
7283,0
7284,0
7285,0
7286,0
7287,1
7288,0
7289,0
7290,0
7291,0
7292,0
7293,1
7294,0
7295,0
7296,0
7297,1
7298,0
7299,1
7300,0
7301,0
7302,0
7303,0
7304,0
7305,0
7306,0
7307,0
7308,1
7309,1
7310,1
7311,0
7312,0
7313,0
7314,1
7315,0
7316,1
7317,0
7318,0
7319,1
7320,1
7321,0
7322,0
7323,0
7324,0
7325,0
7326,1
7327,0
7328,0
7329,1
7330,1
7331,0
7332,0
7333,1
7334,0
7335,0
7336,0
7337,0
7338,0
7339,1
7340,0
7341,1
7342,0
7343,0
7344,1
7345,0
7346,1
7347,0
7348,0
7349,1
7350,0
7351,1
7352,0
7353,0
7354,1
7355,1
7356,1
7357,0
7358,1
7359,0
7360,0
7361,0
7362,1
7363,0
7364,0
7365,0
7366,0
7367,1
7368,0
7369,0
7370,1
7371,0
7372,0
7373,1
7374,0
7375,0
7376,1
7377,0
7378,0
7379,1
7380,0
7381,0
7382,0
7383,0
7384,1
7385,1
7386,0
7387,1
7388,0
7389,0
7390,0
7391,0
7392,0
7393,0
7394,0
7395,0
7396,0
7397,0
7398,0
7399,0
7400,0
7401,1
7402,0
7403,1
7404,0
7405,1
7406,0
7407,0
7408,0
7409,0
7410,0
7411,0
7412,0
7413,0
7414,0
7415,0
7416,0
7417,0
7418,0
7419,0
7420,0
7421,0
7422,0
7423,0
7424,1
7425,0
7426,0
7427,0
7428,0
7429,0
7430,1
7431,0
7432,0
7433,0
7434,0
7435,0
7436,0
7437,0
7438,0
7439,0
7440,0
7441,0
7442,0
7443,1
7444,0
7445,0
7446,0
7447,0
7448,0
7449,1
7450,0
7451,1
7452,0
7453,1
7454,0
7455,0
7456,0
7457,0
7458,0
7459,0
7460,0
7461,0
7462,1
7463,1
7464,0
7465,0
7466,0
7467,0
7468,0
7469,0
7470,0
7471,0
7472,1
7473,0
7474,0
7475,0
7476,0
7477,0
7478,0
7479,1
7480,0
7481,1
7482,0
7483,1
7484,0
7485,0
7486,0
7487,0
7488,1
7489,1
7490,1
7491,0
7492,0
7493,0
7494,0
7495,0
7496,0
7497,0
7498,0
7499,1
7500,1
7501,1
7502,0
7503,1
7504,1
7505,1
7506,1
7507,0
7508,1
7509,0
7510,1
7511,1
7512,0
7513,0
7514,0
7515,0
7516,1
7517,0
7518,0
7519,0
7520,1
7521,0
7522,0
7523,0
7524,0
7525,1
7526,0
7527,1
7528,0
7529,0
7530,1
7531,1
7532,0
7533,0
7534,0
7535,0
7536,1
7537,0
7538,0
7539,0
7540,0
7541,0
7542,1
7543,0
7544,0
7545,0
7546,0
7547,0
7548,0
7549,0
7550,0
7551,0
7552,0
7553,1
7554,1
7555,0
7556,0
7557,0
7558,0
7559,0
7560,0
7561,0
7562,0
7563,0
7564,0
7565,1
7566,1
7567,0
7568,0
7569,0
7570,1
7571,0
7572,0
7573,0
7574,0
7575,0
7576,0
7577,0
7578,0
7579,0
7580,1
7581,0
7582,0
7583,0
7584,1
7585,1
7586,1
7587,0
7588,0
7589,1
7590,1
7591,0
7592,0
7593,1
7594,1
7595,0
7596,0
7597,1
7598,0
7599,1
7600,0
7601,0
7602,1
7603,0
7604,0
7605,1
7606,1
7607,0
7608,0
7609,0
7610,1
7611,1
7612,1
7613,0
7614,0
7615,0
7616,0
7617,1
7618,0
7619,1
7620,1
7621,0
7622,0
7623,0
7624,0
7625,1
7626,0
7627,1
7628,0
7629,1
7630,0
7631,0
7632,1
7633,0
7634,1
7635,0
7636,0
7637,1
7638,1
7639,0
7640,1
7641,0
7642,0
7643,0
7644,0
7645,0
7646,0
7647,1
7648,0
7649,1
7650,0
7651,0
7652,0
7653,0
7654,0
7655,1
7656,0
7657,1
7658,1
7659,0
7660,1
7661,0
7662,1
7663,0
7664,0
7665,0
7666,1
7667,0
7668,0
7669,0
7670,0
7671,1
7672,0
7673,0
7674,0
7675,0
7676,0
7677,1
7678,1
7679,1
7680,1
7681,0
7682,0
7683,0
7684,0
7685,1
7686,1
7687,1
7688,0
7689,0
7690,0
7691,0
7692,0
7693,0
7694,1
7695,0
7696,0
7697,1
7698,1
7699,1
7700,1
7701,1
7702,1
7703,0
7704,1
7705,0
7706,0
7707,0
7708,0
7709,0
7710,0
7711,0
7712,0
7713,0
7714,0
7715,0
7716,0
7717,1
7718,0
7719,0
7720,0
7721,0
7722,1
7723,0
7724,0
7725,0
7726,0
7727,1
7728,0
7729,0
7730,0
7731,1
7732,1
7733,0
7734,0
7735,0
7736,0
7737,0
7738,0
7739,0
7740,0
7741,1
7742,0
7743,0
7744,0
7745,1
7746,0
7747,0
7748,0
7749,1
7750,0
7751,0
7752,0
7753,0
7754,0
7755,0
7756,0
7757,0
7758,0
7759,0
7760,0
7761,0
7762,0
7763,0
7764,0
7765,1
7766,0
7767,0
7768,0
7769,0
7770,1
7771,0
7772,0
7773,0
7774,1
7775,1
7776,0
7777,1
7778,0
7779,0
7780,0
7781,1
7782,1
7783,0
7784,1
7785,0
7786,0
7787,1
7788,0
7789,0
7790,0
7791,0
7792,0
7793,0
7794,1
7795,0
7796,1
7797,0
7798,0
7799,1
7800,0
7801,0
7802,0
7803,1
7804,0
7805,1
7806,1
7807,1
7808,1
7809,0
7810,0
7811,0
7812,0
7813,0
7814,0
7815,0
7816,1
7817,1
7818,1
7819,1
7820,0
7821,0
7822,0
7823,0
7824,1
7825,1
7826,0
7827,0
7828,0
7829,1
7830,0
7831,0
7832,1
7833,1
7834,1
7835,0
7836,0
7837,0
7838,0
7839,1
7840,1
7841,0
7842,0
7843,0
7844,1
7845,0
7846,0
7847,0
7848,1
7849,0
7850,0
7851,1
7852,0
7853,1
7854,1
7855,0
7856,1
7857,1
7858,1
7859,0
7860,0
7861,0
7862,0
7863,0
7864,0
7865,0
7866,0
7867,1
7868,1
7869,0
7870,1
7871,0
7872,1
7873,0
7874,0
7875,0
7876,0
7877,0
7878,0
7879,0
7880,0
7881,0
7882,0
7883,0
7884,0
7885,1
7886,0
7887,0
7888,0
7889,0
7890,0
7891,0
7892,1
7893,0
7894,0
7895,0
7896,0
7897,0
7898,0
7899,0
7900,0
7901,0
7902,0
7903,0
7904,0
7905,0
7906,0
7907,0
7908,0
7909,1
7910,0
7911,1
7912,0
7913,1
7914,0
7915,0
7916,0
7917,0
7918,0
7919,0
7920,0
7921,1
7922,1
7923,1
7924,0
7925,0
7926,0
7927,0
7928,0
7929,1
7930,0
7931,0
7932,0
7933,1
7934,0
7935,0
7936,0
7937,0
7938,0
7939,0
7940,1
7941,0
7942,1
7943,0
7944,1
7945,1
7946,0
7947,0
7948,0
7949,0
7950,1
7951,0
7952,1
7953,1
7954,0
7955,0
7956,0
7957,1
7958,1
7959,1
7960,0
7961,1
7962,0
7963,0
7964,0
7965,0
7966,0
7967,0
7968,0
7969,0
7970,0
7971,0
7972,1
7973,1
7974,0
7975,0
7976,0
7977,0
7978,0
7979,1
7980,0
7981,0
7982,0
7983,1
7984,1
7985,1
7986,0
7987,0
7988,0
7989,1
7990,0
7991,0
7992,0
7993,1
7994,1
7995,0
7996,1
7997,1
7998,1
7999,0
8000,1
8001,0
8002,0
8003,1
8004,0
8005,0
8006,1
8007,0
8008,0
8009,0
8010,0
8011,0
8012,0
8013,0
8014,0
8015,0
8016,1
8017,1
8018,0
8019,0
8020,0
8021,1
8022,0
8023,0
8024,0
8025,0
8026,0
8027,0
8028,0
8029,1
8030,0
8031,1
8032,0
8033,0
8034,0
8035,0
8036,0
8037,1
8038,1
8039,0
8040,0
8041,0
8042,0
8043,1
8044,0
8045,0
8046,0
8047,0
8048,0
8049,1
8050,1
8051,0
8052,1
8053,0
8054,0
8055,1
8056,0
8057,1
8058,1
8059,1
8060,0
8061,1
8062,0
8063,1
8064,1
8065,0
8066,1
8067,1
8068,0
8069,0
8070,1
8071,0
8072,0
8073,0
8074,1
8075,1
8076,0
8077,0
8078,0
8079,0
8080,0
8081,0
8082,0
8083,0
8084,0
8085,0
8086,1
8087,1
8088,0
8089,0
8090,1
8091,1
8092,1
8093,1
8094,1
8095,0
8096,1
8097,1
8098,1
8099,0
8100,0
8101,1
8102,0
8103,0
8104,0
8105,0
8106,0
8107,0
8108,1
8109,1
8110,0
8111,0
8112,0
8113,0
8114,0
8115,0
8116,0
8117,1
8118,0
8119,0
8120,1
8121,1
8122,1
8123,0
8124,0
8125,0
8126,0
8127,0
8128,0
8129,0
8130,0
8131,0
8132,1
8133,0
8134,1
8135,0
8136,0
8137,0
8138,1
8139,0
8140,0
8141,0
8142,0
8143,0
8144,0
8145,1
8146,0
8147,0
8148,1
8149,0
8150,0
8151,0
8152,1
8153,0
8154,0
8155,0
8156,0
8157,0
8158,1
8159,0
8160,1
8161,0
8162,1
8163,1
8164,1
8165,0
8166,1
8167,0
8168,1
8169,0
8170,0
8171,0
8172,1
8173,0
8174,0
8175,0
8176,1
8177,1
8178,0
8179,1
8180,0
8181,0
8182,0
8183,1
8184,1
8185,0
8186,0
8187,1
8188,0
8189,0
8190,0
8191,0
8192,1
8193,1
8194,0
8195,0
8196,0
8197,1
8198,0
8199,1
8200,0
8201,0
8202,1
8203,0
8204,0
8205,1
8206,0
8207,1
8208,1
8209,0
8210,0
8211,1
8212,1
8213,1
8214,0
8215,1
8216,1
8217,1
8218,1
8219,0
8220,0
8221,1
8222,0
8223,0
8224,0
8225,0
8226,0
8227,0
8228,0
8229,0
8230,0
8231,0
8232,0
8233,0
8234,0
8235,0
8236,0
8237,0
8238,0
8239,0
8240,0
8241,0
8242,0
8243,0
8244,0
8245,0
8246,1
8247,0
8248,0
8249,1
8250,0
8251,1
8252,0
8253,0
8254,1
8255,0
8256,1
8257,0
8258,0
8259,0
8260,0
8261,0
8262,0
8263,0
8264,0
8265,1
8266,1
8267,1
8268,0
8269,1
8270,1
8271,0
8272,0
8273,0
8274,0
8275,0
8276,0
8277,0
8278,0
8279,0
8280,0
8281,0
8282,1
8283,0
8284,1
8285,0
8286,1
8287,0
8288,0
8289,1
8290,0
8291,0
8292,0
8293,0
8294,1
8295,0
8296,0
8297,0
8298,0
8299,1
8300,0
8301,0
8302,0
8303,0
8304,0
8305,0
8306,1
8307,1
8308,0
8309,1
8310,1
8311,0
8312,1
8313,0
8314,0
8315,1
8316,0
8317,0
8318,0
8319,1
8320,0
8321,1
8322,0
8323,1
8324,0
8325,1
8326,1
8327,0
8328,1
8329,0
8330,0
8331,0
8332,0
8333,1
8334,0
8335,0
8336,1
8337,1
8338,1
8339,1
8340,1
8341,1
8342,1
8343,1
8344,0
8345,1
8346,0
8347,0
8348,0
8349,0
8350,1
8351,0
8352,0
8353,1
8354,0
8355,1
8356,0
8357,1
8358,0
8359,0
8360,0
8361,0
8362,0
8363,0
8364,0
8365,0
8366,0
8367,0
8368,0
8369,1
8370,0
8371,0
8372,0
8373,1
8374,0
8375,0
8376,1
8377,0
8378,0
8379,0
8380,1
8381,1
8382,1
8383,0
8384,0
8385,1
8386,1
8387,0
8388,0
8389,0
8390,1
8391,0
8392,1
8393,0
8394,0
8395,0
8396,0
8397,0
8398,1
8399,0
8400,0
8401,0
8402,0
8403,0
8404,0
8405,0
8406,0
8407,1
8408,1
8409,1
8410,1
8411,1
8412,0
8413,0
8414,0
8415,0
8416,1
8417,1
8418,0
8419,0
8420,0
8421,0
8422,0
8423,0
8424,0
8425,0
8426,0
8427,0
8428,0
8429,0
8430,1
8431,0
8432,0
8433,1
8434,0
8435,0
8436,0
8437,0
8438,0
8439,0
8440,0
8441,1
8442,0
8443,0
8444,1
8445,0
8446,0
8447,0
8448,0
8449,0
8450,0
8451,1
8452,1
8453,0
8454,0
8455,1
8456,0
8457,1
8458,0
8459,0
8460,0
8461,0
8462,0
8463,1
8464,0
8465,0
8466,0
8467,1
8468,0
8469,0
8470,0
8471,0
8472,0
8473,1
8474,0
8475,0
8476,1
8477,0
8478,0
8479,1
8480,1
8481,1
8482,1
8483,0
8484,1
8485,0
8486,0
8487,0
8488,0
8489,0
8490,0
8491,1
8492,0
8493,0
8494,0
8495,0
8496,0
8497,1
8498,0
8499,0
8500,0
8501,1
8502,0
8503,1
8504,0
8505,0
8506,1
8507,0
8508,1
8509,1
8510,1
8511,1
8512,1
8513,1
8514,0
8515,1
8516,1
8517,0
8518,1
8519,0
8520,1
8521,0
8522,0
8523,1
8524,0
8525,0
8526,0
8527,0
8528,1
8529,1
8530,0
8531,1
8532,1
8533,0
8534,0
8535,1
8536,0
8537,0
8538,0
8539,0
8540,0
8541,0
8542,0
8543,1
8544,1
8545,0
8546,0
8547,0
8548,0
8549,1
8550,0
8551,0
8552,0
8553,0
8554,0
8555,1
8556,0
8557,0
8558,1
8559,1
8560,0
8561,1
8562,0
8563,0
8564,0
8565,1
8566,0
8567,0
8568,0
8569,0
8570,1
8571,0
8572,0
8573,1
8574,0
8575,0
8576,0
8577,0
8578,1
8579,0
8580,0
8581,1
8582,0
8583,0
8584,1
8585,1
8586,0
8587,1
8588,0
8589,0
8590,0
8591,1
8592,1
8593,0
8594,1
8595,0
8596,1
8597,0
8598,0
8599,0
8600,0
8601,0
8602,0
8603,1
8604,0
8605,1
8606,0
8607,0
8608,0
8609,0
8610,1
8611,0
8612,1
8613,0
8614,0
8615,1
8616,0
8617,0
8618,0
8619,0
8620,0
8621,1
8622,0
8623,0
8624,1
8625,0
8626,0
8627,1
8628,0
8629,0
8630,0
8631,0
8632,0
8633,0
8634,0
8635,1
8636,1
8637,0
8638,1
8639,1
8640,0
8641,1
8642,1
8643,1
8644,1
8645,0
8646,0
8647,1
8648,0
8649,0
8650,0
8651,0
8652,0
8653,1
8654,0
8655,0
8656,0
8657,0
8658,0
8659,0
8660,1
8661,0
8662,0
8663,0
8664,0
8665,0
8666,0
8667,1
8668,1
8669,1
8670,0
8671,1
8672,0
8673,1
8674,0
8675,1
8676,1
8677,0
8678,0
8679,0
8680,0
8681,0
8682,0
8683,1
8684,0
8685,0
8686,0
8687,1
8688,0
8689,0
8690,0
8691,1
8692,0
8693,0
8694,0
8695,0
8696,0
8697,0
8698,1
8699,0
8700,1
8701,0
8702,0
8703,1
8704,0
8705,0
8706,0
8707,1
8708,1
8709,1
8710,1
8711,0
8712,0
8713,1
8714,0
8715,0
8716,1
8717,1
8718,0
8719,1
8720,1
8721,0
8722,0
8723,0
8724,0
8725,0
8726,0
8727,0
8728,0
8729,0
8730,0
8731,1
8732,0
8733,1
8734,0
8735,0
8736,0
8737,0
8738,1
8739,0
8740,1
8741,1
8742,0
8743,0
8744,1
8745,1
8746,0
8747,0
8748,0
8749,1
8750,0
8751,1
8752,1
8753,1
8754,0
8755,0
8756,1
8757,0
8758,0
8759,0
8760,0
8761,0
8762,0
8763,1
8764,1
8765,0
8766,0
8767,0
8768,0
8769,0
8770,0
8771,0
8772,1
8773,0
8774,0
8775,1
8776,0
8777,0
8778,0
8779,0
8780,0
8781,1
8782,0
8783,0
8784,0
8785,0
8786,0
8787,0
8788,1
8789,0
8790,0
8791,0
8792,0
8793,0
8794,0
8795,0
8796,0
8797,0
8798,0
8799,1
8800,0
8801,0
8802,0
8803,1
8804,0
8805,1
8806,1
8807,0
8808,0
8809,0
8810,0
8811,0
8812,0
8813,0
8814,1
8815,0
8816,0
8817,1
8818,1
8819,1
8820,0
8821,1
8822,1
8823,0
8824,0
8825,0
8826,0
8827,0
8828,0
8829,0
8830,0
8831,0
8832,0
8833,0
8834,1
8835,1
8836,0
8837,0
8838,0
8839,0
8840,0
8841,0
8842,0
8843,1
8844,0
8845,0
8846,0
8847,0
8848,0
8849,1
8850,0
8851,0
8852,0
8853,0
8854,0
8855,0
8856,0
8857,0
8858,1
8859,1
8860,0
8861,1
8862,1
8863,0
8864,0
8865,0
8866,0
8867,1
8868,0
8869,0
8870,0
8871,0
8872,0
8873,0
8874,0
8875,1
8876,1
8877,1
8878,0
8879,0
8880,1
8881,0
8882,1
8883,0
8884,0
8885,0
8886,0
8887,1
8888,0
8889,0
8890,1
8891,0
8892,0
8893,0
8894,0
8895,0
8896,0
8897,0
8898,1
8899,0
8900,1
8901,0
8902,0
8903,0
8904,1
8905,1
8906,0
8907,1
8908,0
8909,0
8910,1
8911,0
8912,1
8913,1
8914,0
8915,1
8916,0
8917,1
8918,0
8919,0
8920,0
8921,0
8922,0
8923,0
8924,0
8925,0
8926,0
8927,0
8928,0
8929,1
8930,0
8931,0
8932,0
8933,0
8934,0
8935,0
8936,0
8937,0
8938,1
8939,0
8940,0
8941,1
8942,1
8943,1
8944,1
8945,0
8946,0
8947,1
8948,0
8949,1
8950,0
8951,0
8952,1
8953,1
8954,0
8955,1
8956,0
8957,0
8958,0
8959,0
8960,0
8961,0
8962,1
8963,1
8964,0
8965,0
8966,0
8967,0
8968,0
8969,1
8970,1
8971,1
8972,0
8973,0
8974,1
8975,0
8976,0
8977,1
8978,0
8979,1
8980,1
8981,0
8982,0
8983,0
8984,0
8985,0
8986,1
8987,0
8988,0
8989,0
8990,1
8991,0
8992,1
8993,0
8994,1
8995,1
8996,1
8997,0
8998,0
8999,0
9000,1
9001,0
9002,0
9003,0
9004,1
9005,0
9006,0
9007,1
9008,0
9009,1
9010,0
9011,0
9012,1
9013,0
9014,0
9015,0
9016,1
9017,1
9018,0
9019,0
9020,1
9021,0
9022,0
9023,1
9024,1
9025,0
9026,1
9027,0
9028,0
9029,0
9030,1
9031,0
9032,0
9033,1
9034,0
9035,1
9036,0
9037,1
9038,0
9039,0
9040,1
9041,0
9042,0
9043,0
9044,1
9045,0
9046,0
9047,0
9048,1
9049,0
9050,0
9051,0
9052,0
9053,1
9054,0
9055,1
9056,1
9057,0
9058,1
9059,0
9060,0
9061,0
9062,0
9063,0
9064,1
9065,0
9066,1
9067,1
9068,0
9069,0
9070,0
9071,0
9072,0
9073,0
9074,1
9075,0
9076,0
9077,0
9078,0
9079,0
9080,0
9081,0
9082,1
9083,1
9084,0
9085,0
9086,0
9087,0
9088,1
9089,1
9090,0
9091,0
9092,1
9093,1
9094,0
9095,1
9096,0
9097,0
9098,1
9099,0
9100,0
9101,1
9102,0
9103,0
9104,0
9105,0
9106,0
9107,1
9108,1
9109,0
9110,0
9111,1
9112,0
9113,0
9114,1
9115,1
9116,0
9117,1
9118,1
9119,0
9120,1
9121,0
9122,0
9123,0
9124,0
9125,0
9126,0
9127,1
9128,0
9129,0
9130,0
9131,1
9132,1
9133,0
9134,1
9135,0
9136,0
9137,0
9138,0
9139,0
9140,0
9141,1
9142,1
9143,1
9144,0
9145,0
9146,0
9147,0
9148,0
9149,1
9150,0
9151,0
9152,0
9153,0
9154,1
9155,0
9156,0
9157,1
9158,1
9159,0
9160,0
9161,0
9162,0
9163,0
9164,0
9165,0
9166,0
9167,0
9168,0
9169,0
9170,0
9171,0
9172,0
9173,0
9174,1
9175,0
9176,0
9177,1
9178,0
9179,1
9180,0
9181,1
9182,0
9183,0
9184,0
9185,1
9186,0
9187,1
9188,0
9189,1
9190,0
9191,0
9192,0
9193,0
9194,0
9195,0
9196,0
9197,1
9198,0
9199,0
9200,1
9201,0
9202,0
9203,0
9204,1
9205,0
9206,0
9207,0
9208,1
9209,0
9210,0
9211,0
9212,1
9213,1
9214,0
9215,0
9216,1
9217,0
9218,0
9219,0
9220,0
9221,1
9222,0
9223,0
9224,0
9225,0
9226,0
9227,1
9228,1
9229,0
9230,1
9231,0
9232,1
9233,0
9234,0
9235,1
9236,1
9237,0
9238,0
9239,0
9240,0
9241,0
9242,0
9243,0
9244,0
9245,0
9246,1
9247,0
9248,1
9249,0
9250,1
9251,1
9252,0
9253,1
9254,0
9255,0
9256,1
9257,1
9258,0
9259,1
9260,0
9261,0
9262,0
9263,1
9264,1
9265,1
9266,0
9267,1
9268,1
9269,0
9270,1
9271,1
9272,0
9273,1
9274,1
9275,0
9276,0
9277,0
9278,0
9279,0
9280,0
9281,1
9282,0
9283,1
9284,1
9285,1
9286,1
9287,0
9288,0
9289,0
9290,0
9291,0
9292,1
9293,1
9294,1
9295,0
9296,0
9297,1
9298,0
9299,1
9300,0
9301,0
9302,1
9303,0
9304,0
9305,0
9306,0
9307,1
9308,1
9309,0
9310,0
9311,0
9312,0
9313,1
9314,0
9315,1
9316,1
9317,0
9318,0
9319,0
9320,1
9321,1
9322,0
9323,0
9324,1
9325,0
9326,0
9327,0
9328,1
9329,1
9330,1
9331,0
9332,0
9333,1
9334,1
9335,0
9336,0
9337,1
9338,0
9339,0
9340,0
9341,0
9342,0
9343,0
9344,1
9345,1
9346,0
9347,1
9348,0
9349,0
9350,1
9351,0
9352,1
9353,1
9354,1
9355,0
9356,1
9357,0
9358,0
9359,0
9360,0
9361,0
9362,0
9363,1
9364,0
9365,1
9366,1
9367,0
9368,1
9369,0
9370,0
9371,1
9372,0
9373,0
9374,0
9375,0
9376,0
9377,0
9378,1
9379,0
9380,0
9381,0
9382,0
9383,0
9384,0
9385,1
9386,0
9387,0
9388,1
9389,0
9390,0
9391,0
9392,1
9393,0
9394,0
9395,1
9396,0
9397,0
9398,0
9399,1
9400,0
9401,1
9402,0
9403,0
9404,0
9405,0
9406,0
9407,0
9408,0
9409,0
9410,0
9411,0
9412,0
9413,1
9414,1
9415,1
9416,1
9417,0
9418,1
9419,0
9420,0
9421,0
9422,0
9423,0
9424,0
9425,0
9426,0
9427,0
9428,0
9429,0
9430,0
9431,0
9432,0
9433,0
9434,1
9435,1
9436,0
9437,1
9438,0
9439,1
9440,1
9441,1
9442,1
9443,0
9444,0
9445,0
9446,0
9447,0
9448,0
9449,1
9450,0
9451,1
9452,1
9453,1
9454,0
9455,0
9456,1
9457,0
9458,0
9459,1
9460,0
9461,1
9462,1
9463,0
9464,0
9465,1
9466,0
9467,0
9468,0
9469,0
9470,0
9471,0
9472,0
9473,0
9474,0
9475,0
9476,1
9477,1
9478,0
9479,0
9480,1
9481,0
9482,1
9483,1
9484,0
9485,0
9486,0
9487,0
9488,1
9489,0
9490,0
9491,1
9492,0
9493,1
9494,0
9495,1
9496,0
9497,0
9498,0
9499,1
9500,1
9501,0
9502,0
9503,1
9504,0
9505,1
9506,0
9507,0
9508,0
9509,0
9510,0
9511,0
9512,0
9513,1
9514,0
9515,0
9516,1
9517,1
9518,0
9519,0
9520,0
9521,0
9522,1
9523,0
9524,0
9525,0
9526,1
9527,0
9528,0
9529,1
9530,0
9531,0
9532,0
9533,0
9534,0
9535,1
9536,1
9537,0
9538,0
9539,1
9540,0
9541,0
9542,0
9543,0
9544,0
9545,0
9546,0
9547,0
9548,0
9549,0
9550,1
9551,1
9552,0
9553,0
9554,1
9555,0
9556,0
9557,1
9558,0
9559,1
9560,0
9561,0
9562,0
9563,0
9564,1
9565,0
9566,0
9567,0
9568,0
9569,0
9570,0
9571,1
9572,1
9573,1
9574,0
9575,1
9576,1
9577,0
9578,1
9579,1
9580,0
9581,1
9582,0
9583,1
9584,1
9585,0
9586,1
9587,0
9588,1
9589,0
9590,0
9591,0
9592,1
9593,0
9594,0
9595,0
9596,1
9597,0
9598,0
9599,0
9600,0
9601,0
9602,1
9603,0
9604,0
9605,0
9606,0
9607,0
9608,0
9609,0
9610,1
9611,0
9612,0
9613,1
9614,0
9615,0
9616,0
9617,1
9618,0
9619,0
9620,0
9621,0
9622,0
9623,0
9624,1
9625,0
9626,1
9627,0
9628,1
9629,0
9630,0
9631,1
9632,1
9633,1
9634,0
9635,1
9636,0
9637,0
9638,0
9639,0
9640,0
9641,1
9642,1
9643,0
9644,1
9645,0
9646,1
9647,1
9648,1
9649,1
9650,0
9651,0
9652,1
9653,0
9654,0
9655,1
9656,1
9657,0
9658,0
9659,1
9660,0
9661,0
9662,0
9663,1
9664,0
9665,0
9666,0
9667,1
9668,0
9669,0
9670,0
9671,0
9672,0
9673,0
9674,0
9675,0
9676,0
9677,0
9678,0
9679,0
9680,1
9681,0
9682,0
9683,1
9684,1
9685,1
9686,0
9687,1
9688,0
9689,0
9690,0
9691,1
9692,0
9693,0
9694,1
9695,1
9696,0
9697,0
9698,0
9699,1
9700,0
9701,0
9702,0
9703,0
9704,0
9705,1
9706,0
9707,0
9708,0
9709,0
9710,0
9711,0
9712,1
9713,0
9714,0
9715,0
9716,0
9717,0
9718,0
9719,0
9720,0
9721,0
9722,0
9723,0
9724,0
9725,0
9726,0
9727,0
9728,0
9729,0
9730,0
9731,0
9732,0
9733,0
9734,1
9735,0
9736,0
9737,0
9738,0
9739,0
9740,0
9741,0
9742,0
9743,0
9744,1
9745,1
9746,1
9747,0
9748,1
9749,0
9750,0
9751,0
9752,0
9753,0
9754,1
9755,0
9756,0
9757,0
9758,0
9759,0
9760,1
9761,0
9762,0
9763,0
9764,0
9765,0
9766,0
9767,0
9768,0
9769,0
9770,0
9771,0
9772,1
9773,0
9774,0
9775,0
9776,1
9777,0
9778,0
9779,1
9780,0
9781,1
9782,0
9783,1
9784,0
9785,1
9786,0
9787,1
9788,0
9789,0
9790,0
9791,1
9792,0
9793,0
9794,0
9795,0
9796,1
9797,0
9798,0
9799,0
9800,0
9801,1
9802,1
9803,0
9804,0
9805,0
9806,0
9807,0
9808,0
9809,0
9810,1
9811,0
9812,0
9813,0
9814,0
9815,0
9816,0
9817,1
9818,0
9819,0
9820,0
9821,0
9822,1
9823,0
9824,1
9825,1
9826,0
9827,0
9828,0
9829,0
9830,1
9831,0
9832,0
9833,0
9834,0
9835,0
9836,0
9837,0
9838,0
9839,0
9840,0
9841,0
9842,1
9843,0
9844,1
9845,1
9846,1
9847,0
9848,0
9849,0
9850,1
9851,0
9852,0
9853,0
9854,0
9855,1
9856,0
9857,0
9858,1
9859,0
9860,0
9861,1
9862,0
9863,0
9864,1
9865,0
9866,1
9867,0
9868,0
9869,0
9870,1
9871,1
9872,1
9873,0
9874,0
9875,1
9876,0
9877,0
9878,1
9879,0
9880,0
9881,1
9882,1
9883,0
9884,1
9885,0
9886,0
9887,1
9888,0
9889,0
9890,0
9891,0
9892,0
9893,0
9894,1
9895,0
9896,0
9897,0
9898,1
9899,0
9900,0
9901,0
9902,0
9903,1
9904,0
9905,0
9906,0
9907,1
9908,0
9909,1
9910,0
9911,1
9912,0
9913,0
9914,0
9915,1
9916,0
9917,0
9918,0
9919,1
9920,0
9921,0
9922,0
9923,1
9924,0
9925,0
9926,0
9927,1
9928,0
9929,0
9930,1
9931,1
9932,0
9933,0
9934,0
9935,1
9936,1
9937,0
9938,0
9939,0
9940,1
9941,1
9942,1
9943,0
9944,1
9945,1
9946,0
9947,1
9948,1
9949,0
9950,0
9951,0
9952,0
9953,0
9954,0
9955,1
9956,1
9957,0
9958,0
9959,0
9960,0
9961,0
9962,0
9963,0
9964,1
9965,0
9966,0
9967,0
9968,0
9969,1
9970,1
9971,0
9972,0
9973,0
9974,1
9975,0
9976,0
9977,0
9978,0
9979,0
9980,1
9981,0
9982,0
9983,1
9984,0
9985,0
9986,1
9987,1
9988,1
9989,0
9990,0
9991,1
9992,0
9993,0
9994,0
9995,0
9996,0
9997,0
9998,1
9999,0
10000,1
10001,0
10002,0
10003,0
10004,1
10005,0
10006,0
10007,0
10008,0
10009,0
10010,0
10011,0
10012,0
10013,0
10014,1
10015,1
10016,0
10017,1
10018,1
10019,0
10020,1
10021,0
10022,0
10023,0
10024,1
10025,0
10026,0
10027,1
10028,0
10029,1
10030,1
10031,0
10032,0
10033,0
10034,0
10035,0
10036,0
10037,1
10038,0
10039,1
10040,0
10041,0
10042,1
10043,1
10044,0
10045,0
10046,0
10047,0
10048,0
10049,1
10050,1
10051,1
10052,0
10053,0
10054,0
10055,1
10056,0
10057,0
10058,0
10059,0
10060,0
10061,0
10062,1
10063,0
10064,1
10065,0
10066,0
10067,0
10068,0
10069,0
10070,1
10071,0
10072,1
10073,0
10074,0
10075,1
10076,1
10077,1
10078,0
10079,0
10080,1
10081,0
10082,0
10083,0
10084,0
10085,1
10086,0
10087,0
10088,0
10089,0
10090,1
10091,1
10092,0
10093,0
10094,1
10095,0
10096,0
10097,1
10098,0
10099,0
10100,0
10101,1
10102,1
10103,0
10104,1
10105,0
10106,1
10107,0
10108,0
10109,0
10110,0
10111,0
10112,0
10113,0
10114,0
10115,0
10116,0
10117,1
10118,0
10119,0
10120,0
10121,0
10122,0
10123,1
10124,0
10125,1
10126,0
10127,0
10128,0
10129,1
10130,0
10131,0
10132,1
10133,0
10134,0
10135,0
10136,0
10137,0
10138,0
10139,1
10140,1
10141,0
10142,0
10143,0
10144,0
10145,0
10146,1
10147,0
10148,1
10149,1
10150,0
10151,1
10152,0
10153,1
10154,0
10155,0
10156,0
10157,0
10158,0
10159,0
10160,1
10161,0
10162,0
10163,0
10164,0
10165,0
10166,0
10167,1
10168,0
10169,1
10170,0
10171,1
10172,1
10173,0
10174,0
10175,0
10176,1
10177,0
10178,0
10179,0
10180,1
10181,0
10182,0
10183,0
10184,1
10185,0
10186,0
10187,1
10188,0
10189,1
10190,1
10191,0
10192,0
10193,1
10194,0
10195,0
10196,1
10197,1
10198,0
10199,0
10200,0
10201,0
10202,1
10203,0
10204,0
10205,1
10206,0
10207,0
10208,1
10209,0
10210,1
10211,1
10212,1
10213,1
10214,1
10215,1
10216,0
10217,1
10218,0
10219,1
10220,0
10221,1
10222,0
10223,0
10224,0
10225,0
10226,0
10227,0
10228,0
10229,0
10230,1
10231,0
10232,0
10233,1
10234,0
10235,0
10236,0
10237,1
10238,0
10239,0
10240,0
10241,0
10242,0
10243,0
10244,0
10245,0
10246,0
10247,0
10248,0
10249,0
10250,0
10251,1
10252,0
10253,0
10254,0
10255,0
10256,1
10257,0
10258,1
10259,0
10260,1
10261,0
10262,0
10263,1
10264,1
10265,0
10266,1
10267,1
10268,1
10269,1
10270,1
10271,1
10272,0
10273,0
10274,0
10275,0
10276,0
10277,0
10278,0
10279,1
10280,1
10281,0
10282,0
10283,0
10284,0
10285,0
10286,1
10287,0
10288,0
10289,1
10290,0
10291,0
10292,0
10293,0
10294,0
10295,0
10296,0
10297,0
10298,0
10299,0
10300,0
10301,1
10302,0
10303,0
10304,1
10305,0
10306,0
10307,0
10308,0
10309,0
10310,0
10311,0
10312,0
10313,0
10314,0
10315,0
10316,1
10317,0
10318,0
10319,0
10320,0
10321,0
10322,0
10323,0
10324,0
10325,0
10326,0
10327,0
10328,0
10329,1
10330,1
10331,1
10332,0
10333,0
10334,0
10335,0
10336,0
10337,0
10338,0
10339,0
10340,1
10341,0
10342,1
10343,1
10344,1
10345,1
10346,0
10347,0
10348,0
10349,1
10350,0
10351,0
10352,0
10353,0
10354,0
10355,0
10356,0
10357,1
10358,0
10359,0
10360,1
10361,1
10362,0
10363,0
10364,0
10365,0
10366,0
10367,1
10368,1
10369,0
10370,0
10371,0
10372,0
10373,0
10374,0
10375,0
10376,0
10377,0
10378,0
10379,1
10380,0
10381,0
10382,0
10383,0
10384,0
10385,1
10386,0
10387,0
10388,0
10389,0
10390,0
10391,1
10392,0
10393,0
10394,0
10395,0
10396,1
10397,0
10398,1
10399,1
10400,0
10401,0
10402,1
10403,0
10404,1
10405,0
10406,0
10407,1
10408,0
10409,1
10410,1
10411,0
10412,0
10413,0
10414,0
10415,0
10416,0
10417,0
10418,1
10419,0
10420,0
10421,0
10422,0
10423,1
10424,0
10425,1
10426,0
10427,0
10428,0
10429,0
10430,0
10431,0
10432,1
10433,0
10434,1
10435,1
10436,0
10437,0
10438,0
10439,0
10440,0
10441,0
10442,0
10443,1
10444,0
10445,0
10446,0
10447,0
10448,0
10449,1
10450,1
10451,0
10452,0
10453,0
10454,0
10455,0
10456,0
10457,1
10458,0
10459,1
10460,0
10461,0
10462,0
10463,0
10464,0
10465,1
10466,1
10467,0
10468,0
10469,0
10470,1
10471,0
10472,0
10473,1
10474,0
10475,0
10476,0
10477,0
10478,1
10479,0
10480,0
10481,0
10482,1
10483,0
10484,0
10485,0
10486,0
10487,1
10488,1
10489,0
10490,0
10491,0
10492,0
10493,0
10494,1
10495,1
10496,0
10497,0
10498,0
10499,0
10500,0
10501,0
10502,1
10503,1
10504,0
10505,0
10506,1
10507,1
10508,0
10509,0
10510,0
10511,1
10512,1
10513,1
10514,0
10515,1
10516,0
10517,0
10518,1
10519,0
10520,0
10521,0
10522,0
10523,1
10524,0
10525,0
10526,0
10527,0
10528,0
10529,0
10530,0
10531,0
10532,1
10533,0
10534,0
10535,0
10536,0
10537,0
10538,1
10539,1
10540,0
10541,1
10542,0
10543,1
10544,1
10545,1
10546,0
10547,1
10548,0
10549,1
10550,1
10551,0
10552,0
10553,1
10554,1
10555,0
10556,0
10557,1
10558,0
10559,0
10560,1
10561,0
10562,0
10563,0
10564,0
10565,0
10566,0
10567,0
10568,0
10569,0
10570,0
10571,0
10572,1
10573,0
10574,0
10575,0
10576,0
10577,0
10578,0
10579,0
10580,1
10581,1
10582,1
10583,1
10584,1
10585,0
10586,1
10587,0
10588,0
10589,0
10590,0
10591,0
10592,0
10593,0
10594,1
10595,0
10596,1
10597,1
10598,0
10599,0
10600,0
10601,0
10602,0
10603,0
10604,1
10605,0
10606,0
10607,0
10608,1
10609,0
10610,0
10611,0
10612,0
10613,0
10614,0
10615,1
10616,0
10617,0
10618,0
10619,1
10620,1
10621,0
10622,0
10623,0
10624,1
10625,0
10626,0
10627,1
10628,0
10629,0
10630,0
10631,1
10632,0
10633,0
10634,0
10635,0
10636,0
10637,1
10638,0
10639,1
10640,0
10641,0
10642,0
10643,1
10644,0
10645,1
10646,1
10647,0
10648,0
10649,1
10650,0
10651,0
10652,1
10653,1
10654,1
10655,0
10656,0
10657,0
10658,0
10659,0
10660,0
10661,0
10662,0
10663,0
10664,0
10665,1
10666,0
10667,0
10668,0
10669,0
10670,0
10671,1
10672,1
10673,0
10674,1
10675,0
10676,0
10677,1
10678,0
10679,0
10680,0
10681,0
10682,0
10683,1
10684,0
10685,0
10686,1
10687,0
10688,0
10689,0
10690,0
10691,0
10692,0
10693,1
10694,0
10695,1
10696,1
10697,0
10698,0
10699,0
10700,1
10701,0
10702,0
10703,0
10704,0
10705,0
10706,1
10707,1
10708,0
10709,0
10710,1
10711,0
10712,0
10713,0
10714,0
10715,0
10716,0
10717,0
10718,0
10719,0
10720,0
10721,0
10722,0
10723,0
10724,1
10725,0
10726,0
10727,0
10728,0
10729,0
10730,0
10731,0
10732,0
10733,0
10734,0
10735,0
10736,0
10737,1
10738,1
10739,0
10740,0
10741,0
10742,0
10743,1
10744,1
10745,0
10746,0
10747,0
10748,0
10749,0
10750,0
10751,1
10752,0
10753,1
10754,1
10755,0
10756,1
10757,0
10758,0
10759,1
10760,0
10761,1
10762,1
10763,1
10764,0
10765,1
10766,0
10767,0
10768,0
10769,0
10770,1
10771,1
10772,0
10773,0
10774,1
10775,0
10776,0
10777,1
10778,0
10779,0
10780,1
10781,0
10782,1
10783,1
10784,0
10785,1
10786,1
10787,0
10788,0
10789,1
10790,0
10791,1
10792,1
10793,0
10794,0
10795,0
10796,0
10797,0
10798,0
10799,0
10800,0
10801,0
10802,1
10803,1
10804,1
10805,1
10806,0
10807,0
10808,0
10809,0
10810,0
10811,0
10812,0
10813,0
10814,0
10815,0
10816,1
10817,0
10818,1
10819,0
10820,1
10821,0
10822,0
10823,0
10824,1
10825,1
10826,1
10827,0
10828,0
10829,0
10830,0
10831,0
10832,1
10833,1
10834,1
10835,0
10836,0
10837,0
10838,0
10839,1
10840,0
10841,1
10842,1
10843,1
10844,0
10845,0
10846,0
10847,0
10848,1
10849,0
10850,0
10851,0
10852,1
10853,0
10854,1
10855,0
10856,1
10857,0
10858,1
10859,0
10860,1
10861,0
10862,0
10863,0
10864,0
10865,0
10866,0
10867,1
10868,0
10869,1
10870,1
10871,0
10872,0
10873,0
10874,0
10875,0
10876,0
10877,0
10878,0
10879,1
10880,1
10881,0
10882,0
10883,0
10884,1
10885,0
10886,0
10887,0
10888,0
10889,0
10890,1
10891,1
10892,0
10893,0
10894,0
10895,0
10896,0
10897,1
10898,1
10899,1
10900,0
10901,1
10902,0
10903,0
10904,1
10905,1
10906,0
10907,1
10908,0
10909,0
10910,0
10911,1
10912,1
10913,0
10914,0
10915,0
10916,0
10917,0
10918,0
10919,0
10920,0
10921,0
10922,0
10923,0
10924,0
10925,0
10926,1
10927,0
10928,0
10929,0
10930,1
10931,1
10932,0
10933,0
10934,1
10935,1
10936,0
10937,1
10938,0
10939,1
10940,0
10941,0
10942,1
10943,0
10944,0
10945,0
10946,0
10947,0
10948,0
10949,1
10950,1
10951,0
10952,1
10953,0
10954,0
10955,0
10956,0
10957,0
10958,1
10959,0
10960,0
10961,0
10962,0
10963,0
10964,0
10965,0
10966,0
10967,0
10968,0
10969,0
10970,1
10971,0
10972,1
10973,0
10974,1
10975,0
10976,0
10977,0
10978,0
10979,1
10980,0
10981,1
10982,1
10983,1
10984,0
10985,0
10986,1
10987,0
10988,0
10989,1
10990,0
10991,0
10992,0
10993,1
10994,0
10995,0
10996,0
10997,0
10998,0
10999,1
11000,1
11001,0
11002,0
11003,1
11004,1
11005,0
11006,1
11007,1
11008,0
11009,0
11010,0
11011,0
11012,0
11013,0
11014,0
11015,1
11016,0
11017,0
11018,1
11019,0
11020,1
11021,0
11022,0
11023,0
11024,0
11025,0
11026,0
11027,0
11028,1
11029,1
11030,0
11031,0
11032,1
11033,0
11034,1
11035,0
11036,1
11037,0
11038,1
11039,1
11040,0
11041,0
11042,0
11043,1
11044,0
11045,0
11046,0
11047,1
11048,0
11049,1
11050,0
11051,1
11052,0
11053,1
11054,0
11055,1
11056,0
11057,0
11058,0
11059,1
11060,0
11061,0
11062,0
11063,0
11064,0
11065,0
11066,0
11067,0
11068,0
11069,0
11070,0
11071,0
11072,0
11073,1
11074,1
11075,0
11076,0
11077,1
11078,0
11079,0
11080,0
11081,0
11082,1
11083,0
11084,0
11085,1
11086,0
11087,0
11088,1
11089,1
11090,1
11091,1
11092,0
11093,0
11094,1
11095,0
11096,0
11097,0
11098,0
11099,0
11100,0
11101,0
11102,1
11103,1
11104,0
11105,0
11106,0
11107,0
11108,0
11109,0
11110,0
11111,1
11112,0
11113,1
11114,0
11115,0
11116,0
11117,0
11118,0
11119,0
11120,0
11121,1
11122,0
11123,0
11124,0
11125,0
11126,0
11127,0
11128,1
11129,1
11130,0
11131,0
11132,1
11133,0
11134,0
11135,0
11136,0
11137,0
11138,0
11139,1
11140,0
11141,1
11142,0
11143,0
11144,0
11145,0
11146,0
11147,0
11148,0
11149,0
11150,1
11151,1
11152,0
11153,0
11154,0
11155,0
11156,0
11157,0
11158,1
11159,0
11160,1
11161,1
11162,0
11163,0
11164,0
11165,0
11166,0
11167,0
11168,0
11169,0
11170,0
11171,0
11172,0
11173,0
11174,0
11175,1
11176,0
11177,1
11178,1
11179,1
11180,0
11181,0
11182,0
11183,0
11184,1
11185,1
11186,1
11187,0
11188,0
11189,0
11190,0
11191,0
11192,1
11193,1
11194,0
11195,0
11196,0
11197,0
11198,1
11199,1
11200,0
11201,0
11202,0
11203,0
11204,0
11205,1
11206,1
11207,1
11208,0
11209,1
11210,1
11211,0
11212,0
11213,1
11214,1
11215,1
11216,0
11217,1
11218,1
11219,1
11220,0
11221,0
11222,0
11223,0
11224,0
11225,1
11226,0
11227,0
11228,1
11229,0
11230,0
11231,0
11232,0
11233,0
11234,0
11235,1
11236,1
11237,1
11238,0
11239,0
11240,0
11241,0
11242,1
11243,1
11244,1
11245,0
11246,0
11247,0
11248,0
11249,1
11250,0
11251,0
11252,0
11253,1
11254,0
11255,0
11256,1
11257,0
11258,1
11259,0
11260,0
11261,0
11262,1
11263,1
11264,0
11265,0
11266,0
11267,0
11268,0
11269,0
11270,0
11271,0
11272,1
11273,0
11274,0
11275,0
11276,0
11277,0
11278,0
11279,0
11280,0
11281,0
11282,0
11283,0
11284,0
11285,0
11286,0
11287,0
11288,0
11289,0
11290,0
11291,1
11292,0
11293,0
11294,0
11295,0
11296,0
11297,1
11298,0
11299,0
11300,0
11301,0
11302,0
11303,0
11304,0
11305,0
11306,0
11307,0
11308,1
11309,0
11310,0
11311,1
11312,1
11313,0
11314,0
11315,0
11316,0
11317,0
11318,0
11319,0
11320,1
11321,0
11322,1
11323,1
11324,0
11325,1
11326,0
11327,0
11328,0
11329,0
11330,0
11331,0
11332,0
11333,0
11334,0
11335,0
11336,0
11337,1
11338,0
11339,1
11340,1
11341,0
11342,1
11343,1
11344,0
11345,0
11346,1
11347,0
11348,0
11349,0
11350,0
11351,0
11352,1
11353,1
11354,0
11355,0
11356,0
11357,0
11358,0
11359,0
11360,1
11361,1
11362,1
11363,0
11364,0
11365,0
11366,0
11367,0
11368,0
11369,0
11370,1
11371,0
11372,0
11373,0
11374,0
11375,1
11376,1
11377,0
11378,0
11379,0
11380,1
11381,0
11382,0
11383,0
11384,0
11385,0
11386,0
11387,1
11388,0
11389,0
11390,0
11391,0
11392,0
11393,0
11394,1
11395,0
11396,0
11397,1
11398,1
11399,1
11400,1
11401,0
11402,0
11403,1
11404,1
11405,0
11406,1
11407,1
11408,0
11409,0
11410,0
11411,0
11412,0
11413,0
11414,0
11415,0
11416,1
11417,1
11418,0
11419,1
11420,1
11421,1
11422,1
11423,0
11424,1
11425,0
11426,0
11427,0
11428,0
11429,0
11430,0
11431,0
11432,1
11433,0
11434,1
11435,0
11436,0
11437,0
11438,0
11439,0
11440,0
11441,1
11442,0
11443,0
11444,0
11445,1
11446,0
11447,0
11448,0
11449,0
11450,0
11451,0
11452,0
11453,1
11454,0
11455,0
11456,0
11457,1
11458,1
11459,0
11460,0
11461,1
11462,0
11463,0
11464,0
11465,0
11466,0
11467,0
11468,0
11469,1
11470,0
11471,0
11472,0
11473,0
11474,0
11475,1
11476,1
11477,0
11478,0
11479,1
11480,0
11481,1
11482,0
11483,1
11484,1
11485,0
11486,1
11487,0
11488,0
11489,0
11490,0
11491,1
11492,1
11493,1
11494,0
11495,0
11496,1
11497,0
11498,0
11499,0
11500,0
11501,1
11502,0
11503,0
11504,0
11505,0
11506,1
11507,0
11508,0
11509,0
11510,1
11511,0
11512,0
11513,0
11514,0
11515,0
11516,0
11517,0
11518,0
11519,0
11520,1
11521,0
11522,0
11523,0
11524,0
11525,1
11526,0
11527,0
11528,0
11529,0
11530,0
11531,0
11532,0
11533,0
11534,1
11535,0
11536,0
11537,1
11538,0
11539,1
11540,1
11541,0
11542,0
11543,1
11544,1
11545,0
11546,0
11547,1
11548,0
11549,0
11550,0
11551,0
11552,0
11553,0
11554,1
11555,0
11556,0
11557,0
11558,0
11559,0
11560,0
11561,1
11562,1
11563,0
11564,0
11565,1
11566,1
11567,0
11568,0
11569,1
11570,0
11571,0
11572,0
11573,1
11574,1
11575,0
11576,0
11577,1
11578,1
11579,0
11580,1
11581,0
11582,1
11583,0
11584,0
11585,0
11586,1
11587,1
11588,1
11589,0
11590,0
11591,0
11592,1
11593,0
11594,0
11595,0
11596,1
11597,0
11598,0
11599,0
11600,0
11601,0
11602,0
11603,0
11604,0
11605,0
11606,0
11607,0
11608,0
11609,0
11610,1
11611,0
11612,0
11613,0
11614,0
11615,1
11616,0
11617,0
11618,0
11619,0
11620,1
11621,1
11622,1
11623,0
11624,0
11625,0
11626,0
11627,1
11628,1
11629,0
11630,0
11631,0
11632,0
11633,1
11634,0
11635,1
11636,0
11637,1
11638,0
11639,0
11640,0
11641,0
11642,0
11643,0
11644,1
11645,0
11646,1
11647,0
11648,0
11649,1
11650,0
11651,0
11652,1
11653,1
11654,1
11655,0
11656,0
11657,1
11658,0
11659,0
11660,0
11661,0
11662,0
11663,0
11664,1
11665,0
11666,1
11667,0
11668,0
11669,1
11670,0
11671,0
11672,0
11673,0
11674,0
11675,1
11676,1
11677,1
11678,1
11679,0
11680,0
11681,1
11682,0
11683,1
11684,1
11685,1
11686,0
11687,1
11688,0
11689,1
11690,1
11691,1
11692,0
11693,0
11694,1
11695,0
11696,1
11697,0
11698,0
11699,0
11700,0
11701,0
11702,1
11703,0
11704,0
11705,1
11706,1
11707,0
11708,1
11709,1
11710,0
11711,0
11712,0
11713,0
11714,1
11715,0
11716,0
11717,0
11718,1
11719,0
11720,1
11721,0
11722,0
11723,0
11724,0
11725,0
11726,0
11727,0
11728,0
11729,0
11730,1
11731,0
11732,0
11733,0
11734,0
11735,1
11736,1
11737,0
11738,0
11739,0
11740,1
11741,0
11742,1
11743,1
11744,0
11745,0
11746,0
11747,1
11748,0
11749,0
11750,1
11751,0
11752,1
11753,1
11754,1
11755,0
11756,0
11757,0
11758,0
11759,0
11760,0
11761,0
11762,1
11763,0
11764,0
11765,0
11766,0
11767,0
11768,0
11769,1
11770,1
11771,0
11772,0
11773,0
11774,0
11775,0
11776,0
11777,0
11778,0
11779,0
11780,0
11781,1
11782,0
11783,0
11784,0
11785,0
11786,0
11787,1
11788,0
11789,1
11790,0
11791,0
11792,0
11793,0
11794,1
11795,0
11796,0
11797,0
11798,0
11799,1
11800,1
11801,0
11802,0
11803,0
11804,0
11805,0
11806,0
11807,1
11808,1
11809,0
11810,0
11811,1
11812,0
11813,0
11814,0
11815,1
11816,1
11817,1
11818,0
11819,0
11820,1
11821,0
11822,0
11823,0
11824,0
11825,1
11826,0
11827,1
11828,0
11829,0
11830,1
11831,0
11832,1
11833,0
11834,1
11835,0
11836,0
11837,0
11838,0
11839,1
11840,0
11841,0
11842,0
11843,0
11844,0
11845,0
11846,0
11847,1
11848,0
11849,1
11850,0
11851,0
11852,1
11853,1
11854,0
11855,1
11856,1
11857,1
11858,0
11859,1
11860,0
11861,0
11862,0
11863,0
11864,1
11865,0
11866,1
11867,0
11868,0
11869,0
11870,0
11871,1
11872,0
11873,0
11874,1
11875,1
11876,0
11877,0
11878,0
11879,1
11880,0
11881,0
11882,1
11883,1
11884,0
11885,0
11886,0
11887,1
11888,1
11889,0
11890,0
11891,1
11892,0
11893,1
11894,0
11895,0
11896,0
11897,1
11898,0
11899,1
11900,0
11901,1
11902,0
11903,1
11904,0
11905,0
11906,0
11907,0
11908,0
11909,1
11910,1
11911,1
11912,0
11913,0
11914,0
11915,0
11916,0
11917,1
11918,0
11919,0
11920,0
11921,0
11922,0
11923,1
11924,0
11925,0
11926,1
11927,0
11928,0
11929,0
11930,0
11931,1
11932,0
11933,1
11934,0
11935,0
11936,0
11937,1
11938,0
11939,0
11940,1
11941,0
11942,0
11943,0
11944,0
11945,1
11946,1
11947,0
11948,0
11949,1
11950,0
11951,1
11952,1
11953,0
11954,0
11955,1
11956,0
11957,1
11958,0
11959,0
11960,0
11961,0
11962,0
11963,0
11964,0
11965,0
11966,0
11967,0
11968,0
11969,1
11970,0
11971,0
11972,0
11973,0
11974,0
11975,1
11976,0
11977,0
11978,1
11979,1
11980,0
11981,0
11982,0
11983,0
11984,1
11985,0
11986,0
11987,0
11988,0
11989,0
11990,1
11991,0
11992,0
11993,0
11994,0
11995,0
11996,0
11997,0
11998,0
11999,0
12000,0
12001,1
12002,1
12003,0
12004,1
12005,1
12006,1
12007,0
12008,1
12009,0
12010,0
12011,0
12012,0
12013,0
12014,0
12015,0
12016,0
12017,0
12018,0
12019,1
12020,0
12021,0
12022,1
12023,0
12024,1
12025,0
12026,0
12027,1
12028,0
12029,1
12030,0
12031,0
12032,0
12033,0
12034,0
12035,0
12036,0
12037,0
12038,0
12039,0
12040,0
12041,0
12042,0
12043,0
12044,0
12045,1
12046,0
12047,0
12048,0
12049,0
12050,0
12051,0
12052,0
12053,0
12054,0
12055,0
12056,1
12057,1
12058,0
12059,1
12060,0
12061,0
12062,0
12063,0
12064,0
12065,0
12066,0
12067,0
12068,0
12069,0
12070,1
12071,0
12072,0
12073,0
12074,0
12075,1
12076,0
12077,0
12078,0
12079,0
12080,0
12081,0
12082,1
12083,0
12084,0
12085,0
12086,1
12087,0
12088,0
12089,0
12090,0
12091,1
12092,1
12093,0
12094,0
12095,1
12096,0
12097,1
12098,0
12099,0
12100,0
12101,0
12102,1
12103,1
12104,0
12105,0
12106,0
12107,0
12108,1
12109,0
12110,1
12111,0
12112,0
12113,0
12114,0
12115,0
12116,0
12117,0
12118,1
12119,0
12120,1
12121,0
12122,1
12123,0
12124,1
12125,1
12126,1
12127,0
12128,1
12129,1
12130,0
12131,0
12132,0
12133,1
12134,0
12135,1
12136,0
12137,1
12138,0
12139,0
12140,1
12141,0
12142,0
12143,1
12144,1
12145,1
12146,0
12147,0
12148,0
12149,0
12150,0
12151,0
12152,1
12153,0
12154,0
12155,0
12156,0
12157,0
12158,0
12159,1
12160,1
12161,0
12162,1
12163,1
12164,0
12165,1
12166,1
12167,0
12168,0
12169,0
12170,1
12171,0
12172,1
12173,0
12174,0
12175,0
12176,1
12177,0
12178,0
12179,1
12180,0
12181,0
12182,0
12183,1
12184,0
12185,0
12186,0
12187,0
12188,1
12189,0
12190,0
12191,0
12192,0
12193,1
12194,1
12195,0
12196,0
12197,0
12198,1
12199,0
12200,0
12201,0
12202,1
12203,0
12204,1
12205,0
12206,0
12207,0
12208,0
12209,1
12210,0
12211,0
12212,1
12213,0
12214,1
12215,0
12216,0
12217,1
12218,0
12219,0
12220,0
12221,0
12222,0
12223,0
12224,0
12225,0
12226,0
12227,0
12228,1
12229,0
12230,1
12231,0
12232,0
12233,0
12234,1
12235,1
12236,1
12237,0
12238,0
12239,1
12240,0
12241,0
12242,0
12243,0
12244,1
12245,1
12246,0
12247,0
12248,0
12249,1
12250,0
12251,0
12252,1
12253,0
12254,1
12255,0
12256,1
12257,0
12258,0
12259,0
12260,0
12261,0
12262,0
12263,1
12264,0
12265,0
12266,0
12267,1
12268,0
12269,0
12270,0
12271,0
12272,0
12273,0
12274,0
12275,1
12276,0
12277,1
12278,0
12279,0
12280,0
12281,0
12282,0
12283,1
12284,0
12285,1
12286,0
12287,1
12288,0
12289,0
12290,1
12291,1
12292,0
12293,0
12294,0
12295,1
12296,1
12297,0
12298,0
12299,1
12300,0
12301,0
12302,1
12303,0
12304,0
12305,0
12306,0
12307,0
12308,0
12309,0
12310,0
12311,0
12312,0
12313,0
12314,0
12315,0
12316,0
12317,0
12318,0
12319,0
12320,0
12321,0
12322,1
12323,0
12324,0
12325,0
12326,0
12327,0
12328,0
12329,0
12330,0
12331,0
12332,0
12333,0
12334,1
12335,1
12336,0
12337,0
12338,0
12339,0
12340,0
12341,0
12342,0
12343,0
12344,0
12345,1
12346,0
12347,0
12348,1
12349,0
12350,0
12351,1
12352,0
12353,0
12354,0
12355,0
12356,1
12357,0
12358,0
12359,1
12360,1
12361,0
12362,0
12363,0
12364,1
12365,1
12366,0
12367,0
12368,0
12369,0
12370,0
12371,1
12372,0
12373,1
12374,0
12375,0
12376,1
12377,0
12378,0
12379,0
12380,0
12381,1
12382,0
12383,1
12384,0
12385,1
12386,0
12387,1
12388,0
12389,0
12390,1
12391,1
12392,1
12393,0
12394,0
12395,0
12396,1
12397,0
12398,0
12399,0
12400,1
12401,1
12402,0
12403,0
12404,0
12405,0
12406,0
12407,1
12408,0
12409,0
12410,0
12411,0
12412,0
12413,0
12414,0
12415,0
12416,1
12417,1
12418,1
12419,0
12420,0
12421,1
12422,0
12423,1
12424,0
12425,0
12426,0
12427,0
12428,0
12429,0
12430,0
12431,0
12432,0
12433,0
12434,0
12435,1
12436,0
12437,0
12438,0
12439,0
12440,0
12441,0
12442,0
12443,0
12444,1
12445,0
12446,0
12447,0
12448,0
12449,1
12450,1
12451,0
12452,0
12453,1
12454,0
12455,0
12456,1
12457,0
12458,0
12459,1
12460,1
12461,1
12462,0
12463,1
12464,0
12465,1
12466,0
12467,1
12468,0
12469,0
12470,1
12471,0
12472,0
12473,0
12474,0
12475,1
12476,0
12477,0
12478,1
12479,0
12480,1
12481,0
12482,0
12483,0
12484,0
12485,0
12486,0
12487,0
12488,1
12489,1
12490,0
12491,0
12492,1
12493,0
12494,0
12495,0
12496,1
12497,0
12498,0
12499,1
12500,1
12501,1
12502,0
12503,0
12504,0
12505,0
12506,0
12507,0
12508,0
12509,0
12510,0
12511,1
12512,0
12513,0
12514,1
12515,0
12516,0
12517,0
12518,0
12519,0
12520,0
12521,0
12522,0
12523,0
12524,0
12525,1
12526,0
12527,0
12528,0
12529,1
12530,0
12531,1
12532,0
12533,0
12534,1
12535,0
12536,0
12537,1
12538,0
12539,1
12540,1
12541,0
12542,0
12543,0
12544,1
12545,0
12546,0
12547,1
12548,0
12549,1
12550,0
12551,0
12552,0
12553,0
12554,1
12555,0
12556,1
12557,0
12558,0
12559,0
12560,0
12561,1
12562,0
12563,1
12564,1
12565,1
12566,0
12567,0
12568,0
12569,1
12570,1
12571,0
12572,0
12573,0
12574,0
12575,0
12576,1
12577,0
12578,1
12579,0
12580,0
12581,0
12582,1
12583,0
12584,0
12585,0
12586,0
12587,1
12588,0
12589,1
12590,1
12591,1
12592,0
12593,0
12594,0
12595,0
12596,0
12597,0
12598,0
12599,1
12600,0
12601,0
12602,0
12603,1
12604,1
12605,0
12606,0
12607,0
12608,0
12609,0
12610,0
12611,1
12612,0
12613,0
12614,0
12615,0
12616,0
12617,0
12618,0
12619,1
12620,0
12621,1
12622,1
12623,0
12624,0
12625,0
12626,0
12627,1
12628,0
12629,0
12630,0
12631,0
12632,1
12633,1
12634,0
12635,0
12636,0
12637,0
12638,0
12639,1
12640,0
12641,0
12642,1
12643,0
12644,0
12645,1
12646,0
12647,0
12648,0
12649,0
12650,0
12651,1
12652,1
12653,1
12654,0
12655,0
12656,0
12657,0
12658,0
12659,1
12660,0
12661,0
12662,0
12663,0
12664,0
12665,0
12666,0
12667,0
12668,0
12669,1
12670,0
12671,1
12672,1
12673,0
12674,0
12675,1
12676,0
12677,0
12678,1
12679,0
12680,1
12681,0
12682,0
12683,1
12684,0
12685,1
12686,0
12687,0
12688,0
12689,0
12690,0
12691,0
12692,1
12693,0
12694,1
12695,0
12696,0
12697,1
12698,0
12699,1
12700,0
12701,0
12702,1
12703,1
12704,0
12705,0
12706,0
12707,1
12708,0
12709,0
12710,0
12711,0
12712,0
12713,1
12714,1
12715,0
12716,0
12717,0
12718,0
12719,0
12720,0
12721,1
12722,1
12723,1
12724,0
12725,0
12726,0
12727,0
12728,1
12729,0
12730,0
12731,0
12732,0
12733,0
12734,0
12735,1
12736,0
12737,0
12738,0
12739,0
12740,0
12741,0
12742,0
12743,0
12744,0
12745,0
12746,0
12747,0
12748,1
12749,0
12750,0
12751,1
12752,0
12753,0
12754,0
12755,0
12756,0
12757,1
12758,0
12759,0
12760,0
12761,0
12762,0
12763,1
12764,0
12765,0
12766,1
12767,0
12768,0
12769,0
12770,0
12771,0
12772,0
12773,0
12774,1
12775,0
12776,0
12777,1
12778,1
12779,0
12780,0
12781,1
12782,0
12783,0
12784,1
12785,0
12786,0
12787,1
12788,0
12789,0
12790,0
12791,0
12792,0
12793,0
12794,1
12795,0
12796,0
12797,1
12798,0
12799,1
12800,1
12801,0
12802,1
12803,1
12804,0
12805,1
12806,0
12807,1
12808,0
12809,0
12810,0
12811,0
12812,0
12813,1
12814,1
12815,0
12816,1
12817,0
12818,0
12819,0
12820,1
12821,0
12822,0
12823,0
12824,0
12825,1
12826,1
12827,0
12828,0
12829,0
12830,0
12831,0
12832,0
12833,0
12834,0
12835,0
12836,0
12837,0
12838,0
12839,0
12840,0
12841,0
12842,0
12843,0
12844,1
12845,1
12846,0
12847,1
12848,0
12849,0
12850,0
12851,1
12852,0
12853,0
12854,0
12855,1
12856,0
12857,0
12858,0
12859,0
12860,0
12861,0
12862,0
12863,0
12864,1
12865,0
12866,0
12867,0
12868,0
12869,0
12870,0
12871,0
12872,0
12873,0
12874,0
12875,1
12876,0
12877,0
12878,0
12879,0
12880,0
12881,0
12882,0
12883,1
12884,0
12885,0
12886,0
12887,0
12888,1
12889,0
12890,1
12891,1
12892,0
12893,0
12894,0
12895,0
12896,0
12897,0
12898,0
12899,1
12900,0
12901,0
12902,0
12903,0
12904,0
12905,0
12906,1
12907,0
12908,1
12909,0
12910,0
12911,0
12912,0
12913,0
12914,0
12915,1
12916,0
12917,0
12918,1
12919,0
12920,0
12921,0
12922,0
12923,0
12924,0
12925,1
12926,0
12927,1
12928,1
12929,0
12930,1
12931,0
12932,0
12933,1
12934,0
12935,0
12936,1
12937,0
12938,0
12939,1
12940,0
12941,0
12942,0
12943,0
12944,1
12945,1
12946,1
12947,0
12948,0
12949,0
12950,0
12951,0
12952,0
12953,0
12954,0
12955,1
12956,0
12957,0
12958,1
12959,0
12960,0
12961,0
12962,0
12963,1
12964,1
12965,0
12966,0
12967,1
12968,0
12969,1
12970,1
12971,1
12972,0
12973,0
12974,0
12975,0
12976,0
12977,1
12978,0
12979,0
12980,0
12981,0
12982,0
12983,0
12984,1
12985,1
12986,0
12987,1
12988,1
12989,1
12990,1
12991,0
12992,1
12993,0
12994,0
12995,1
12996,0
12997,0
12998,1
12999,0
13000,1
13001,0
13002,0
13003,0
13004,1
13005,0
13006,0
13007,0
13008,0
13009,0
13010,0
13011,0
13012,1
13013,1
13014,0
13015,0
13016,1
13017,0
13018,0
13019,0
13020,0
13021,0
13022,1
13023,1
13024,0
13025,0
13026,0
13027,0
13028,0
13029,0
13030,1
13031,0
13032,0
13033,0
13034,0
13035,0
13036,0
13037,0
13038,0
13039,1
13040,0
13041,0
13042,1
13043,1
13044,0
13045,0
13046,0
13047,0
13048,0
13049,1
13050,0
13051,1
13052,1
13053,0
13054,0
13055,0
13056,1
13057,0
13058,0
13059,0
13060,0
13061,0
13062,0
13063,0
13064,1
13065,0
13066,1
13067,0
13068,1
13069,0
13070,0
13071,1
13072,0
13073,0
13074,0
13075,0
13076,1
13077,0
13078,0
13079,1
13080,0
13081,0
13082,0
13083,1
13084,1
13085,0
13086,0
13087,0
13088,0
13089,0
13090,0
13091,0
13092,1
13093,1
13094,0
13095,0
13096,0
13097,0
13098,0
13099,0
13100,0
13101,0
13102,1
13103,0
13104,0
13105,0
13106,0
13107,0
13108,0
13109,0
13110,0
13111,1
13112,0
13113,1
13114,0
13115,0
13116,0
13117,1
13118,0
13119,0
13120,1
13121,0
13122,0
13123,0
13124,0
13125,0
13126,0
13127,0
13128,0
13129,0
13130,0
13131,1
13132,1
13133,0
13134,1
13135,0
13136,0
13137,0
13138,1
13139,1
13140,0
13141,0
13142,1
13143,0
13144,1
13145,0
13146,0
13147,1
13148,1
13149,0
13150,0
13151,1
13152,0
13153,0
13154,1
13155,0
13156,1
13157,0
13158,0
13159,0
13160,0
13161,0
13162,0
13163,0
13164,0
13165,0
13166,0
13167,0
13168,0
13169,0
13170,1
13171,0
13172,0
13173,0
13174,0
13175,0
13176,1
13177,0
13178,0
13179,1
13180,0
13181,1
13182,0
13183,0
13184,1
13185,0
13186,1
13187,0
13188,0
13189,0
13190,0
13191,0
13192,0
13193,0
13194,0
13195,0
13196,0
13197,1
13198,0
13199,1
13200,1
13201,0
13202,0
13203,0
13204,0
13205,0
13206,1
13207,0
13208,0
13209,0
13210,1
13211,0
13212,0
13213,0
13214,0
13215,0
13216,0
13217,0
13218,1
13219,0
13220,1
13221,1
13222,1
13223,1
13224,0
13225,1
13226,0
13227,0
13228,0
13229,0
13230,0
13231,0
13232,0
13233,0
13234,1
13235,0
13236,0
13237,1
13238,0
13239,0
13240,1
13241,0
13242,0
13243,1
13244,0
13245,0
13246,1
13247,0
13248,1
13249,0
13250,1
13251,1
13252,1
13253,0
13254,0
13255,0
13256,0
13257,0
13258,0
13259,0
13260,0
13261,0
13262,0
13263,0
13264,0
13265,1
13266,1
13267,0
13268,1
13269,0
13270,1
13271,0
13272,0
13273,0
13274,1
13275,0
13276,0
13277,0
13278,0
13279,0
13280,0
13281,0
13282,0
13283,0
13284,0
13285,0
13286,1
13287,0
13288,0
13289,0
13290,0
13291,1
13292,0
13293,0
13294,0
13295,0
13296,0
13297,0
13298,0
13299,1
13300,1
13301,0
13302,0
13303,0
13304,1
13305,1
13306,1
13307,0
13308,1
13309,0
13310,0
13311,0
13312,0
13313,0
13314,1
13315,1
13316,0
13317,0
13318,0
13319,0
13320,0
13321,0
13322,0
13323,0
13324,0
13325,1
13326,0
13327,0
13328,1
13329,0
13330,0
13331,0
13332,1
13333,0
13334,0
13335,0
13336,0
13337,0
13338,1
13339,0
13340,0
13341,0
13342,1
13343,0
13344,1
13345,0
13346,1
13347,1
13348,0
13349,0
13350,0
13351,0
13352,1
13353,0
13354,0
13355,0
13356,0
13357,0
13358,0
13359,0
13360,0
13361,0
13362,0
13363,0
13364,0
13365,0
13366,1
13367,0
13368,0
13369,0
13370,0
13371,0
13372,1
13373,0
13374,0
13375,1
13376,1
13377,0
13378,1
13379,0
13380,0
13381,1
13382,0
13383,0
13384,1
13385,1
13386,0
13387,0
13388,0
13389,0
13390,1
13391,1
13392,1
13393,0
13394,0
13395,0
13396,0
13397,1
13398,0
13399,1
13400,1
13401,1
13402,0
13403,0
13404,0
13405,0
13406,1
13407,0
13408,0
13409,0
13410,0
13411,1
13412,0
13413,0
13414,1
13415,0
13416,0
13417,1
13418,0
13419,1
13420,0
13421,1
13422,0
13423,0
13424,0
13425,0
13426,0
13427,1
13428,0
13429,0
13430,0
13431,1
13432,0
13433,0
13434,0
13435,0
13436,0
13437,0
13438,0
13439,1
13440,0
13441,1
13442,0
13443,0
13444,1
13445,1
13446,0
13447,0
13448,0
13449,1
13450,0
13451,1
13452,1
13453,0
13454,0
13455,0
13456,0
13457,0
13458,0
13459,1
13460,0
13461,0
13462,0
13463,0
13464,0
13465,1
13466,0
13467,1
13468,0
13469,0
13470,1
13471,0
13472,0
13473,0
13474,0
13475,1
13476,1
13477,0
13478,0
13479,0
13480,0
13481,0
13482,1
13483,1
13484,1
13485,0
13486,0
13487,0
13488,1
13489,0
13490,0
13491,0
13492,0
13493,0
13494,0
13495,0
13496,1
13497,0
13498,1
13499,1
13500,0
13501,1
13502,1
13503,1
13504,1
13505,0
13506,0
13507,1
13508,0
13509,0
13510,1
13511,0
13512,0
13513,0
13514,1
13515,1
13516,0
13517,0
13518,0
13519,0
13520,1
13521,0
13522,0
13523,1
13524,0
13525,1
13526,1
13527,0
13528,0
13529,1
13530,0
13531,0
13532,0
13533,0
13534,1
13535,0
13536,0
13537,1
13538,0
13539,0
13540,0
13541,0
13542,1
13543,0
13544,0
13545,1
13546,1
13547,1
13548,0
13549,1
13550,0
13551,0
13552,0
13553,1
13554,1
13555,1
13556,0
13557,1
13558,1
13559,0
13560,1
13561,1
13562,0
13563,1
13564,1
13565,0
13566,1
13567,0
13568,0
13569,0
13570,0
13571,1
13572,0
13573,0
13574,1
13575,0
13576,0
13577,0
13578,1
13579,0
13580,0
13581,0
13582,0
13583,0
13584,0
13585,0
13586,1
13587,0
13588,0
13589,0
13590,0
13591,0
13592,0
13593,1
13594,1
13595,0
13596,0
13597,0
13598,0
13599,1
13600,1
13601,1
13602,0
13603,0
13604,1
13605,1
13606,0
13607,0
13608,1
13609,0
13610,0
13611,1
13612,0
13613,0
13614,0
13615,1
13616,0
13617,1
13618,0
13619,0
13620,0
13621,0
13622,0
13623,0
13624,1
13625,0
13626,0
13627,1
13628,0
13629,1
13630,1
13631,1
13632,0
13633,1
13634,1
13635,0
13636,0
13637,1
13638,0
13639,1
13640,1
13641,0
13642,0
13643,0
13644,0
13645,1
13646,0
13647,0
13648,0
13649,0
13650,0
13651,1
13652,0
13653,0
13654,0
13655,0
13656,0
13657,0
13658,1
13659,0
13660,1
13661,1
13662,0
13663,0
13664,1
13665,0
13666,1
13667,0
13668,0
13669,0
13670,0
13671,0
13672,0
13673,1
13674,1
13675,0
13676,0
13677,1
13678,0
13679,0
13680,1
13681,0
13682,1
13683,0
13684,0
13685,1
13686,0
13687,1
13688,0
13689,0
13690,0
13691,0
13692,1
13693,1
13694,0
13695,0
13696,0
13697,0
13698,1
13699,0
13700,0
13701,0
13702,0
13703,0
13704,0
13705,0
13706,1
13707,0
13708,0
13709,1
13710,0
13711,1
13712,1
13713,0
13714,0
13715,1
13716,1
13717,0
13718,0
13719,0
13720,1
13721,0
13722,1
13723,0
13724,0
13725,0
13726,0
13727,0
13728,0
13729,1
13730,0
13731,1
13732,0
13733,1
13734,0
13735,1
13736,0
13737,0
13738,0
13739,0
13740,1
13741,0
13742,1
13743,0
13744,1
13745,0
13746,0
13747,0
13748,0
13749,0
13750,0
13751,0
13752,0
13753,1
13754,0
13755,0
13756,0
13757,0
13758,0
13759,1
13760,0
13761,0
13762,0
13763,0
13764,1
13765,0
13766,0
13767,0
13768,1
13769,1
13770,0
13771,0
13772,0
13773,1
13774,0
13775,1
13776,0
13777,1
13778,0
13779,0
13780,0
13781,0
13782,0
13783,0
13784,1
13785,0
13786,1
13787,0
13788,0
13789,0
13790,0
13791,0
13792,0
13793,1
13794,0
13795,0
13796,1
13797,1
13798,0
13799,0
13800,0
13801,0
13802,0
13803,0
13804,0
13805,0
13806,0
13807,1
13808,1
13809,1
13810,0
13811,0
13812,0
13813,1
13814,0
13815,0
13816,0
13817,0
13818,0
13819,0
13820,0
13821,0
13822,0
13823,0
13824,0
13825,0
13826,0
13827,0
13828,0
13829,1
13830,0
13831,0
13832,0
13833,0
13834,0
13835,0
13836,0
13837,1
13838,0
13839,1
13840,0
13841,0
13842,0
13843,1
13844,1
13845,0
13846,0
13847,0
13848,0
13849,0
13850,0
13851,0
13852,0
13853,0
13854,0
13855,0
13856,0
13857,1
13858,0
13859,0
13860,0
13861,0
13862,0
13863,1
13864,0
13865,0
13866,0
13867,0
13868,0
13869,1
13870,1
13871,1
13872,0
13873,0
13874,0
13875,0
13876,0
13877,1
13878,0
13879,0
13880,0
13881,1
13882,1
13883,0
13884,0
13885,0
13886,0
13887,0
13888,0
13889,0
13890,1
13891,0
13892,0
13893,0
13894,0
13895,1
13896,0
13897,0
13898,0
13899,0
13900,0
13901,0
13902,0
13903,0
13904,0
13905,0
13906,0
13907,0
13908,0
13909,0
13910,1
13911,1
13912,1
13913,1
13914,0
13915,0
13916,0
13917,0
13918,1
13919,0
13920,1
13921,0
13922,0
13923,0
13924,0
13925,0
13926,0
13927,1
13928,0
13929,0
13930,0
13931,0
13932,0
13933,1
13934,0
13935,0
13936,0
13937,0
13938,1
13939,0
13940,0
13941,0
13942,0
13943,1
13944,0
13945,1
13946,1
13947,0
13948,0
13949,1
13950,0
13951,0
13952,0
13953,0
13954,0
13955,0
13956,0
13957,1
13958,0
13959,1
13960,0
13961,0
13962,0
13963,0
13964,0
13965,0
13966,1
13967,0
13968,0
13969,1
13970,0
13971,1
13972,0
13973,0
13974,0
13975,0
13976,0
13977,0
13978,0
13979,0
13980,1
13981,1
13982,0
13983,0
13984,0
13985,0
13986,1
13987,1
13988,0
13989,0
13990,0
13991,0
13992,1
13993,0
13994,0
13995,0
13996,0
13997,1
13998,0
13999,0
14000,1
14001,1
14002,0
14003,1
14004,0
14005,0
14006,1
14007,0
14008,0
14009,0
14010,0
14011,1
14012,0
14013,0
14014,1
14015,0
14016,1
14017,0
14018,0
14019,0
14020,0
14021,0
14022,0
14023,1
14024,0
14025,0
14026,0
14027,0
14028,0
14029,0
14030,0
14031,1
14032,0
14033,0
14034,1
14035,0
14036,1
14037,0
14038,1
14039,1
14040,0
14041,0
14042,0
14043,0
14044,0
14045,0
14046,0
14047,0
14048,1
14049,0
14050,1
14051,1
14052,0
14053,1
14054,0
14055,1
14056,1
14057,1
14058,0
14059,0
14060,0
14061,1
14062,0
14063,0
14064,0
14065,0
14066,0
14067,0
14068,0
14069,1
14070,1
14071,1
14072,1
14073,0
14074,0
14075,1
14076,0
14077,0
14078,1
14079,0
14080,0
14081,1
14082,0
14083,0
14084,0
14085,0
14086,1
14087,0
14088,0
14089,0
14090,0
14091,0
14092,0
14093,0
14094,0
14095,1
14096,0
14097,0
14098,0
14099,0
14100,0
14101,1
14102,1
14103,0
14104,0
14105,0
14106,1
14107,0
14108,0
14109,0
14110,0
14111,1
14112,0
14113,1
14114,0
14115,0
14116,0
14117,0
14118,1
14119,0
14120,0
14121,0
14122,0
14123,1
14124,0
14125,1
14126,0
14127,0
14128,0
14129,0
14130,0
14131,0
14132,1
14133,0
14134,0
14135,1
14136,0
14137,0
14138,1
14139,1
14140,1
14141,1
14142,0
14143,0
14144,0
14145,1
14146,1
14147,0
14148,0
14149,1
14150,0
14151,0
14152,1
14153,0
14154,0
14155,1
14156,1
14157,0
14158,0
14159,0
14160,0
14161,1
14162,0
14163,1
14164,0
14165,0
14166,0
14167,0
14168,0
14169,1
14170,0
14171,1
14172,1
14173,0
14174,0
14175,0
14176,0
14177,0
14178,0
14179,0
14180,0
14181,0
14182,0
14183,0
14184,0
14185,1
14186,0
14187,1
14188,1
14189,0
14190,1
14191,1
14192,1
14193,0
14194,0
14195,1
14196,0
14197,0
14198,1
14199,1
14200,1
14201,0
14202,0
14203,0
14204,0
14205,1
14206,0
14207,0
14208,0
14209,0
14210,1
14211,1
14212,0
14213,0
14214,0
14215,0
14216,0
14217,0
14218,0
14219,0
14220,1
14221,0
14222,0
14223,0
14224,1
14225,1
14226,0
14227,0
14228,0
14229,0
14230,0
14231,0
14232,1
14233,0
14234,0
14235,0
14236,0
14237,0
14238,0
14239,1
14240,1
14241,0
14242,0
14243,0
14244,0
14245,0
14246,0
14247,0
14248,0
14249,1
14250,0
14251,0
14252,0
14253,0
14254,0
14255,0
14256,0
14257,1
14258,0
14259,1
14260,1
14261,0
14262,0
14263,0
14264,0
14265,0
14266,0
14267,1
14268,0
14269,0
14270,1
14271,0
14272,0
14273,0
14274,0
14275,0
14276,0
14277,0
14278,1
14279,0
14280,0
14281,0
14282,1
14283,0
14284,1
14285,1
14286,0
14287,0
14288,0
14289,1
14290,0
14291,0
14292,0
14293,0
14294,0
14295,0
14296,1
14297,0
14298,1
14299,1
14300,1
14301,0
14302,0
14303,0
14304,0
14305,0
14306,0
14307,0
14308,1
14309,0
14310,1
14311,0
14312,1
14313,0
14314,0
14315,1
14316,0
14317,1
14318,1
14319,0
14320,0
14321,0
14322,0
14323,0
14324,0
14325,0
14326,0
14327,0
14328,0
14329,0
14330,1
14331,0
14332,0
14333,0
14334,1
14335,0
14336,0
14337,0
14338,0
14339,0
14340,1
14341,1
14342,1
14343,1
14344,1
14345,0
14346,0
14347,0
14348,0
14349,1
14350,1
14351,0
14352,1
14353,1
14354,1
14355,1
14356,0
14357,1
14358,1
14359,1
14360,1
14361,1
14362,0
14363,0
14364,0
14365,0
14366,0
14367,0
14368,0
14369,0
14370,0
14371,0
14372,1
14373,0
14374,0
14375,0
14376,0
14377,1
14378,0
14379,1
14380,0
14381,1
14382,0
14383,0
14384,0
14385,0
14386,0
14387,0
14388,0
14389,0
14390,1
14391,1
14392,1
14393,0
14394,1
14395,0
14396,0
14397,0
14398,1
14399,0
14400,1
14401,0
14402,0
14403,1
14404,0
14405,0
14406,0
14407,1
14408,0
14409,0
14410,0
14411,1
14412,0
14413,0
14414,0
14415,0
14416,1
14417,0
14418,0
14419,0
14420,0
14421,0
14422,0
14423,1
14424,0
14425,1
14426,1
14427,0
14428,1
14429,1
14430,1
14431,0
14432,0
14433,0
14434,0
14435,0
14436,1
14437,0
14438,0
14439,0
14440,1
14441,0
14442,0
14443,1
14444,1
14445,0
14446,1
14447,0
14448,0
14449,0
14450,0
14451,1
14452,1
14453,1
14454,0
14455,1
14456,0
14457,1
14458,0
14459,0
14460,0
14461,0
14462,1
14463,0
14464,0
14465,0
14466,0
14467,0
14468,1
14469,0
14470,1
14471,0
14472,0
14473,0
14474,1
14475,0
14476,0
14477,0
14478,1
14479,0
14480,0
14481,0
14482,0
14483,0
14484,0
14485,0
14486,0
14487,1
14488,1
14489,0
14490,0
14491,0
14492,0
14493,0
14494,0
14495,0
14496,1
14497,0
14498,0
14499,0
14500,0
14501,0
14502,0
14503,1
14504,0
14505,0
14506,0
14507,1
14508,1
14509,0
14510,0
14511,0
14512,1
14513,0
14514,0
14515,0
14516,1
14517,0
14518,1
14519,0
14520,1
14521,1
14522,0
14523,0
14524,1
14525,0
14526,1
14527,0
14528,0
14529,1
14530,1
14531,0
14532,0
14533,1
14534,0
14535,0
14536,0
14537,0
14538,0
14539,0
14540,0
14541,0
14542,1
14543,0
14544,0
14545,0
14546,0
14547,0
14548,0
14549,0
14550,1
14551,1
14552,0
14553,1
14554,0
14555,1
14556,1
14557,0
14558,0
14559,0
14560,0
14561,0
14562,0
14563,0
14564,1
14565,0
14566,0
14567,0
14568,0
14569,0
14570,0
14571,1
14572,1
14573,0
14574,0
14575,0
14576,0
14577,0
14578,0
14579,1
14580,0
14581,0
14582,0
14583,0
14584,0
14585,0
14586,0
14587,1
14588,0
14589,0
14590,0
14591,1
14592,1
14593,1
14594,0
14595,0
14596,0
14597,1
14598,1
14599,1
14600,0
14601,1
14602,0
14603,1
14604,1
14605,1
14606,0
14607,1
14608,0
14609,0
14610,0
14611,1
14612,0
14613,0
14614,0
14615,0
14616,0
14617,1
14618,0
14619,1
14620,0
14621,1
14622,0
14623,0
14624,1
14625,0
14626,1
14627,0
14628,0
14629,1
14630,1
14631,0
14632,0
14633,0
14634,0
14635,1
14636,1
14637,0
14638,1
14639,0
14640,0
14641,0
14642,0
14643,1
14644,0
14645,1
14646,0
14647,1
14648,1
14649,1
14650,1
14651,0
14652,0
14653,0
14654,0
14655,0
14656,0
14657,0
14658,0
14659,1
14660,0
14661,1
14662,0
14663,1
14664,0
14665,0
14666,0
14667,0
14668,1
14669,0
14670,1
14671,0
14672,0
14673,1
14674,0
14675,0
14676,0
14677,1
14678,1
14679,0
14680,0
14681,0
14682,1
14683,0
14684,1
14685,1
14686,0
14687,1
14688,1
14689,0
14690,0
14691,1
14692,0
14693,1
14694,0
14695,0
14696,1
14697,0
14698,1
14699,0
14700,0
14701,0
14702,0
14703,1
14704,1
14705,0
14706,0
14707,1
14708,0
14709,0
14710,0
14711,0
14712,0
14713,1
14714,1
14715,1
14716,0
14717,0
14718,0
14719,0
14720,1
14721,0
14722,1
14723,1
14724,0
14725,0
14726,0
14727,1
14728,0
14729,1
14730,0
14731,1
14732,0
14733,1
14734,1
14735,0
14736,0
14737,0
14738,1
14739,0
14740,0
14741,0
14742,0
14743,0
14744,0
14745,0
14746,0
14747,0
14748,1
14749,1
14750,1
14751,0
14752,1
14753,1
14754,0
14755,0
14756,0
14757,1
14758,1
14759,1
14760,1
14761,0
14762,0
14763,0
14764,1
14765,0
14766,0
14767,0
14768,0
14769,0
14770,0
14771,0
14772,1
14773,1
14774,0
14775,0
14776,0
14777,0
14778,0
14779,1
14780,1
14781,0
14782,0
14783,0
14784,0
14785,0
14786,0
14787,0
14788,0
14789,1
14790,0
14791,0
14792,0
14793,0
14794,0
14795,0
14796,0
14797,0
14798,0
14799,0
14800,0
14801,0
14802,0
14803,0
14804,1
14805,0
14806,1
14807,0
14808,1
14809,0
14810,0
14811,0
14812,1
14813,0
14814,0
14815,0
14816,0
14817,1
14818,0
14819,1
14820,0
14821,0
14822,0
14823,0
14824,0
14825,0
14826,0
14827,0
14828,0
14829,1
14830,1
14831,1
14832,0
14833,1
14834,0
14835,0
14836,0
14837,0
14838,1
14839,1
14840,0
14841,1
14842,0
14843,1
14844,0
14845,0
14846,1
14847,0
14848,0
14849,0
14850,0
14851,0
14852,1
14853,1
14854,0
14855,0
14856,0
14857,0
14858,0
14859,0
14860,0
14861,0
14862,0
14863,1
14864,0
14865,0
14866,0
14867,1
14868,0
14869,1
14870,0
14871,0
14872,0
14873,0
14874,0
14875,0
14876,0
14877,0
14878,0
14879,0
14880,0
14881,0
14882,1
14883,0
14884,0
14885,0
14886,0
14887,1
14888,1
14889,1
14890,0
14891,1
14892,1
14893,0
14894,0
14895,0
14896,0
14897,0
14898,0
14899,0
14900,0
14901,0
14902,1
14903,0
14904,1
14905,1
14906,0
14907,0
14908,0
14909,0
14910,0
14911,1
14912,0
14913,0
14914,1
14915,0
14916,0
14917,0
14918,0
14919,0
14920,0
14921,0
14922,0
14923,0
14924,0
14925,0
14926,1
14927,1
14928,0
14929,0
14930,1
14931,0
14932,1
14933,0
14934,0
14935,1
14936,1
14937,0
14938,0
14939,1
14940,0
14941,0
14942,0
14943,0
14944,0
14945,0
14946,0
14947,0
14948,0
14949,1
14950,0
14951,0
14952,1
14953,0
14954,0
14955,0
14956,0
14957,0
14958,0
14959,0
14960,0
14961,0
14962,0
14963,1
14964,0
14965,1
14966,0
14967,0
14968,0
14969,0
14970,0
14971,1
14972,0
14973,0
14974,0
14975,0
14976,0
14977,0
14978,0
14979,0
14980,0
14981,0
14982,0
14983,1
14984,0
14985,0
14986,0
14987,0
14988,0
14989,0
14990,0
14991,0
14992,0
14993,0
14994,0
14995,0
14996,0
14997,0
14998,0
14999,0
15000,1
15001,1
15002,0
15003,1
15004,0
15005,1
15006,1
15007,0
15008,1
15009,0
15010,1
15011,0
15012,0
15013,0
15014,0
15015,0
15016,1
15017,1
15018,1
15019,0
15020,0
15021,0
15022,0
15023,1
15024,1
15025,1
15026,1
15027,0
15028,0
15029,0
15030,1
15031,1
15032,1
15033,0
15034,0
15035,0
15036,0
15037,0
15038,1
15039,0
15040,0
15041,1
15042,0
15043,0
15044,1
15045,0
15046,0
15047,0
15048,0
15049,1
15050,0
15051,0
15052,0
15053,0
15054,1
15055,0
15056,0
15057,0
15058,0
15059,0
15060,0
15061,0
15062,0
15063,0
15064,0
15065,1
15066,0
15067,0
15068,0
15069,0
15070,0
15071,0
15072,0
15073,0
15074,1
15075,0
15076,1
15077,0
15078,0
15079,0
15080,1
15081,1
15082,0
15083,0
15084,1
15085,0
15086,0
15087,0
15088,0
15089,1
15090,1
15091,1
15092,0
15093,1
15094,1
15095,1
15096,0
15097,1
15098,0
15099,1
15100,0
15101,0
15102,0
15103,0
15104,0
15105,1
15106,0
15107,0
15108,1
15109,1
15110,1
15111,0
15112,1
15113,0
15114,0
15115,0
15116,0
15117,0
15118,0
15119,0
15120,1
15121,0
15122,0
15123,0
15124,0
15125,0
15126,1
15127,0
15128,1
15129,0
15130,0
15131,0
15132,0
15133,0
15134,1
15135,0
15136,1
15137,0
15138,0
15139,1
15140,1
15141,0
15142,0
15143,0
15144,0
15145,0
15146,0
15147,0
15148,0
15149,1
15150,0
15151,0
15152,0
15153,0
15154,1
15155,0
15156,0
15157,0
15158,0
15159,1
15160,1
15161,0
15162,0
15163,1
15164,1
15165,0
15166,0
15167,0
15168,0
15169,1
15170,0
15171,0
15172,0
15173,1
15174,1
15175,1
15176,1
15177,0
15178,1
15179,0
15180,0
15181,0
15182,0
15183,0
15184,0
15185,0
15186,0
15187,0
15188,1
15189,0
15190,1
15191,0
15192,0
15193,0
15194,0
15195,0
15196,0
15197,1
15198,0
15199,1
15200,0
15201,0
15202,0
15203,1
15204,1
15205,1
15206,0
15207,0
15208,1
15209,0
15210,0
15211,0
15212,1
15213,0
15214,1
15215,0
15216,1
15217,0
15218,1
15219,1
15220,1
15221,1
15222,0
15223,0
15224,0
15225,0
15226,0
15227,0
15228,1
15229,0
15230,0
15231,0
15232,0
15233,0
15234,0
15235,0
15236,0
15237,0
15238,0
15239,0
15240,1
15241,0
15242,0
15243,0
15244,0
15245,0
15246,0
15247,1
15248,1
15249,1
15250,0
15251,0
15252,0
15253,0
15254,1
15255,0
15256,0
15257,0
15258,1
15259,0
15260,1
15261,0
15262,0
15263,1
15264,0
15265,0
15266,0
15267,0
15268,0
15269,0
15270,0
15271,1
15272,0
15273,0
15274,1
15275,0
15276,0
15277,1
15278,1
15279,0
15280,0
15281,0
15282,0
15283,0
15284,1
15285,0
15286,0
15287,0
15288,1
15289,0
15290,0
15291,1
15292,1
15293,1
15294,0
15295,0
15296,1
15297,0
15298,1
15299,0
15300,0
15301,0
15302,1
15303,0
15304,0
15305,0
15306,0
15307,1
15308,1
15309,0
15310,0
15311,0
15312,1
15313,0
15314,0
15315,1
15316,0
15317,0
15318,0
15319,1
15320,0
15321,0
15322,0
15323,0
15324,0
15325,0
15326,0
15327,0
15328,0
15329,1
15330,1
15331,0
15332,0
15333,0
15334,0
15335,0
15336,0
15337,1
15338,1
15339,1
15340,0
15341,0
15342,1
15343,0
15344,1
15345,1
15346,1
15347,0
15348,1
15349,0
15350,0
15351,0
15352,0
15353,0
15354,0
15355,0
15356,0
15357,1
15358,1
15359,1
15360,0
15361,0
15362,0
15363,0
15364,0
15365,0
15366,0
15367,0
15368,0
15369,0
15370,1
15371,0
15372,0
15373,0
15374,1
15375,0
15376,1
15377,0
15378,0
15379,0
15380,0
15381,1
15382,0
15383,1
15384,0
15385,0
15386,0
15387,0
15388,0
15389,0
15390,1
15391,0
15392,0
15393,1
15394,0
15395,0
15396,0
15397,0
15398,1
15399,0
15400,0
15401,1
15402,1
15403,1
15404,0
15405,1
15406,0
15407,1
15408,0
15409,0
15410,0
15411,0
15412,1
15413,1
15414,0
15415,0
15416,0
15417,0
15418,1
15419,0
15420,0
15421,0
15422,0
15423,1
15424,0
15425,0
15426,0
15427,1
15428,0
15429,0
15430,0
15431,0
15432,1
15433,0
15434,0
15435,0
15436,0
15437,0
15438,0
15439,0
15440,0
15441,0
15442,0
15443,0
15444,1
15445,0
15446,0
15447,1
15448,0
15449,0
15450,0
15451,0
15452,0
15453,0
15454,1
15455,1
15456,1
15457,0
15458,0
15459,0
15460,1
15461,0
15462,1
15463,0
15464,0
15465,0
15466,1
15467,0
15468,1
15469,0
15470,1
15471,0
15472,1
15473,0
15474,0
15475,0
15476,1
15477,0
15478,0
15479,0
15480,1
15481,0
15482,0
15483,0
15484,0
15485,0
15486,0
15487,1
15488,0
15489,1
15490,0
15491,0
15492,1
15493,0
15494,1
15495,0
15496,1
15497,0
15498,1
15499,1
15500,0
15501,0
15502,0
15503,0
15504,0
15505,0
15506,0
15507,0
15508,0
15509,1
15510,0
15511,0
15512,0
15513,0
15514,0
15515,0
15516,1
15517,0
15518,0
15519,1
15520,0
15521,0
15522,0
15523,0
15524,0
15525,0
15526,0
15527,0
15528,0
15529,0
15530,0
15531,1
15532,0
15533,0
15534,0
15535,1
15536,0
15537,0
15538,1
15539,0
15540,0
15541,1
15542,0
15543,0
15544,0
15545,0
15546,0
15547,0
15548,0
15549,0
15550,1
15551,0
15552,0
15553,0
15554,0
15555,0
15556,1
15557,1
15558,0
15559,1
15560,1
15561,0
15562,0
15563,0
15564,0
15565,0
15566,0
15567,1
15568,0
15569,0
15570,0
15571,0
15572,1
15573,0
15574,1
15575,0
15576,0
15577,0
15578,0
15579,1
15580,1
15581,0
15582,1
15583,1
15584,1
15585,0
15586,0
15587,0
15588,0
15589,0
15590,1
15591,0
15592,1
15593,1
15594,0
15595,0
15596,1
15597,0
15598,1
15599,1
15600,0
15601,0
15602,1
15603,1
15604,0
15605,1
15606,0
15607,0
15608,0
15609,0
15610,1
15611,1
15612,0
15613,0
15614,0
15615,0
15616,1
15617,0
15618,0
15619,0
15620,0
15621,1
15622,0
15623,0
15624,0
15625,0
15626,0
15627,0
15628,0
15629,0
15630,0
15631,1
15632,0
15633,0
15634,0
15635,0
15636,0
15637,0
15638,0
15639,1
15640,0
15641,0
15642,0
15643,0
15644,0
15645,1
15646,0
15647,0
15648,0
15649,0
15650,1
15651,1
15652,1
15653,1
15654,0
15655,0
15656,1
15657,1
15658,0
15659,0
15660,0
15661,0
15662,0
15663,1
15664,0
15665,0
15666,0
15667,0
15668,1
15669,1
15670,0
15671,0
15672,0
15673,1
15674,0
15675,1
15676,1
15677,0
15678,0
15679,0
15680,0
15681,0
15682,1
15683,0
15684,0
15685,1
15686,0
15687,0
15688,0
15689,1
15690,1
15691,1
15692,1
15693,0
15694,1
15695,0
15696,0
15697,1
15698,1
15699,1
15700,1
15701,0
15702,1
15703,1
15704,1
15705,1
15706,1
15707,0
15708,1
15709,0
15710,1
15711,0
15712,0
15713,0
15714,1
15715,1
15716,0
15717,0
15718,0
15719,0
15720,0
15721,0
15722,0
15723,0
15724,1
15725,0
15726,0
15727,1
15728,0
15729,1
15730,1
15731,0
15732,0
15733,0
15734,1
15735,1
15736,0
15737,0
15738,0
15739,0
15740,0
15741,0
15742,0
15743,0
15744,0
15745,0
15746,1
15747,0
15748,0
15749,1
15750,1
15751,0
15752,0
15753,0
15754,1
15755,1
15756,0
15757,0
15758,0
15759,1
15760,1
15761,1
15762,0
15763,1
15764,0
15765,1
15766,0
15767,0
15768,0
15769,1
15770,1
15771,0
15772,0
15773,0
15774,1
15775,0
15776,0
15777,0
15778,0
15779,0
15780,1
15781,0
15782,0
15783,0
15784,0
15785,0
15786,0
15787,0
15788,0
15789,0
15790,0
15791,0
15792,0
15793,0
15794,0
15795,0
15796,0
15797,0
15798,0
15799,1
15800,0
15801,1
15802,0
15803,0
15804,1
15805,0
15806,0
15807,1
15808,0
15809,1
15810,0
15811,0
15812,1
15813,0
15814,0
15815,1
15816,0
15817,0
15818,1
15819,0
15820,0
15821,0
15822,0
15823,1
15824,0
15825,0
15826,1
15827,0
15828,0
15829,0
15830,0
15831,0
15832,1
15833,0
15834,1
15835,0
15836,0
15837,1
15838,0
15839,1
15840,0
15841,0
15842,0
15843,0
15844,0
15845,0
15846,1
15847,1
15848,1
15849,0
15850,0
15851,1
15852,0
15853,0
15854,0
15855,1
15856,0
15857,0
15858,0
15859,0
15860,1
15861,1
15862,1
15863,1
15864,1
15865,1
15866,0
15867,1
15868,0
15869,0
15870,0
15871,0
15872,0
15873,1
15874,1
15875,0
15876,0
15877,1
15878,1
15879,0
15880,0
15881,0
15882,0
15883,0
15884,1
15885,0
15886,1
15887,0
15888,1
15889,0
15890,0
15891,0
15892,0
15893,0
15894,0
15895,1
15896,0
15897,1
15898,0
15899,0
15900,0
15901,0
15902,0
15903,0
15904,0
15905,1
15906,0
15907,0
15908,1
15909,0
15910,1
15911,0
15912,1
15913,0
15914,0
15915,0
15916,0
15917,0
15918,1
15919,1
15920,0
15921,0
15922,1
15923,0
15924,1
15925,1
15926,0
15927,0
15928,1
15929,0
15930,1
15931,1
15932,0
15933,0
15934,0
15935,0
15936,0
15937,1
15938,0
15939,0
15940,0
15941,0
15942,0
15943,0
15944,0
15945,0
15946,0
15947,0
15948,0
15949,0
15950,1
15951,0
15952,1
15953,1
15954,0
15955,0
15956,0
15957,1
15958,0
15959,1
15960,0
15961,0
15962,1
15963,0
15964,0
15965,1
15966,0
15967,0
15968,0
15969,0
15970,0
15971,0
15972,0
15973,0
15974,0
15975,1
15976,0
15977,0
15978,0
15979,0
15980,0
15981,1
15982,0
15983,0
15984,0
15985,0
15986,0
15987,1
15988,0
15989,0
15990,0
15991,0
15992,0
15993,1
15994,0
15995,1
15996,0
15997,0
15998,1
15999,0
16000,0
16001,0
16002,1
16003,0
16004,1
16005,0
16006,1
16007,0
16008,1
16009,1
16010,0
16011,0
16012,0
16013,1
16014,0
16015,0
16016,1
16017,1
16018,0
16019,0
16020,1
16021,1
16022,0
16023,0
16024,1
16025,0
16026,0
16027,0
16028,0
16029,0
16030,0
16031,0
16032,0
16033,0
16034,0
16035,0
16036,1
16037,1
16038,0
16039,1
16040,0
16041,0
16042,1
16043,0
16044,0
16045,1
16046,0
16047,0
16048,0
16049,0
16050,1
16051,0
16052,0
16053,1
16054,0
16055,0
16056,0
16057,0
16058,0
16059,0
16060,0
16061,0
16062,0
16063,1
16064,0
16065,0
16066,0
16067,1
16068,0
16069,0
16070,0
16071,0
16072,0
16073,0
16074,0
16075,0
16076,0
16077,0
16078,0
16079,0
16080,1
16081,1
16082,0
16083,1
16084,0
16085,0
16086,0
16087,0
16088,0
16089,0
16090,0
16091,1
16092,1
16093,0
16094,0
16095,0
16096,0
16097,0
16098,0
16099,0
16100,1
16101,0
16102,1
16103,1
16104,0
16105,1
16106,0
16107,0
16108,0
16109,0
16110,0
16111,1
16112,1
16113,0
16114,1
16115,0
16116,1
16117,0
16118,1
16119,0
16120,0
16121,0
16122,0
16123,0
16124,0
16125,0
16126,0
16127,0
16128,1
16129,1
16130,0
16131,0
16132,1
16133,1
16134,0
16135,1
16136,0
16137,0
16138,0
16139,0
16140,0
16141,0
16142,0
16143,0
16144,0
16145,0
16146,1
16147,0
16148,0
16149,1
16150,0
16151,0
16152,0
16153,1
16154,0
16155,0
16156,0
16157,0
16158,0
16159,1
16160,0
16161,1
16162,0
16163,0
16164,0
16165,1
16166,0
16167,0
16168,0
16169,0
16170,0
16171,0
16172,0
16173,0
16174,0
16175,0
16176,0
16177,0
16178,1
16179,1
16180,0
16181,0
16182,0
16183,0
16184,0
16185,1
16186,0
16187,0
16188,1
16189,0
16190,0
16191,0
16192,0
16193,0
16194,0
16195,1
16196,0
16197,1
16198,1
16199,0
16200,1
16201,0
16202,1
16203,0
16204,1
16205,1
16206,0
16207,0
16208,1
16209,1
16210,0
16211,1
16212,0
16213,0
16214,0
16215,0
16216,0
16217,0
16218,0
16219,0
16220,0
16221,0
16222,0
16223,1
16224,1
16225,0
16226,0
16227,0
16228,0
16229,0
16230,0
16231,0
16232,1
16233,1
16234,1
16235,0
16236,1
16237,1
16238,0
16239,0
16240,0
16241,1
16242,0
16243,1
16244,0
16245,1
16246,0
16247,1
16248,0
16249,0
16250,0
16251,1
16252,0
16253,0
16254,0
16255,0
16256,1
16257,0
16258,0
16259,0
16260,0
16261,0
16262,0
16263,0
16264,0
16265,1
16266,0
16267,0
16268,1
16269,0
16270,0
16271,0
16272,0
16273,0
16274,1
16275,1
16276,0
16277,0
16278,1
16279,1
16280,1
16281,0
16282,1
16283,0
16284,1
16285,0
16286,1
16287,0
16288,0
16289,0
16290,0
16291,0
16292,0
16293,1
16294,0
16295,0
16296,0
16297,0
16298,0
16299,0
16300,0
16301,0
16302,0
16303,1
16304,0
16305,1
16306,1
16307,0
16308,0
16309,0
16310,0
16311,0
16312,1
16313,1
16314,1
16315,0
16316,0
16317,0
16318,0
16319,0
16320,0
16321,0
16322,0
16323,0
16324,0
16325,0
16326,0
16327,1
16328,0
16329,1
16330,0
16331,0
16332,0
16333,0
16334,0
16335,0
16336,1
16337,0
16338,0
16339,0
16340,0
16341,0
16342,0
16343,0
16344,1
16345,1
16346,0
16347,0
16348,0
16349,1
16350,0
16351,1
16352,0
16353,0
16354,0
16355,0
16356,0
16357,1
16358,0
16359,0
16360,0
16361,0
16362,1
16363,0
16364,0
16365,1
16366,0
16367,1
16368,1
16369,0
16370,1
16371,0
16372,1
16373,1
16374,0
16375,1
16376,1
16377,0
16378,1
16379,0
16380,0
16381,0
16382,0
16383,0
16384,1
16385,1
16386,0
16387,0
16388,0
16389,0
16390,0
16391,0
16392,0
16393,0
16394,0
16395,0
16396,1
16397,1
16398,1
16399,1
16400,0
16401,1
16402,0
16403,0
16404,0
16405,1
16406,0
16407,0
16408,0
16409,1
16410,0
16411,1
16412,1
16413,0
16414,0
16415,0
16416,1
16417,0
16418,0
16419,0
16420,0
16421,1
16422,1
16423,0
16424,0
16425,0
16426,0
16427,0
16428,1
16429,0
16430,0
16431,1
16432,0
16433,0
16434,0
16435,0
16436,0
16437,0
16438,1
16439,0
16440,0
16441,1
16442,0
16443,1
16444,1
16445,1
16446,1
16447,1
16448,0
16449,0
16450,0
16451,0
16452,1
16453,0
16454,0
16455,0
16456,0
16457,0
16458,1
16459,0
16460,0
16461,0
16462,1
16463,1
16464,0
16465,0
16466,0
16467,1
16468,0
16469,0
16470,0
16471,0
16472,0
16473,1
16474,1
16475,0
16476,1
16477,0
16478,0
16479,0
16480,0
16481,0
16482,0
16483,0
16484,0
16485,0
16486,0
16487,0
16488,1
16489,1
16490,0
16491,0
16492,0
16493,0
16494,0
16495,0
16496,0
16497,0
16498,0
16499,0
16500,0
16501,1
16502,0
16503,0
16504,0
16505,0
16506,1
16507,1
16508,0
16509,0
16510,1
16511,0
16512,0
16513,1
16514,0
16515,0
16516,1
16517,0
16518,1
16519,0
16520,0
16521,0
16522,0
16523,1
16524,0
16525,0
16526,1
16527,0
16528,1
16529,1
16530,1
16531,1
16532,0
16533,0
16534,0
16535,0
16536,1
16537,1
16538,1
16539,1
16540,0
16541,0
16542,0
16543,1
16544,1
16545,1
16546,0
16547,0
16548,0
16549,0
16550,0
16551,1
16552,0
16553,1
16554,1
16555,0
16556,0
16557,0
16558,1
16559,0
16560,1
16561,1
16562,1
16563,0
16564,0
16565,0
16566,0
16567,0
16568,0
16569,0
16570,0
16571,0
16572,0
16573,0
16574,0
16575,0
16576,1
16577,0
16578,0
16579,1
16580,0
16581,0
16582,1
16583,0
16584,0
16585,0
16586,0
16587,0
16588,1
16589,0
16590,0
16591,0
16592,1
16593,1
16594,1
16595,0
16596,0
16597,0
16598,0
16599,0
16600,1
16601,0
16602,0
16603,0
16604,0
16605,0
16606,0
16607,0
16608,0
16609,0
16610,1
16611,0
16612,0
16613,0
16614,0
16615,0
16616,0
16617,1
16618,0
16619,1
16620,0
16621,1
16622,1
16623,1
16624,0
16625,0
16626,0
16627,0
16628,0
16629,1
16630,0
16631,0
16632,0
16633,0
16634,1
16635,1
16636,0
16637,1
16638,0
16639,1
16640,1
16641,0
16642,1
16643,0
16644,1
16645,0
16646,0
16647,0
16648,0
16649,0
16650,1
16651,1
16652,0
16653,0
16654,0
16655,1
16656,1
16657,1
16658,1
16659,0
16660,0
16661,0
16662,1
16663,0
16664,1
16665,1
16666,1
16667,1
16668,0
16669,1
16670,1
16671,1
16672,1
16673,0
16674,1
16675,1
16676,0
16677,1
16678,0
16679,1
16680,0
16681,1
16682,0
16683,0
16684,0
16685,1
16686,0
16687,0
16688,0
16689,1
16690,1
16691,0
16692,1
16693,1
16694,0
16695,0
16696,0
16697,1
16698,1
16699,0
16700,0
16701,0
16702,0
16703,1
16704,0
16705,1
16706,1
16707,0
16708,0
16709,0
16710,1
16711,0
16712,0
16713,0
16714,0
16715,1
16716,1
16717,1
16718,0
16719,0
16720,0
16721,0
16722,0
16723,0
16724,0
16725,1
16726,0
16727,0
16728,1
16729,0
16730,1
16731,0
16732,1
16733,0
16734,0
16735,0
16736,0
16737,1
16738,1
16739,1
16740,0
16741,0
16742,1
16743,0
16744,0
16745,0
16746,0
16747,0
16748,1
16749,0
16750,1
16751,0
16752,1
16753,0
16754,1
16755,1
16756,0
16757,1
16758,1
16759,0
16760,0
16761,1
16762,1
16763,1
16764,1
16765,0
16766,0
16767,0
16768,0
16769,0
16770,0
16771,0
16772,0
16773,0
16774,0
16775,1
16776,0
16777,1
16778,0
16779,1
16780,0
16781,0
16782,0
16783,0
16784,1
16785,1
16786,0
16787,0
16788,0
16789,1
16790,1
16791,1
16792,0
16793,0
16794,0
16795,0
16796,0
16797,0
16798,0
16799,0
16800,1
16801,0
16802,1
16803,0
16804,0
16805,0
16806,1
16807,0
16808,0
16809,0
16810,0
16811,1
16812,0
16813,0
16814,0
16815,1
16816,1
16817,0
16818,0
16819,0
16820,0
16821,0
16822,0
16823,0
16824,0
16825,0
16826,0
16827,0
16828,0
16829,1
16830,0
16831,0
16832,1
16833,0
16834,1
16835,1
16836,0
16837,0
16838,1
16839,1
16840,0
16841,1
16842,0
16843,0
16844,1
16845,0
16846,0
16847,0
16848,1
16849,1
16850,0
16851,0
16852,0
16853,1
16854,0
16855,0
16856,0
16857,0
16858,1
16859,1
16860,1
16861,0
16862,1
16863,1
16864,0
16865,0
16866,0
16867,1
16868,1
16869,0
16870,0
16871,0
16872,0
16873,0
16874,0
16875,1
16876,0
16877,0
16878,0
16879,0
16880,0
16881,1
16882,0
16883,0
16884,0
16885,0
16886,0
16887,0
16888,0
16889,0
16890,0
16891,1
16892,1
16893,1
16894,0
16895,0
16896,1
16897,0
16898,1
16899,0
16900,0
16901,0
16902,1
16903,0
16904,0
16905,0
16906,0
16907,1
16908,0
16909,0
16910,1
16911,1
16912,0
16913,0
16914,0
16915,0
16916,0
16917,0
16918,0
16919,0
16920,1
16921,1
16922,1
16923,0
16924,0
16925,0
16926,1
16927,1
16928,0
16929,1
16930,0
16931,0
16932,0
16933,0
16934,0
16935,1
16936,1
16937,0
16938,0
16939,0
16940,0
16941,0
16942,0
16943,0
16944,1
16945,0
16946,0
16947,0
16948,0
16949,1
16950,1
16951,1
16952,1
16953,0
16954,1
16955,0
16956,0
16957,0
16958,0
16959,1
16960,1
16961,0
16962,0
16963,0
16964,0
16965,0
16966,0
16967,0
16968,1
16969,0
16970,0
16971,1
16972,1
16973,1
16974,0
16975,0
16976,0
16977,0
16978,0
16979,1
16980,0
16981,0
16982,0
16983,0
16984,0
16985,0
16986,0
16987,1
16988,1
16989,1
16990,0
16991,0
16992,0
16993,1
16994,0
16995,0
16996,0
16997,0
16998,1
16999,0
17000,0
17001,0
17002,0
17003,1
17004,0
17005,0
17006,0
17007,0
17008,1
17009,0
17010,0
17011,0
17012,1
17013,1
17014,0
17015,1
17016,1
17017,0
17018,1
17019,0
17020,0
17021,0
17022,0
17023,0
17024,1
17025,1
17026,0
17027,1
17028,0
17029,1
17030,0
17031,0
17032,0
17033,0
17034,0
17035,0
17036,0
17037,0
17038,0
17039,0
17040,0
17041,1
17042,0
17043,0
17044,0
17045,0
17046,0
17047,0
17048,0
17049,1
17050,0
17051,0
17052,0
17053,0
17054,1
17055,0
17056,1
17057,0
17058,0
17059,0
17060,0
17061,0
17062,0
17063,0
17064,1
17065,1
17066,0
17067,0
17068,1
17069,0
17070,0
17071,0
17072,1
17073,0
17074,1
17075,0
17076,0
17077,0
17078,1
17079,0
17080,1
17081,0
17082,1
17083,1
17084,0
17085,0
17086,0
17087,0
17088,0
17089,0
17090,0
17091,0
17092,0
17093,0
17094,1
17095,0
17096,1
17097,0
17098,0
17099,1
17100,1
17101,0
17102,1
17103,0
17104,1
17105,0
17106,0
17107,0
17108,0
17109,0
17110,0
17111,1
17112,0
17113,0
17114,0
17115,0
17116,0
17117,0
17118,1
17119,0
17120,0
17121,0
17122,0
17123,0
17124,1
17125,1
17126,0
17127,0
17128,0
17129,0
17130,0
17131,0
17132,1
17133,0
17134,1
17135,0
17136,0
17137,0
17138,1
17139,1
17140,0
17141,0
17142,0
17143,0
17144,0
17145,0
17146,0
17147,0
17148,1
17149,1
17150,0
17151,1
17152,0
17153,0
17154,1
17155,1
17156,0
17157,0
17158,0
17159,0
17160,0
17161,0
17162,0
17163,1
17164,1
17165,1
17166,0
17167,0
17168,0
17169,0
17170,0
17171,1
17172,0
17173,0
17174,0
17175,0
17176,0
17177,0
17178,0
17179,0
17180,0
17181,0
17182,0
17183,0
17184,1
17185,1
17186,0
17187,1
17188,0
17189,0
17190,1
17191,0
17192,0
17193,0
17194,0
17195,0
17196,0
17197,1
17198,1
17199,1
17200,1
17201,0
17202,0
17203,1
17204,0
17205,0
17206,1
17207,1
17208,0
17209,0
17210,1
17211,0
17212,0
17213,0
17214,0
17215,0
17216,1
17217,0
17218,0
17219,0
17220,0
17221,1
17222,0
17223,0
17224,0
17225,0
17226,0
17227,0
17228,0
17229,0
17230,1
17231,0
17232,0
17233,0
17234,0
17235,0
17236,0
17237,0
17238,0
17239,1
17240,0
17241,0
17242,0
17243,0
17244,0
17245,0
17246,0
17247,1
17248,1
17249,1
17250,0
17251,1
17252,0
17253,1
17254,0
17255,0
17256,0
17257,0
17258,1
17259,1
17260,0
17261,0
17262,0
17263,1
17264,0
17265,0
17266,0
17267,0
17268,0
17269,0
17270,0
17271,0
17272,0
17273,0
17274,0
17275,1
17276,1
17277,0
17278,1
17279,0
17280,0
17281,1
17282,0
17283,0
17284,0
17285,0
17286,0
17287,0
17288,0
17289,0
17290,0
17291,0
17292,1
17293,0
17294,0
17295,1
17296,1
17297,0
17298,0
17299,0
17300,1
17301,0
17302,0
17303,1
17304,1
17305,1
17306,1
17307,0
17308,0
17309,0
17310,0
17311,1
17312,0
17313,0
17314,1
17315,1
17316,1
17317,0
17318,0
17319,0
17320,0
17321,0
17322,0
17323,0
17324,0
17325,0
17326,0
17327,0
17328,0
17329,1
17330,0
17331,0
17332,0
17333,0
17334,1
17335,0
17336,0
17337,0
17338,0
17339,0
17340,1
17341,0
17342,1
17343,0
17344,0
17345,1
17346,0
17347,1
17348,0
17349,1
17350,1
17351,0
17352,0
17353,0
17354,0
17355,0
17356,0
17357,0
17358,0
17359,1
17360,0
17361,0
17362,0
17363,1
17364,0
17365,0
17366,1
17367,0
17368,0
17369,1
17370,0
17371,0
17372,0
17373,0
17374,0
17375,0
17376,0
17377,0
17378,0
17379,0
17380,0
17381,0
17382,0
17383,1
17384,1
17385,0
17386,1
17387,1
17388,0
17389,1
17390,0
17391,0
17392,0
17393,0
17394,0
17395,0
17396,0
17397,0
17398,0
17399,0
17400,0
17401,0
17402,1
17403,0
17404,1
17405,0
17406,0
17407,0
17408,0
17409,1
17410,0
17411,0
17412,0
17413,0
17414,1
17415,1
17416,1
17417,0
17418,0
17419,0
17420,0
17421,1
17422,0
17423,1
17424,1
17425,0
17426,1
17427,0
17428,0
17429,0
17430,0
17431,1
17432,0
17433,0
17434,0
17435,1
17436,1
17437,0
17438,0
17439,1
17440,1
17441,0
17442,0
17443,0
17444,0
17445,1
17446,0
17447,0
17448,0
17449,1
17450,1
17451,1
17452,1
17453,0
17454,1
17455,0
17456,0
17457,0
17458,0
17459,1
17460,0
17461,0
17462,0
17463,0
17464,0
17465,0
17466,0
17467,0
17468,0
17469,1
17470,1
17471,1
17472,1
17473,0
17474,1
17475,1
17476,0
17477,0
17478,0
17479,0
17480,0
17481,0
17482,0
17483,1
17484,0
17485,0
17486,0
17487,0
17488,0
17489,0
17490,0
17491,1
17492,0
17493,0
17494,0
17495,0
17496,1
17497,1
17498,0
17499,0
17500,0
17501,1
17502,0
17503,1
17504,0
17505,0
17506,1
17507,0
17508,1
17509,0
17510,1
17511,0
17512,1
17513,0
17514,0
17515,0
17516,0
17517,0
17518,0
17519,1
17520,1
17521,0
17522,0
17523,1
17524,0
17525,0
17526,0
17527,0
17528,1
17529,1
17530,0
17531,1
17532,0
17533,0
17534,0
17535,1
17536,1
17537,0
17538,0
17539,0
17540,0
17541,1
17542,1
17543,0
17544,0
17545,1
17546,0
17547,1
17548,0
17549,0
17550,0
17551,0
17552,0
17553,0
17554,1
17555,0
17556,1
17557,0
17558,0
17559,0
17560,1
17561,0
17562,0
17563,1
17564,0
17565,0
17566,0
17567,0
17568,1
17569,1
17570,0
17571,0
17572,1
17573,0
17574,0
17575,0
17576,0
17577,0
17578,0
17579,1
17580,0
17581,0
17582,1
17583,0
17584,0
17585,1
17586,0
17587,0
17588,0
17589,0
17590,0
17591,0
17592,1
17593,0
17594,1
17595,0
17596,0
17597,0
17598,1
17599,0
17600,1
17601,1
17602,1
17603,0
17604,0
17605,0
17606,0
17607,0
17608,0
17609,0
17610,0
17611,1
17612,0
17613,0
17614,0
17615,0
17616,1
17617,1
17618,1
17619,1
17620,0
17621,0
17622,0
17623,0
17624,0
17625,0
17626,0
17627,0
17628,1
17629,0
17630,1
17631,0
17632,0
17633,1
17634,0
17635,0
17636,0
17637,1
17638,0
17639,0
17640,0
17641,0
17642,1
17643,0
17644,0
17645,1
17646,0
17647,1
17648,0
17649,1
17650,0
17651,0
17652,0
17653,1
17654,0
17655,0
17656,0
17657,1
17658,0
17659,0
17660,0
17661,0
17662,0
17663,0
17664,0
17665,0
17666,0
17667,0
17668,1
17669,0
17670,0
17671,0
17672,0
17673,1
17674,1
17675,0
17676,0
17677,0
17678,0
17679,0
17680,0
17681,0
17682,0
17683,1
17684,0
17685,1
17686,0
17687,0
17688,1
17689,0
17690,0
17691,1
17692,1
17693,0
17694,0
17695,0
17696,0
17697,0
17698,0
17699,0
17700,0
17701,1
17702,0
17703,0
17704,0
17705,1
17706,0
17707,0
17708,1
17709,1
17710,0
17711,1
17712,1
17713,0
17714,1
17715,0
17716,0
17717,0
17718,0
17719,0
17720,0
17721,0
17722,0
17723,0
17724,0
17725,1
17726,0
17727,1
17728,0
17729,1
17730,0
17731,0
17732,0
17733,0
17734,0
17735,0
17736,0
17737,0
17738,0
17739,0
17740,0
17741,0
17742,0
17743,0
17744,0
17745,1
17746,0
17747,0
17748,1
17749,0
17750,0
17751,0
17752,0
17753,0
17754,1
17755,0
17756,1
17757,1
17758,0
17759,1
17760,0
17761,1
17762,0
17763,0
17764,0
17765,0
17766,0
17767,0
17768,1
17769,1
17770,0
17771,0
17772,0
17773,0
17774,0
17775,0
17776,0
17777,1
17778,0
17779,0
17780,0
17781,0
17782,0
17783,0
17784,0
17785,1
17786,0
17787,0
17788,0
17789,0
17790,0
17791,0
17792,0
17793,0
17794,0
17795,0
17796,0
17797,0
17798,0
17799,0
17800,0
17801,1
17802,1
17803,0
17804,1
17805,0
17806,0
17807,0
17808,1
17809,0
17810,1
17811,0
17812,0
17813,1
17814,0
17815,1
17816,0
17817,1
17818,0
17819,0
17820,0
17821,0
17822,0
17823,0
17824,1
17825,0
17826,0
17827,1
17828,0
17829,1
17830,1
17831,0
17832,0
17833,1
17834,0
17835,1
17836,0
17837,1
17838,0
17839,1
17840,1
17841,1
17842,1
17843,0
17844,0
17845,1
17846,1
17847,0
17848,0
17849,0
17850,0
17851,0
17852,0
17853,0
17854,0
17855,0
17856,1
17857,1
17858,1
17859,0
17860,0
17861,0
17862,0
17863,0
17864,0
17865,0
17866,0
17867,0
17868,0
17869,1
17870,1
17871,0
17872,0
17873,1
17874,0
17875,0
17876,0
17877,0
17878,0
17879,0
17880,0
17881,1
17882,0
17883,0
17884,0
17885,0
17886,1
17887,1
17888,0
17889,0
17890,0
17891,0
17892,0
17893,1
17894,1
17895,1
17896,0
17897,0
17898,1
17899,0
17900,0
17901,0
17902,0
17903,1
17904,0
17905,0
17906,1
17907,1
17908,1
17909,0
17910,0
17911,1
17912,1
17913,0
17914,1
17915,0
17916,1
17917,0
17918,1
17919,0
17920,0
17921,0
17922,1
17923,1
17924,0
17925,0
17926,0
17927,0
17928,1
17929,0
17930,0
17931,0
17932,1
17933,0
17934,1
17935,0
17936,1
17937,0
17938,1
17939,0
17940,1
17941,1
17942,1
17943,0
17944,0
17945,1
17946,1
17947,1
17948,0
17949,0
17950,1
17951,0
17952,1
17953,0
17954,0
17955,0
17956,0
17957,1
17958,0
17959,0
17960,1
17961,0
17962,0
17963,0
17964,0
17965,1
17966,0
17967,0
17968,0
17969,0
17970,1
17971,0
17972,0
17973,0
17974,0
17975,0
17976,0
17977,0
17978,0
17979,0
17980,1
17981,0
17982,0
17983,0
17984,0
17985,1
17986,0
17987,0
17988,1
17989,1
17990,1
17991,0
17992,0
17993,0
17994,0
17995,0
17996,0
17997,0
17998,0
17999,0
18000,0
18001,1
18002,0
18003,0
18004,1
18005,0
18006,1
18007,1
18008,0
18009,0
18010,1
18011,0
18012,0
18013,0
18014,0
18015,0
18016,0
18017,1
18018,0
18019,0
18020,0
18021,0
18022,0
18023,0
18024,0
18025,0
18026,0
18027,0
18028,1
18029,1
18030,0
18031,0
18032,0
18033,0
18034,0
18035,0
18036,0
18037,1
18038,0
18039,0
18040,0
18041,0
18042,0
18043,0
18044,0
18045,1
18046,1
18047,0
18048,0
18049,1
18050,0
18051,0
18052,0
18053,0
18054,0
18055,0
18056,0
18057,0
18058,0
18059,0
18060,0
18061,0
18062,1
18063,0
18064,0
18065,1
18066,0
18067,1
18068,0
18069,0
18070,0
18071,1
18072,0
18073,0
18074,0
18075,1
18076,0
18077,0
18078,1
18079,1
18080,0
18081,0
18082,1
18083,1
18084,0
18085,1
18086,0
18087,1
18088,0
18089,1
18090,0
18091,0
18092,0
18093,0
18094,0
18095,0
18096,0
18097,1
18098,0
18099,0
18100,0
18101,1
18102,0
18103,0
18104,1
18105,0
18106,0
18107,1
18108,1
18109,0
18110,0
18111,1
18112,1
18113,0
18114,0
18115,1
18116,1
18117,1
18118,0
18119,0
18120,0
18121,0
18122,0
18123,1
18124,0
18125,0
18126,1
18127,1
18128,0
18129,0
18130,0
18131,0
18132,1
18133,0
18134,0
18135,0
18136,0
18137,0
18138,0
18139,0
18140,0
18141,0
18142,0
18143,0
18144,0
18145,0
18146,0
18147,0
18148,1
18149,1
18150,1
18151,0
18152,1
18153,1
18154,0
18155,1
18156,0
18157,0
18158,0
18159,0
18160,0
18161,0
18162,0
18163,0
18164,0
18165,0
18166,0
18167,1
18168,0
18169,0
18170,1
18171,0
18172,1
18173,1
18174,0
18175,0
18176,0
18177,0
18178,0
18179,0
18180,0
18181,1
18182,0
18183,1
18184,1
18185,0
18186,0
18187,0
18188,0
18189,1
18190,1
18191,0
18192,0
18193,0
18194,1
18195,1
18196,0
18197,1
18198,0
18199,0
18200,0
18201,1
18202,0
18203,1
18204,1
18205,1
18206,0
18207,1
18208,0
18209,0
18210,0
18211,0
18212,0
18213,0
18214,0
18215,0
18216,1
18217,0
18218,1
18219,0
18220,0
18221,0
18222,0
18223,1
18224,0
18225,1
18226,0
18227,0
18228,0
18229,1
18230,0
18231,0
18232,0
18233,1
18234,0
18235,0
18236,0
18237,0
18238,0
18239,0
18240,0
18241,1
18242,0
18243,0
18244,0
18245,1
18246,0
18247,1
18248,0
18249,0
18250,0
18251,0
18252,1
18253,1
18254,1
18255,0
18256,0
18257,0
18258,0
18259,1
18260,1
18261,1
18262,0
18263,0
18264,0
18265,0
18266,0
18267,0
18268,0
18269,0
18270,1
18271,0
18272,0
18273,1
18274,1
18275,0
18276,0
18277,0
18278,1
18279,0
18280,0
18281,1
18282,0
18283,0
18284,0
18285,0
18286,0
18287,1
18288,0
18289,1
18290,0
18291,0
18292,0
18293,0
18294,0
18295,1
18296,1
18297,0
18298,1
18299,1
18300,0
18301,0
18302,0
18303,0
18304,1
18305,0
18306,0
18307,0
18308,1
18309,1
18310,1
18311,0
18312,0
18313,0
18314,0
18315,1
18316,1
18317,0
18318,1
18319,0
18320,0
18321,1
18322,0
18323,0
18324,0
18325,0
18326,0
18327,0
18328,0
18329,0
18330,0
18331,0
18332,0
18333,0
18334,0
18335,0
18336,0
18337,1
18338,1
18339,0
18340,1
18341,1
18342,0
18343,0
18344,1
18345,0
18346,0
18347,0
18348,0
18349,0
18350,0
18351,0
18352,0
18353,0
18354,0
18355,0
18356,0
18357,0
18358,0
18359,1
18360,0
18361,0
18362,1
18363,0
18364,0
18365,0
18366,0
18367,0
18368,1
18369,1
18370,1
18371,1
18372,0
18373,0
18374,1
18375,0
18376,0
18377,0
18378,0
18379,1
18380,1
18381,1
18382,0
18383,0
18384,0
18385,0
18386,0
18387,0
18388,0
18389,0
18390,0
18391,1
18392,0
18393,0
18394,1
18395,1
18396,1
18397,0
18398,0
18399,1
18400,0
18401,1
18402,0
18403,1
18404,0
18405,0
18406,1
18407,0
18408,0
18409,0
18410,0
18411,0
18412,0
18413,0
18414,0
18415,1
18416,0
18417,0
18418,0
18419,0
18420,0
18421,0
18422,0
18423,1
18424,0
18425,0
18426,0
18427,1
18428,0
18429,1
18430,0
18431,0
18432,0
18433,1
18434,0
18435,1
18436,0
18437,0
18438,0
18439,1
18440,0
18441,0
18442,0
18443,0
18444,1
18445,0
18446,0
18447,1
18448,1
18449,1
18450,1
18451,0
18452,1
18453,0
18454,0
18455,1
18456,0
18457,0
18458,0
18459,0
18460,1
18461,0
18462,1
18463,0
18464,0
18465,0
18466,1
18467,0
18468,0
18469,0
18470,0
18471,0
18472,1
18473,1
18474,0
18475,0
18476,1
18477,0
18478,0
18479,1
18480,0
18481,0
18482,0
18483,0
18484,1
18485,1
18486,0
18487,0
18488,0
18489,0
18490,1
18491,0
18492,1
18493,0
18494,1
18495,1
18496,0
18497,0
18498,0
18499,1
18500,0
18501,0
18502,0
18503,1
18504,1
18505,0
18506,0
18507,0
18508,0
18509,0
18510,1
18511,1
18512,0
18513,0
18514,0
18515,1
18516,0
18517,0
18518,0
18519,0
18520,0
18521,0
18522,0
18523,0
18524,1
18525,1
18526,0
18527,1
18528,0
18529,0
18530,0
18531,0
18532,0
18533,0
18534,0
18535,1
18536,0
18537,0
18538,1
18539,1
18540,0
18541,0
18542,1
18543,0
18544,1
18545,0
18546,0
18547,0
18548,1
18549,1
18550,0
18551,0
18552,0
18553,1
18554,1
18555,1
18556,1
18557,0
18558,0
18559,0
18560,0
18561,0
18562,0
18563,0
18564,0
18565,0
18566,0
18567,0
18568,0
18569,0
18570,0
18571,0
18572,0
18573,0
18574,1
18575,1
18576,0
18577,1
18578,0
18579,0
18580,0
18581,0
18582,0
18583,0
18584,0
18585,1
18586,0
18587,0
18588,0
18589,1
18590,1
18591,0
18592,0
18593,0
18594,0
18595,1
18596,1
18597,0
18598,0
18599,0
18600,0
18601,0
18602,0
18603,1
18604,0
18605,1
18606,0
18607,0
18608,0
18609,1
18610,1
18611,0
18612,0
18613,0
18614,1
18615,0
18616,1
18617,0
18618,0
18619,0
18620,0
18621,0
18622,0
18623,0
18624,1
18625,0
18626,1
18627,1
18628,0
18629,1
18630,0
18631,1
18632,0
18633,0
18634,0
18635,0
18636,0
18637,1
18638,0
18639,1
18640,1
18641,0
18642,0
18643,1
18644,1
18645,1
18646,1
18647,0
18648,0
18649,0
18650,0
18651,0
18652,0
18653,0
18654,1
18655,0
18656,0
18657,0
18658,1
18659,1
18660,0
18661,0
18662,1
18663,0
18664,1
18665,0
18666,1
18667,0
18668,0
18669,0
18670,1
18671,0
18672,0
18673,0
18674,1
18675,0
18676,1
18677,0
18678,0
18679,0
18680,0
18681,0
18682,1
18683,0
18684,0
18685,0
18686,1
18687,0
18688,0
18689,0
18690,0
18691,0
18692,0
18693,0
18694,0
18695,0
18696,0
18697,1
18698,1
18699,0
18700,0
18701,0
18702,0
18703,0
18704,0
18705,0
18706,0
18707,0
18708,1
18709,0
18710,0
18711,0
18712,0
18713,0
18714,0
18715,1
18716,0
18717,0
18718,1
18719,0
18720,0
18721,0
18722,0
18723,0
18724,1
18725,1
18726,0
18727,0
18728,1
18729,0
18730,0
18731,0
18732,0
18733,0
18734,0
18735,0
18736,0
18737,1
18738,0
18739,0
18740,0
18741,0
18742,0
18743,0
18744,0
18745,0
18746,1
18747,0
18748,0
18749,1
18750,0
18751,0
18752,0
18753,0
18754,0
18755,1
18756,0
18757,0
18758,0
18759,1
18760,1
18761,1
18762,0
18763,1
18764,0
18765,0
18766,0
18767,0
18768,1
18769,0
18770,0
18771,0
18772,0
18773,0
18774,0
18775,0
18776,0
18777,0
18778,1
18779,0
18780,1
18781,0
18782,0
18783,0
18784,0
18785,0
18786,0
18787,0
18788,1
18789,1
18790,0
18791,1
18792,0
18793,0
18794,0
18795,0
18796,1
18797,0
18798,0
18799,0
18800,0
18801,0
18802,0
18803,0
18804,1
18805,0
18806,1
18807,0
18808,0
18809,0
18810,0
18811,0
18812,0
18813,0
18814,0
18815,0
18816,1
18817,0
18818,0
18819,1
18820,1
18821,0
18822,1
18823,0
18824,0
18825,1
18826,0
18827,0
18828,0
18829,0
18830,0
18831,1
18832,0
18833,0
18834,0
18835,0
18836,0
18837,1
18838,0
18839,0
18840,0
18841,0
18842,0
18843,1
18844,0
18845,0
18846,0
18847,1
18848,0
18849,0
18850,0
18851,0
18852,1
18853,1
18854,0
18855,0
18856,0
18857,0
18858,1
18859,0
18860,0
18861,0
18862,0
18863,0
18864,0
18865,1
18866,0
18867,0
18868,1
18869,0
18870,1
18871,1
18872,1
18873,0
18874,0
18875,0
18876,0
18877,1
18878,0
18879,0
18880,1
18881,0
18882,1
18883,0
18884,0
18885,1
18886,0
18887,0
18888,0
18889,0
18890,1
18891,0
18892,0
18893,0
18894,1
18895,0
18896,0
18897,1
18898,1
18899,1
18900,0
18901,0
18902,0
18903,0
18904,0
18905,0
18906,0
18907,0
18908,0
18909,0
18910,0
18911,1
18912,1
18913,0
18914,0
18915,1
18916,1
18917,0
18918,0
18919,0
18920,1
18921,0
18922,1
18923,0
18924,1
18925,0
18926,0
18927,0
18928,0
18929,1
18930,1
18931,0
18932,0
18933,0
18934,0
18935,1
18936,0
18937,0
18938,0
18939,0
18940,0
18941,1
18942,0
18943,0
18944,0
18945,0
18946,0
18947,0
18948,0
18949,0
18950,1
18951,0
18952,0
18953,0
18954,1
18955,0
18956,0
18957,0
18958,1
18959,1
18960,0
18961,0
18962,1
18963,0
18964,0
18965,1
18966,1
18967,0
18968,0
18969,0
18970,0
18971,0
18972,0
18973,0
18974,0
18975,0
18976,1
18977,0
18978,1
18979,0
18980,1
18981,1
18982,0
18983,0
18984,0
18985,0
18986,1
18987,0
18988,0
18989,0
18990,1
18991,0
18992,0
18993,1
18994,1
18995,0
18996,1
18997,0
18998,1
18999,1
19000,0
19001,0
19002,0
19003,0
19004,0
19005,0
19006,0
19007,1
19008,0
19009,0
19010,1
19011,0
19012,1
19013,1
19014,0
19015,0
19016,0
19017,1
19018,0
19019,0
19020,0
19021,1
19022,1
19023,0
19024,1
19025,0
19026,0
19027,1
19028,0
19029,0
19030,1
19031,0
19032,0
19033,1
19034,1
19035,0
19036,0
19037,1
19038,0
19039,0
19040,1
19041,0
19042,0
19043,0
19044,0
19045,1
19046,1
19047,0
19048,0
19049,0
19050,0
19051,0
19052,0
19053,0
19054,0
19055,1
19056,1
19057,0
19058,0
19059,0
19060,0
19061,0
19062,1
19063,0
19064,1
19065,0
19066,0
19067,1
19068,1
19069,0
19070,0
19071,0
19072,0
19073,0
19074,0
19075,0
19076,1
19077,0
19078,0
19079,0
19080,0
19081,0
19082,0
19083,0
19084,0
19085,1
19086,0
19087,0
19088,0
19089,0
19090,1
19091,0
19092,1
19093,1
19094,0
19095,0
19096,0
19097,0
19098,0
19099,0
19100,0
19101,1
19102,0
19103,1
19104,0
19105,0
19106,0
19107,0
19108,0
19109,0
19110,0
19111,1
19112,0
19113,0
19114,1
19115,0
19116,1
19117,0
19118,1
19119,1
19120,0
19121,0
19122,1
19123,1
19124,0
19125,0
19126,1
19127,1
19128,0
19129,0
19130,1
19131,1
19132,0
19133,1
19134,0
19135,0
19136,0
19137,0
19138,0
19139,1
19140,1
19141,0
19142,1
19143,1
19144,0
19145,0
19146,0
19147,0
19148,0
19149,1
19150,0
19151,0
19152,0
19153,1
19154,0
19155,0
19156,0
19157,1
19158,0
19159,0
19160,1
19161,1
19162,0
19163,0
19164,1
19165,0
19166,0
19167,0
19168,1
19169,0
19170,1
19171,0
19172,0
19173,0
19174,0
19175,1
19176,0
19177,1
19178,0
19179,0
19180,1
19181,1
19182,0
19183,0
19184,0
19185,1
19186,0
19187,0
19188,0
19189,0
19190,0
19191,0
19192,0
19193,1
19194,0
19195,1
19196,0
19197,0
19198,1
19199,1
19200,1
19201,0
19202,0
19203,1
19204,0
19205,0
19206,1
19207,0
19208,1
19209,0
19210,1
19211,0
19212,1
19213,0
19214,0
19215,0
19216,0
19217,0
19218,1
19219,1
19220,1
19221,0
19222,0
19223,1
19224,0
19225,0
19226,0
19227,0
19228,0
19229,0
19230,0
19231,0
19232,0
19233,0
19234,0
19235,0
19236,0
19237,0
19238,0
19239,0
19240,0
19241,0
19242,0
19243,1
19244,1
19245,0
19246,0
19247,0
19248,0
19249,1
19250,0
19251,1
19252,1
19253,0
19254,1
19255,0
19256,0
19257,0
19258,1
19259,1
19260,0
19261,0
19262,0
19263,0
19264,0
19265,0
19266,0
19267,0
19268,0
19269,0
19270,0
19271,1
19272,0
19273,1
19274,0
19275,0
19276,0
19277,0
19278,1
19279,1
19280,1
19281,0
19282,0
19283,0
19284,0
19285,0
19286,0
19287,1
19288,0
19289,1
19290,1
19291,0
19292,1
19293,0
19294,0
19295,0
19296,0
19297,1
19298,0
19299,1
19300,1
19301,0
19302,0
19303,0
19304,0
19305,0
19306,1
19307,1
19308,0
19309,1
19310,0
19311,1
19312,0
19313,0
19314,0
19315,0
19316,1
19317,0
19318,1
19319,1
19320,0
19321,0
19322,1
19323,0
19324,0
19325,0
19326,0
19327,0
19328,1
19329,1
19330,0
19331,0
19332,1
19333,0
19334,0
19335,0
19336,1
19337,1
19338,1
19339,1
19340,0
19341,0
19342,0
19343,0
19344,1
19345,0
19346,0
19347,0
19348,1
19349,0
19350,0
19351,0
19352,0
19353,0
19354,0
19355,1
19356,0
19357,0
19358,0
19359,0
19360,1
19361,0
19362,0
19363,0
19364,0
19365,1
19366,0
19367,0
19368,0
19369,0
19370,1
19371,1
19372,0
19373,0
19374,1
19375,1
19376,1
19377,0
19378,1
19379,0
19380,0
19381,0
19382,0
19383,0
19384,0
19385,1
19386,0
19387,0
19388,0
19389,0
19390,1
19391,0
19392,0
19393,1
19394,1
19395,1
19396,0
19397,1
19398,0
19399,0
19400,0
19401,0
19402,1
19403,1
19404,0
19405,0
19406,0
19407,0
19408,1
19409,0
19410,0
19411,0
19412,0
19413,0
19414,0
19415,0
19416,0
19417,0
19418,1
19419,0
19420,0
19421,0
19422,0
19423,1
19424,1
19425,1
19426,1
19427,0
19428,1
19429,0
19430,0
19431,0
19432,0
19433,0
19434,1
19435,0
19436,0
19437,0
19438,1
19439,1
19440,0
19441,1
19442,0
19443,0
19444,0
19445,1
19446,1
19447,1
19448,0
19449,0
19450,0
19451,0
19452,0
19453,0
19454,0
19455,1
19456,1
19457,0
19458,0
19459,1
19460,1
19461,0
19462,0
19463,0
19464,1
19465,0
19466,1
19467,0
19468,0
19469,1
19470,1
19471,0
19472,0
19473,0
19474,0
19475,0
19476,1
19477,0
19478,1
19479,0
19480,0
19481,0
19482,0
19483,0
19484,0
19485,0
19486,0
19487,0
19488,0
19489,0
19490,0
19491,0
19492,0
19493,0
19494,0
19495,1
19496,1
19497,0
19498,0
19499,0
19500,1
19501,1
19502,1
19503,1
19504,1
19505,1
19506,1
19507,1
19508,0
19509,0
19510,0
19511,0
19512,0
19513,0
19514,0
19515,0
19516,0
19517,0
19518,0
19519,0
19520,1
19521,1
19522,0
19523,0
19524,0
19525,1
19526,0
19527,0
19528,0
19529,0
19530,1
19531,1
19532,1
19533,0
19534,0
19535,1
19536,0
19537,0
19538,0
19539,0
19540,1
19541,1
19542,1
19543,0
19544,0
19545,1
19546,0
19547,1
19548,0
19549,0
19550,0
19551,1
19552,0
19553,1
19554,0
19555,0
19556,0
19557,0
19558,1
19559,0
19560,0
19561,0
19562,0
19563,0
19564,0
19565,0
19566,0
19567,0
19568,0
19569,0
19570,1
19571,1
19572,0
19573,0
19574,0
19575,0
19576,0
19577,0
19578,0
19579,0
19580,0
19581,0
19582,0
19583,0
19584,1
19585,1
19586,1
19587,0
19588,0
19589,0
19590,0
19591,0
19592,0
19593,1
19594,0
19595,1
19596,1
19597,0
19598,0
19599,0
19600,0
19601,0
19602,0
19603,0
19604,1
19605,0
19606,0
19607,0
19608,0
19609,0
19610,0
19611,1
19612,0
19613,0
19614,0
19615,0
19616,0
19617,0
19618,0
19619,0
19620,0
19621,1
19622,0
19623,0
19624,1
19625,0
19626,0
19627,1
19628,0
19629,0
19630,0
19631,1
19632,0
19633,1
19634,0
19635,0
19636,0
19637,0
19638,0
19639,0
19640,1
19641,0
19642,1
19643,0
19644,1
19645,0
19646,0
19647,0
19648,0
19649,0
19650,0
19651,0
19652,0
19653,0
19654,0
19655,1
19656,0
19657,1
19658,1
19659,1
19660,1
19661,0
19662,0
19663,0
19664,0
19665,1
19666,0
19667,1
19668,0
19669,0
19670,0
19671,0
19672,0
19673,0
19674,0
19675,0
19676,1
19677,1
19678,0
19679,0
19680,0
19681,1
19682,0
19683,1
19684,0
19685,0
19686,0
19687,0
19688,0
19689,0
19690,1
19691,0
19692,0
19693,0
19694,0
19695,0
19696,0
19697,0
19698,1
19699,1
19700,0
19701,0
19702,1
19703,0
19704,1
19705,1
19706,1
19707,0
19708,0
19709,0
19710,0
19711,0
19712,1
19713,0
19714,0
19715,0
19716,0
19717,0
19718,1
19719,0
19720,0
19721,0
19722,0
19723,0
19724,0
19725,0
19726,0
19727,0
19728,0
19729,0
19730,0
19731,1
19732,0
19733,0
19734,1
19735,0
19736,0
19737,1
19738,0
19739,0
19740,0
19741,0
19742,0
19743,1
19744,0
19745,0
19746,1
19747,0
19748,0
19749,1
19750,1
19751,1
19752,0
19753,0
19754,0
19755,1
19756,0
19757,0
19758,1
19759,0
19760,0
19761,0
19762,0
19763,0
19764,1
19765,0
19766,1
19767,1
19768,0
19769,0
19770,0
19771,0
19772,1
19773,0
19774,0
19775,1
19776,0
19777,0
19778,1
19779,0
19780,1
19781,0
19782,0
19783,1
19784,0
19785,0
19786,1
19787,0
19788,0
19789,1
19790,1
19791,0
19792,1
19793,0
19794,0
19795,0
19796,0
19797,0
19798,0
19799,0
19800,1
19801,0
19802,1
19803,1
19804,0
19805,0
19806,0
19807,0
19808,0
19809,1
19810,0
19811,1
19812,0
19813,0
19814,0
19815,0
19816,0
19817,1
19818,0
19819,0
19820,0
19821,0
19822,0
19823,1
19824,0
19825,1
19826,0
19827,0
19828,0
19829,0
19830,1
19831,0
19832,0
19833,0
19834,0
19835,0
19836,0
19837,0
19838,0
19839,1
19840,1
19841,0
19842,0
19843,0
19844,0
19845,0
19846,0
19847,1
19848,0
19849,0
19850,1
19851,0
19852,1
19853,0
19854,0
19855,1
19856,1
19857,1
19858,0
19859,0
19860,0
19861,0
19862,1
19863,0
19864,0
19865,1
19866,1
19867,1
19868,0
19869,0
19870,1
19871,0
19872,0
19873,0
19874,0
19875,0
19876,1
19877,1
19878,0
19879,0
19880,1
19881,0
19882,1
19883,0
19884,0
19885,0
19886,0
19887,0
19888,0
19889,0
19890,1
19891,1
19892,0
19893,0
19894,0
19895,0
19896,1
19897,0
19898,0
19899,0
19900,0
19901,0
19902,0
19903,0
19904,0
19905,0
19906,0
19907,1
19908,0
19909,0
19910,1
19911,0
19912,0
19913,1
19914,0
19915,0
19916,0
19917,1
19918,1
19919,1
19920,1
19921,0
19922,1
19923,1
19924,0
19925,0
19926,0
19927,1
19928,1
19929,1
19930,0
19931,1
19932,0
19933,0
19934,0
19935,0
19936,0
19937,0
19938,0
19939,1
19940,0
19941,0
19942,0
19943,1
19944,1
19945,0
19946,1
19947,0
19948,0
19949,0
19950,1
19951,0
19952,1
19953,0
19954,1
19955,0
19956,0
19957,0
19958,0
19959,0
19960,0
19961,1
19962,0
19963,1
19964,1
19965,0
19966,0
19967,0
19968,1
19969,0
19970,1
19971,0
19972,1
19973,0
19974,1
19975,0
19976,0
19977,1
19978,0
19979,0
19980,0
19981,0
19982,1
19983,1
19984,0
19985,0
19986,0
19987,1
19988,0
19989,0
19990,0
19991,0
19992,0
19993,0
19994,0
19995,0
19996,0
19997,0
19998,1
19999,0
20000,0
20001,0
20002,0
20003,0
20004,0
20005,1
20006,0
20007,0
20008,0
20009,0
20010,0
20011,0
20012,1
20013,0
20014,0
20015,0
20016,0
20017,0
20018,0
20019,0
20020,0
20021,0
20022,0
20023,0
20024,1
20025,1
20026,0
20027,0
20028,0
20029,0
20030,1
20031,0
20032,1
20033,0
20034,0
20035,1
20036,0
20037,0
20038,0
20039,1
20040,0
20041,0
20042,0
20043,0
20044,0
20045,0
20046,1
20047,0
20048,0
20049,0
20050,0
20051,0
20052,0
20053,0
20054,0
20055,0
20056,0
20057,1
20058,0
20059,0
20060,0
20061,0
20062,0
20063,0
20064,0
20065,0
20066,0
20067,0
20068,0
20069,0
20070,0
20071,0
20072,0
20073,1
20074,1
20075,1
20076,0
20077,0
20078,0
20079,0
20080,0
20081,0
20082,0
20083,1
20084,0
20085,0
20086,1
20087,1
20088,1
20089,1
20090,0
20091,0
20092,0
20093,0
20094,0
20095,0
20096,0
20097,0
20098,0
20099,0
20100,0
20101,0
20102,0
20103,0
20104,0
20105,0
20106,0
20107,1
20108,1
20109,1
20110,0
20111,0
20112,1
20113,0
20114,0
20115,0
20116,0
20117,0
20118,1
20119,0
20120,0
20121,0
20122,0
20123,0
20124,0
20125,0
20126,0
20127,0
20128,0
20129,1
20130,0
20131,1
20132,0
20133,1
20134,0
20135,0
20136,1
20137,0
20138,0
20139,0
20140,0
20141,0
20142,0
20143,0
20144,1
20145,1
20146,1
20147,1
20148,1
20149,0
20150,0
20151,0
20152,1
20153,1
20154,0
20155,0
20156,0
20157,0
20158,0
20159,0
20160,1
20161,0
20162,1
20163,0
20164,1
20165,1
20166,1
20167,1
20168,0
20169,0
20170,0
20171,0
20172,1
20173,0
20174,0
20175,1
20176,1
20177,0
20178,0
20179,1
20180,0
20181,0
20182,1
20183,0
20184,0
20185,0
20186,0
20187,0
20188,0
20189,0
20190,0
20191,0
20192,1
20193,0
20194,0
20195,1
20196,1
20197,0
20198,1
20199,0
20200,0
20201,1
20202,0
20203,0
20204,1
20205,0
20206,0
20207,1
20208,0
20209,0
20210,1
20211,0
20212,0
20213,1
20214,0
20215,0
20216,0
20217,0
20218,0
20219,1
20220,0
20221,1
20222,0
20223,1
20224,0
20225,1
20226,0
20227,0
20228,0
20229,0
20230,1
20231,0
20232,0
20233,0
20234,0
20235,0
20236,0
20237,0
20238,0
20239,0
20240,1
20241,1
20242,1
20243,0
20244,0
20245,0
20246,0
20247,1
20248,0
20249,0
20250,1
20251,0
20252,0
20253,1
20254,1
20255,1
20256,1
20257,1
20258,0
20259,0
20260,1
20261,0
20262,1
20263,0
20264,0
20265,1
20266,0
20267,1
20268,0
20269,0
20270,1
20271,1
20272,1
20273,0
20274,0
20275,0
20276,1
20277,1
20278,1
20279,1
20280,0
20281,0
20282,0
20283,0
20284,0
20285,0
20286,1
20287,0
20288,1
20289,0
20290,0
20291,1
20292,0
20293,1
20294,0
20295,0
20296,0
20297,0
20298,0
20299,1
20300,1
20301,1
20302,0
20303,1
20304,0
20305,0
20306,0
20307,1
20308,0
20309,0
20310,0
20311,1
20312,1
20313,0
20314,0
20315,1
20316,0
20317,1
20318,0
20319,0
20320,0
20321,0
20322,1
20323,1
20324,0
20325,1
20326,0
20327,0
20328,1
20329,0
20330,0
20331,1
20332,0
20333,1
20334,0
20335,0
20336,0
20337,0
20338,0
20339,0
20340,0
20341,0
20342,0
20343,0
20344,0
20345,0
20346,1
20347,0
20348,0
20349,0
20350,0
20351,0
20352,1
20353,0
20354,0
20355,0
20356,1
20357,0
20358,0
20359,0
20360,0
20361,0
20362,1
20363,0
20364,0
20365,1
20366,1
20367,0
20368,0
20369,1
20370,0
20371,0
20372,0
20373,0
20374,0
20375,0
20376,1
20377,0
20378,1
20379,0
20380,0
20381,0
20382,1
20383,0
20384,1
20385,1
20386,0
20387,1
20388,1
20389,0
20390,0
20391,1
20392,0
20393,0
20394,0
20395,1
20396,0
20397,0
20398,1
20399,1
20400,0
20401,0
20402,1
20403,0
20404,0
20405,0
20406,0
20407,1
20408,1
20409,0
20410,1
20411,0
20412,0
20413,1
20414,0
20415,0
20416,0
20417,0
20418,0
20419,0
20420,1
20421,0
20422,0
20423,0
20424,0
20425,0
20426,0
20427,0
20428,0
20429,0
20430,1
20431,0
20432,1
20433,0
20434,0
20435,0
20436,0
20437,1
20438,0
20439,0
20440,0
20441,0
20442,0
20443,0
20444,1
20445,0
20446,0
20447,0
20448,0
20449,1
20450,0
20451,0
20452,0
20453,0
20454,0
20455,0
20456,0
20457,0
20458,0
20459,0
20460,1
20461,0
20462,0
20463,1
20464,0
20465,0
20466,0
20467,0
20468,1
20469,0
20470,0
20471,0
20472,0
20473,1
20474,0
20475,0
20476,0
20477,1
20478,1
20479,0
20480,1
20481,0
20482,1
20483,0
20484,0
20485,0
20486,0
20487,1
20488,0
20489,1
20490,1
20491,0
20492,1
20493,0
20494,0
20495,0
20496,0
20497,0
20498,0
20499,1
20500,0
20501,0
20502,1
20503,0
20504,1
20505,1
20506,0
20507,0
20508,0
20509,0
20510,0
20511,0
20512,1
20513,0
20514,0
20515,1
20516,0
20517,1
20518,0
20519,1
20520,0
20521,0
20522,1
20523,0
20524,0
20525,0
20526,0
20527,1
20528,0
20529,0
20530,0
20531,1
20532,0
20533,1
20534,1
20535,0
20536,1
20537,0
20538,0
20539,0
20540,0
20541,0
20542,0
20543,1
20544,0
20545,0
20546,1
20547,1
20548,0
20549,0
20550,0
20551,1
20552,0
20553,1
20554,0
20555,1
20556,1
20557,0
20558,0
20559,0
20560,0
20561,1
20562,0
20563,1
20564,0
20565,0
20566,0
20567,0
20568,0
20569,0
20570,1
20571,0
20572,1
20573,0
20574,0
20575,0
20576,0
20577,0
20578,0
20579,1
20580,0
20581,0
20582,0
20583,0
20584,0
20585,1
20586,0
20587,0
20588,0
20589,1
20590,0
20591,1
20592,0
20593,0
20594,0
20595,0
20596,0
20597,1
20598,0
20599,1
20600,1
20601,1
20602,0
20603,0
20604,1
20605,0
20606,0
20607,0
20608,1
20609,1
20610,0
20611,0
20612,0
20613,0
20614,1
20615,1
20616,0
20617,1
20618,0
20619,0
20620,1
20621,1
20622,0
20623,0
20624,0
20625,0
20626,1
20627,0
20628,0
20629,0
20630,0
20631,0
20632,0
20633,0
20634,1
20635,1
20636,1
20637,0
20638,0
20639,0
20640,0
20641,1
20642,1
20643,0
20644,0
20645,0
20646,0
20647,0
20648,0
20649,0
20650,0
20651,0
20652,0
20653,0
20654,0
20655,0
20656,0
20657,0
20658,0
20659,1
20660,0
20661,1
20662,1
20663,1
20664,0
20665,0
20666,1
20667,0
20668,1
20669,0
20670,1
20671,0
20672,1
20673,1
20674,0
20675,0
20676,0
20677,0
20678,1
20679,0
20680,0
20681,0
20682,0
20683,0
20684,0
20685,0
20686,0
20687,0
20688,0
20689,0
20690,1
20691,1
20692,0
20693,1
20694,0
20695,0
20696,0
20697,0
20698,0
20699,0
20700,0
20701,0
20702,0
20703,0
20704,0
20705,1
20706,0
20707,0
20708,0
20709,0
20710,1
20711,0
20712,0
20713,0
20714,0
20715,1
20716,0
20717,0
20718,1
20719,1
20720,1
20721,0
20722,0
20723,1
20724,0
20725,0
20726,0
20727,1
20728,0
20729,1
20730,1
20731,0
20732,1
20733,0
20734,0
20735,1
20736,0
20737,1
20738,0
20739,1
20740,0
20741,1
20742,0
20743,0
20744,1
20745,0
20746,1
20747,0
20748,0
20749,0
20750,0
20751,1
20752,0
20753,1
20754,0
20755,1
20756,1
20757,0
20758,0
20759,0
20760,0
20761,1
20762,0
20763,1
20764,0
20765,1
20766,0
20767,0
20768,0
20769,1
20770,1
20771,0
20772,1
20773,0
20774,1
20775,1
20776,0
20777,0
20778,0
20779,1
20780,0
20781,0
20782,0
20783,0
20784,1
20785,1
20786,1
20787,0
20788,0
20789,1
20790,0
20791,0
20792,0
20793,0
20794,1
20795,0
20796,0
20797,0
20798,0
20799,1
20800,0
20801,1
20802,1
20803,0
20804,1
20805,0
20806,1
20807,0
20808,0
20809,0
20810,1
20811,0
20812,0
20813,0
20814,0
20815,1
20816,1
20817,1
20818,0
20819,0
20820,1
20821,0
20822,0
20823,1
20824,1
20825,1
20826,0
20827,0
20828,1
20829,0
20830,0
20831,0
20832,0
20833,1
20834,0
20835,0
20836,0
20837,0
20838,0
20839,0
20840,0
20841,0
20842,0
20843,0
20844,1
20845,0
20846,0
20847,0
20848,0
20849,0
20850,0
20851,0
20852,1
20853,1
20854,0
20855,0
20856,0
20857,0
20858,1
20859,1
20860,0
20861,1
20862,0
20863,0
20864,0
20865,0
20866,0
20867,0
20868,0
20869,0
20870,0
20871,0
20872,1
20873,0
20874,0
20875,0
20876,0
20877,0
20878,0
20879,0
20880,1
20881,1
20882,1
20883,0
20884,0
20885,0
20886,1
20887,0
20888,0
20889,1
20890,1
20891,0
20892,1
20893,1
20894,1
20895,0
20896,0
20897,0
20898,1
20899,0
20900,1
20901,1
20902,1
20903,0
20904,1
20905,0
20906,0
20907,1
20908,0
20909,1
20910,1
20911,1
20912,1
20913,0
20914,0
20915,1
20916,0
20917,0
20918,0
20919,0
20920,0
20921,0
20922,0
20923,0
20924,1
20925,0
20926,0
20927,0
20928,0
20929,1
20930,0
20931,0
20932,0
20933,0
20934,0
20935,1
20936,0
20937,0
20938,0
20939,1
20940,0
20941,1
20942,0
20943,1
20944,1
20945,1
20946,0
20947,1
20948,1
20949,1
20950,0
20951,0
20952,0
20953,1
20954,0
20955,0
20956,1
20957,0
20958,0
20959,0
20960,0
20961,0
20962,0
20963,0
20964,1
20965,0
20966,0
20967,0
20968,1
20969,0
20970,0
20971,0
20972,0
20973,0
20974,0
20975,1
20976,0
20977,0
20978,0
20979,0
20980,0
20981,0
20982,0
20983,0
20984,1
20985,0
20986,0
20987,1
20988,0
20989,0
20990,0
20991,0
20992,0
20993,1
20994,0
20995,0
20996,0
20997,1
20998,0
20999,0
21000,0
21001,1
21002,0
21003,0
21004,1
21005,0
21006,0
21007,0
21008,0
21009,0
21010,0
21011,0
21012,1
21013,1
21014,0
21015,1
21016,0
21017,0
21018,0
21019,0
21020,0
21021,1
21022,0
21023,0
21024,1
21025,1
21026,0
21027,0
21028,0
21029,1
21030,0
21031,1
21032,0
21033,0
21034,0
21035,0
21036,0
21037,1
21038,1
21039,0
21040,1
21041,0
21042,0
21043,1
21044,1
21045,1
21046,1
21047,0
21048,0
21049,0
21050,1
21051,0
21052,1
21053,0
21054,1
21055,0
21056,0
21057,0
21058,1
21059,0
21060,1
21061,0
21062,1
21063,0
21064,1
21065,0
21066,0
21067,0
21068,0
21069,0
21070,0
21071,1
21072,1
21073,0
21074,0
21075,0
21076,1
21077,0
21078,1
21079,0
21080,0
21081,1
21082,0
21083,0
21084,1
21085,0
21086,0
21087,0
21088,1
21089,0
21090,1
21091,0
21092,0
21093,1
21094,1
21095,0
21096,1
21097,0
21098,1
21099,1
21100,0
21101,0
21102,1
21103,0
21104,0
21105,0
21106,0
21107,0
21108,1
21109,0
21110,0
21111,0
21112,0
21113,0
21114,1
21115,0
21116,0
21117,0
21118,0
21119,0
21120,0
21121,0
21122,1
21123,0
21124,0
21125,0
21126,0
21127,1
21128,0
21129,0
21130,0
21131,0
21132,1
21133,0
21134,1
21135,1
21136,0
21137,0
21138,0
21139,1
21140,0
21141,0
21142,0
21143,1
21144,0
21145,0
21146,1
21147,1
21148,1
21149,0
21150,0
21151,0
21152,1
21153,1
21154,0
21155,0
21156,0
21157,0
21158,0
21159,1
21160,1
21161,1
21162,0
21163,0
21164,0
21165,0
21166,0
21167,0
21168,0
21169,0
21170,0
21171,0
21172,1
21173,0
21174,1
21175,1
21176,1
21177,0
21178,0
21179,1
21180,1
21181,1
21182,1
21183,0
21184,0
21185,0
21186,0
21187,0
21188,0
21189,0
21190,1
21191,0
21192,0
21193,0
21194,0
21195,1
21196,0
21197,1
21198,0
21199,0
21200,0
21201,1
21202,0
21203,0
21204,1
21205,0
21206,0
21207,0
21208,0
21209,0
21210,1
21211,0
21212,0
21213,0
21214,1
21215,0
21216,0
21217,1
21218,0
21219,0
21220,0
21221,0
21222,0
21223,0
21224,0
21225,0
21226,0
21227,0
21228,0
21229,0
21230,0
21231,0
21232,0
21233,1
21234,0
21235,0
21236,0
21237,0
21238,0
21239,0
21240,0
21241,0
21242,0
21243,0
21244,1
21245,0
21246,1
21247,1
21248,0
21249,1
21250,0
21251,0
21252,0
21253,0
21254,0
21255,0
21256,0
21257,0
21258,0
21259,0
21260,0
21261,0
21262,0
21263,0
21264,0
21265,0
21266,0
21267,0
21268,0
21269,0
21270,0
21271,1
21272,1
21273,1
21274,0
21275,0
21276,0
21277,0
21278,0
21279,1
21280,0
21281,0
21282,1
21283,1
21284,0
21285,0
21286,0
21287,1
21288,0
21289,0
21290,0
21291,0
21292,0
21293,0
21294,0
21295,0
21296,0
21297,0
21298,1
21299,0
21300,0
21301,0
21302,0
21303,1
21304,0
21305,0
21306,0
21307,0
21308,0
21309,1
21310,1
21311,0
21312,0
21313,0
21314,1
21315,0
21316,0
21317,0
21318,1
21319,0
21320,0
21321,1
21322,0
21323,0
21324,0
21325,0
21326,1
21327,0
21328,0
21329,0
21330,0
21331,0
21332,0
21333,1
21334,0
21335,0
21336,0
21337,0
21338,0
21339,1
21340,0
21341,1
21342,0
21343,0
21344,0
21345,0
21346,0
21347,0
21348,0
21349,0
21350,0
21351,0
21352,1
21353,0
21354,0
21355,0
21356,1
21357,0
21358,0
21359,0
21360,0
21361,0
21362,0
21363,1
21364,0
21365,0
21366,0
21367,1
21368,1
21369,0
21370,0
21371,0
21372,0
21373,0
21374,0
21375,1
21376,1
21377,0
21378,1
21379,0
21380,0
21381,1
21382,0
21383,0
21384,0
21385,0
21386,0
21387,1
21388,1
21389,0
21390,0
21391,0
21392,0
21393,1
21394,0
21395,1
21396,0
21397,1
21398,0
21399,0
21400,1
21401,0
21402,0
21403,0
21404,1
21405,1
21406,0
21407,0
21408,1
21409,0
21410,0
21411,0
21412,1
21413,1
21414,1
21415,1
21416,1
21417,0
21418,1
21419,0
21420,1
21421,0
21422,1
21423,1
21424,0
21425,0
21426,1
21427,0
21428,0
21429,0
21430,0
21431,0
21432,0
21433,0
21434,0
21435,1
21436,0
21437,0
21438,1
21439,0
21440,0
21441,0
21442,0
21443,1
21444,1
21445,0
21446,1
21447,0
21448,0
21449,1
21450,0
21451,0
21452,0
21453,1
21454,0
21455,1
21456,1
21457,0
21458,0
21459,0
21460,0
21461,0
21462,1
21463,1
21464,1
21465,0
21466,0
21467,0
21468,1
21469,1
21470,0
21471,1
21472,0
21473,1
21474,0
21475,0
21476,0
21477,0
21478,0
21479,0
21480,0
21481,1
21482,1
21483,0
21484,1
21485,1
21486,0
21487,0
21488,1
21489,0
21490,0
21491,0
21492,0
21493,0
21494,0
21495,1
21496,0
21497,0
21498,0
21499,0
21500,0
21501,0
21502,0
21503,0
21504,1
21505,0
21506,0
21507,1
21508,0
21509,0
21510,0
21511,0
21512,1
21513,0
21514,0
21515,0
21516,1
21517,1
21518,1
21519,1
21520,0
21521,0
21522,1
21523,0
21524,1
21525,1
21526,1
21527,1
21528,0
21529,0
21530,0
21531,1
21532,0
21533,0
21534,0
21535,0
21536,0
21537,1
21538,0
21539,0
21540,1
21541,0
21542,0
21543,0
21544,1
21545,1
21546,1
21547,1
21548,0
21549,0
21550,0
21551,0
21552,1
21553,1
21554,0
21555,1
21556,1
21557,1
21558,1
21559,0
21560,0
21561,0
21562,1
21563,0
21564,1
21565,0
21566,0
21567,0
21568,1
21569,0
21570,0
21571,0
21572,0
21573,0
21574,1
21575,0
21576,0
21577,1
21578,0
21579,0
21580,0
21581,0
21582,0
21583,0
21584,0
21585,0
21586,1
21587,0
21588,1
21589,0
21590,1
21591,0
21592,1
21593,1
21594,0
21595,0
21596,1
21597,0
21598,0
21599,0
21600,0
21601,0
21602,0
21603,0
21604,0
21605,0
21606,0
21607,1
21608,0
21609,1
21610,0
21611,0
21612,1
21613,1
21614,0
21615,0
21616,0
21617,0
21618,1
21619,1
21620,0
21621,1
21622,0
21623,0
21624,1
21625,0
21626,0
21627,0
21628,0
21629,0
21630,0
21631,0
21632,0
21633,1
21634,0
21635,0
21636,1
21637,0
21638,0
21639,1
21640,1
21641,0
21642,0
21643,0
21644,0
21645,0
21646,0
21647,1
21648,0
21649,1
21650,0
21651,0
21652,0
21653,1
21654,0
21655,0
21656,1
21657,0
21658,0
21659,1
21660,0
21661,0
21662,0
21663,0
21664,0
21665,0
21666,0
21667,0
21668,0
21669,0
21670,1
21671,0
21672,0
21673,1
21674,1
21675,0
21676,0
21677,0
21678,0
21679,0
21680,1
21681,1
21682,0
21683,0
21684,1
21685,0
21686,0
21687,1
21688,0
21689,0
21690,1
21691,1
21692,0
21693,0
21694,1
21695,0
21696,0
21697,0
21698,1
21699,1
21700,0
21701,0
21702,0
21703,0
21704,0
21705,0
21706,0
21707,0
21708,0
21709,0
21710,0
21711,0
21712,0
21713,0
21714,1
21715,1
21716,0
21717,0
21718,0
21719,0
21720,1
21721,1
21722,0
21723,0
21724,0
21725,0
21726,1
21727,1
21728,0
21729,0
21730,0
21731,0
21732,0
21733,0
21734,0
21735,0
21736,0
21737,1
21738,0
21739,0
21740,0
21741,0
21742,1
21743,0
21744,0
21745,1
21746,0
21747,0
21748,1
21749,1
21750,0
21751,0
21752,1
21753,0
21754,0
21755,0
21756,0
21757,1
21758,1
21759,0
21760,1
21761,0
21762,1
21763,1
21764,1
21765,0
21766,0
21767,0
21768,0
21769,0
21770,0
21771,0
21772,0
21773,0
21774,1
21775,1
21776,0
21777,0
21778,1
21779,1
21780,0
21781,1
21782,0
21783,0
21784,0
21785,0
21786,1
21787,1
21788,0
21789,1
21790,0
21791,0
21792,0
21793,1
21794,0
21795,0
21796,0
21797,1
21798,0
21799,0
21800,0
21801,0
21802,0
21803,1
21804,0
21805,0
21806,0
21807,0
21808,0
21809,0
21810,0
21811,0
21812,0
21813,1
21814,1
21815,0
21816,0
21817,1
21818,0
21819,1
21820,0
21821,1
21822,1
21823,0
21824,0
21825,0
21826,1
21827,1
21828,0
21829,0
21830,0
21831,1
21832,0
21833,0
21834,0
21835,0
21836,0
21837,1
21838,0
21839,0
21840,1
21841,1
21842,0
21843,0
21844,0
21845,1
21846,1
21847,0
21848,0
21849,1
21850,0
21851,0
21852,0
21853,0
21854,0
21855,1
21856,1
21857,0
21858,0
21859,0
21860,0
21861,1
21862,0
21863,1
21864,0
21865,1
21866,0
21867,0
21868,0
21869,0
21870,0
21871,1
21872,0
21873,0
21874,0
21875,1
21876,1
21877,0
21878,1
21879,0
21880,0
21881,1
21882,0
21883,0
21884,0
21885,0
21886,0
21887,1
21888,0
21889,0
21890,0
21891,0
21892,0
21893,1
21894,0
21895,0
21896,1
21897,0
21898,0
21899,1
21900,0
21901,0
21902,0
21903,0
21904,0
21905,0
21906,1
21907,1
21908,0
21909,0
21910,0
21911,1
21912,0
21913,0
21914,0
21915,1
21916,0
21917,0
21918,1
21919,0
21920,0
21921,0
21922,0
21923,0
21924,1
21925,0
21926,1
21927,0
21928,0
21929,1
21930,0
21931,1
21932,1
21933,0
21934,1
21935,0
21936,0
21937,0
21938,0
21939,1
21940,1
21941,0
21942,1
21943,0
21944,0
21945,0
21946,0
21947,0
21948,1
21949,0
21950,0
21951,0
21952,0
21953,0
21954,1
21955,1
21956,1
21957,0
21958,1
21959,0
21960,0
21961,0
21962,1
21963,0
21964,0
21965,0
21966,0
21967,0
21968,0
21969,1
21970,0
21971,0
21972,0
21973,0
21974,0
21975,0
21976,0
21977,0
21978,1
21979,0
21980,0
21981,0
21982,0
21983,1
21984,0
21985,0
21986,0
21987,0
21988,0
21989,0
21990,0
21991,0
21992,1
21993,0
21994,0
21995,1
21996,0
21997,0
21998,0
21999,0
22000,0
22001,1
22002,1
22003,1
22004,0
22005,0
22006,0
22007,1
22008,0
22009,1
22010,1
22011,0
22012,0
22013,1
22014,0
22015,0
22016,1
22017,0
22018,1
22019,0
22020,1
22021,0
22022,0
22023,1
22024,0
22025,1
22026,0
22027,0
22028,1
22029,0
22030,1
22031,0
22032,0
22033,1
22034,0
22035,0
22036,0
22037,0
22038,0
22039,0
22040,0
22041,0
22042,0
22043,0
22044,1
22045,0
22046,0
22047,0
22048,0
22049,0
22050,0
22051,1
22052,0
22053,0
22054,0
22055,0
22056,0
22057,1
22058,0
22059,0
22060,1
22061,0
22062,1
22063,1
22064,0
22065,0
22066,0
22067,1
22068,1
22069,0
22070,0
22071,1
22072,1
22073,0
22074,0
22075,0
22076,1
22077,0
22078,1
22079,1
22080,0
22081,0
22082,0
22083,0
22084,0
22085,0
22086,1
22087,0
22088,1
22089,0
22090,0
22091,0
22092,0
22093,0
22094,0
22095,1
22096,1
22097,0
22098,1
22099,0
22100,0
22101,0
22102,0
22103,0
22104,0
22105,1
22106,1
22107,0
22108,0
22109,0
22110,1
22111,1
22112,1
22113,0
22114,0
22115,0
22116,1
22117,1
22118,1
22119,0
22120,1
22121,0
22122,0
22123,0
22124,0
22125,0
22126,0
22127,1
22128,1
22129,0
22130,0
22131,0
22132,0
22133,1
22134,1
22135,1
22136,0
22137,0
22138,0
22139,1
22140,0
22141,1
22142,1
22143,1
22144,0
22145,1
22146,1
22147,0
22148,0
22149,1
22150,0
22151,0
22152,0
22153,0
22154,0
22155,0
22156,0
22157,0
22158,0
22159,0
22160,0
22161,0
22162,0
22163,1
22164,0
22165,1
22166,0
22167,0
22168,1
22169,1
22170,0
22171,0
22172,1
22173,1
22174,0
22175,0
22176,0
22177,0
22178,0
22179,1
22180,0
22181,0
22182,0
22183,1
22184,1
22185,0
22186,1
22187,1
22188,0
22189,0
22190,0
22191,0
22192,0
22193,0
22194,1
22195,0
22196,0
22197,0
22198,0
22199,0
22200,0
22201,1
22202,0
22203,0
22204,0
22205,1
22206,0
22207,0
22208,0
22209,0
22210,0
22211,0
22212,0
22213,1
22214,1
22215,0
22216,0
22217,0
22218,0
22219,0
22220,0
22221,0
22222,0
22223,1
22224,1
22225,0
22226,0
22227,0
22228,0
22229,0
22230,0
22231,0
22232,1
22233,1
22234,0
22235,0
22236,0
22237,1
22238,1
22239,0
22240,0
22241,0
22242,0
22243,1
22244,0
22245,0
22246,1
22247,0
22248,0
22249,0
22250,1
22251,0
22252,0
22253,0
22254,0
22255,0
22256,1
22257,0
22258,1
22259,0
22260,0
22261,0
22262,0
22263,0
22264,1
22265,1
22266,0
22267,0
22268,0
22269,1
22270,0
22271,1
22272,0
22273,0
22274,0
22275,0
22276,0
22277,1
22278,1
22279,0
22280,1
22281,1
22282,0
22283,0
22284,1
22285,1
22286,1
22287,0
22288,0
22289,1
22290,0
22291,0
22292,1
22293,0
22294,0
22295,1
22296,0
22297,0
22298,0
22299,0
22300,0
22301,0
22302,0
22303,1
22304,1
22305,0
22306,0
22307,1
22308,1
22309,0
22310,0
22311,0
22312,1
22313,0
22314,0
22315,0
22316,0
22317,1
22318,0
22319,0
22320,0
22321,1
22322,0
22323,0
22324,0
22325,1
22326,1
22327,1
22328,1
22329,0
22330,0
22331,0
22332,1
22333,0
22334,1
22335,1
22336,0
22337,0
22338,0
22339,0
22340,1
22341,1
22342,0
22343,0
22344,1
22345,0
22346,0
22347,1
22348,0
22349,0
22350,1
22351,1
22352,0
22353,0
22354,0
22355,0
22356,0
22357,0
22358,0
22359,1
22360,0
22361,0
22362,0
22363,0
22364,0
22365,0
22366,0
22367,0
22368,0
22369,1
22370,0
22371,0
22372,0
22373,1
22374,0
22375,0
22376,0
22377,1
22378,0
22379,0
22380,0
22381,0
22382,0
22383,1
22384,0
22385,0
22386,0
22387,0
22388,1
22389,0
22390,0
22391,1
22392,0
22393,0
22394,0
22395,0
22396,0
22397,0
22398,0
22399,0
22400,1
22401,0
22402,0
22403,0
22404,1
22405,0
22406,1
22407,0
22408,0
22409,0
22410,0
22411,1
22412,0
22413,0
22414,0
22415,0
22416,0
22417,0
22418,1
22419,0
22420,0
22421,1
22422,0
22423,0
22424,0
22425,0
22426,0
22427,0
22428,1
22429,0
22430,0
22431,0
22432,0
22433,0
22434,0
22435,0
22436,1
22437,0
22438,0
22439,1
22440,0
22441,0
22442,1
22443,1
22444,1
22445,0
22446,1
22447,1
22448,0
22449,0
22450,0
22451,1
22452,1
22453,0
22454,0
22455,0
22456,0
22457,0
22458,1
22459,1
22460,0
22461,1
22462,1
22463,0
22464,1
22465,1
22466,0
22467,1
22468,0
22469,0
22470,0
22471,1
22472,0
22473,1
22474,0
22475,0
22476,0
22477,1
22478,1
22479,0
22480,1
22481,0
22482,0
22483,0
22484,0
22485,0
22486,0
22487,0
22488,0
22489,0
22490,1
22491,0
22492,0
22493,0
22494,0
22495,0
22496,0
22497,1
22498,1
22499,0
22500,0
22501,1
22502,0
22503,0
22504,0
22505,1
22506,0
22507,0
22508,0
22509,0
22510,0
22511,0
22512,0
22513,0
22514,0
22515,0
22516,1
22517,0
22518,1
22519,0
22520,0
22521,0
22522,0
22523,0
22524,1
22525,0
22526,1
22527,0
22528,0
22529,0
22530,0
22531,1
22532,0
22533,0
22534,0
22535,0
22536,1
22537,0
22538,0
22539,0
22540,1
22541,1
22542,1
22543,1
22544,0
22545,0
22546,1
22547,1
22548,0
22549,0
22550,0
22551,0
22552,0
22553,0
22554,0
22555,0
22556,0
22557,0
22558,0
22559,0
22560,0
22561,0
22562,0
22563,0
22564,0
22565,0
22566,0
22567,0
22568,0
22569,0
22570,0
22571,0
22572,0
22573,0
22574,0
22575,0
22576,0
22577,0
22578,0
22579,0
22580,1
22581,0
22582,0
22583,1
22584,0
22585,1
22586,0
22587,0
22588,0
22589,0
22590,1
22591,1
22592,1
22593,0
22594,0
22595,0
22596,0
22597,0
22598,0
22599,1
22600,1
22601,0
22602,1
22603,0
22604,0
22605,1
22606,0
22607,0
22608,0
22609,0
22610,0
22611,0
22612,0
22613,1
22614,0
22615,0
22616,0
22617,0
22618,0
22619,1
22620,0
22621,1
22622,0
22623,1
22624,0
22625,0
22626,0
22627,0
22628,0
22629,0
22630,0
22631,0
22632,0
22633,1
22634,1
22635,0
22636,0
22637,0
22638,0
22639,0
22640,0
22641,0
22642,0
22643,0
22644,0
22645,0
22646,1
22647,0
22648,0
22649,1
22650,0
22651,0
22652,0
22653,0
22654,0
22655,0
22656,0
22657,0
22658,0
22659,1
22660,1
22661,1
22662,0
22663,1
22664,0
22665,1
22666,0
22667,0
22668,0
22669,0
22670,0
22671,0
22672,0
22673,1
22674,1
22675,0
22676,0
22677,0
22678,0
22679,1
22680,0
22681,0
22682,0
22683,0
22684,0
22685,0
22686,1
22687,0
22688,0
22689,0
22690,0
22691,0
22692,1
22693,0
22694,0
22695,1
22696,0
22697,1
22698,0
22699,0
22700,0
22701,0
22702,1
22703,1
22704,1
22705,1
22706,0
22707,0
22708,0
22709,0
22710,0
22711,0
22712,0
22713,1
22714,0
22715,0
22716,0
22717,0
22718,0
22719,0
22720,0
22721,0
22722,0
22723,1
22724,0
22725,0
22726,0
22727,0
22728,1
22729,1
22730,0
22731,1
22732,0
22733,1
22734,1
22735,0
22736,0
22737,1
22738,0
22739,0
22740,1
22741,0
22742,0
22743,1
22744,0
22745,1
22746,1
22747,1
22748,0
22749,1
22750,1
22751,1
22752,0
22753,0
22754,0
22755,0
22756,0
22757,0
22758,1
22759,0
22760,1
22761,1
22762,0
22763,0
22764,0
22765,0
22766,0
22767,0
22768,1
22769,0
22770,0
22771,0
22772,0
22773,0
22774,0
22775,1
22776,0
22777,0
22778,0
22779,0
22780,0
22781,0
22782,0
22783,0
22784,0
22785,0
22786,0
22787,0
22788,0
22789,1
22790,1
22791,1
22792,0
22793,1
22794,0
22795,1
22796,0
22797,1
22798,0
22799,0
22800,0
22801,0
22802,0
22803,0
22804,0
22805,0
22806,1
22807,0
22808,1
22809,1
22810,0
22811,1
22812,0
22813,0
22814,0
22815,1
22816,0
22817,1
22818,0
22819,0
22820,1
22821,1
22822,0
22823,0
22824,0
22825,0
22826,0
22827,0
22828,1
22829,0
22830,0
22831,1
22832,0
22833,1
22834,1
22835,1
22836,0
22837,1
22838,0
22839,0
22840,0
22841,0
22842,0
22843,1
22844,0
22845,0
22846,1
22847,0
22848,0
22849,1
22850,0
22851,1
22852,1
22853,0
22854,0
22855,1
22856,0
22857,0
22858,1
22859,0
22860,1
22861,0
22862,1
22863,1
22864,1
22865,0
22866,0
22867,0
22868,0
22869,0
22870,0
22871,1
22872,1
22873,1
22874,1
22875,1
22876,1
22877,0
22878,0
22879,1
22880,0
22881,1
22882,0
22883,0
22884,0
22885,0
22886,0
22887,1
22888,0
22889,0
22890,0
22891,0
22892,0
22893,1
22894,0
22895,0
22896,1
22897,0
22898,0
22899,0
22900,1
22901,1
22902,0
22903,0
22904,0
22905,0
22906,1
22907,0
22908,0
22909,1
22910,0
22911,0
22912,0
22913,0
22914,1
22915,0
22916,0
22917,0
22918,1
22919,1
22920,0
22921,1
22922,0
22923,0
22924,1
22925,0
22926,0
22927,0
22928,0
22929,0
22930,0
22931,0
22932,0
22933,0
22934,0
22935,0
22936,0
22937,0
22938,0
22939,1
22940,0
22941,1
22942,1
22943,0
22944,0
22945,0
22946,0
22947,0
22948,0
22949,0
22950,0
22951,0
22952,0
22953,0
22954,0
22955,1
22956,0
22957,0
22958,1
22959,0
22960,0
22961,1
22962,0
22963,0
22964,1
22965,0
22966,0
22967,0
22968,1
22969,0
22970,0
22971,0
22972,1
22973,0
22974,1
22975,0
22976,1
22977,0
22978,0
22979,1
22980,0
22981,0
22982,0
22983,0
22984,0
22985,0
22986,0
22987,0
22988,0
22989,0
22990,0
22991,0
22992,0
22993,0
22994,1
22995,1
22996,0
22997,0
22998,1
22999,0
23000,0
23001,1
23002,1
23003,1
23004,0
23005,0
23006,0
23007,1
23008,1
23009,1
23010,1
23011,0
23012,1
23013,0
23014,0
23015,0
23016,1
23017,1
23018,0
23019,0
23020,0
23021,0
23022,0
23023,0
23024,0
23025,0
23026,1
23027,0
23028,0
23029,0
23030,0
23031,0
23032,0
23033,1
23034,0
23035,0
23036,0
23037,0
23038,0
23039,0
23040,1
23041,0
23042,1
23043,0
23044,1
23045,1
23046,1
23047,1
23048,0
23049,0
23050,0
23051,1
23052,0
23053,0
23054,0
23055,0
23056,0
23057,0
23058,1
23059,0
23060,1
23061,0
23062,0
23063,0
23064,0
23065,1
23066,0
23067,1
23068,0
23069,0
23070,0
23071,0
23072,1
23073,0
23074,1
23075,0
23076,0
23077,0
23078,0
23079,0
23080,0
23081,0
23082,0
23083,1
23084,0
23085,0
23086,0
23087,0
23088,1
23089,1
23090,0
23091,0
23092,0
23093,0
23094,1
23095,1
23096,0
23097,1
23098,0
23099,0
23100,0
23101,0
23102,1
23103,0
23104,0
23105,1
23106,1
23107,0
23108,1
23109,0
23110,0
23111,0
23112,1
23113,1
23114,1
23115,0
23116,0
23117,0
23118,0
23119,0
23120,0
23121,1
23122,1
23123,0
23124,1
23125,0
23126,0
23127,0
23128,0
23129,0
23130,0
23131,0
23132,1
23133,0
23134,1
23135,1
23136,0
23137,0
23138,1
23139,0
23140,1
23141,0
23142,0
23143,1
23144,0
23145,0
23146,1
23147,0
23148,1
23149,0
23150,0
23151,0
23152,1
23153,1
23154,0
23155,0
23156,1
23157,0
23158,0
23159,1
23160,0
23161,1
23162,0
23163,0
23164,0
23165,1
23166,0
23167,0
23168,1
23169,1
23170,0
23171,0
23172,1
23173,0
23174,0
23175,0
23176,0
23177,0
23178,0
23179,0
23180,0
23181,1
23182,0
23183,0
23184,1
23185,0
23186,0
23187,0
23188,0
23189,0
23190,0
23191,0
23192,1
23193,1
23194,0
23195,1
23196,1
23197,0
23198,1
23199,0
23200,0
23201,0
23202,0
23203,0
23204,1
23205,1
23206,0
23207,0
23208,0
23209,0
23210,0
23211,0
23212,0
23213,0
23214,1
23215,0
23216,1
23217,0
23218,0
23219,0
23220,0
23221,0
23222,1
23223,0
23224,0
23225,1
23226,0
23227,0
23228,0
23229,0
23230,0
23231,0
23232,0
23233,0
23234,1
23235,0
23236,0
23237,0
23238,0
23239,1
23240,1
23241,0
23242,1
23243,0
23244,0
23245,1
23246,1
23247,1
23248,1
23249,0
23250,0
23251,0
23252,0
23253,0
23254,0
23255,0
23256,0
23257,0
23258,0
23259,0
23260,0
23261,1
23262,0
23263,0
23264,1
23265,0
23266,0
23267,1
23268,0
23269,0
23270,0
23271,0
23272,1
23273,1
23274,0
23275,0
23276,0
23277,1
23278,1
23279,1
23280,1
23281,1
23282,0
23283,1
23284,0
23285,1
23286,0
23287,0
23288,0
23289,0
23290,0
23291,0
23292,1
23293,0
23294,0
23295,0
23296,0
23297,0
23298,0
23299,0
23300,0
23301,0
23302,1
23303,0
23304,0
23305,1
23306,0
23307,0
23308,0
23309,0
23310,0
23311,0
23312,0
23313,0
23314,0
23315,0
23316,0
23317,0
23318,0
23319,0
23320,0
23321,0
23322,1
23323,0
23324,1
23325,1
23326,0
23327,0
23328,0
23329,0
23330,1
23331,0
23332,0
23333,0
23334,1
23335,0
23336,0
23337,0
23338,0
23339,0
23340,1
23341,0
23342,1
23343,0
23344,1
23345,1
23346,0
23347,0
23348,0
23349,0
23350,1
23351,0
23352,0
23353,0
23354,0
23355,1
23356,0
23357,0
23358,1
23359,0
23360,0
23361,0
23362,0
23363,1
23364,1
23365,0
23366,1
23367,1
23368,0
23369,1
23370,0
23371,0
23372,0
23373,0
23374,0
23375,0
23376,0
23377,0
23378,1
23379,1
23380,0
23381,1
23382,0
23383,1
23384,0
23385,0
23386,0
23387,0
23388,0
23389,0
23390,0
23391,1
23392,0
23393,0
23394,0
23395,0
23396,0
23397,0
23398,0
23399,1
23400,0
23401,1
23402,0
23403,0
23404,0
23405,1
23406,1
23407,0
23408,1
23409,0
23410,0
23411,0
23412,1
23413,0
23414,1
23415,0
23416,0
23417,0
23418,0
23419,1
23420,0
23421,0
23422,0
23423,0
23424,1
23425,0
23426,1
23427,0
23428,0
23429,0
23430,0
23431,0
23432,0
23433,0
23434,1
23435,1
23436,0
23437,1
23438,1
23439,0
23440,1
23441,0
23442,0
23443,0
23444,0
23445,1
23446,1
23447,1
23448,1
23449,1
23450,1
23451,0
23452,0
23453,0
23454,1
23455,0
23456,0
23457,0
23458,0
23459,1
23460,1
23461,0
23462,0
23463,0
23464,0
23465,0
23466,1
23467,1
23468,0
23469,1
23470,0
23471,0
23472,0
23473,1
23474,1
23475,0
23476,0
23477,0
23478,0
23479,0
23480,1
23481,0
23482,0
23483,0
23484,1
23485,0
23486,0
23487,0
23488,0
23489,0
23490,1
23491,0
23492,0
23493,0
23494,1
23495,1
23496,1
23497,1
23498,0
23499,0
23500,0
23501,0
23502,0
23503,0
23504,1
23505,0
23506,1
23507,0
23508,0
23509,0
23510,0
23511,0
23512,0
23513,0
23514,0
23515,0
23516,0
23517,0
23518,0
23519,0
23520,0
23521,0
23522,1
23523,0
23524,0
23525,1
23526,0
23527,0
23528,0
23529,0
23530,1
23531,0
23532,0
23533,0
23534,0
23535,0
23536,1
23537,1
23538,0
23539,0
23540,0
23541,1
23542,0
23543,1
23544,0
23545,1
23546,1
23547,1
23548,0
23549,0
23550,0
23551,0
23552,0
23553,1
23554,0
23555,0
23556,0
23557,0
23558,0
23559,1
23560,0
23561,0
23562,0
23563,0
23564,1
23565,0
23566,0
23567,1
23568,1
23569,0
23570,0
23571,0
23572,1
23573,0
23574,0
23575,1
23576,1
23577,0
23578,1
23579,1
23580,1
23581,0
23582,0
23583,0
23584,0
23585,0
23586,0
23587,0
23588,1
23589,0
23590,0
23591,0
23592,0
23593,1
23594,0
23595,0
23596,0
23597,1
23598,1
23599,0
23600,0
23601,1
23602,0
23603,0
23604,0
23605,1
23606,0
23607,0
23608,0
23609,0
23610,0
23611,0
23612,1
23613,0
23614,1
23615,0
23616,0
23617,0
23618,1
23619,0
23620,1
23621,0
23622,0
23623,1
23624,0
23625,0
23626,0
23627,1
23628,0
23629,0
23630,0
23631,0
23632,0
23633,0
23634,1
23635,1
23636,1
23637,0
23638,0
23639,0
23640,1
23641,0
23642,1
23643,0
23644,1
23645,0
23646,0
23647,1
23648,0
23649,0
23650,0
23651,0
23652,1
23653,1
23654,1
23655,0
23656,1
23657,0
23658,0
23659,0
23660,0
23661,0
23662,1
23663,0
23664,0
23665,0
23666,0
23667,0
23668,0
23669,0
23670,1
23671,1
23672,0
23673,0
23674,0
23675,0
23676,1
23677,0
23678,0
23679,0
23680,0
23681,1
23682,0
23683,1
23684,0
23685,0
23686,0
23687,1
23688,0
23689,0
23690,0
23691,0
23692,1
23693,0
23694,0
23695,1
23696,0
23697,0
23698,0
23699,0
23700,0
23701,0
23702,0
23703,1
23704,0
23705,1
23706,1
23707,0
23708,0
23709,1
23710,1
23711,0
23712,1
23713,1
23714,1
23715,1
23716,0
23717,1
23718,1
23719,0
23720,1
23721,1
23722,0
23723,0
23724,0
23725,0
23726,1
23727,0
23728,0
23729,0
23730,1
23731,0
23732,0
23733,0
23734,0
23735,0
23736,1
23737,0
23738,0
23739,0
23740,1
23741,0
23742,0
23743,0
23744,1
23745,0
23746,1
23747,0
23748,0
23749,0
23750,0
23751,0
23752,0
23753,0
23754,1
23755,1
23756,1
23757,1
23758,1
23759,0
23760,0
23761,0
23762,0
23763,0
23764,0
23765,1
23766,1
23767,0
23768,0
23769,0
23770,1
23771,0
23772,1
23773,1
23774,0
23775,1
23776,0
23777,0
23778,0
23779,1
23780,1
23781,0
23782,1
23783,1
23784,1
23785,1
23786,0
23787,0
23788,0
23789,0
23790,0
23791,0
23792,0
23793,0
23794,0
23795,1
23796,0
23797,0
23798,0
23799,0
23800,1
23801,0
23802,0
23803,0
23804,1
23805,0
23806,1
23807,1
23808,0
23809,0
23810,0
23811,0
23812,0
23813,0
23814,0
23815,1
23816,1
23817,0
23818,0
23819,0
23820,1
23821,1
23822,1
23823,0
23824,0
23825,1
23826,0
23827,0
23828,0
23829,1
23830,0
23831,1
23832,0
23833,1
23834,1
23835,0
23836,0
23837,0
23838,0
23839,0
23840,0
23841,1
23842,0
23843,0
23844,0
23845,0
23846,1
23847,0
23848,0
23849,0
23850,0
23851,0
23852,0
23853,0
23854,0
23855,0
23856,0
23857,1
23858,0
23859,1
23860,0
23861,0
23862,1
23863,0
23864,0
23865,0
23866,0
23867,0
23868,0
23869,0
23870,0
23871,1
23872,0
23873,0
23874,1
23875,0
23876,0
23877,0
23878,0
23879,0
23880,0
23881,0
23882,0
23883,1
23884,1
23885,1
23886,1
23887,0
23888,1
23889,0
23890,0
23891,0
23892,1
23893,0
23894,0
23895,0
23896,0
23897,1
23898,0
23899,0
23900,0
23901,0
23902,0
23903,0
23904,0
23905,1
23906,0
23907,1
23908,0
23909,0
23910,0
23911,0
23912,0
23913,0
23914,0
23915,0
23916,0
23917,0
23918,0
23919,0
23920,1
23921,0
23922,1
23923,1
23924,0
23925,0
23926,0
23927,0
23928,1
23929,0
23930,1
23931,0
23932,0
23933,0
23934,0
23935,0
23936,0
23937,0
23938,1
23939,1
23940,0
23941,0
23942,0
23943,0
23944,0
23945,0
23946,0
23947,0
23948,0
23949,1
23950,0
23951,0
23952,0
23953,0
23954,0
23955,0
23956,0
23957,1
23958,0
23959,0
23960,0
23961,1
23962,1
23963,0
23964,0
23965,0
23966,0
23967,0
23968,0
23969,0
23970,0
23971,0
23972,0
23973,0
23974,0
23975,1
23976,0
23977,0
23978,0
23979,0
23980,0
23981,0
23982,0
23983,0
23984,1
23985,1
23986,0
23987,0
23988,0
23989,1
23990,0
23991,0
23992,1
23993,0
23994,0
23995,0
23996,0
23997,1
23998,0
23999,0
24000,0
24001,0
24002,0
24003,0
24004,0
24005,0
24006,0
24007,0
24008,0
24009,0
24010,1
24011,0
24012,0
24013,0
24014,1
24015,1
24016,0
24017,1
24018,0
24019,1
24020,0
24021,0
24022,0
24023,1
24024,0
24025,0
24026,0
24027,0
24028,0
24029,0
24030,0
24031,0
24032,1
24033,0
24034,1
24035,0
24036,1
24037,0
24038,0
24039,0
24040,1
24041,1
24042,0
24043,0
24044,1
24045,0
24046,0
24047,0
24048,0
24049,0
24050,0
24051,0
24052,1
24053,0
24054,0
24055,0
24056,1
24057,0
24058,1
24059,0
24060,1
24061,1
24062,0
24063,0
24064,1
24065,1
24066,0
24067,0
24068,1
24069,1
24070,0
24071,1
24072,1
24073,0
24074,0
24075,1
24076,0
24077,0
24078,0
24079,0
24080,0
24081,0
24082,1
24083,0
24084,0
24085,0
24086,0
24087,1
24088,0
24089,1
24090,1
24091,0
24092,1
24093,1
24094,0
24095,1
24096,0
24097,0
24098,1
24099,0
24100,1
24101,1
24102,1
24103,0
24104,0
24105,0
24106,0
24107,0
24108,0
24109,0
24110,0
24111,0
24112,1
24113,1
24114,0
24115,0
24116,0
24117,1
24118,1
24119,1
24120,1
24121,0
24122,0
24123,0
24124,0
24125,0
24126,0
24127,1
24128,1
24129,1
24130,0
24131,1
24132,1
24133,1
24134,0
24135,1
24136,0
24137,1
24138,0
24139,0
24140,1
24141,1
24142,1
24143,1
24144,1
24145,0
24146,0
24147,0
24148,1
24149,0
24150,0
24151,0
24152,1
24153,0
24154,0
24155,0
24156,0
24157,0
24158,0
24159,0
24160,1
24161,0
24162,0
24163,0
24164,1
24165,0
24166,0
24167,1
24168,1
24169,0
24170,0
24171,1
24172,0
24173,0
24174,0
24175,0
24176,0
24177,0
24178,0
24179,1
24180,0
24181,0
24182,0
24183,0
24184,0
24185,0
24186,0
24187,0
24188,1
24189,0
24190,0
24191,1
24192,0
24193,1
24194,0
24195,0
24196,0
24197,1
24198,1
24199,0
24200,0
24201,0
24202,0
24203,0
24204,0
24205,1
24206,0
24207,1
24208,0
24209,0
24210,1
24211,0
24212,1
24213,0
24214,0
24215,1
24216,1
24217,0
24218,0
24219,1
24220,0
24221,0
24222,0
24223,1
24224,1
24225,1
24226,1
24227,0
24228,0
24229,0
24230,0
24231,1
24232,1
24233,0
24234,0
24235,0
24236,1
24237,0
24238,0
24239,0
24240,0
24241,0
24242,0
24243,1
24244,0
24245,1
24246,0
24247,0
24248,1
24249,0
24250,0
24251,1
24252,0
24253,1
24254,0
24255,0
24256,0
24257,1
24258,1
24259,0
24260,1
24261,0
24262,0
24263,1
24264,0
24265,0
24266,1
24267,0
24268,0
24269,0
24270,1
24271,0
24272,0
24273,0
24274,0
24275,0
24276,0
24277,0
24278,0
24279,0
24280,0
24281,0
24282,0
24283,1
24284,0
24285,0
24286,0
24287,1
24288,0
24289,1
24290,1
24291,0
24292,0
24293,1
24294,0
24295,1
24296,0
24297,1
24298,1
24299,0
24300,0
24301,0
24302,0
24303,0
24304,0
24305,1
24306,0
24307,0
24308,0
24309,0
24310,1
24311,0
24312,0
24313,0
24314,0
24315,0
24316,1
24317,1
24318,0
24319,0
24320,1
24321,0
24322,1
24323,1
24324,0
24325,0
24326,0
24327,0
24328,0
24329,0
24330,0
24331,0
24332,0
24333,0
24334,1
24335,1
24336,0
24337,0
24338,1
24339,0
24340,0
24341,0
24342,1
24343,0
24344,1
24345,0
24346,1
24347,1
24348,1
24349,0
24350,0
24351,1
24352,0
24353,1
24354,1
24355,1
24356,0
24357,0
24358,1
24359,0
24360,0
24361,0
24362,0
24363,1
24364,0
24365,0
24366,0
24367,1
24368,0
24369,1
24370,0
24371,1
24372,0
24373,1
24374,0
24375,0
24376,0
24377,1
24378,0
24379,0
24380,1
24381,0
24382,0
24383,0
24384,1
24385,1
24386,0
24387,0
24388,0
24389,1
24390,0
24391,0
24392,0
24393,0
24394,0
24395,1
24396,0
24397,1
24398,0
24399,0
24400,0
24401,0
24402,1
24403,0
24404,1
24405,0
24406,0
24407,0
24408,1
24409,0
24410,1
24411,1
24412,0
24413,0
24414,0
24415,0
24416,0
24417,1
24418,1
24419,0
24420,1
24421,1
24422,1
24423,0
24424,0
24425,0
24426,0
24427,0
24428,0
24429,0
24430,1
24431,0
24432,0
24433,0
24434,1
24435,0
24436,0
24437,0
24438,0
24439,1
24440,0
24441,0
24442,1
24443,0
24444,0
24445,0
24446,1
24447,0
24448,0
24449,0
24450,1
24451,0
24452,0
24453,1
24454,0
24455,0
24456,0
24457,0
24458,1
24459,1
24460,0
24461,0
24462,0
24463,0
24464,0
24465,1
24466,0
24467,1
24468,0
24469,0
24470,1
24471,1
24472,1
24473,0
24474,0
24475,0
24476,0
24477,0
24478,0
24479,1
24480,0
24481,0
24482,0
24483,0
24484,0
24485,0
24486,0
24487,1
24488,0
24489,0
24490,1
24491,0
24492,0
24493,0
24494,0
24495,0
24496,0
24497,0
24498,0
24499,0
24500,0
24501,0
24502,0
24503,0
24504,0
24505,0
24506,1
24507,0
24508,0
24509,0
24510,0
24511,1
24512,0
24513,1
24514,0
24515,1
24516,1
24517,0
24518,0
24519,0
24520,1
24521,0
24522,0
24523,0
24524,1
24525,0
24526,1
24527,1
24528,0
24529,1
24530,0
24531,0
24532,0
24533,0
24534,0
24535,1
24536,0
24537,0
24538,0
24539,1
24540,0
24541,1
24542,1
24543,1
24544,0
24545,0
24546,1
24547,1
24548,0
24549,0
24550,0
24551,0
24552,1
24553,0
24554,0
24555,1
24556,1
24557,0
24558,0
24559,1
24560,0
24561,0
24562,0
24563,1
24564,0
24565,0
24566,1
24567,0
24568,0
24569,0
24570,1
24571,0
24572,0
24573,1
24574,0
24575,1
24576,0
24577,0
24578,1
24579,0
24580,0
24581,0
24582,0
24583,0
24584,0
24585,0
24586,0
24587,0
24588,1
24589,0
24590,0
24591,0
24592,1
24593,0
24594,0
24595,0
24596,0
24597,0
24598,0
24599,1
24600,0
24601,0
24602,0
24603,0
24604,0
24605,0
24606,0
24607,1
24608,1
24609,1
24610,0
24611,0
24612,0
24613,0
24614,0
24615,0
24616,0
24617,0
24618,1
24619,0
24620,0
24621,0
24622,1
24623,0
24624,1
24625,0
24626,0
24627,1
24628,1
24629,0
24630,0
24631,0
24632,0
24633,1
24634,0
24635,0
24636,1
24637,1
24638,0
24639,0
24640,0
24641,0
24642,0
24643,1
24644,1
24645,0
24646,0
24647,0
24648,1
24649,1
24650,0
24651,0
24652,0
24653,1
24654,0
24655,0
24656,0
24657,0
24658,1
24659,0
24660,0
24661,0
24662,1
24663,0
24664,0
24665,1
24666,0
24667,0
24668,1
24669,0
24670,0
24671,1
24672,0
24673,0
24674,0
24675,0
24676,1
24677,1
24678,0
24679,0
24680,0
24681,1
24682,0
24683,1
24684,1
24685,0
24686,0
24687,0
24688,0
24689,1
24690,0
24691,1
24692,0
24693,0
24694,0
24695,1
24696,1
24697,0
24698,0
24699,0
24700,0
24701,1
24702,0
24703,1
24704,0
24705,0
24706,1
24707,0
24708,0
24709,0
24710,0
24711,0
24712,1
24713,0
24714,1
24715,1
24716,0
24717,0
24718,0
24719,0
24720,1
24721,0
24722,1
24723,0
24724,1
24725,0
24726,0
24727,0
24728,0
24729,0
24730,0
24731,0
24732,1
24733,1
24734,0
24735,0
24736,0
24737,1
24738,1
24739,1
24740,1
24741,1
24742,0
24743,1
24744,0
24745,0
24746,0
24747,0
24748,0
24749,0
24750,0
24751,0
24752,0
24753,0
24754,0
24755,0
24756,0
24757,0
24758,0
24759,1
24760,1
24761,0
24762,0
24763,0
24764,1
24765,0
24766,1
24767,0
24768,0
24769,1
24770,1
24771,0
24772,1
24773,0
24774,0
24775,0
24776,0
24777,1
24778,1
24779,0
24780,0
24781,0
24782,0
24783,0
24784,0
24785,1
24786,0
24787,0
24788,1
24789,0
24790,0
24791,1
24792,0
24793,0
24794,1
24795,0
24796,0
24797,0
24798,1
24799,0
24800,0
24801,0
24802,0
24803,0
24804,0
24805,0
24806,0
24807,0
24808,1
24809,0
24810,0
24811,0
24812,0
24813,0
24814,0
24815,0
24816,0
24817,0
24818,0
24819,0
24820,0
24821,1
24822,0
24823,0
24824,0
24825,0
24826,0
24827,0
24828,0
24829,0
24830,1
24831,0
24832,0
24833,1
24834,0
24835,0
24836,0
24837,0
24838,0
24839,0
24840,0
24841,0
24842,0
24843,0
24844,1
24845,1
24846,0
24847,0
24848,1
24849,0
24850,0
24851,0
24852,1
24853,0
24854,0
24855,1
24856,0
24857,0
24858,1
24859,1
24860,1
24861,0
24862,1
24863,0
24864,0
24865,1
24866,0
24867,0
24868,0
24869,1
24870,0
24871,0
24872,1
24873,0
24874,1
24875,0
24876,0
24877,0
24878,0
24879,0
24880,1
24881,0
24882,1
24883,0
24884,0
24885,0
24886,1
24887,0
24888,0
24889,0
24890,0
24891,1
24892,1
24893,1
24894,1
24895,1
24896,0
24897,0
24898,0
24899,0
24900,0
24901,0
24902,0
24903,0
24904,0
24905,1
24906,0
24907,0
24908,0
24909,0
24910,0
24911,0
24912,0
24913,1
24914,1
24915,0
24916,0
24917,0
24918,0
24919,0
24920,0
24921,1
24922,1
24923,0
24924,1
24925,0
24926,0
24927,0
24928,1
24929,0
24930,1
24931,1
24932,0
24933,0
24934,1
24935,1
24936,0
24937,0
24938,0
24939,0
24940,1
24941,0
24942,1
24943,1
24944,0
24945,0
24946,1
24947,1
24948,0
24949,0
24950,1
24951,0
24952,0
24953,1
24954,0
24955,0
24956,1
24957,1
24958,0
24959,0
24960,1
24961,0
24962,0
24963,0
24964,0
24965,1
24966,1
24967,0
24968,1
24969,1
24970,0
24971,1
24972,1
24973,0
24974,0
24975,1
24976,0
24977,0
24978,0
24979,1
24980,0
24981,0
24982,0
24983,0
24984,0
24985,0
24986,0
24987,1
24988,1
24989,0
24990,0
24991,0
24992,0
24993,1
24994,0
24995,0
24996,1
24997,0
24998,0
24999,0
25000,0
25001,0
25002,0
25003,0
25004,0
25005,0
25006,0
25007,0
25008,0
25009,0
25010,0
25011,0
25012,1
25013,0
25014,0
25015,1
25016,0
25017,0
25018,1
25019,0
25020,1
25021,0
25022,0
25023,0
25024,0
25025,1
25026,0
25027,0
25028,0
25029,0
25030,0
25031,0
25032,1
25033,1
25034,0
25035,1
25036,0
25037,0
25038,1
25039,1
25040,0
25041,0
25042,0
25043,0
25044,0
25045,0
25046,1
25047,1
25048,0
25049,0
25050,0
25051,1
25052,0
25053,1
25054,0
25055,0
25056,0
25057,1
25058,0
25059,0
25060,0
25061,0
25062,0
25063,0
25064,0
25065,0
25066,0
25067,0
25068,1
25069,0
25070,0
25071,0
25072,0
25073,0
25074,0
25075,0
25076,1
25077,0
25078,0
25079,0
25080,0
25081,0
25082,0
25083,1
25084,1
25085,1
25086,0
25087,0
25088,1
25089,0
25090,1
25091,1
25092,0
25093,0
25094,0
25095,0
25096,1
25097,0
25098,1
25099,0
25100,0
25101,0
25102,0
25103,0
25104,1
25105,0
25106,0
25107,0
25108,1
25109,1
25110,0
25111,0
25112,0
25113,0
25114,1
25115,0
25116,0
25117,1
25118,0
25119,0
25120,0
25121,0
25122,0
25123,0
25124,0
25125,1
25126,0
25127,0
25128,0
25129,0
25130,0
25131,1
25132,1
25133,0
25134,0
25135,1
25136,0
25137,0
25138,0
25139,0
25140,0
25141,0
25142,0
25143,0
25144,0
25145,0
25146,0
25147,0
25148,0
25149,1
25150,0
25151,1
25152,1
25153,0
25154,0
25155,1
25156,0
25157,0
25158,1
25159,0
25160,0
25161,0
25162,0
25163,1
25164,0
25165,0
25166,0
25167,1
25168,1
25169,0
25170,1
25171,0
25172,0
25173,0
25174,1
25175,1
25176,0
25177,0
25178,0
25179,0
25180,1
25181,1
25182,0
25183,0
25184,0
25185,0
25186,1
25187,0
25188,0
25189,0
25190,1
25191,1
25192,0
25193,0
25194,0
25195,0
25196,0
25197,0
25198,1
25199,0
25200,0
25201,0
25202,1
25203,1
25204,0
25205,0
25206,1
25207,0
25208,0
25209,1
25210,0
25211,1
25212,0
25213,0
25214,0
25215,1
25216,0
25217,0
25218,0
25219,0
25220,1
25221,0
25222,0
25223,0
25224,0
25225,0
25226,0
25227,0
25228,1
25229,0
25230,0
25231,0
25232,0
25233,0
25234,0
25235,0
25236,0
25237,0
25238,0
25239,0
25240,0
25241,0
25242,0
25243,0
25244,1
25245,0
25246,1
25247,0
25248,0
25249,0
25250,1
25251,0
25252,0
25253,0
25254,0
25255,0
25256,1
25257,0
25258,1
25259,0
25260,0
25261,0
25262,0
25263,1
25264,0
25265,1
25266,0
25267,0
25268,0
25269,1
25270,0
25271,0
25272,0
25273,0
25274,0
25275,0
25276,0
25277,0
25278,0
25279,1
25280,0
25281,0
25282,0
25283,1
25284,1
25285,0
25286,0
25287,0
25288,0
25289,0
25290,0
25291,0
25292,0
25293,1
25294,0
25295,0
25296,0
25297,0
25298,0
25299,1
25300,0
25301,1
25302,0
25303,0
25304,1
25305,1
25306,0
25307,1
25308,0
25309,1
25310,1
25311,1
25312,0
25313,0
25314,1
25315,0
25316,0
25317,1
25318,0
25319,0
25320,0
25321,0
25322,0
25323,1
25324,0
25325,0
25326,0
25327,0
25328,0
25329,1
25330,0
25331,0
25332,0
25333,1
25334,0
25335,1
25336,0
25337,0
25338,0
25339,1
25340,1
25341,1
25342,1
25343,0
25344,0
25345,1
25346,0
25347,0
25348,0
25349,1
25350,0
25351,1
25352,1
25353,0
25354,1
25355,0
25356,0
25357,0
25358,0
25359,0
25360,0
25361,0
25362,0
25363,0
25364,0
25365,1
25366,0
25367,1
25368,0
25369,0
25370,1
25371,0
25372,1
25373,0
25374,0
25375,0
25376,0
25377,0
25378,0
25379,0
25380,1
25381,0
25382,0
25383,0
25384,0
25385,1
25386,0
25387,0
25388,0
25389,1
25390,0
25391,0
25392,0
25393,1
25394,0
25395,0
25396,1
25397,0
25398,0
25399,1
25400,0
25401,0
25402,0
25403,0
25404,1
25405,0
25406,1
25407,1
25408,1
25409,1
25410,0
25411,0
25412,1
25413,0
25414,0
25415,0
25416,0
25417,0
25418,1
25419,0
25420,1
25421,0
25422,0
25423,0
25424,0
25425,0
25426,0
25427,0
25428,1
25429,0
25430,0
25431,0
25432,0
25433,0
25434,1
25435,1
25436,0
25437,1
25438,1
25439,1
25440,0
25441,1
25442,0
25443,0
25444,0
25445,1
25446,1
25447,1
25448,1
25449,0
25450,0
25451,0
25452,0
25453,0
25454,1
25455,0
25456,1
25457,1
25458,0
25459,1
25460,0
25461,0
25462,0
25463,0
25464,0
25465,0
25466,0
25467,1
25468,0
25469,0
25470,1
25471,1
25472,1
25473,1
25474,1
25475,0
25476,1
25477,0
25478,0
25479,0
25480,0
25481,0
25482,1
25483,0
25484,0
25485,1
25486,1
25487,0
25488,0
25489,0
25490,1
25491,1
25492,0
25493,1
25494,1
25495,0
25496,0
25497,0
25498,1
25499,0
25500,0
25501,0
25502,0
25503,0
25504,0
25505,0
25506,1
25507,0
25508,1
25509,0
25510,0
25511,1
25512,0
25513,0
25514,0
25515,0
25516,1
25517,0
25518,0
25519,0
25520,0
25521,1
25522,1
25523,1
25524,1
25525,0
25526,0
25527,0
25528,0
25529,0
25530,0
25531,1
25532,0
25533,0
25534,0
25535,1
25536,0
25537,0
25538,0
25539,1
25540,0
25541,1
25542,0
25543,0
25544,1
25545,1
25546,0
25547,0
25548,0
25549,0
25550,0
25551,0
25552,0
25553,0
25554,0
25555,1
25556,0
25557,1
25558,0
25559,1
25560,0
25561,0
25562,0
25563,0
25564,1
25565,0
25566,0
25567,0
25568,1
25569,0
25570,0
25571,0
25572,0
25573,0
25574,0
25575,1
25576,1
25577,1
25578,0
25579,1
25580,0
25581,0
25582,1
25583,0
25584,0
25585,0
25586,1
25587,0
25588,1
25589,1
25590,0
25591,1
25592,1
25593,0
25594,1
25595,1
25596,1
25597,0
25598,0
25599,0
25600,0
25601,0
25602,1
25603,1
25604,0
25605,0
25606,0
25607,0
25608,0
25609,0
25610,0
25611,0
25612,0
25613,0
25614,0
25615,0
25616,0
25617,0
25618,0
25619,0
25620,1
25621,0
25622,0
25623,0
25624,0
25625,0
25626,0
25627,1
25628,0
25629,0
25630,0
25631,0
25632,1
25633,0
25634,0
25635,0
25636,0
25637,0
25638,1
25639,0
25640,0
25641,1
25642,0
25643,1
25644,0
25645,0
25646,0
25647,0
25648,0
25649,0
25650,1
25651,1
25652,1
25653,1
25654,0
25655,0
25656,0
25657,0
25658,0
25659,1
25660,0
25661,0
25662,0
25663,0
25664,1
25665,1
25666,1
25667,0
25668,1
25669,0
25670,0
25671,0
25672,0
25673,1
25674,1
25675,0
25676,0
25677,0
25678,0
25679,0
25680,1
25681,0
25682,1
25683,0
25684,1
25685,0
25686,0
25687,1
25688,0
25689,0
25690,0
25691,0
25692,1
25693,0
25694,1
25695,0
25696,0
25697,0
25698,0
25699,1
25700,0
25701,0
25702,0
25703,0
25704,1
25705,0
25706,1
25707,1
25708,0
25709,0
25710,0
25711,1
25712,1
25713,0
25714,0
25715,1
25716,0
25717,0
25718,0
25719,1
25720,0
25721,0
25722,0
25723,1
25724,0
25725,0
25726,0
25727,1
25728,0
25729,1
25730,0
25731,1
25732,1
25733,0
25734,0
25735,0
25736,0
25737,0
25738,0
25739,1
25740,1
25741,0
25742,0
25743,0
25744,0
25745,1
25746,1
25747,1
25748,0
25749,1
25750,0
25751,1
25752,0
25753,1
25754,0
25755,0
25756,1
25757,0
25758,0
25759,0
25760,0
25761,0
25762,0
25763,1
25764,0
25765,1
25766,0
25767,1
25768,1
25769,0
25770,0
25771,1
25772,1
25773,0
25774,1
25775,0
25776,0
25777,0
25778,0
25779,1
25780,1
25781,1
25782,0
25783,0
25784,0
25785,0
25786,1
25787,1
25788,0
25789,1
25790,1
25791,1
25792,0
25793,0
25794,0
25795,0
25796,0
25797,0
25798,1
25799,0
25800,1
25801,0
25802,0
25803,0
25804,1
25805,0
25806,0
25807,0
25808,0
25809,1
25810,0
25811,0
25812,0
25813,0
25814,0
25815,0
25816,1
25817,0
25818,0
25819,0
25820,1
25821,0
25822,1
25823,0
25824,1
25825,1
25826,0
25827,0
25828,1
25829,0
25830,0
25831,1
25832,0
25833,1
25834,0
25835,0
25836,1
25837,0
25838,0
25839,1
25840,0
25841,0
25842,0
25843,1
25844,1
25845,0
25846,0
25847,1
25848,0
25849,0
25850,1
25851,1
25852,0
25853,0
25854,1
25855,1
25856,1
25857,0
25858,0
25859,1
25860,0
25861,0
25862,0
25863,0
25864,1
25865,1
25866,0
25867,0
25868,0
25869,1
25870,1
25871,0
25872,0
25873,0
25874,0
25875,0
25876,1
25877,1
25878,0
25879,0
25880,1
25881,0
25882,0
25883,0
25884,0
25885,0
25886,0
25887,1
25888,0
25889,0
25890,1
25891,0
25892,1
25893,1
25894,1
25895,1
25896,0
25897,0
25898,0
25899,0
25900,1
25901,0
25902,0
25903,0
25904,1
25905,0
25906,0
25907,0
25908,0
25909,0
25910,1
25911,1
25912,1
25913,0
25914,0
25915,1
25916,0
25917,0
25918,0
25919,0
25920,0
25921,0
25922,0
25923,0
25924,1
25925,1
25926,1
25927,0
25928,1
25929,1
25930,1
25931,0
25932,1
25933,0
25934,0
25935,1
25936,1
25937,0
25938,1
25939,0
25940,0
25941,0
25942,0
25943,0
25944,0
25945,0
25946,1
25947,0
25948,0
25949,0
25950,1
25951,1
25952,0
25953,0
25954,1
25955,1
25956,0
25957,0
25958,1
25959,0
25960,0
25961,1
25962,1
25963,0
25964,0
25965,1
25966,0
25967,1
25968,0
25969,0
25970,0
25971,0
25972,0
25973,1
25974,0
25975,0
25976,0
25977,0
25978,0
25979,0
25980,1
25981,0
25982,0
25983,0
25984,0
25985,0
25986,0
25987,1
25988,1
25989,0
25990,1
25991,1
25992,1
25993,0
25994,1
25995,0
25996,0
25997,0
25998,0
25999,1
26000,0
26001,0
26002,0
26003,0
26004,1
26005,0
26006,0
26007,1
26008,0
26009,0
26010,0
26011,0
26012,1
26013,0
26014,0
26015,0
26016,0
26017,1
26018,0
26019,1
26020,0
26021,0
26022,1
26023,0
26024,0
26025,0
26026,0
26027,0
26028,0
26029,0
26030,0
26031,0
26032,0
26033,1
26034,0
26035,0
26036,0
26037,0
26038,0
26039,0
26040,1
26041,0
26042,0
26043,1
26044,0
26045,0
26046,1
26047,0
26048,1
26049,1
26050,1
26051,1
26052,0
26053,0
26054,1
26055,0
26056,0
26057,1
26058,0
26059,0
26060,0
26061,0
26062,1
26063,0
26064,0
26065,0
26066,1
26067,1
26068,0
26069,1
26070,0
26071,0
26072,0
26073,0
26074,0
26075,0
26076,0
26077,1
26078,1
26079,1
26080,0
26081,0
26082,0
26083,0
26084,0
26085,0
26086,0
26087,0
26088,0
26089,0
26090,0
26091,0
26092,1
26093,0
26094,1
26095,0
26096,1
26097,0
26098,0
26099,0
26100,0
26101,1
26102,0
26103,0
26104,0
26105,1
26106,1
26107,0
26108,0
26109,1
26110,0
26111,1
26112,1
26113,0
26114,0
26115,0
26116,1
26117,0
26118,0
26119,0
26120,0
26121,1
26122,1
26123,0
26124,0
26125,1
26126,0
26127,1
26128,1
26129,0
26130,0
26131,0
26132,1
26133,0
26134,0
26135,0
26136,0
26137,1
26138,0
26139,1
26140,1
26141,1
26142,1
26143,0
26144,1
26145,0
26146,1
26147,0
26148,0
26149,0
26150,0
26151,0
26152,1
26153,0
26154,0
26155,1
26156,0
26157,0
26158,0
26159,0
26160,0
26161,1
26162,0
26163,0
26164,1
26165,0
26166,0
26167,1
26168,0
26169,0
26170,0
26171,1
26172,0
26173,1
26174,0
26175,1
26176,1
26177,0
26178,0
26179,1
26180,0
26181,0
26182,0
26183,1
26184,0
26185,0
26186,0
26187,0
26188,0
26189,0
26190,0
26191,0
26192,0
26193,0
26194,0
26195,0
26196,1
26197,0
26198,0
26199,0
26200,0
26201,1
26202,0
26203,0
26204,1
26205,0
26206,0
26207,1
26208,0
26209,0
26210,0
26211,0
26212,1
26213,1
26214,1
26215,0
26216,0
26217,0
26218,0
26219,1
26220,0
26221,0
26222,1
26223,0
26224,0
26225,1
26226,1
26227,0
26228,0
26229,0
26230,0
26231,0
26232,0
26233,0
26234,0
26235,0
26236,0
26237,0
26238,0
26239,0
26240,0
26241,1
26242,0
26243,1
26244,0
26245,0
26246,0
26247,1
26248,0
26249,0
26250,0
26251,0
26252,0
26253,0
26254,0
26255,0
26256,1
26257,0
26258,0
26259,0
26260,0
26261,0
26262,0
26263,1
26264,0
26265,1
26266,0
26267,0
26268,0
26269,1
26270,0
26271,0
26272,0
26273,0
26274,1
26275,0
26276,0
26277,1
26278,1
26279,1
26280,0
26281,0
26282,0
26283,1
26284,0
26285,0
26286,0
26287,1
26288,0
26289,0
26290,0
26291,1
26292,1
26293,0
26294,0
26295,0
26296,1
26297,0
26298,1
26299,0
26300,1
26301,0
26302,0
26303,0
26304,0
26305,0
26306,1
26307,0
26308,1
26309,1
26310,0
26311,1
26312,1
26313,0
26314,0
26315,0
26316,0
26317,0
26318,0
26319,1
26320,1
26321,1
26322,0
26323,0
26324,0
26325,0
26326,0
26327,0
26328,1
26329,0
26330,0
26331,0
26332,0
26333,1
26334,0
26335,1
26336,0
26337,1
26338,0
26339,1
26340,0
26341,0
26342,0
26343,1
26344,1
26345,1
26346,1
26347,0
26348,1
26349,1
26350,0
26351,0
26352,0
26353,1
26354,0
26355,0
26356,1
26357,0
26358,0
26359,1
26360,0
26361,0
26362,0
26363,0
26364,1
26365,0
26366,0
26367,0
26368,1
26369,1
26370,0
26371,0
26372,0
26373,0
26374,0
26375,1
26376,0
26377,0
26378,0
26379,0
26380,0
26381,0
26382,0
26383,0
26384,0
26385,0
26386,0
26387,0
26388,0
26389,0
26390,0
26391,0
26392,0
26393,1
26394,0
26395,1
26396,0
26397,0
26398,0
26399,0
26400,0
26401,0
26402,0
26403,0
26404,1
26405,0
26406,0
26407,1
26408,0
26409,0
26410,0
26411,0
26412,0
26413,0
26414,0
26415,0
26416,0
26417,0
26418,0
26419,0
26420,0
26421,1
26422,0
26423,1
26424,1
26425,0
26426,0
26427,0
26428,1
26429,1
26430,0
26431,0
26432,0
26433,0
26434,0
26435,0
26436,0
26437,1
26438,0
26439,0
26440,0
26441,0
26442,0
26443,0
26444,0
26445,0
26446,0
26447,0
26448,0
26449,1
26450,0
26451,1
26452,0
26453,0
26454,0
26455,0
26456,0
26457,0
26458,1
26459,1
26460,0
26461,1
26462,0
26463,0
26464,0
26465,0
26466,0
26467,0
26468,0
26469,1
26470,0
26471,0
26472,0
26473,1
26474,0
26475,0
26476,1
26477,0
26478,0
26479,0
26480,0
26481,1
26482,0
26483,0
26484,0
26485,1
26486,0
26487,0
26488,0
26489,1
26490,0
26491,1
26492,0
26493,0
26494,1
26495,0
26496,0
26497,1
26498,0
26499,0
26500,0
26501,0
26502,0
26503,1
26504,1
26505,1
26506,0
26507,0
26508,0
26509,0
26510,1
26511,0
26512,0
26513,1
26514,0
26515,0
26516,0
26517,1
26518,0
26519,1
26520,0
26521,0
26522,1
26523,1
26524,1
26525,0
26526,0
26527,1
26528,1
26529,0
26530,0
26531,0
26532,0
26533,1
26534,1
26535,0
26536,1
26537,0
26538,0
26539,0
26540,0
26541,1
26542,0
26543,0
26544,1
26545,0
26546,1
26547,1
26548,0
26549,0
26550,0
26551,0
26552,0
26553,0
26554,0
26555,0
26556,1
26557,0
26558,0
26559,0
26560,0
26561,0
26562,1
26563,1
26564,1
26565,1
26566,0
26567,0
26568,1
26569,0
26570,0
26571,1
26572,1
26573,0
26574,0
26575,0
26576,0
26577,0
26578,1
26579,1
26580,1
26581,0
26582,0
26583,0
26584,0
26585,0
26586,1
26587,0
26588,1
26589,1
26590,1
26591,0
26592,0
26593,1
26594,0
26595,1
26596,0
26597,1
26598,1
26599,1
26600,0
26601,0
26602,1
26603,0
26604,0
26605,0
26606,1
26607,0
26608,1
26609,0
26610,1
26611,0
26612,1
26613,0
26614,0
26615,1
26616,0
26617,0
26618,0
26619,0
26620,1
26621,0
26622,1
26623,0
26624,0
26625,0
26626,1
26627,0
26628,0
26629,0
26630,0
26631,1
26632,0
26633,0
26634,1
26635,1
26636,0
26637,0
26638,0
26639,0
26640,0
26641,0
26642,0
26643,0
26644,0
26645,0
26646,1
26647,0
26648,0
26649,1
26650,1
26651,0
26652,0
26653,0
26654,1
26655,0
26656,0
26657,1
26658,0
26659,0
26660,0
26661,0
26662,0
26663,0
26664,0
26665,0
26666,0
26667,0
26668,0
26669,0
26670,1
26671,0
26672,0
26673,0
26674,1
26675,0
26676,0
26677,0
26678,0
26679,0
26680,0
26681,0
26682,0
26683,0
26684,1
26685,0
26686,0
26687,0
26688,0
26689,0
26690,0
26691,0
26692,0
26693,1
26694,0
26695,0
26696,0
26697,0
26698,0
26699,0
26700,0
26701,0
26702,0
26703,0
26704,0
26705,0
26706,1
26707,1
26708,0
26709,0
26710,1
26711,1
26712,0
26713,0
26714,0
26715,1
26716,0
26717,0
26718,0
26719,0
26720,0
26721,0
26722,0
26723,0
26724,1
26725,1
26726,0
26727,1
26728,0
26729,0
26730,1
26731,0
26732,0
26733,1
26734,0
26735,0
26736,1
26737,1
26738,1
26739,0
26740,0
26741,0
26742,1
26743,1
26744,1
26745,0
26746,0
26747,0
26748,1
26749,0
26750,0
26751,0
26752,0
26753,0
26754,0
26755,1
26756,0
26757,0
26758,0
26759,1
26760,1
26761,0
26762,0
26763,0
26764,1
26765,0
26766,0
26767,0
26768,0
26769,0
26770,1
26771,0
26772,0
26773,0
26774,1
26775,1
26776,0
26777,1
26778,0
26779,0
26780,0
26781,1
26782,0
26783,1
26784,1
26785,0
26786,0
26787,0
26788,0
26789,0
26790,0
26791,0
26792,1
26793,1
26794,1
26795,1
26796,1
26797,1
26798,1
26799,0
26800,1
26801,0
26802,0
26803,1
26804,1
26805,0
26806,1
26807,0
26808,0
26809,0
26810,0
26811,0
26812,1
26813,0
26814,1
26815,1
26816,0
26817,0
26818,0
26819,0
26820,1
26821,0
26822,1
26823,1
26824,0
26825,1
26826,1
26827,0
26828,1
26829,0
26830,0
26831,1
26832,0
26833,1
26834,0
26835,0
26836,0
26837,1
26838,0
26839,0
26840,1
26841,0
26842,1
26843,1
26844,0
26845,0
26846,0
26847,0
26848,1
26849,1
26850,0
26851,1
26852,0
26853,0
26854,0
26855,1
26856,0
26857,0
26858,0
26859,0
26860,0
26861,0
26862,0
26863,0
26864,0
26865,1
26866,0
26867,0
26868,0
26869,1
26870,1
26871,0
26872,0
26873,0
26874,0
26875,0
26876,0
26877,0
26878,0
26879,0
26880,0
26881,0
26882,0
26883,0
26884,0
26885,0
26886,1
26887,0
26888,0
26889,0
26890,0
26891,1
26892,1
26893,0
26894,0
26895,1
26896,0
26897,1
26898,1
26899,0
26900,1
26901,0
26902,0
26903,1
26904,0
26905,1
26906,1
26907,0
26908,0
26909,0
26910,1
26911,0
26912,0
26913,0
26914,0
26915,0
26916,0
26917,0
26918,0
26919,0
26920,0
26921,1
26922,1
26923,1
26924,0
26925,0
26926,1
26927,1
26928,0
26929,0
26930,0
26931,0
26932,1
26933,0
26934,0
26935,0
26936,0
26937,0
26938,0
26939,0
26940,0
26941,0
26942,0
26943,1
26944,0
26945,0
26946,1
26947,0
26948,0
26949,0
26950,0
26951,1
26952,0
26953,0
26954,0
26955,0
26956,0
26957,0
26958,0
26959,0
26960,1
26961,0
26962,1
26963,0
26964,1
26965,1
26966,0
26967,0
26968,0
26969,1
26970,0
26971,0
26972,0
26973,0
26974,0
26975,0
26976,0
26977,1
26978,0
26979,0
26980,0
26981,1
26982,0
26983,1
26984,0
26985,0
26986,1
26987,1
26988,1
26989,0
26990,1
26991,1
26992,0
26993,0
26994,1
26995,0
26996,0
26997,1
26998,1
26999,0
27000,1
27001,0
27002,1
27003,0
27004,1
27005,0
27006,0
27007,0
27008,0
27009,0
27010,0
27011,0
27012,1
27013,0
27014,0
27015,0
27016,0
27017,0
27018,0
27019,0
27020,0
27021,0
27022,0
27023,0
27024,0
27025,1
27026,0
27027,0
27028,0
27029,0
27030,0
27031,1
27032,1
27033,0
27034,1
27035,1
27036,0
27037,1
27038,1
27039,1
27040,0
27041,1
27042,0
27043,1
27044,1
27045,1
27046,1
27047,0
27048,1
27049,1
27050,0
27051,0
27052,0
27053,1
27054,1
27055,0
27056,0
27057,0
27058,1
27059,0
27060,1
27061,0
27062,0
27063,0
27064,1
27065,1
27066,1
27067,0
27068,0
27069,0
27070,1
27071,0
27072,0
27073,0
27074,0
27075,0
27076,1
27077,1
27078,1
27079,0
27080,0
27081,0
27082,0
27083,0
27084,0
27085,1
27086,1
27087,0
27088,1
27089,1
27090,0
27091,1
27092,0
27093,1
27094,0
27095,0
27096,0
27097,0
27098,0
27099,0
27100,0
27101,0
27102,1
27103,0
27104,1
27105,0
27106,0
27107,0
27108,0
27109,0
27110,0
27111,1
27112,0
27113,1
27114,0
27115,0
27116,0
27117,0
27118,0
27119,1
27120,0
27121,1
27122,0
27123,0
27124,1
27125,0
27126,0
27127,0
27128,0
27129,0
27130,1
27131,1
27132,0
27133,0
27134,0
27135,0
27136,1
27137,0
27138,0
27139,0
27140,0
27141,0
27142,0
27143,0
27144,1
27145,0
27146,1
27147,0
27148,0
27149,1
27150,1
27151,0
27152,1
27153,0
27154,1
27155,1
27156,0
27157,0
27158,1
27159,1
27160,0
27161,0
27162,0
27163,0
27164,1
27165,1
27166,0
27167,0
27168,1
27169,0
27170,0
27171,1
27172,0
27173,0
27174,0
27175,1
27176,0
27177,0
27178,1
27179,0
27180,1
27181,0
27182,0
27183,0
27184,0
27185,1
27186,0
27187,0
27188,1
27189,0
27190,1
27191,1
27192,0
27193,0
27194,0
27195,0
27196,1
27197,0
27198,1
27199,1
27200,0
27201,0
27202,0
27203,0
27204,1
27205,0
27206,1
27207,0
27208,0
27209,0
27210,1
27211,0
27212,0
27213,0
27214,1
27215,1
27216,1
27217,0
27218,0
27219,1
27220,0
27221,0
27222,0
27223,0
27224,1
27225,1
27226,0
27227,0
27228,0
27229,0
27230,0
27231,0
27232,0
27233,0
27234,0
27235,0
27236,0
27237,0
27238,0
27239,1
27240,0
27241,0
27242,0
27243,1
27244,1
27245,0
27246,1
27247,0
27248,0
27249,0
27250,0
27251,0
27252,0
27253,0
27254,0
27255,1
27256,0
27257,0
27258,0
27259,0
27260,0
27261,1
27262,0
27263,0
27264,0
27265,0
27266,0
27267,1
27268,0
27269,0
27270,0
27271,0
27272,1
27273,1
27274,0
27275,1
27276,0
27277,0
27278,0
27279,0
27280,0
27281,0
27282,0
27283,0
27284,1
27285,0
27286,0
27287,0
27288,1
27289,0
27290,1
27291,0
27292,1
27293,0
27294,0
27295,0
27296,1
27297,0
27298,1
27299,0
27300,0
27301,0
27302,0
27303,0
27304,0
27305,0
27306,0
27307,1
27308,0
27309,0
27310,0
27311,0
27312,0
27313,0
27314,0
27315,0
27316,0
27317,0
27318,0
27319,0
27320,0
27321,0
27322,0
27323,0
27324,0
27325,0
27326,0
27327,1
27328,0
27329,0
27330,0
27331,0
27332,0
27333,0
27334,0
27335,0
27336,1
27337,0
27338,0
27339,0
27340,0
27341,0
27342,0
27343,0
27344,0
27345,1
27346,1
27347,0
27348,0
27349,0
27350,0
27351,0
27352,0
27353,0
27354,0
27355,0
27356,1
27357,0
27358,0
27359,0
27360,0
27361,0
27362,0
27363,1
27364,1
27365,0
27366,0
27367,0
27368,1
27369,0
27370,0
27371,0
27372,0
27373,0
27374,0
27375,0
27376,1
27377,1
27378,1
27379,1
27380,1
27381,0
27382,0
27383,0
27384,0
27385,1
27386,0
27387,1
27388,0
27389,1
27390,0
27391,1
27392,1
27393,0
27394,0
27395,0
27396,0
27397,0
27398,0
27399,0
27400,1
27401,0
27402,0
27403,0
27404,1
27405,0
27406,0
27407,0
27408,0
27409,1
27410,0
27411,0
27412,1
27413,0
27414,1
27415,1
27416,0
27417,0
27418,0
27419,0
27420,1
27421,1
27422,1
27423,1
27424,0
27425,0
27426,1
27427,0
27428,0
27429,0
27430,1
27431,0
27432,1
27433,1
27434,0
27435,0
27436,0
27437,0
27438,0
27439,0
27440,1
27441,0
27442,1
27443,0
27444,0
27445,1
27446,0
27447,0
27448,0
27449,0
27450,0
27451,1
27452,0
27453,0
27454,1
27455,0
27456,1
27457,0
27458,1
27459,0
27460,1
27461,1
27462,0
27463,0
27464,0
27465,0
27466,1
27467,1
27468,0
27469,1
27470,0
27471,0
27472,1
27473,1
27474,1
27475,0
27476,0
27477,0
27478,0
27479,0
27480,0
27481,0
27482,0
27483,0
27484,0
27485,0
27486,0
27487,0
27488,1
27489,0
27490,1
27491,0
27492,0
27493,0
27494,0
27495,1
27496,0
27497,1
27498,0
27499,0
27500,1
27501,1
27502,1
27503,0
27504,1
27505,0
27506,0
27507,0
27508,0
27509,0
27510,0
27511,0
27512,1
27513,1
27514,1
27515,0
27516,0
27517,0
27518,0
27519,1
27520,1
27521,1
27522,0
27523,0
27524,0
27525,0
27526,0
27527,0
27528,0
27529,1
27530,0
27531,0
27532,1
27533,1
27534,0
27535,1
27536,0
27537,0
27538,0
27539,0
27540,0
27541,1
27542,0
27543,0
27544,0
27545,0
27546,0
27547,0
27548,0
27549,0
27550,0
27551,1
27552,0
27553,0
27554,0
27555,0
27556,0
27557,1
27558,0
27559,1
27560,0
27561,0
27562,0
27563,0
27564,1
27565,0
27566,0
27567,0
27568,0
27569,1
27570,1
27571,0
27572,0
27573,0
27574,1
27575,0
27576,1
27577,0
27578,0
27579,0
27580,1
27581,0
27582,0
27583,0
27584,1
27585,0
27586,0
27587,1
27588,0
27589,0
27590,0
27591,1
27592,1
27593,0
27594,0
27595,0
27596,0
27597,0
27598,0
27599,1
27600,0
27601,0
27602,1
27603,0
27604,1
27605,0
27606,0
27607,0
27608,0
27609,1
27610,0
27611,1
27612,1
27613,0
27614,1
27615,1
27616,0
27617,0
27618,1
27619,0
27620,0
27621,0
27622,1
27623,0
27624,1
27625,1
27626,0
27627,1
27628,0
27629,0
27630,1
27631,0
27632,0
27633,0
27634,0
27635,0
27636,0
27637,1
27638,1
27639,1
27640,0
27641,0
27642,0
27643,0
27644,1
27645,0
27646,1
27647,0
27648,1
27649,0
27650,0
27651,0
27652,0
27653,0
27654,0
27655,0
27656,0
27657,0
27658,0
27659,0
27660,0
27661,1
27662,1
27663,0
27664,0
27665,0
27666,1
27667,1
27668,0
27669,0
27670,1
27671,0
27672,0
27673,0
27674,1
27675,0
27676,1
27677,0
27678,1
27679,0
27680,0
27681,0
27682,1
27683,1
27684,1
27685,0
27686,1
27687,0
27688,1
27689,0
27690,0
27691,0
27692,0
27693,0
27694,0
27695,0
27696,0
27697,0
27698,1
27699,1
27700,0
27701,0
27702,1
27703,1
27704,0
27705,0
27706,1
27707,1
27708,1
27709,0
27710,1
27711,0
27712,1
27713,0
27714,0
27715,0
27716,1
27717,1
27718,0
27719,0
27720,0
27721,1
27722,0
27723,0
27724,1
27725,1
27726,0
27727,0
27728,0
27729,0
27730,0
27731,0
27732,0
27733,0
27734,1
27735,0
27736,0
27737,0
27738,1
27739,0
27740,0
27741,1
27742,1
27743,0
27744,0
27745,0
27746,0
27747,0
27748,0
27749,0
27750,0
27751,0
27752,0
27753,0
27754,0
27755,0
27756,1
27757,0
27758,1
27759,0
27760,0
27761,1
27762,0
27763,0
27764,0
27765,1
27766,1
27767,0
27768,0
27769,1
27770,0
27771,1
27772,1
27773,0
27774,0
27775,1
27776,0
27777,0
27778,0
27779,1
27780,0
27781,1
27782,1
27783,0
27784,1
27785,0
27786,0
27787,0
27788,0
27789,0
27790,0
27791,0
27792,0
27793,0
27794,0
27795,0
27796,0
27797,0
27798,1
27799,1
27800,1
27801,1
27802,0
27803,1
27804,0
27805,1
27806,0
27807,0
27808,0
27809,1
27810,0
27811,0
27812,1
27813,0
27814,0
27815,0
27816,0
27817,0
27818,0
27819,0
27820,1
27821,1
27822,0
27823,0
27824,0
27825,1
27826,1
27827,1
27828,0
27829,0
27830,0
27831,1
27832,1
27833,1
27834,1
27835,0
27836,0
27837,0
27838,0
27839,1
27840,0
27841,0
27842,1
27843,0
27844,1
27845,0
27846,0
27847,0
27848,1
27849,0
27850,0
27851,0
27852,1
27853,0
27854,1
27855,0
27856,0
27857,0
27858,0
27859,0
27860,1
27861,0
27862,1
27863,0
27864,1
27865,1
27866,0
27867,0
27868,0
27869,0
27870,0
27871,0
27872,0
27873,0
27874,0
27875,0
27876,0
27877,0
27878,0
27879,0
27880,0
27881,0
27882,0
27883,0
27884,1
27885,0
27886,0
27887,0
27888,0
27889,0
27890,0
27891,0
27892,0
27893,1
27894,1
27895,0
27896,0
27897,0
27898,0
27899,0
27900,0
27901,0
27902,1
27903,0
27904,0
27905,0
27906,1
27907,0
27908,0
27909,0
27910,1
27911,0
27912,1
27913,0
27914,0
27915,0
27916,1
27917,0
27918,0
27919,1
27920,0
27921,0
27922,0
27923,0
27924,0
27925,0
27926,0
27927,0
27928,0
27929,1
27930,0
27931,0
27932,0
27933,0
27934,0
27935,1
27936,0
27937,0
27938,0
27939,0
27940,0
27941,1
27942,0
27943,1
27944,1
27945,0
27946,1
27947,0
27948,0
27949,1
27950,0
27951,1
27952,0
27953,0
27954,0
27955,1
27956,1
27957,1
27958,0
27959,1
27960,1
27961,1
27962,0
27963,1
27964,0
27965,1
27966,0
27967,0
27968,1
27969,1
27970,0
27971,0
27972,0
27973,0
27974,0
27975,0
27976,0
27977,0
27978,0
27979,1
27980,0
27981,1
27982,0
27983,0
27984,0
27985,0
27986,0
27987,0
27988,0
27989,0
27990,0
27991,1
27992,0
27993,0
27994,1
27995,0
27996,1
27997,1
27998,0
27999,1
28000,0
28001,1
28002,0
28003,0
28004,0
28005,1
28006,0
28007,0
28008,0
28009,0
28010,0
28011,0
28012,1
28013,1
28014,0
28015,0
28016,0
28017,0
28018,1
28019,0
28020,0
28021,0
28022,0
28023,0
28024,0
28025,0
28026,0
28027,1
28028,0
28029,0
28030,0
28031,0
28032,0
28033,1
28034,0
28035,0
28036,0
28037,0
28038,0
28039,1
28040,0
28041,0
28042,0
28043,0
28044,1
28045,1
28046,0
28047,1
28048,0
28049,0
28050,0
28051,0
28052,1
28053,0
28054,0
28055,1
28056,1
28057,0
28058,1
28059,0
28060,1
28061,1
28062,1
28063,0
28064,1
28065,0
28066,1
28067,0
28068,1
28069,1
28070,0
28071,0
28072,0
28073,0
28074,0
28075,0
28076,0
28077,1
28078,0
28079,0
28080,0
28081,1
28082,0
28083,0
28084,0
28085,0
28086,1
28087,1
28088,1
28089,1
28090,0
28091,0
28092,0
28093,0
28094,0
28095,0
28096,0
28097,0
28098,0
28099,1
28100,1
28101,0
28102,0
28103,1
28104,1
28105,1
28106,1
28107,1
28108,1
28109,0
28110,0
28111,0
28112,0
28113,0
28114,1
28115,1
28116,0
28117,0
28118,1
28119,0
28120,1
28121,0
28122,0
28123,1
28124,0
28125,0
28126,1
28127,0
28128,0
28129,0
28130,0
28131,0
28132,0
28133,1
28134,0
28135,1
28136,0
28137,1
28138,0
28139,1
28140,0
28141,0
28142,0
28143,0
28144,0
28145,0
28146,0
28147,0
28148,0
28149,0
28150,1
28151,0
28152,0
28153,0
28154,0
28155,1
28156,0
28157,0
28158,0
28159,1
28160,0
28161,1
28162,0
28163,0
28164,1
28165,0
28166,1
28167,0
28168,1
28169,0
28170,1
28171,1
28172,0
28173,0
28174,0
28175,1
28176,0
28177,0
28178,0
28179,0
28180,0
28181,0
28182,1
28183,0
28184,0
28185,0
28186,0
28187,0
28188,0
28189,0
28190,0
28191,0
28192,1
28193,0
28194,0
28195,0
28196,0
28197,0
28198,0
28199,1
28200,0
28201,0
28202,1
28203,0
28204,0
28205,0
28206,0
28207,1
28208,0
28209,1
28210,0
28211,0
28212,0
28213,0
28214,0
28215,0
28216,0
28217,0
28218,0
28219,0
28220,1
28221,0
28222,0
28223,1
28224,0
28225,0
28226,0
28227,0
28228,0
28229,0
28230,0
28231,0
28232,0
28233,0
28234,0
28235,1
28236,0
28237,0
28238,0
28239,1
28240,0
28241,0
28242,0
28243,0
28244,0
28245,0
28246,0
28247,1
28248,0
28249,0
28250,1
28251,1
28252,0
28253,0
28254,0
28255,1
28256,0
28257,1
28258,0
28259,0
28260,0
28261,0
28262,1
28263,0
28264,1
28265,0
28266,1
28267,0
28268,0
28269,0
28270,1
28271,1
28272,1
28273,0
28274,1
28275,1
28276,0
28277,0
28278,0
28279,1
28280,0
28281,0
28282,1
28283,0
28284,0
28285,0
28286,0
28287,1
28288,0
28289,1
28290,0
28291,0
28292,0
28293,0
28294,0
28295,0
28296,1
28297,1
28298,0
28299,1
28300,0
28301,1
28302,0
28303,0
28304,0
28305,0
28306,0
28307,1
28308,0
28309,1
28310,0
28311,0
28312,0
28313,0
28314,0
28315,1
28316,0
28317,0
28318,0
28319,0
28320,0
28321,1
28322,0
28323,1
28324,0
28325,1
28326,0
28327,1
28328,0
28329,1
28330,0
28331,0
28332,1
28333,1
28334,0
28335,0
28336,0
28337,0
28338,0
28339,0
28340,0
28341,0
28342,0
28343,1
28344,0
28345,1
28346,0
28347,0
28348,0
28349,0
28350,1
28351,0
28352,0
28353,0
28354,0
28355,0
28356,0
28357,0
28358,0
28359,1
28360,0
28361,0
28362,1
28363,0
28364,0
28365,0
28366,0
28367,0
28368,0
28369,0
28370,0
28371,1
28372,0
28373,1
28374,0
28375,1
28376,1
28377,0
28378,1
28379,0
28380,1
28381,0
28382,0
28383,1
28384,1
28385,0
28386,0
28387,1
28388,0
28389,0
28390,0
28391,0
28392,1
28393,1
28394,0
28395,0
28396,0
28397,0
28398,0
28399,1
28400,1
28401,0
28402,0
28403,0
28404,0
28405,1
28406,1
28407,1
28408,0
28409,1
28410,1
28411,0
28412,0
28413,0
28414,0
28415,0
28416,0
28417,1
28418,0
28419,0
28420,0
28421,0
28422,0
28423,0
28424,0
28425,1
28426,0
28427,0
28428,0
28429,0
28430,1
28431,1
28432,0
28433,0
28434,0
28435,0
28436,0
28437,0
28438,0
28439,1
28440,0
28441,0
28442,1
28443,0
28444,0
28445,0
28446,0
28447,0
28448,0
28449,0
28450,0
28451,0
28452,0
28453,0
28454,0
28455,1
28456,0
28457,1
28458,0
28459,1
28460,1
28461,0
28462,0
28463,1
28464,0
28465,0
28466,0
28467,1
28468,0
28469,1
28470,1
28471,0
28472,0
28473,1
28474,0
28475,1
28476,1
28477,0
28478,0
28479,0
28480,0
28481,0
28482,0
28483,0
28484,1
28485,0
28486,0
28487,0
28488,0
28489,0
28490,1
28491,0
28492,1
28493,0
28494,1
28495,0
28496,1
28497,0
28498,1
28499,0
28500,0
28501,1
28502,1
28503,0
28504,0
28505,0
28506,0
28507,1
28508,0
28509,0
28510,0
28511,0
28512,0
28513,0
28514,0
28515,0
28516,1
28517,1
28518,1
28519,0
28520,0
28521,0
28522,0
28523,1
28524,1
28525,0
28526,0
28527,1
28528,1
28529,1
28530,0
28531,0
28532,1
28533,0
28534,0
28535,0
28536,0
28537,1
28538,0
28539,0
28540,1
28541,0
28542,0
28543,0
28544,1
28545,0
28546,1
28547,0
28548,1
28549,0
28550,0
28551,0
28552,0
28553,1
28554,0
28555,0
28556,0
28557,0
28558,1
28559,1
28560,0
28561,0
28562,0
28563,1
28564,1
28565,1
28566,0
28567,0
28568,0
28569,0
28570,0
28571,1
28572,0
28573,1
28574,0
28575,1
28576,0
28577,0
28578,0
28579,0
28580,1
28581,0
28582,0
28583,0
28584,0
28585,0
28586,0
28587,0
28588,1
28589,0
28590,0
28591,0
28592,0
28593,1
28594,0
28595,1
28596,1
28597,1
28598,0
28599,1
28600,0
28601,0
28602,0
28603,0
28604,1
28605,0
28606,0
28607,0
28608,0
28609,1
28610,0
28611,0
28612,0
28613,1
28614,1
28615,0
28616,1
28617,0
28618,1
28619,0
28620,0
28621,0
28622,0
28623,0
28624,0
28625,0
28626,1
28627,1
28628,1
28629,0
28630,1
28631,1
28632,0
28633,1
28634,1
28635,0
28636,0
28637,0
28638,0
28639,0
28640,0
28641,0
28642,1
28643,0
28644,0
28645,0
28646,1
28647,1
28648,0
28649,1
28650,0
28651,0
28652,0
28653,0
28654,0
28655,1
28656,1
28657,0
28658,1
28659,0
28660,0
28661,0
28662,0
28663,0
28664,0
28665,0
28666,0
28667,0
28668,0
28669,0
28670,1
28671,0
28672,0
28673,1
28674,0
28675,0
28676,1
28677,1
28678,1
28679,1
28680,1
28681,0
28682,0
28683,1
28684,0
28685,0
28686,1
28687,0
28688,1
28689,1
28690,0
28691,0
28692,0
28693,0
28694,0
28695,0
28696,0
28697,1
28698,0
28699,0
28700,1
28701,0
28702,0
28703,0
28704,0
28705,0
28706,1
28707,0
28708,1
28709,1
28710,0
28711,0
28712,0
28713,0
28714,1
28715,0
28716,0
28717,0
28718,1
28719,0
28720,0
28721,0
28722,0
28723,0
28724,0
28725,0
28726,0
28727,1
28728,0
28729,0
28730,0
28731,0
28732,0
28733,0
28734,0
28735,0
28736,0
28737,1
28738,0
28739,0
28740,0
28741,0
28742,0
28743,0
28744,1
28745,0
28746,0
28747,1
28748,1
28749,1
28750,1
28751,0
28752,0
28753,1
28754,0
28755,0
28756,0
28757,0
28758,0
28759,0
28760,1
28761,0
28762,0
28763,0
28764,0
28765,1
28766,0
28767,1
28768,0
28769,0
28770,1
28771,0
28772,1
28773,1
28774,0
28775,1
28776,0
28777,1
28778,0
28779,1
28780,0
28781,1
28782,1
28783,1
28784,1
28785,1
28786,0
28787,0
28788,0
28789,1
28790,0
28791,0
28792,1
28793,0
28794,0
28795,1
28796,1
28797,1
28798,0
28799,0
28800,0
28801,0
28802,1
28803,0
28804,0
28805,0
28806,0
28807,0
28808,0
28809,0
28810,1
28811,0
28812,0
28813,0
28814,0
28815,1
28816,0
28817,0
28818,0
28819,0
28820,0
28821,0
28822,0
28823,1
28824,1
28825,0
28826,1
28827,0
28828,0
28829,1
28830,0
28831,0
28832,0
28833,1
28834,0
28835,1
28836,0
28837,0
28838,1
28839,0
28840,0
28841,0
28842,0
28843,0
28844,0
28845,0
28846,0
28847,1
28848,0
28849,1
28850,1
28851,0
28852,0
28853,1
28854,0
28855,0
28856,0
28857,0
28858,0
28859,0
28860,1
28861,0
28862,0
28863,0
28864,1
28865,0
28866,0
28867,1
28868,1
28869,1
28870,1
28871,1
28872,0
28873,0
28874,0
28875,0
28876,1
28877,0
28878,1
28879,0
28880,0
28881,0
28882,0
28883,0
28884,1
28885,0
28886,0
28887,1
28888,0
28889,0
28890,0
28891,0
28892,0
28893,0
28894,1
28895,0
28896,0
28897,0
28898,1
28899,1
28900,0
28901,0
28902,1
28903,1
28904,0
28905,0
28906,0
28907,0
28908,0
28909,0
28910,0
28911,1
28912,0
28913,1
28914,0
28915,0
28916,1
28917,0
28918,1
28919,1
28920,0
28921,1
28922,0
28923,0
28924,0
28925,0
28926,1
28927,0
28928,0
28929,1
28930,1
28931,0
28932,0
28933,0
28934,0
28935,0
28936,0
28937,1
28938,1
28939,1
28940,1
28941,0
28942,1
28943,0
28944,0
28945,1
28946,1
28947,0
28948,0
28949,1
28950,0
28951,0
28952,1
28953,0
28954,0
28955,1
28956,0
28957,0
28958,1
28959,1
28960,1
28961,0
28962,1
28963,0
28964,0
28965,0
28966,0
28967,0
28968,1
28969,0
28970,0
28971,0
28972,0
28973,0
28974,0
28975,0
28976,0
28977,1
28978,0
28979,1
28980,0
28981,1
28982,0
28983,1
28984,1
28985,0
28986,1
28987,0
28988,1
28989,0
28990,0
28991,0
28992,1
28993,1
28994,0
28995,1
28996,1
28997,0
28998,1
28999,0
29000,1
29001,0
29002,0
29003,0
29004,0
29005,1
29006,0
29007,0
29008,0
29009,0
29010,0
29011,0
29012,1
29013,0
29014,0
29015,0
29016,0
29017,1
29018,0
29019,0
29020,1
29021,0
29022,0
29023,0
29024,0
29025,0
29026,0
29027,1
29028,0
29029,0
29030,0
29031,0
29032,0
29033,0
29034,0
29035,0
29036,0
29037,0
29038,0
29039,1
29040,0
29041,0
29042,1
29043,0
29044,0
29045,0
29046,0
29047,1
29048,1
29049,0
29050,1
29051,0
29052,0
29053,0
29054,0
29055,0
29056,1
29057,0
29058,1
29059,0
29060,1
29061,0
29062,0
29063,0
29064,0
29065,0
29066,0
29067,1
29068,1
29069,0
29070,0
29071,1
29072,1
29073,1
29074,0
29075,0
29076,0
29077,0
29078,0
29079,0
29080,0
29081,1
29082,0
29083,1
29084,1
29085,0
29086,0
29087,0
29088,0
29089,1
29090,1
29091,0
29092,0
29093,1
29094,0
29095,0
29096,0
29097,0
29098,0
29099,0
29100,0
29101,0
29102,1
29103,1
29104,0
29105,0
29106,0
29107,0
29108,0
29109,0
29110,1
29111,0
29112,0
29113,0
29114,0
29115,0
29116,0
29117,1
29118,0
29119,0
29120,1
29121,0
29122,0
29123,0
29124,1
29125,0
29126,0
29127,1
29128,0
29129,0
29130,0
29131,0
29132,0
29133,0
29134,1
29135,0
29136,0
29137,1
29138,0
29139,0
29140,0
29141,1
29142,0
29143,0
29144,0
29145,0
29146,1
29147,0
29148,0
29149,0
29150,1
29151,0
29152,0
29153,1
29154,1
29155,0
29156,1
29157,0
29158,0
29159,1
29160,1
29161,0
29162,0
29163,1
29164,0
29165,0
29166,1
29167,0
29168,0
29169,1
29170,0
29171,0
29172,0
29173,0
29174,0
29175,0
29176,0
29177,0
29178,0
29179,1
29180,1
29181,0
29182,1
29183,1
29184,1
29185,0
29186,0
29187,0
29188,0
29189,0
29190,1
29191,0
29192,0
29193,0
29194,0
29195,1
29196,1
29197,0
29198,1
29199,0
29200,0
29201,0
29202,0
29203,1
29204,0
29205,0
29206,0
29207,1
29208,1
29209,0
29210,0
29211,0
29212,0
29213,1
29214,0
29215,1
29216,0
29217,1
29218,0
29219,0
29220,0
29221,0
29222,0
29223,0
29224,0
29225,1
29226,0
29227,0
29228,0
29229,0
29230,0
29231,0
29232,0
29233,0
29234,0
29235,0
29236,1
29237,0
29238,1
29239,1
29240,0
29241,0
29242,0
29243,0
29244,1
29245,0
29246,0
29247,0
29248,1
29249,0
29250,0
29251,0
29252,0
29253,0
29254,0
29255,0
29256,0
29257,1
29258,0
29259,0
29260,0
29261,0
29262,0
29263,0
29264,0
29265,0
29266,0
29267,0
29268,1
29269,0
29270,0
29271,0
29272,0
29273,0
29274,0
29275,1
29276,0
29277,0
29278,0
29279,0
29280,0
29281,1
29282,0
29283,0
29284,0
29285,0
29286,0
29287,0
29288,1
29289,1
29290,1
29291,0
29292,1
29293,0
29294,0
29295,0
29296,0
29297,1
29298,0
29299,0
29300,0
29301,0
29302,1
29303,1
29304,0
29305,0
29306,0
29307,0
29308,0
29309,0
29310,0
29311,0
29312,0
29313,1
29314,0
29315,0
29316,0
29317,0
29318,0
29319,0
29320,0
29321,1
29322,0
29323,1
29324,0
29325,0
29326,1
29327,1
29328,0
29329,0
29330,0
29331,0
29332,0
29333,0
29334,0
29335,1
29336,0
29337,0
29338,0
29339,0
29340,0
29341,1
29342,1
29343,1
29344,0
29345,1
29346,0
29347,1
29348,0
29349,0
29350,0
29351,0
29352,0
29353,1
29354,0
29355,0
29356,1
29357,0
29358,0
29359,0
29360,0
29361,1
29362,0
29363,0
29364,0
29365,0
29366,1
29367,0
29368,0
29369,0
29370,1
29371,1
29372,1
29373,0
29374,1
29375,0
29376,1
29377,0
29378,1
29379,1
29380,1
29381,1
29382,0
29383,0
29384,0
29385,0
29386,0
29387,1
29388,0
29389,0
29390,1
29391,0
29392,0
29393,1
29394,0
29395,0
29396,0
29397,1
29398,0
29399,0
29400,1
29401,0
29402,0
29403,0
29404,0
29405,0
29406,0
29407,1
29408,0
29409,0
29410,0
29411,1
29412,0
29413,0
29414,0
29415,1
29416,1
29417,0
29418,1
29419,1
29420,0
29421,0
29422,1
29423,0
29424,1
29425,1
29426,1
29427,0
29428,1
29429,1
29430,1
29431,0
29432,0
29433,0
29434,0
29435,0
29436,0
29437,0
29438,0
29439,1
29440,1
29441,0
29442,0
29443,0
29444,0
29445,0
29446,1
29447,1
29448,1
29449,0
29450,1
29451,0
29452,1
29453,1
29454,0
29455,1
29456,0
29457,0
29458,0
29459,0
29460,0
29461,1
29462,0
29463,0
29464,1
29465,0
29466,1
29467,0
29468,0
29469,0
29470,1
29471,0
29472,0
29473,0
29474,1
29475,1
29476,1
29477,0
29478,1
29479,1
29480,0
29481,0
29482,0
29483,1
29484,1
29485,0
29486,0
29487,0
29488,1
29489,0
29490,1
29491,0
29492,1
29493,0
29494,1
29495,0
29496,1
29497,1
29498,0
29499,0
29500,0
29501,0
29502,1
29503,0
29504,1
29505,1
29506,0
29507,1
29508,1
29509,0
29510,0
29511,0
29512,1
29513,0
29514,0
29515,1
29516,1
29517,0
29518,0
29519,1
29520,0
29521,1
29522,0
29523,0
29524,0
29525,0
29526,0
29527,0
29528,0
29529,0
29530,0
29531,0
29532,1
29533,1
29534,0
29535,0
29536,1
29537,0
29538,1
29539,1
29540,1
29541,1
29542,0
29543,0
29544,1
29545,0
29546,0
29547,0
29548,0
29549,0
29550,0
29551,1
29552,1
29553,0
29554,0
29555,0
29556,0
29557,1
29558,0
29559,1
29560,1
29561,0
29562,0
29563,0
29564,0
29565,0
29566,1
29567,0
29568,1
29569,0
29570,1
29571,0
29572,0
29573,1
29574,1
29575,0
29576,0
29577,0
29578,0
29579,0
29580,1
29581,0
29582,1
29583,0
29584,0
29585,1
29586,0
29587,1
29588,0
29589,0
29590,0
29591,0
29592,0
29593,0
29594,0
29595,0
29596,0
29597,0
29598,0
29599,1
29600,0
29601,0
29602,0
29603,0
29604,0
29605,0
29606,0
29607,0
29608,1
29609,0
29610,0
29611,0
29612,0
29613,0
29614,1
29615,0
29616,1
29617,0
29618,0
29619,0
29620,1
29621,0
29622,0
29623,1
29624,0
29625,0
29626,1
29627,1
29628,0
29629,1
29630,1
29631,0
29632,0
29633,1
29634,0
29635,1
29636,1
29637,1
29638,0
29639,0
29640,0
29641,0
29642,1
29643,1
29644,1
29645,1
29646,0
29647,0
29648,0
29649,0
29650,0
29651,0
29652,0
29653,1
29654,1
29655,1
29656,0
29657,0
29658,0
29659,0
29660,0
29661,0
29662,0
29663,1
29664,0
29665,0
29666,0
29667,1
29668,0
29669,0
29670,1
29671,0
29672,0
29673,0
29674,1
29675,0
29676,1
29677,0
29678,0
29679,1
29680,0
29681,1
29682,1
29683,0
29684,0
29685,0
29686,0
29687,0
29688,0
29689,1
29690,0
29691,0
29692,0
29693,0
29694,0
29695,1
29696,0
29697,1
29698,0
29699,0
29700,0
29701,0
29702,0
29703,0
29704,1
29705,0
29706,0
29707,0
29708,1
29709,0
29710,0
29711,0
29712,1
29713,0
29714,1
29715,0
29716,1
29717,0
29718,0
29719,1
29720,0
29721,1
29722,0
29723,0
29724,0
29725,0
29726,0
29727,0
29728,0
29729,0
29730,0
29731,0
29732,0
29733,0
29734,0
29735,0
29736,1
29737,0
29738,0
29739,0
29740,0
29741,1
29742,0
29743,1
29744,0
29745,0
29746,0
29747,1
29748,0
29749,0
29750,1
29751,0
29752,0
29753,1
29754,0
29755,0
29756,0
29757,0
29758,1
29759,0
29760,1
29761,1
29762,0
29763,0
29764,0
29765,1
29766,0
29767,0
29768,0
29769,0
29770,0
29771,1
29772,0
29773,0
29774,0
29775,1
29776,1
29777,1
29778,1
29779,1
29780,0
29781,1
29782,0
29783,0
29784,1
29785,0
29786,1
29787,0
29788,0
29789,0
29790,1
29791,0
29792,0
29793,0
29794,0
29795,0
29796,1
29797,0
29798,0
29799,0
29800,1
29801,0
29802,0
29803,0
29804,0
29805,0
29806,0
29807,0
29808,0
29809,1
29810,0
29811,0
29812,0
29813,0
29814,1
29815,1
29816,1
29817,1
29818,0
29819,0
29820,0
29821,0
29822,0
29823,1
29824,1
29825,0
29826,0
29827,0
29828,1
29829,0
29830,1
29831,0
29832,1
29833,1
29834,0
29835,0
29836,1
29837,0
29838,0
29839,0
29840,0
29841,0
29842,0
29843,0
29844,1
29845,1
29846,0
29847,0
29848,0
29849,0
29850,0
29851,1
29852,1
29853,1
29854,1
29855,0
29856,0
29857,0
29858,1
29859,1
29860,0
29861,0
29862,1
29863,0
29864,0
29865,0
29866,0
29867,0
29868,0
29869,0
29870,0
29871,1
29872,0
29873,0
29874,0
29875,1
29876,0
29877,0
29878,0
29879,0
29880,0
29881,0
29882,0
29883,1
29884,0
29885,0
29886,0
29887,0
29888,0
29889,1
29890,0
29891,0
29892,0
29893,0
29894,0
29895,0
29896,1
29897,0
29898,0
29899,1
29900,0
29901,0
29902,0
29903,0
29904,1
29905,0
29906,0
29907,0
29908,0
29909,1
29910,0
29911,0
29912,0
29913,0
29914,0
29915,0
29916,0
29917,0
29918,0
29919,0
29920,0
29921,0
29922,0
29923,0
29924,1
29925,0
29926,0
29927,0
29928,0
29929,0
29930,0
29931,0
29932,0
29933,0
29934,0
29935,0
29936,0
29937,0
29938,1
29939,0
29940,0
29941,1
29942,0
29943,0
29944,0
29945,1
29946,0
29947,0
29948,1
29949,1
29950,0
29951,0
29952,1
29953,0
29954,1
29955,1
29956,0
29957,1
29958,0
29959,1
29960,0
29961,1
29962,0
29963,1
29964,1
29965,0
29966,1
29967,0
29968,0
29969,1
29970,0
29971,0
29972,1
29973,1
29974,0
29975,1
29976,1
29977,1
29978,0
29979,0
29980,0
29981,1
29982,1
29983,0
29984,0
29985,0
29986,0
29987,1
29988,1
29989,0
29990,0
29991,0
29992,0
29993,0
29994,0
29995,0
29996,0
29997,0
29998,1
29999,1
30000,1
30001,0
30002,0
30003,0
30004,1
30005,1
30006,0
30007,0
30008,0
30009,0
30010,0
30011,0
30012,1
30013,0
30014,0
30015,0
30016,0
30017,0
30018,1
30019,0
30020,0
30021,0
30022,0
30023,1
30024,1
30025,1
30026,0
30027,1
30028,0
30029,1
30030,0
30031,0
30032,1
30033,0
30034,0
30035,1
30036,0
30037,1
30038,0
30039,0
30040,0
30041,0
30042,1
30043,1
30044,0
30045,0
30046,0
30047,1
30048,0
30049,0
30050,0
30051,0
30052,0
30053,0
30054,1
30055,1
30056,1
30057,0
30058,1
30059,0
30060,1
30061,0
30062,0
30063,0
30064,0
30065,0
30066,0
30067,0
30068,1
30069,1
30070,0
30071,0
30072,0
30073,0
30074,0
30075,1
30076,0
30077,0
30078,1
30079,0
30080,0
30081,0
30082,0
30083,1
30084,0
30085,1
30086,1
30087,0
30088,1
30089,1
30090,0
30091,0
30092,1
30093,0
30094,0
30095,0
30096,1
30097,1
30098,0
30099,0
30100,0
30101,0
30102,0
30103,0
30104,0
30105,0
30106,0
30107,0
30108,0
30109,1
30110,0
30111,1
30112,0
30113,1
30114,0
30115,0
30116,0
30117,0
30118,0
30119,1
30120,0
30121,0
30122,1
30123,0
30124,1
30125,1
30126,0
30127,1
30128,0
30129,1
30130,0
30131,1
30132,0
30133,0
30134,1
30135,0
30136,0
30137,0
30138,0
30139,0
30140,0
30141,1
30142,1
30143,1
30144,0
30145,1
30146,0
30147,1
30148,0
30149,0
30150,1
30151,0
30152,0
30153,1
30154,1
30155,0
30156,1
30157,0
30158,0
30159,0
30160,0
30161,1
30162,1
30163,0
30164,1
30165,0
30166,0
30167,0
30168,1
30169,0
30170,0
30171,0
30172,1
30173,0
30174,0
30175,1
30176,0
30177,0
30178,0
30179,0
30180,0
30181,0
30182,0
30183,0
30184,1
30185,0
30186,0
30187,1
30188,0
30189,0
30190,1
30191,0
30192,0
30193,0
30194,0
30195,0
30196,0
30197,0
30198,1
30199,0
30200,1
30201,0
30202,0
30203,0
30204,0
30205,0
30206,0
30207,1
30208,0
30209,1
30210,0
30211,0
30212,1
30213,1
30214,0
30215,0
30216,1
30217,1
30218,0
30219,0
30220,0
30221,1
30222,1
30223,0
30224,0
30225,0
30226,1
30227,0
30228,0
30229,0
30230,0
30231,0
30232,0
30233,0
30234,1
30235,0
30236,0
30237,1
30238,1
30239,0
30240,0
30241,0
30242,0
30243,1
30244,0
30245,0
30246,0
30247,1
30248,0
30249,1
30250,0
30251,0
30252,1
30253,0
30254,1
30255,1
30256,1
30257,1
30258,0
30259,1
30260,0
30261,0
30262,1
30263,0
30264,0
30265,0
30266,1
30267,0
30268,1
30269,1
30270,0
30271,0
30272,0
30273,0
30274,1
30275,0
30276,0
30277,0
30278,1
30279,1
30280,1
30281,0
30282,0
30283,0
30284,0
30285,0
30286,1
30287,0
30288,0
30289,0
30290,0
30291,0
30292,0
30293,0
30294,0
30295,0
30296,0
30297,0
30298,1
30299,1
30300,0
30301,0
30302,1
30303,1
30304,1
30305,0
30306,0
30307,0
30308,0
30309,0
30310,1
30311,1
30312,1
30313,0
30314,1
30315,1
30316,0
30317,0
30318,0
30319,1
30320,0
30321,0
30322,0
30323,0
30324,1
30325,0
30326,0
30327,0
30328,0
30329,1
30330,0
30331,0
30332,1
30333,0
30334,0
30335,0
30336,0
30337,1
30338,0
30339,1
30340,1
30341,0
30342,0
30343,1
30344,0
30345,0
30346,0
30347,0
30348,0
30349,0
30350,0
30351,0
30352,1
30353,0
30354,1
30355,1
30356,0
30357,0
30358,0
30359,0
30360,1
30361,0
30362,1
30363,1
30364,0
30365,0
30366,0
30367,0
30368,1
30369,0
30370,0
30371,0
30372,0
30373,0
30374,1
30375,0
30376,0
30377,0
30378,1
30379,0
30380,1
30381,1
30382,1
30383,0
30384,0
30385,0
30386,0
30387,0
30388,1
30389,0
30390,0
30391,0
30392,1
30393,0
30394,0
30395,0
30396,0
30397,0
30398,0
30399,0
30400,0
30401,0
30402,1
30403,1
30404,0
30405,1
30406,0
30407,0
30408,0
30409,0
30410,1
30411,0
30412,1
30413,0
30414,1
30415,0
30416,1
30417,0
30418,0
30419,0
30420,0
30421,0
30422,0
30423,0
30424,0
30425,1
30426,0
30427,0
30428,1
30429,1
30430,0
30431,1
30432,1
30433,0
30434,0
30435,1
30436,0
30437,1
30438,0
30439,0
30440,0
30441,0
30442,0
30443,0
30444,1
30445,1
30446,0
30447,1
30448,1
30449,1
30450,0
30451,0
30452,1
30453,0
30454,0
30455,0
30456,0
30457,0
30458,1
30459,1
30460,0
30461,1
30462,0
30463,1
30464,0
30465,1
30466,0
30467,1
30468,0
30469,1
30470,0
30471,0
30472,1
30473,0
30474,0
30475,0
30476,0
30477,0
30478,0
30479,1
30480,1
30481,0
30482,1
30483,1
30484,0
30485,1
30486,0
30487,0
30488,0
30489,1
30490,0
30491,1
30492,1
30493,1
30494,0
30495,1
30496,0
30497,1
30498,0
30499,1
30500,1
30501,1
30502,0
30503,0
30504,0
30505,0
30506,0
30507,0
30508,0
30509,1
30510,1
30511,1
30512,0
30513,1
30514,0
30515,0
30516,1
30517,1
30518,0
30519,0
30520,0
30521,0
30522,0
30523,0
30524,0
30525,0
30526,0
30527,1
30528,0
30529,1
30530,0
30531,0
30532,1
30533,0
30534,1
30535,0
30536,0
30537,0
30538,1
30539,0
30540,1
30541,0
30542,0
30543,0
30544,0
30545,0
30546,0
30547,0
30548,0
30549,0
30550,0
30551,0
30552,0
30553,0
30554,0
30555,0
30556,0
30557,1
30558,0
30559,0
30560,1
30561,1
30562,0
30563,0
30564,0
30565,0
30566,0
30567,0
30568,0
30569,0
30570,1
30571,0
30572,0
30573,0
30574,1
30575,0
30576,0
30577,1
30578,0
30579,1
30580,1
30581,1
30582,0
30583,0
30584,0
30585,0
30586,0
30587,1
30588,1
30589,0
30590,0
30591,0
30592,0
30593,1
30594,0
30595,0
30596,0
30597,0
30598,1
30599,1
30600,1
30601,0
30602,0
30603,0
30604,0
30605,0
30606,1
30607,0
30608,0
30609,0
30610,0
30611,0
30612,0
30613,0
30614,0
30615,0
30616,1
30617,0
30618,0
30619,0
30620,0
30621,1
30622,0
30623,0
30624,0
30625,1
30626,1
30627,0
30628,1
30629,1
30630,0
30631,0
30632,0
30633,0
30634,1
30635,0
30636,1
30637,1
30638,0
30639,1
30640,0
30641,1
30642,0
30643,0
30644,0
30645,0
30646,0
30647,0
30648,1
30649,1
30650,0
30651,0
30652,1
30653,0
30654,0
30655,0
30656,0
30657,0
30658,0
30659,1
30660,0
30661,0
30662,0
30663,1
30664,0
30665,0
30666,1
30667,1
30668,0
30669,1
30670,0
30671,1
30672,1
30673,0
30674,0
30675,0
30676,0
30677,0
30678,0
30679,0
30680,0
30681,0
30682,1
30683,0
30684,1
30685,1
30686,0
30687,0
30688,1
30689,0
30690,0
30691,0
30692,1
30693,0
30694,0
30695,0
30696,0
30697,1
30698,0
30699,0
30700,0
30701,0
30702,0
30703,0
30704,1
30705,1
30706,0
30707,1
30708,0
30709,0
30710,0
30711,0
30712,0
30713,1
30714,0
30715,0
30716,1
30717,1
30718,0
30719,0
30720,0
30721,1
30722,1
30723,0
30724,1
30725,0
30726,0
30727,0
30728,0
30729,0
30730,0
30731,0
30732,0
30733,0
30734,0
30735,0
30736,0
30737,0
30738,0
30739,0
30740,0
30741,0
30742,0
30743,1
30744,1
30745,0
30746,0
30747,0
30748,0
30749,0
30750,0
30751,1
30752,0
30753,0
30754,0
30755,0
30756,0
30757,1
30758,0
30759,1
30760,1
30761,0
30762,1
30763,0
30764,1
30765,1
30766,0
30767,1
30768,0
30769,0
30770,1
30771,0
30772,1
30773,1
30774,0
30775,0
30776,1
30777,0
30778,1
30779,1
30780,0
30781,0
30782,0
30783,0
30784,0
30785,1
30786,1
30787,0
30788,1
30789,0
30790,0
30791,0
30792,0
30793,0
30794,1
30795,0
30796,1
30797,0
30798,1
30799,0
30800,0
30801,1
30802,0
30803,0
30804,0
30805,0
30806,0
30807,1
30808,0
30809,0
30810,0
30811,1
30812,0
30813,0
30814,0
30815,0
30816,0
30817,0
30818,1
30819,0
30820,0
30821,0
30822,0
30823,0
30824,1
30825,0
30826,0
30827,1
30828,1
30829,0
30830,0
30831,0
30832,0
30833,1
30834,0
30835,0
30836,0
30837,0
30838,0
30839,1
30840,0
30841,0
30842,0
30843,0
30844,0
30845,0
30846,1
30847,1
30848,1
30849,0
30850,1
30851,0
30852,0
30853,0
30854,1
30855,1
30856,0
30857,1
30858,0
30859,0
30860,1
30861,0
30862,0
30863,0
30864,0
30865,1
30866,0
30867,1
30868,0
30869,0
30870,0
30871,0
30872,1
30873,0
30874,0
30875,1
30876,1
30877,0
30878,1
30879,0
30880,1
30881,0
30882,0
30883,1
30884,1
30885,0
30886,0
30887,0
30888,1
30889,1
30890,1
30891,0
30892,0
30893,1
30894,0
30895,0
30896,0
30897,0
30898,1
30899,0
30900,0
30901,0
30902,0
30903,0
30904,0
30905,1
30906,1
30907,1
30908,1
30909,0
30910,0
30911,0
30912,0
30913,1
30914,1
30915,0
30916,0
30917,0
30918,0
30919,1
30920,1
30921,0
30922,0
30923,1
30924,0
30925,0
30926,0
30927,1
30928,1
30929,1
30930,0
30931,0
30932,0
30933,0
30934,0
30935,0
30936,0
30937,1
30938,1
30939,0
30940,0
30941,0
30942,1
30943,0
30944,0
30945,0
30946,0
30947,0
30948,0
30949,0
30950,0
30951,0
30952,0
30953,0
30954,0
30955,1
30956,0
30957,0
30958,1
30959,0
30960,0
30961,0
30962,0
30963,0
30964,1
30965,0
30966,0
30967,0
30968,1
30969,0
30970,1
30971,1
30972,0
30973,0
30974,0
30975,1
30976,0
30977,0
30978,1
30979,0
30980,0
30981,1
30982,1
30983,0
30984,0
30985,0
30986,0
30987,1
30988,1
30989,0
30990,0
30991,0
30992,0
30993,0
30994,0
30995,0
30996,0
30997,0
30998,0
30999,0
31000,0
31001,0
31002,0
31003,0
31004,1
31005,0
31006,0
31007,0
31008,0
31009,0
31010,0
31011,0
31012,0
31013,1
31014,0
31015,0
31016,0
31017,0
31018,1
31019,0
31020,1
31021,0
31022,0
31023,1
31024,0
31025,0
31026,0
31027,1
31028,0
31029,0
31030,0
31031,0
31032,0
31033,0
31034,0
31035,0
31036,1
31037,0
31038,0
31039,0
31040,0
31041,0
31042,0
31043,1
31044,0
31045,1
31046,0
31047,0
31048,1
31049,0
31050,0
31051,1
31052,1
31053,1
31054,0
31055,1
31056,0
31057,1
31058,0
31059,0
31060,0
31061,0
31062,0
31063,0
31064,0
31065,0
31066,1
31067,0
31068,0
31069,0
31070,1
31071,1
31072,1
31073,0
31074,0
31075,0
31076,0
31077,0
31078,1
31079,1
31080,1
31081,0
31082,0
31083,0
31084,0
31085,1
31086,0
31087,0
31088,0
31089,0
31090,0
31091,0
31092,0
31093,0
31094,0
31095,0
31096,0
31097,0
31098,0
31099,0
31100,1
31101,0
31102,1
31103,0
31104,1
31105,0
31106,0
31107,0
31108,0
31109,0
31110,1
31111,1
31112,0
31113,1
31114,0
31115,1
31116,1
31117,0
31118,0
31119,0
31120,1
31121,1
31122,1
31123,0
31124,0
31125,0
31126,1
31127,1
31128,0
31129,0
31130,0
31131,0
31132,1
31133,0
31134,0
31135,0
31136,1
31137,0
31138,0
31139,1
31140,0
31141,1
31142,0
31143,1
31144,0
31145,1
31146,0
31147,0
31148,0
31149,0
31150,1
31151,0
31152,1
31153,0
31154,0
31155,0
31156,0
31157,0
31158,0
31159,1
31160,0
31161,0
31162,1
31163,1
31164,0
31165,1
31166,1
31167,1
31168,0
31169,0
31170,0
31171,0
31172,0
31173,1
31174,0
31175,0
31176,0
31177,1
31178,0
31179,1
31180,0
31181,0
31182,0
31183,0
31184,0
31185,1
31186,0
31187,0
31188,0
31189,0
31190,1
31191,0
31192,1
31193,0
31194,1
31195,0
31196,1
31197,0
31198,1
31199,0
31200,0
31201,1
31202,0
31203,0
31204,0
31205,0
31206,1
31207,0
31208,0
31209,0
31210,1
31211,0
31212,1
31213,0
31214,0
31215,0
31216,0
31217,0
31218,0
31219,0
31220,0
31221,0
31222,0
31223,1
31224,0
31225,0
31226,0
31227,1
31228,1
31229,1
31230,0
31231,0
31232,0
31233,0
31234,0
31235,0
31236,0
31237,0
31238,0
31239,0
31240,0
31241,1
31242,0
31243,1
31244,0
31245,0
31246,0
31247,0
31248,0
31249,0
31250,0
31251,0
31252,0
31253,0
31254,0
31255,0
31256,0
31257,0
31258,0
31259,0
31260,0
31261,0
31262,1
31263,1
31264,0
31265,0
31266,1
31267,0
31268,0
31269,0
31270,1
31271,1
31272,0
31273,0
31274,0
31275,0
31276,1
31277,0
31278,0
31279,0
31280,1
31281,0
31282,0
31283,0
31284,1
31285,0
31286,0
31287,0
31288,1
31289,0
31290,0
31291,1
31292,1
31293,1
31294,1
31295,0
31296,0
31297,0
31298,1
31299,0
31300,1
31301,0
31302,0
31303,0
31304,0
31305,0
31306,0
31307,0
31308,1
31309,0
31310,0
31311,0
31312,0
31313,0
31314,1
31315,1
31316,1
31317,0
31318,0
31319,1
31320,1
31321,1
31322,0
31323,1
31324,1
31325,1
31326,0
31327,0
31328,0
31329,0
31330,0
31331,0
31332,1
31333,0
31334,0
31335,1
31336,0
31337,1
31338,1
31339,1
31340,1
31341,0
31342,0
31343,0
31344,1
31345,1
31346,1
31347,1
31348,0
31349,1
31350,0
31351,0
31352,0
31353,1
31354,0
31355,0
31356,0
31357,0
31358,1
31359,1
31360,1
31361,1
31362,0
31363,0
31364,1
31365,0
31366,1
31367,1
31368,1
31369,0
31370,0
31371,1
31372,1
31373,0
31374,0
31375,0
31376,0
31377,0
31378,1
31379,0
31380,0
31381,0
31382,1
31383,0
31384,0
31385,0
31386,0
31387,0
31388,0
31389,0
31390,1
31391,0
31392,0
31393,1
31394,0
31395,0
31396,0
31397,0
31398,0
31399,0
31400,0
31401,0
31402,1
31403,0
31404,0
31405,1
31406,0
31407,1
31408,1
31409,0
31410,0
31411,0
31412,0
31413,0
31414,0
31415,0
31416,0
31417,1
31418,0
31419,0
31420,0
31421,0
31422,0
31423,0
31424,0
31425,0
31426,0
31427,0
31428,1
31429,1
31430,0
31431,0
31432,0
31433,0
31434,1
31435,1
31436,0
31437,0
31438,1
31439,0
31440,0
31441,0
31442,0
31443,0
31444,0
31445,0
31446,0
31447,0
31448,0
31449,0
31450,1
31451,1
31452,1
31453,1
31454,0
31455,0
31456,0
31457,0
31458,1
31459,0
31460,0
31461,0
31462,0
31463,0
31464,0
31465,0
31466,1
31467,0
31468,0
31469,1
31470,0
31471,0
31472,0
31473,0
31474,0
31475,0
31476,0
31477,1
31478,0
31479,0
31480,0
31481,0
31482,0
31483,1
31484,1
31485,0
31486,0
31487,0
31488,0
31489,1
31490,0
31491,0
31492,0
31493,1
31494,0
31495,1
31496,0
31497,0
31498,0
31499,0
31500,0
31501,0
31502,0
31503,0
31504,0
31505,0
31506,0
31507,0
31508,0
31509,0
31510,1
31511,0
31512,1
31513,0
31514,1
31515,1
31516,0
31517,0
31518,0
31519,0
31520,0
31521,0
31522,1
31523,0
31524,0
31525,0
31526,1
31527,0
31528,0
31529,0
31530,1
31531,0
31532,1
31533,0
31534,0
31535,1
31536,0
31537,1
31538,1
31539,0
31540,0
31541,1
31542,0
31543,0
31544,0
31545,1
31546,1
31547,0
31548,1
31549,1
31550,0
31551,0
31552,0
31553,1
31554,1
31555,1
31556,0
31557,1
31558,1
31559,0
31560,0
31561,1
31562,0
31563,0
31564,0
31565,0
31566,0
31567,0
31568,1
31569,1
31570,0
31571,0
31572,0
31573,0
31574,0
31575,0
31576,0
31577,0
31578,1
31579,0
31580,1
31581,0
31582,0
31583,1
31584,0
31585,0
31586,0
31587,0
31588,0
31589,0
31590,0
31591,0
31592,0
31593,0
31594,0
31595,0
31596,0
31597,1
31598,1
31599,0
31600,0
31601,0
31602,1
31603,0
31604,1
31605,0
31606,1
31607,1
31608,0
31609,0
31610,1
31611,0
31612,1
31613,0
31614,0
31615,0
31616,0
31617,0
31618,0
31619,0
31620,0
31621,1
31622,1
31623,0
31624,0
31625,0
31626,0
31627,1
31628,1
31629,0
31630,0
31631,0
31632,0
31633,0
31634,0
31635,0
31636,0
31637,1
31638,1
31639,1
31640,0
31641,1
31642,0
31643,0
31644,0
31645,0
31646,0
31647,1
31648,0
31649,1
31650,0
31651,0
31652,0
31653,0
31654,0
31655,0
31656,0
31657,1
31658,1
31659,1
31660,1
31661,1
31662,0
31663,0
31664,0
31665,0
31666,0
31667,1
31668,0
31669,0
31670,0
31671,1
31672,0
31673,0
31674,0
31675,0
31676,0
31677,0
31678,0
31679,0
31680,0
31681,0
31682,1
31683,0
31684,1
31685,1
31686,0
31687,0
31688,0
31689,0
31690,0
31691,0
31692,0
31693,1
31694,1
31695,1
31696,0
31697,1
31698,0
31699,0
31700,0
31701,0
31702,0
31703,0
31704,1
31705,0
31706,1
31707,0
31708,0
31709,0
31710,0
31711,0
31712,0
31713,0
31714,0
31715,0
31716,0
31717,1
31718,0
31719,0
31720,0
31721,1
31722,0
31723,1
31724,0
31725,0
31726,0
31727,1
31728,0
31729,0
31730,0
31731,1
31732,0
31733,0
31734,0
31735,0
31736,0
31737,1
31738,1
31739,1
31740,0
31741,1
31742,1
31743,0
31744,0
31745,0
31746,1
31747,0
31748,0
31749,0
31750,1
31751,0
31752,0
31753,0
31754,0
31755,0
31756,1
31757,1
31758,0
31759,1
31760,0
31761,0
31762,0
31763,1
31764,0
31765,0
31766,1
31767,0
31768,0
31769,0
31770,1
31771,0
31772,0
31773,1
31774,0
31775,0
31776,0
31777,0
31778,0
31779,1
31780,0
31781,0
31782,0
31783,0
31784,0
31785,0
31786,0
31787,1
31788,0
31789,1
31790,0
31791,0
31792,0
31793,1
31794,0
31795,0
31796,1
31797,0
31798,0
31799,0
31800,1
31801,0
31802,1
31803,0
31804,1
31805,1
31806,0
31807,1
31808,0
31809,0
31810,0
31811,0
31812,1
31813,0
31814,0
31815,0
31816,0
31817,0
31818,0
31819,0
31820,0
31821,0
31822,0
31823,0
31824,0
31825,0
31826,0
31827,1
31828,1
31829,0
31830,0
31831,0
31832,0
31833,0
31834,0
31835,0
31836,1
31837,0
31838,1
31839,0
31840,0
31841,0
31842,0
31843,1
31844,0
31845,1
31846,1
31847,1
31848,0
31849,0
31850,0
31851,0
31852,1
31853,0
31854,0
31855,1
31856,1
31857,0
31858,0
31859,1
31860,0
31861,0
31862,0
31863,1
31864,0
31865,1
31866,0
31867,0
31868,0
31869,0
31870,0
31871,0
31872,0
31873,0
31874,0
31875,0
31876,1
31877,0
31878,1
31879,0
31880,0
31881,0
31882,0
31883,1
31884,0
31885,0
31886,0
31887,1
31888,1
31889,0
31890,1
31891,0
31892,0
31893,0
31894,0
31895,0
31896,1
31897,0
31898,0
31899,0
31900,1
31901,0
31902,0
31903,1
31904,0
31905,0
31906,0
31907,0
31908,1
31909,0
31910,1
31911,0
31912,0
31913,0
31914,0
31915,1
31916,0
31917,1
31918,1
31919,0
31920,0
31921,1
31922,1
31923,1
31924,0
31925,1
31926,0
31927,0
31928,0
31929,0
31930,0
31931,1
31932,1
31933,0
31934,0
31935,1
31936,0
31937,0
31938,0
31939,1
31940,0
31941,0
31942,1
31943,0
31944,0
31945,0
31946,1
31947,0
31948,0
31949,1
31950,1
31951,0
31952,0
31953,0
31954,0
31955,1
31956,1
31957,0
31958,0
31959,1
31960,1
31961,1
31962,1
31963,0
31964,0
31965,0
31966,0
31967,0
31968,0
31969,0
31970,1
31971,0
31972,0
31973,0
31974,1
31975,0
31976,0
31977,0
31978,0
31979,0
31980,1
31981,1
31982,0
31983,1
31984,1
31985,1
31986,0
31987,0
31988,0
31989,1
31990,0
31991,0
31992,0
31993,0
31994,0
31995,0
31996,0
31997,0
31998,0
31999,0
32000,0
32001,0
32002,0
32003,0
32004,0
32005,0
32006,0
32007,1
32008,0
32009,1
32010,0
32011,1
32012,1
32013,0
32014,1
32015,0
32016,1
32017,0
32018,0
32019,0
32020,0
32021,0
32022,1
32023,1
32024,0
32025,1
32026,1
32027,1
32028,0
32029,1
32030,0
32031,1
32032,0
32033,1
32034,0
32035,1
32036,1
32037,0
32038,0
32039,0
32040,0
32041,0
32042,0
32043,0
32044,0
32045,0
32046,0
32047,0
32048,0
32049,0
32050,0
32051,1
32052,0
32053,0
32054,1
32055,0
32056,1
32057,0
32058,0
32059,1
32060,0
32061,0
32062,1
32063,0
32064,0
32065,0
32066,0
32067,0
32068,1
32069,0
32070,1
32071,1
32072,1
32073,0
32074,0
32075,0
32076,0
32077,0
32078,0
32079,1
32080,0
32081,1
32082,0
32083,1
32084,0
32085,1
32086,0
32087,0
32088,1
32089,0
32090,1
32091,0
32092,1
32093,0
32094,0
32095,0
32096,1
32097,0
32098,0
32099,1
32100,0
32101,0
32102,0
32103,0
32104,0
32105,0
32106,0
32107,0
32108,0
32109,0
32110,0
32111,0
32112,0
32113,1
32114,0
32115,0
32116,1
32117,0
32118,1
32119,0
32120,1
32121,0
32122,0
32123,1
32124,0
32125,0
32126,0
32127,0
32128,1
32129,0
32130,0
32131,0
32132,0
32133,1
32134,1
32135,0
32136,0
32137,1
32138,0
32139,1
32140,0
32141,1
32142,0
32143,0
32144,0
32145,0
32146,1
32147,0
32148,1
32149,1
32150,1
32151,1
32152,0
32153,0
32154,1
32155,0
32156,0
32157,1
32158,0
32159,1
32160,0
32161,0
32162,1
32163,0
32164,0
32165,0
32166,1
32167,1
32168,0
32169,1
32170,0
32171,1
32172,1
32173,0
32174,1
32175,1
32176,0
32177,1
32178,0
32179,0
32180,0
32181,1
32182,0
32183,1
32184,0
32185,1
32186,1
32187,1
32188,0
32189,0
32190,0
32191,0
32192,1
32193,1
32194,1
32195,0
32196,1
32197,1
32198,0
32199,0
32200,0
32201,0
32202,0
32203,1
32204,1
32205,0
32206,0
32207,0
32208,0
32209,0
32210,1
32211,0
32212,0
32213,0
32214,0
32215,0
32216,0
32217,0
32218,1
32219,0
32220,1
32221,0
32222,0
32223,0
32224,0
32225,0
32226,1
32227,0
32228,1
32229,0
32230,0
32231,0
32232,0
32233,0
32234,1
32235,0
32236,0
32237,0
32238,0
32239,0
32240,0
32241,1
32242,1
32243,0
32244,0
32245,1
32246,1
32247,0
32248,0
32249,0
32250,1
32251,0
32252,1
32253,0
32254,0
32255,1
32256,0
32257,0
32258,0
32259,0
32260,0
32261,0
32262,0
32263,0
32264,1
32265,0
32266,0
32267,0
32268,0
32269,1
32270,0
32271,1
32272,0
32273,0
32274,0
32275,0
32276,0
32277,0
32278,0
32279,0
32280,0
32281,0
32282,1
32283,0
32284,0
32285,0
32286,1
32287,0
32288,0
32289,1
32290,0
32291,0
32292,1
32293,1
32294,0
32295,1
32296,0
32297,1
32298,1
32299,0
32300,0
32301,0
32302,1
32303,0
32304,0
32305,0
32306,0
32307,0
32308,0
32309,0
32310,1
32311,0
32312,1
32313,1
32314,0
32315,0
32316,0
32317,1
32318,1
32319,1
32320,0
32321,1
32322,1
32323,1
32324,1
32325,0
32326,0
32327,0
32328,0
32329,0
32330,0
32331,0
32332,0
32333,0
32334,0
32335,1
32336,0
32337,0
32338,1
32339,0
32340,0
32341,0
32342,0
32343,0
32344,0
32345,0
32346,1
32347,1
32348,0
32349,0
32350,0
32351,0
32352,1
32353,0
32354,0
32355,0
32356,0
32357,0
32358,0
32359,0
32360,0
32361,1
32362,0
32363,1
32364,0
32365,0
32366,0
32367,0
32368,0
32369,1
32370,0
32371,0
32372,1
32373,1
32374,0
32375,0
32376,0
32377,1
32378,0
32379,0
32380,0
32381,1
32382,0
32383,0
32384,0
32385,1
32386,0
32387,1
32388,0
32389,0
32390,0
32391,0
32392,0
32393,0
32394,0
32395,1
32396,0
32397,0
32398,0
32399,0
32400,1
32401,1
32402,0
32403,0
32404,1
32405,1
32406,0
32407,0
32408,1
32409,0
32410,1
32411,0
32412,1
32413,0
32414,0
32415,0
32416,1
32417,0
32418,0
32419,1
32420,0
32421,0
32422,1
32423,0
32424,1
32425,0
32426,1
32427,0
32428,0
32429,0
32430,0
32431,0
32432,0
32433,0
32434,0
32435,0
32436,0
32437,0
32438,0
32439,0
32440,0
32441,0
32442,0
32443,1
32444,0
32445,1
32446,0
32447,0
32448,0
32449,0
32450,0
32451,0
32452,0
32453,0
32454,1
32455,0
32456,1
32457,0
32458,0
32459,0
32460,0
32461,1
32462,0
32463,0
32464,1
32465,0
32466,1
32467,1
32468,1
32469,0
32470,0
32471,1
32472,1
32473,0
32474,1
32475,0
32476,0
32477,0
32478,1
32479,1
32480,1
32481,1
32482,0
32483,1
32484,0
32485,1
32486,1
32487,0
32488,0
32489,0
32490,1
32491,0
32492,0
32493,1
32494,0
32495,0
32496,1
32497,0
32498,0
32499,0
32500,0
32501,0
32502,0
32503,0
32504,1
32505,0
32506,0
32507,0
32508,0
32509,0
32510,0
32511,0
32512,1
32513,1
32514,1
32515,0
32516,0
32517,0
32518,0
32519,1
32520,0
32521,1
32522,0
32523,0
32524,1
32525,0
32526,0
32527,0
32528,0
32529,0
32530,0
32531,0
32532,1
32533,1
32534,0
32535,1
32536,1
32537,0
32538,0
32539,0
32540,0
32541,1
32542,1
32543,0
32544,0
32545,0
32546,1
32547,0
32548,0
32549,0
32550,0
32551,0
32552,1
32553,0
32554,0
32555,0
32556,0
32557,1
32558,1
32559,0
32560,0
32561,0
32562,0
32563,1
32564,0
32565,1
32566,0
32567,0
32568,0
32569,1
32570,1
32571,0
32572,0
32573,1
32574,1
32575,0
32576,1
32577,0
32578,0
32579,1
32580,0
32581,0
32582,0
32583,0
32584,1
32585,0
32586,0
32587,0
32588,0
32589,0
32590,1
32591,0
32592,0
32593,0
32594,0
32595,0
32596,0
32597,1
32598,0
32599,0
32600,0
32601,0
32602,0
32603,0
32604,0
32605,0
32606,0
32607,0
32608,0
32609,1
32610,0
32611,1
32612,0
32613,0
32614,1
32615,1
32616,1
32617,0
32618,0
32619,1
32620,1
32621,0
32622,1
32623,0
32624,0
32625,0
32626,0
32627,1
32628,0
32629,0
32630,1
32631,0
32632,1
32633,0
32634,0
32635,0
32636,0
32637,0
32638,0
32639,1
32640,0
32641,1
32642,1
32643,0
32644,1
32645,0
32646,0
32647,0
32648,0
32649,0
32650,0
32651,0
32652,0
32653,0
32654,0
32655,1
32656,0
32657,0
32658,0
32659,0
32660,1
32661,1
32662,1
32663,0
32664,0
32665,0
32666,1
32667,0
32668,0
32669,0
32670,0
32671,0
32672,0
32673,1
32674,0
32675,0
32676,1
32677,1
32678,1
32679,0
32680,0
32681,0
32682,0
32683,0
32684,0
32685,0
32686,0
32687,0
32688,1
32689,0
32690,0
32691,0
32692,0
32693,0
32694,0
32695,0
32696,0
32697,0
32698,0
32699,0
32700,0
32701,0
32702,1
32703,0
32704,0
32705,0
32706,0
32707,0
32708,1
32709,0
32710,0
32711,1
32712,1
32713,1
32714,0
32715,0
32716,0
32717,0
32718,0
32719,0
32720,1
32721,0
32722,0
32723,1
32724,0
32725,0
32726,0
32727,0
32728,1
32729,0
32730,1
32731,1
32732,0
32733,1
32734,0
32735,0
32736,0
32737,0
32738,0
32739,0
32740,0
32741,0
32742,0
32743,0
32744,0
32745,1
32746,0
32747,0
32748,0
32749,1
32750,0
32751,0
32752,0
32753,0
32754,0
32755,1
32756,0
32757,0
32758,0
32759,0
32760,0
32761,0
32762,1
32763,1
32764,0
32765,1
32766,1
32767,0
32768,0
32769,0
32770,1
32771,0
32772,1
32773,0
32774,0
32775,1
32776,1
32777,1
32778,0
32779,0
32780,0
32781,0
32782,0
32783,0
32784,0
32785,0
32786,1
32787,0
32788,0
32789,1
32790,0
32791,1
32792,0
32793,1
32794,0
32795,1
32796,0
32797,0
32798,1
32799,0
32800,0
32801,1
32802,0
32803,1
32804,1
32805,1
32806,0
32807,1
32808,1
32809,0
32810,1
32811,0
32812,0
32813,0
32814,1
32815,0
32816,0
32817,0
32818,1
32819,0
32820,0
32821,0
32822,0
32823,0
32824,1
32825,1
32826,0
32827,0
32828,0
32829,1
32830,1
32831,1
32832,1
32833,0
32834,0
32835,0
32836,0
32837,0
32838,0
32839,0
32840,0
32841,0
32842,0
32843,0
32844,1
32845,0
32846,0
32847,0
32848,0
32849,0
32850,0
32851,0
32852,0
32853,1
32854,0
32855,1
32856,0
32857,0
32858,0
32859,1
32860,1
32861,0
32862,0
32863,0
32864,0
32865,0
32866,0
32867,0
32868,0
32869,0
32870,0
32871,0
32872,0
32873,0
32874,0
32875,1
32876,0
32877,0
32878,0
32879,0
32880,0
32881,0
32882,0
32883,1
32884,1
32885,0
32886,1
32887,1
32888,1
32889,0
32890,1
32891,0
32892,1
32893,0
32894,1
32895,0
32896,0
32897,0
32898,0
32899,0
32900,0
32901,0
32902,1
32903,0
32904,0
32905,0
32906,0
32907,0
32908,1
32909,0
32910,0
32911,0
32912,0
32913,0
32914,1
32915,0
32916,0
32917,0
32918,1
32919,0
32920,0
32921,0
32922,0
32923,1
32924,0
32925,0
32926,1
32927,0
32928,1
32929,0
32930,1
32931,0
32932,1
32933,0
32934,1
32935,1
32936,0
32937,0
32938,0
32939,0
32940,0
32941,0
32942,0
32943,0
32944,1
32945,0
32946,0
32947,0
32948,0
32949,1
32950,0
32951,1
32952,0
32953,0
32954,1
32955,1
32956,1
32957,0
32958,0
32959,0
32960,0
32961,0
32962,0
32963,1
32964,0
32965,1
32966,0
32967,0
32968,0
32969,0
32970,1
32971,0
32972,1
32973,0
32974,0
32975,1
32976,0
32977,1
32978,0
32979,1
32980,1
32981,0
32982,0
32983,0
32984,0
32985,0
32986,1
32987,0
32988,0
32989,0
32990,0
32991,0
32992,1
32993,0
32994,1
32995,1
32996,0
32997,0
32998,1
32999,1
33000,0
33001,0
33002,1
33003,0
33004,0
33005,0
33006,0
33007,1
33008,0
33009,0
33010,0
33011,0
33012,0
33013,0
33014,0
33015,1
33016,0
33017,1
33018,1
33019,0
33020,0
33021,1
33022,0
33023,0
33024,1
33025,0
33026,0
33027,0
33028,0
33029,1
33030,0
33031,0
33032,1
33033,0
33034,1
33035,0
33036,0
33037,0
33038,0
33039,0
33040,1
33041,1
33042,0
33043,0
33044,0
33045,0
33046,0
33047,0
33048,0
33049,0
33050,0
33051,0
33052,1
33053,0
33054,1
33055,1
33056,1
33057,1
33058,0
33059,0
33060,1
33061,0
33062,0
33063,0
33064,0
33065,0
33066,0
33067,0
33068,1
33069,1
33070,0
33071,0
33072,1
33073,0
33074,0
33075,1
33076,0
33077,1
33078,0
33079,0
33080,0
33081,0
33082,1
33083,1
33084,0
33085,1
33086,0
33087,0
33088,0
33089,1
33090,1
33091,0
33092,0
33093,0
33094,1
33095,1
33096,1
33097,1
33098,1
33099,0
33100,0
33101,0
33102,0
33103,0
33104,0
33105,0
33106,0
33107,1
33108,1
33109,1
33110,0
33111,0
33112,1
33113,0
33114,0
33115,1
33116,0
33117,0
33118,0
33119,1
33120,1
33121,0
33122,1
33123,0
33124,0
33125,1
33126,0
33127,0
33128,0
33129,0
33130,0
33131,0
33132,0
33133,0
33134,0
33135,0
33136,1
33137,0
33138,1
33139,0
33140,0
33141,1
33142,0
33143,0
33144,0
33145,0
33146,0
33147,0
33148,0
33149,0
33150,0
33151,0
33152,0
33153,0
33154,0
33155,0
33156,0
33157,0
33158,1
33159,0
33160,0
33161,0
33162,0
33163,0
33164,0
33165,0
33166,0
33167,0
33168,0
33169,0
33170,0
33171,1
33172,0
33173,0
33174,1
33175,1
33176,0
33177,1
33178,0
33179,0
33180,0
33181,1
33182,0
33183,1
33184,0
33185,1
33186,0
33187,0
33188,1
33189,0
33190,0
33191,0
33192,0
33193,0
33194,1
33195,0
33196,0
33197,0
33198,0
33199,0
33200,0
33201,0
33202,1
33203,0
33204,0
33205,0
33206,0
33207,1
33208,0
33209,0
33210,0
33211,0
33212,0
33213,0
33214,1
33215,1
33216,0
33217,1
33218,1
33219,0
33220,0
33221,0
33222,0
33223,0
33224,0
33225,0
33226,0
33227,0
33228,0
33229,0
33230,0
33231,0
33232,1
33233,0
33234,1
33235,0
33236,1
33237,0
33238,0
33239,1
33240,0
33241,0
33242,0
33243,0
33244,0
33245,1
33246,1
33247,0
33248,1
33249,0
33250,0
33251,0
33252,0
33253,0
33254,0
33255,0
33256,0
33257,1
33258,0
33259,0
33260,1
33261,0
33262,0
33263,1
33264,1
33265,0
33266,0
33267,0
33268,1
33269,1
33270,0
33271,0
33272,0
33273,0
33274,0
33275,0
33276,0
33277,0
33278,0
33279,0
33280,0
33281,0
33282,1
33283,1
33284,1
33285,1
33286,1
33287,0
33288,0
33289,0
33290,0
33291,1
33292,1
33293,0
33294,1
33295,0
33296,1
33297,0
33298,1
33299,0
33300,0
33301,1
33302,0
33303,0
33304,1
33305,0
33306,0
33307,0
33308,0
33309,0
33310,0
33311,1
33312,0
33313,1
33314,0
33315,1
33316,0
33317,1
33318,0
33319,1
33320,1
33321,1
33322,0
33323,1
33324,1
33325,0
33326,1
33327,0
33328,0
33329,0
33330,0
33331,1
33332,0
33333,1
33334,0
33335,0
33336,0
33337,0
33338,1
33339,0
33340,0
33341,0
33342,0
33343,0
33344,1
33345,1
33346,0
33347,0
33348,0
33349,0
33350,1
33351,0
33352,0
33353,1
33354,1
33355,1
33356,0
33357,1
33358,0
33359,1
33360,1
33361,0
33362,0
33363,0
33364,0
33365,0
33366,0
33367,0
33368,0
33369,0
33370,0
33371,1
33372,0
33373,0
33374,0
33375,0
33376,1
33377,1
33378,1
33379,0
33380,0
33381,0
33382,0
33383,0
33384,1
33385,0
33386,0
33387,1
33388,0
33389,0
33390,0
33391,1
33392,0
33393,1
33394,0
33395,0
33396,1
33397,0
33398,0
33399,0
33400,0
33401,0
33402,0
33403,0
33404,1
33405,0
33406,1
33407,0
33408,1
33409,1
33410,0
33411,0
33412,0
33413,0
33414,1
33415,0
33416,1
33417,0
33418,0
33419,0
33420,0
33421,0
33422,1
33423,0
33424,0
33425,0
33426,0
33427,1
33428,0
33429,0
33430,0
33431,0
33432,0
33433,1
33434,0
33435,0
33436,0
33437,0
33438,1
33439,0
33440,0
33441,1
33442,0
33443,0
33444,0
33445,0
33446,1
33447,0
33448,1
33449,0
33450,1
33451,1
33452,0
33453,1
33454,0
33455,0
33456,0
33457,0
33458,0
33459,0
33460,0
33461,0
33462,0
33463,0
33464,0
33465,0
33466,0
33467,0
33468,1
33469,1
33470,1
33471,0
33472,1
33473,0
33474,0
33475,0
33476,0
33477,0
33478,1
33479,0
33480,0
33481,1
33482,1
33483,1
33484,0
33485,0
33486,0
33487,0
33488,1
33489,1
33490,0
33491,0
33492,1
33493,1
33494,1
33495,0
33496,0
33497,0
33498,1
33499,0
33500,1
33501,0
33502,0
33503,0
33504,0
33505,0
33506,0
33507,0
33508,0
33509,1
33510,0
33511,1
33512,0
33513,1
33514,0
33515,1
33516,0
33517,1
33518,0
33519,0
33520,0
33521,0
33522,0
33523,0
33524,1
33525,0
33526,0
33527,0
33528,0
33529,0
33530,0
33531,0
33532,0
33533,0
33534,0
33535,1
33536,1
33537,1
33538,0
33539,0
33540,1
33541,0
33542,0
33543,0
33544,0
33545,1
33546,1
33547,1
33548,0
33549,0
33550,0
33551,0
33552,1
33553,0
33554,0
33555,0
33556,1
33557,0
33558,0
33559,0
33560,0
33561,0
33562,0
33563,0
33564,1
33565,0
33566,0
33567,1
33568,0
33569,0
33570,0
33571,0
33572,0
33573,0
33574,0
33575,0
33576,0
33577,1
33578,1
33579,1
33580,1
33581,1
33582,0
33583,0
33584,0
33585,1
33586,1
33587,1
33588,0
33589,1
33590,0
33591,1
33592,0
33593,0
33594,1
33595,1
33596,0
33597,0
33598,0
33599,1
33600,1
33601,0
33602,1
33603,0
33604,0
33605,0
33606,1
33607,1
33608,1
33609,0
33610,0
33611,0
33612,0
33613,1
33614,0
33615,0
33616,0
33617,1
33618,0
33619,1
33620,0
33621,0
33622,1
33623,0
33624,0
33625,1
33626,0
33627,0
33628,0
33629,1
33630,1
33631,0
33632,0
33633,0
33634,0
33635,0
33636,1
33637,0
33638,0
33639,1
33640,0
33641,0
33642,0
33643,1
33644,0
33645,0
33646,0
33647,0
33648,0
33649,1
33650,0
33651,1
33652,0
33653,1
33654,0
33655,1
33656,0
33657,0
33658,0
33659,0
33660,0
33661,0
33662,1
33663,0
33664,0
33665,0
33666,0
33667,1
33668,1
33669,1
33670,0
33671,0
33672,1
33673,0
33674,0
33675,0
33676,1
33677,0
33678,1
33679,1
33680,0
33681,0
33682,0
33683,0
33684,0
33685,0
33686,1
33687,1
33688,0
33689,0
33690,0
33691,1
33692,0
33693,0
33694,0
33695,0
33696,0
33697,1
33698,0
33699,0
33700,0
33701,1
33702,0
33703,0
33704,1
33705,0
33706,0
33707,1
33708,0
33709,1
33710,0
33711,1
33712,1
33713,1
33714,0
33715,0
33716,0
33717,0
33718,1
33719,1
33720,0
33721,0
33722,1
33723,1
33724,0
33725,1
33726,1
33727,0
33728,0
33729,1
33730,0
33731,1
33732,0
33733,0
33734,0
33735,0
33736,1
33737,0
33738,0
33739,1
33740,0
33741,1
33742,1
33743,0
33744,0
33745,0
33746,0
33747,1
33748,0
33749,0
33750,0
33751,0
33752,1
33753,0
33754,0
33755,0
33756,0
33757,1
33758,1
33759,1
33760,0
33761,0
33762,1
33763,0
33764,0
33765,1
33766,1
33767,0
33768,0
33769,0
33770,1
33771,1
33772,1
33773,0
33774,0
33775,0
33776,0
33777,0
33778,1
33779,1
33780,0
33781,1
33782,1
33783,0
33784,0
33785,0
33786,0
33787,0
33788,0
33789,0
33790,0
33791,1
33792,0
33793,0
33794,0
33795,0
33796,0
33797,0
33798,0
33799,0
33800,0
33801,0
33802,1
33803,1
33804,1
33805,0
33806,0
33807,1
33808,1
33809,0
33810,0
33811,0
33812,1
33813,0
33814,1
33815,1
33816,0
33817,1
33818,0
33819,0
33820,0
33821,1
33822,1
33823,0
33824,0
33825,1
33826,0
33827,0
33828,1
33829,0
33830,0
33831,1
33832,0
33833,1
33834,0
33835,1
33836,1
33837,1
33838,0
33839,0
33840,1
33841,1
33842,0
33843,0
33844,1
33845,0
33846,0
33847,1
33848,0
33849,1
33850,0
33851,1
33852,0
33853,0
33854,0
33855,0
33856,1
33857,0
33858,0
33859,0
33860,0
33861,1
33862,0
33863,0
33864,1
33865,1
33866,0
33867,1
33868,1
33869,1
33870,0
33871,0
33872,1
33873,1
33874,0
33875,0
33876,0
33877,0
33878,1
33879,1
33880,0
33881,0
33882,0
33883,0
33884,0
33885,1
33886,0
33887,0
33888,0
33889,0
33890,0
33891,0
33892,1
33893,0
33894,1
33895,0
33896,0
33897,0
33898,1
33899,0
33900,1
33901,1
33902,0
33903,0
33904,0
33905,0
33906,1
33907,0
33908,0
33909,0
33910,1
33911,0
33912,0
33913,0
33914,0
33915,1
33916,0
33917,0
33918,0
33919,0
33920,1
33921,0
33922,1
33923,1
33924,1
33925,1
33926,0
33927,0
33928,0
33929,0
33930,1
33931,1
33932,0
33933,1
33934,0
33935,1
33936,0
33937,0
33938,0
33939,1
33940,0
33941,0
33942,1
33943,1
33944,0
33945,1
33946,1
33947,0
33948,1
33949,0
33950,0
33951,0
33952,0
33953,0
33954,0
33955,1
33956,1
33957,1
33958,0
33959,0
33960,0
33961,0
33962,1
33963,0
33964,0
33965,0
33966,0
33967,1
33968,0
33969,0
33970,0
33971,0
33972,0
33973,1
33974,1
33975,0
33976,1
33977,1
33978,0
33979,1
33980,0
33981,0
33982,1
33983,0
33984,0
33985,0
33986,0
33987,0
33988,0
33989,1
33990,1
33991,1
33992,0
33993,0
33994,0
33995,0
33996,1
33997,0
33998,1
33999,0
34000,0
34001,0
34002,0
34003,0
34004,1
34005,0
34006,0
34007,0
34008,0
34009,1
34010,0
34011,1
34012,0
34013,0
34014,0
34015,0
34016,0
34017,0
34018,1
34019,1
34020,0
34021,1
34022,1
34023,0
34024,0
34025,0
34026,0
34027,0
34028,1
34029,0
34030,0
34031,0
34032,0
34033,1
34034,1
34035,1
34036,0
34037,0
34038,1
34039,0
34040,0
34041,1
34042,0
34043,0
34044,0
34045,0
34046,0
34047,0
34048,0
34049,0
34050,0
34051,0
34052,1
34053,0
34054,0
34055,0
34056,0
34057,1
34058,0
34059,1
34060,0
34061,0
34062,0
34063,0
34064,0
34065,1
34066,1
34067,1
34068,0
34069,0
34070,0
34071,0
34072,0
34073,0
34074,0
34075,0
34076,0
34077,0
34078,0
34079,0
34080,0
34081,0
34082,0
34083,0
34084,0
34085,0
34086,0
34087,0
34088,1
34089,1
34090,1
34091,1
34092,0
34093,0
34094,1
34095,1
34096,0
34097,0
34098,1
34099,0
34100,0
34101,0
34102,1
34103,1
34104,0
34105,1
34106,0
34107,0
34108,1
34109,0
34110,0
34111,0
34112,0
34113,1
34114,1
34115,1
34116,0
34117,0
34118,0
34119,0
34120,0
34121,1
34122,0
34123,1
34124,1
34125,1
34126,1
34127,0
34128,1
34129,0
34130,0
34131,1
34132,0
34133,0
34134,1
34135,1
34136,0
34137,0
34138,0
34139,1
34140,0
34141,1
34142,0
34143,1
34144,1
34145,0
34146,0
34147,0
34148,0
34149,1
34150,0
34151,1
34152,0
34153,0
34154,1
34155,0
34156,1
34157,1
34158,1
34159,0
34160,0
34161,1
34162,0
34163,0
34164,0
34165,1
34166,0
34167,1
34168,0
34169,1
34170,0
34171,1
34172,0
34173,0
34174,0
34175,0
34176,1
34177,1
34178,1
34179,0
34180,0
34181,1
34182,0
34183,0
34184,0
34185,0
34186,0
34187,1
34188,0
34189,0
34190,1
34191,0
34192,0
34193,0
34194,1
34195,0
34196,0
34197,0
34198,0
34199,0
34200,1
34201,1
34202,0
34203,0
34204,0
34205,1
34206,0
34207,1
34208,0
34209,0
34210,0
34211,1
34212,1
34213,0
34214,1
34215,0
34216,1
34217,0
34218,0
34219,0
34220,0
34221,0
34222,0
34223,1
34224,0
34225,0
34226,1
34227,0
34228,0
34229,1
34230,0
34231,0
34232,0
34233,1
34234,1
34235,0
34236,1
34237,1
34238,0
34239,1
34240,0
34241,0
34242,0
34243,0
34244,1
34245,0
34246,0
34247,1
34248,0
34249,0
34250,0
34251,0
34252,0
34253,0
34254,0
34255,1
34256,1
34257,1
34258,1
34259,0
34260,0
34261,0
34262,0
34263,1
34264,0
34265,0
34266,1
34267,0
34268,0
34269,1
34270,0
34271,0
34272,0
34273,0
34274,0
34275,0
34276,0
34277,1
34278,0
34279,1
34280,1
34281,0
34282,0
34283,0
34284,0
34285,0
34286,0
34287,0
34288,0
34289,1
34290,0
34291,0
34292,0
34293,0
34294,0
34295,1
34296,0
34297,0
34298,0
34299,0
34300,1
34301,0
34302,0
34303,0
34304,0
34305,0
34306,0
34307,1
34308,0
34309,1
34310,1
34311,1
34312,1
34313,0
34314,0
34315,0
34316,1
34317,1
34318,0
34319,0
34320,0
34321,1
34322,1
34323,1
34324,0
34325,1
34326,0
34327,1
34328,0
34329,0
34330,0
34331,0
34332,1
34333,0
34334,0
34335,0
34336,1
34337,0
34338,1
34339,0
34340,0
34341,0
34342,1
34343,0
34344,0
34345,0
34346,0
34347,0
34348,0
34349,0
34350,0
34351,0
34352,0
34353,0
34354,1
34355,0
34356,1
34357,0
34358,0
34359,0
34360,0
34361,0
34362,0
34363,0
34364,0
34365,0
34366,0
34367,0
34368,1
34369,0
34370,0
34371,0
34372,0
34373,0
34374,0
34375,0
34376,0
34377,0
34378,0
34379,0
34380,0
34381,1
34382,1
34383,0
34384,0
34385,0
34386,0
34387,0
34388,1
34389,1
34390,0
34391,0
34392,0
34393,0
34394,0
34395,0
34396,1
34397,0
34398,1
34399,1
34400,0
34401,0
34402,1
34403,0
34404,0
34405,0
34406,0
34407,0
34408,1
34409,0
34410,0
34411,1
34412,0
34413,0
34414,0
34415,0
34416,0
34417,0
34418,1
34419,1
34420,0
34421,1
34422,1
34423,0
34424,0
34425,0
34426,0
34427,0
34428,0
34429,0
34430,0
34431,0
34432,1
34433,1
34434,0
34435,0
34436,0
34437,0
34438,0
34439,0
34440,0
34441,0
34442,0
34443,0
34444,0
34445,1
34446,0
34447,0
34448,1
34449,0
34450,1
34451,0
34452,0
34453,0
34454,0
34455,1
34456,1
34457,1
34458,0
34459,0
34460,0
34461,1
34462,1
34463,1
34464,0
34465,0
34466,0
34467,0
34468,0
34469,1
34470,1
34471,0
34472,0
34473,0
34474,1
34475,0
34476,0
34477,0
34478,1
34479,0
34480,1
34481,1
34482,0
34483,0
34484,1
34485,1
34486,0
34487,1
34488,0
34489,0
34490,0
34491,0
34492,0
34493,0
34494,1
34495,0
34496,1
34497,0
34498,0
34499,0
34500,0
34501,1
34502,1
34503,0
34504,0
34505,0
34506,0
34507,0
34508,1
34509,0
34510,0
34511,1
34512,0
34513,0
34514,0
34515,0
34516,0
34517,0
34518,0
34519,1
34520,0
34521,0
34522,0
34523,1
34524,0
34525,0
34526,1
34527,0
34528,1
34529,0
34530,0
34531,1
34532,0
34533,1
34534,0
34535,0
34536,0
34537,0
34538,0
34539,0
34540,0
34541,0
34542,1
34543,0
34544,1
34545,0
34546,0
34547,1
34548,1
34549,1
34550,0
34551,1
34552,0
34553,1
34554,1
34555,1
34556,0
34557,1
34558,1
34559,0
34560,0
34561,0
34562,0
34563,0
34564,0
34565,0
34566,0
34567,0
34568,0
34569,0
34570,0
34571,0
34572,0
34573,1
34574,1
34575,0
34576,0
34577,0
34578,0
34579,0
34580,0
34581,0
34582,0
34583,0
34584,1
34585,0
34586,1
34587,0
34588,0
34589,0
34590,1
34591,0
34592,0
34593,1
34594,0
34595,0
34596,0
34597,1
34598,1
34599,0
34600,0
34601,1
34602,1
34603,1
34604,1
34605,0
34606,0
34607,1
34608,0
34609,0
34610,0
34611,0
34612,0
34613,1
34614,1
34615,0
34616,1
34617,0
34618,0
34619,0
34620,1
34621,0
34622,1
34623,0
34624,1
34625,0
34626,0
34627,0
34628,0
34629,1
34630,0
34631,0
34632,1
34633,1
34634,1
34635,0
34636,1
34637,1
34638,0
34639,0
34640,0
34641,0
34642,1
34643,0
34644,0
34645,1
34646,0
34647,0
34648,0
34649,1
34650,0
34651,0
34652,1
34653,0
34654,0
34655,1
34656,0
34657,1
34658,0
34659,0
34660,0
34661,0
34662,0
34663,0
34664,0
34665,0
34666,0
34667,0
34668,0
34669,0
34670,0
34671,0
34672,1
34673,0
34674,1
34675,1
34676,0
34677,0
34678,0
34679,1
34680,0
34681,1
34682,0
34683,0
34684,0
34685,0
34686,1
34687,1
34688,0
34689,0
34690,0
34691,0
34692,0
34693,0
34694,0
34695,0
34696,0
34697,0
34698,1
34699,0
34700,1
34701,0
34702,0
34703,0
34704,0
34705,1
34706,0
34707,0
34708,0
34709,1
34710,1
34711,0
34712,1
34713,0
34714,0
34715,0
34716,0
34717,0
34718,1
34719,1
34720,1
34721,0
34722,1
34723,1
34724,0
34725,0
34726,0
34727,1
34728,0
34729,0
34730,0
34731,1
34732,0
34733,0
34734,1
34735,1
34736,1
34737,0
34738,0
34739,0
34740,1
34741,1
34742,1
34743,0
34744,1
34745,0
34746,1
34747,0
34748,0
34749,1
34750,1
34751,0
34752,0
34753,0
34754,1
34755,0
34756,0
34757,0
34758,0
34759,0
34760,0
34761,0
34762,0
34763,0
34764,0
34765,1
34766,0
34767,0
34768,0
34769,0
34770,1
34771,1
34772,0
34773,0
34774,0
34775,0
34776,0
34777,0
34778,0
34779,0
34780,0
34781,1
34782,0
34783,0
34784,0
34785,0
34786,0
34787,0
34788,0
34789,0
34790,0
34791,1
34792,1
34793,0
34794,0
34795,0
34796,1
34797,0
34798,1
34799,1
34800,0
34801,0
34802,0
34803,1
34804,0
34805,0
34806,0
34807,0
34808,0
34809,1
34810,1
34811,0
34812,0
34813,0
34814,0
34815,0
34816,0
34817,0
34818,1
34819,0
34820,0
34821,0
34822,0
34823,0
34824,1
34825,0
34826,0
34827,1
34828,1
34829,1
34830,1
34831,0
34832,0
34833,1
34834,0
34835,0
34836,1
34837,0
34838,1
34839,0
34840,0
34841,1
34842,1
34843,1
34844,1
34845,0
34846,0
34847,0
34848,0
34849,0
34850,0
34851,0
34852,0
34853,0
34854,0
34855,0
34856,1
34857,1
34858,0
34859,1
34860,0
34861,1
34862,1
34863,0
34864,0
34865,0
34866,0
34867,0
34868,0
34869,1
34870,0
34871,0
34872,0
34873,0
34874,0
34875,1
34876,0
34877,0
34878,1
34879,1
34880,0
34881,0
34882,1
34883,1
34884,0
34885,0
34886,0
34887,0
34888,1
34889,1
34890,0
34891,0
34892,1
34893,0
34894,0
34895,1
34896,0
34897,0
34898,1
34899,1
34900,0
34901,0
34902,1
34903,0
34904,1
34905,0
34906,1
34907,1
34908,0
34909,1
34910,0
34911,0
34912,0
34913,1
34914,0
34915,0
34916,0
34917,1
34918,1
34919,1
34920,0
34921,0
34922,0
34923,0
34924,0
34925,0
34926,1
34927,0
34928,1
34929,0
34930,0
34931,1
34932,0
34933,1
34934,0
34935,1
34936,0
34937,0
34938,1
34939,0
34940,0
34941,0
34942,1
34943,1
34944,0
34945,0
34946,0
34947,0
34948,0
34949,0
34950,1
34951,0
34952,1
34953,1
34954,0
34955,0
34956,0
34957,0
34958,0
34959,0
34960,0
34961,0
34962,0
34963,0
34964,0
34965,0
34966,1
34967,0
34968,0
34969,0
34970,0
34971,1
34972,1
34973,0
34974,0
34975,1
34976,1
34977,0
34978,1
34979,0
34980,1
34981,1
34982,0
34983,0
34984,0
34985,0
34986,1
34987,1
34988,0
34989,0
34990,0
34991,0
34992,0
34993,0
34994,0
34995,0
34996,0
34997,0
34998,0
34999,0
35000,0
35001,0
35002,0
35003,1
35004,0
35005,0
35006,1
35007,0
35008,1
35009,1
35010,0
35011,0
35012,0
35013,0
35014,0
35015,0
35016,0
35017,0
35018,1
35019,0
35020,0
35021,1
35022,0
35023,0
35024,0
35025,0
35026,0
35027,0
35028,0
35029,0
35030,1
35031,0
35032,1
35033,0
35034,0
35035,1
35036,0
35037,0
35038,0
35039,0
35040,1
35041,0
35042,1
35043,0
35044,0
35045,0
35046,0
35047,0
35048,1
35049,0
35050,1
35051,0
35052,1
35053,1
35054,1
35055,1
35056,1
35057,0
35058,0
35059,0
35060,1
35061,1
35062,1
35063,1
35064,0
35065,1
35066,0
35067,0
35068,1
35069,1
35070,0
35071,0
35072,0
35073,1
35074,0
35075,1
35076,1
35077,0
35078,0
35079,0
35080,0
35081,0
35082,0
35083,1
35084,0
35085,0
35086,0
35087,0
35088,0
35089,0
35090,0
35091,1
35092,0
35093,0
35094,0
35095,0
35096,0
35097,0
35098,1
35099,0
35100,1
35101,0
35102,1
35103,0
35104,1
35105,0
35106,0
35107,0
35108,0
35109,0
35110,0
35111,0
35112,0
35113,0
35114,0
35115,0
35116,0
35117,0
35118,1
35119,1
35120,0
35121,0
35122,0
35123,1
35124,1
35125,0
35126,0
35127,1
35128,1
35129,1
35130,0
35131,0
35132,1
35133,1
35134,1
35135,1
35136,1
35137,0
35138,0
35139,0
35140,0
35141,0
35142,0
35143,0
35144,0
35145,0
35146,0
35147,0
35148,0
35149,0
35150,0
35151,0
35152,0
35153,1
35154,0
35155,0
35156,0
35157,0
35158,0
35159,0
35160,0
35161,0
35162,0
35163,0
35164,1
35165,1
35166,0
35167,0
35168,0
35169,0
35170,0
35171,1
35172,0
35173,0
35174,0
35175,0
35176,1
35177,0
35178,0
35179,1
35180,0
35181,0
35182,0
35183,0
35184,0
35185,0
35186,0
35187,0
35188,0
35189,1
35190,0
35191,0
35192,1
35193,1
35194,0
35195,0
35196,0
35197,1
35198,1
35199,1
35200,0
35201,1
35202,0
35203,0
35204,0
35205,0
35206,0
35207,0
35208,1
35209,0
35210,0
35211,0
35212,0
35213,0
35214,0
35215,0
35216,0
35217,0
35218,0
35219,1
35220,1
35221,1
35222,1
35223,0
35224,0
35225,0
35226,0
35227,1
35228,0
35229,0
35230,0
35231,0
35232,1
35233,1
35234,0
35235,0
35236,1
35237,1
35238,1
35239,0
35240,0
35241,1
35242,1
35243,0
35244,0
35245,1
35246,0
35247,1
35248,1
35249,1
35250,0
35251,0
35252,1
35253,0
35254,1
35255,1
35256,0
35257,0
35258,0
35259,0
35260,0
35261,0
35262,0
35263,1
35264,1
35265,0
35266,1
35267,0
35268,0
35269,0
35270,1
35271,1
35272,0
35273,0
35274,0
35275,0
35276,1
35277,1
35278,0
35279,0
35280,1
35281,0
35282,0
35283,1
35284,0
35285,0
35286,0
35287,1
35288,0
35289,0
35290,0
35291,0
35292,0
35293,1
35294,1
35295,0
35296,1
35297,1
35298,0
35299,1
35300,0
35301,0
35302,0
35303,1
35304,1
35305,1
35306,1
35307,1
35308,0
35309,0
35310,0
35311,0
35312,0
35313,0
35314,0
35315,0
35316,1
35317,1
35318,1
35319,0
35320,0
35321,0
35322,1
35323,0
35324,0
35325,0
35326,0
35327,1
35328,0
35329,1
35330,0
35331,1
35332,0
35333,0
35334,0
35335,1
35336,0
35337,0
35338,0
35339,0
35340,1
35341,0
35342,0
35343,0
35344,0
35345,0
35346,0
35347,0
35348,0
35349,0
35350,0
35351,0
35352,0
35353,1
35354,1
35355,0
35356,0
35357,0
35358,0
35359,0
35360,0
35361,0
35362,0
35363,0
35364,0
35365,0
35366,0
35367,1
35368,0
35369,1
35370,1
35371,0
35372,0
35373,1
35374,0
35375,0
35376,1
35377,0
35378,0
35379,0
35380,0
35381,1
35382,0
35383,0
35384,1
35385,0
35386,0
35387,1
35388,0
35389,1
35390,0
35391,0
35392,0
35393,1
35394,0
35395,0
35396,0
35397,0
35398,1
35399,0
35400,0
35401,0
35402,0
35403,0
35404,0
35405,1
35406,0
35407,0
35408,1
35409,0
35410,0
35411,0
35412,1
35413,0
35414,0
35415,0
35416,0
35417,0
35418,0
35419,1
35420,0
35421,1
35422,0
35423,0
35424,1
35425,0
35426,0
35427,0
35428,0
35429,1
35430,1
35431,1
35432,0
35433,1
35434,1
35435,1
35436,0
35437,0
35438,0
35439,0
35440,0
35441,1
35442,0
35443,0
35444,0
35445,1
35446,1
35447,0
35448,0
35449,1
35450,1
35451,1
35452,1
35453,1
35454,1
35455,0
35456,0
35457,0
35458,0
35459,0
35460,0
35461,0
35462,0
35463,0
35464,0
35465,0
35466,0
35467,0
35468,0
35469,0
35470,0
35471,0
35472,0
35473,0
35474,0
35475,1
35476,0
35477,0
35478,0
35479,0
35480,0
35481,0
35482,0
35483,0
35484,0
35485,0
35486,0
35487,0
35488,1
35489,0
35490,0
35491,0
35492,0
35493,0
35494,0
35495,0
35496,1
35497,0
35498,0
35499,0
35500,0
35501,0
35502,0
35503,0
35504,0
35505,0
35506,0
35507,0
35508,0
35509,0
35510,1
35511,0
35512,0
35513,0
35514,0
35515,0
35516,0
35517,0
35518,0
35519,0
35520,0
35521,0
35522,0
35523,0
35524,0
35525,0
35526,0
35527,0
35528,0
35529,1
35530,1
35531,0
35532,0
35533,0
35534,0
35535,1
35536,0
35537,0
35538,1
35539,0
35540,1
35541,0
35542,0
35543,0
35544,0
35545,1
35546,1
35547,1
35548,0
35549,0
35550,0
35551,0
35552,0
35553,0
35554,0
35555,1
35556,1
35557,0
35558,0
35559,0
35560,0
35561,1
35562,0
35563,0
35564,0
35565,0
35566,0
35567,0
35568,0
35569,0
35570,0
35571,0
35572,0
35573,1
35574,1
35575,0
35576,0
35577,1
35578,0
35579,0
35580,0
35581,1
35582,1
35583,0
35584,1
35585,0
35586,1
35587,0
35588,1
35589,0
35590,0
35591,0
35592,0
35593,1
35594,1
35595,1
35596,0
35597,1
35598,0
35599,0
35600,0
35601,1
35602,0
35603,1
35604,0
35605,0
35606,0
35607,0
35608,1
35609,0
35610,0
35611,0
35612,0
35613,0
35614,1
35615,0
35616,1
35617,0
35618,1
35619,0
35620,0
35621,0
35622,1
35623,0
35624,0
35625,0
35626,1
35627,0
35628,0
35629,1
35630,1
35631,0
35632,0
35633,0
35634,1
35635,0
35636,0
35637,0
35638,1
35639,0
35640,1
35641,0
35642,0
35643,1
35644,0
35645,0
35646,0
35647,0
35648,1
35649,0
35650,0
35651,0
35652,1
35653,0
35654,1
35655,0
35656,1
35657,0
35658,0
35659,0
35660,1
35661,0
35662,0
35663,0
35664,0
35665,0
35666,1
35667,0
35668,1
35669,0
35670,1
35671,0
35672,0
35673,0
35674,0
35675,0
35676,0
35677,0
35678,0
35679,0
35680,0
35681,1
35682,0
35683,1
35684,1
35685,0
35686,0
35687,0
35688,1
35689,1
35690,1
35691,1
35692,0
35693,0
35694,0
35695,0
35696,0
35697,0
35698,0
35699,0
35700,1
35701,0
35702,0
35703,0
35704,0
35705,0
35706,1
35707,0
35708,0
35709,1
35710,0
35711,0
35712,0
35713,0
35714,1
35715,0
35716,0
35717,0
35718,0
35719,0
35720,1
35721,1
35722,1
35723,1
35724,1
35725,0
35726,1
35727,1
35728,0
35729,1
35730,0
35731,1
35732,0
35733,0
35734,0
35735,1
35736,0
35737,0
35738,0
35739,0
35740,1
35741,0
35742,0
35743,0
35744,0
35745,0
35746,0
35747,0
35748,0
35749,1
35750,1
35751,0
35752,0
35753,1
35754,0
35755,1
35756,0
35757,0
35758,1
35759,1
35760,1
35761,0
35762,1
35763,0
35764,0
35765,0
35766,0
35767,0
35768,0
35769,0
35770,0
35771,1
35772,1
35773,1
35774,1
35775,0
35776,1
35777,0
35778,0
35779,1
35780,1
35781,0
35782,1
35783,0
35784,0
35785,0
35786,1
35787,1
35788,1
35789,1
35790,0
35791,0
35792,0
35793,0
35794,1
35795,0
35796,1
35797,0
35798,1
35799,1
35800,0
35801,0
35802,0
35803,1
35804,0
35805,1
35806,1
35807,1
35808,0
35809,0
35810,1
35811,0
35812,1
35813,1
35814,0
35815,1
35816,0
35817,0
35818,0
35819,0
35820,0
35821,0
35822,0
35823,0
35824,0
35825,1
35826,1
35827,1
35828,0
35829,1
35830,1
35831,0
35832,0
35833,0
35834,0
35835,1
35836,1
35837,0
35838,0
35839,1
35840,0
35841,1
35842,0
35843,1
35844,0
35845,0
35846,1
35847,0
35848,0
35849,0
35850,1
35851,0
35852,0
35853,0
35854,0
35855,1
35856,0
35857,0
35858,0
35859,0
35860,1
35861,1
35862,0
35863,0
35864,0
35865,0
35866,0
35867,0
35868,0
35869,1
35870,0
35871,0
35872,1
35873,0
35874,0
35875,1
35876,0
35877,0
35878,0
35879,0
35880,0
35881,0
35882,0
35883,0
35884,1
35885,0
35886,0
35887,1
35888,0
35889,0
35890,0
35891,0
35892,1
35893,0
35894,0
35895,1
35896,1
35897,0
35898,0
35899,0
35900,0
35901,1
35902,0
35903,0
35904,0
35905,1
35906,0
35907,0
35908,0
35909,0
35910,0
35911,0
35912,0
35913,0
35914,0
35915,1
35916,0
35917,0
35918,0
35919,0
35920,0
35921,0
35922,1
35923,0
35924,0
35925,0
35926,0
35927,0
35928,0
35929,0
35930,0
35931,1
35932,0
35933,0
35934,1
35935,0
35936,0
35937,1
35938,1
35939,0
35940,0
35941,0
35942,0
35943,0
35944,0
35945,1
35946,0
35947,0
35948,0
35949,0
35950,0
35951,0
35952,0
35953,0
35954,0
35955,0
35956,0
35957,0
35958,0
35959,1
35960,0
35961,0
35962,0
35963,0
35964,1
35965,0
35966,0
35967,1
35968,1
35969,0
35970,0
35971,0
35972,0
35973,1
35974,0
35975,0
35976,1
35977,0
35978,0
35979,0
35980,0
35981,0
35982,0
35983,1
35984,1
35985,0
35986,1
35987,1
35988,0
35989,0
35990,0
35991,0
35992,0
35993,1
35994,0
35995,0
35996,0
35997,0
35998,0
35999,0
36000,0
36001,0
36002,0
36003,1
36004,0
36005,0
36006,0
36007,1
36008,1
36009,1
36010,0
36011,0
36012,1
36013,0
36014,0
36015,0
36016,1
36017,0
36018,0
36019,0
36020,0
36021,0
36022,1
36023,0
36024,0
36025,0
36026,0
36027,1
36028,0
36029,0
36030,1
36031,0
36032,0
36033,0
36034,0
36035,0
36036,0
36037,0
36038,0
36039,0
36040,0
36041,0
36042,0
36043,0
36044,0
36045,0
36046,0
36047,1
36048,0
36049,0
36050,0
36051,0
36052,0
36053,0
36054,0
36055,0
36056,0
36057,1
36058,0
36059,1
36060,0
36061,0
36062,1
36063,0
36064,0
36065,0
36066,0
36067,0
36068,1
36069,0
36070,0
36071,0
36072,1
36073,1
36074,0
36075,1
36076,1
36077,1
36078,1
36079,0
36080,0
36081,0
36082,1
36083,0
36084,1
36085,1
36086,0
36087,0
36088,0
36089,0
36090,1
36091,0
36092,0
36093,0
36094,0
36095,0
36096,0
36097,1
36098,0
36099,0
36100,0
36101,0
36102,0
36103,1
36104,0
36105,1
36106,0
36107,0
36108,1
36109,0
36110,0
36111,0
36112,0
36113,0
36114,0
36115,0
36116,0
36117,0
36118,1
36119,0
36120,0
36121,0
36122,0
36123,0
36124,0
36125,1
36126,0
36127,0
36128,0
36129,0
36130,0
36131,0
36132,0
36133,0
36134,1
36135,0
36136,0
36137,0
36138,0
36139,0
36140,1
36141,1
36142,0
36143,0
36144,0
36145,1
36146,0
36147,0
36148,0
36149,0
36150,0
36151,0
36152,1
36153,0
36154,1
36155,1
36156,0
36157,0
36158,0
36159,0
36160,0
36161,0
36162,1
36163,0
36164,0
36165,0
36166,0
36167,0
36168,1
36169,0
36170,0
36171,0
36172,0
36173,0
36174,0
36175,0
36176,0
36177,0
36178,0
36179,0
36180,1
36181,0
36182,0
36183,1
36184,0
36185,0
36186,0
36187,0
36188,1
36189,0
36190,1
36191,1
36192,0
36193,0
36194,1
36195,1
36196,0
36197,0
36198,0
36199,1
36200,0
36201,0
36202,0
36203,0
36204,1
36205,0
36206,0
36207,1
36208,0
36209,0
36210,1
36211,0
36212,0
36213,0
36214,0
36215,1
36216,1
36217,0
36218,0
36219,0
36220,0
36221,1
36222,0
36223,0
36224,0
36225,1
36226,0
36227,1
36228,0
36229,1
36230,0
36231,0
36232,0
36233,0
36234,0
36235,0
36236,0
36237,0
36238,0
36239,0
36240,0
36241,0
36242,0
36243,0
36244,1
36245,0
36246,0
36247,0
36248,0
36249,0
36250,0
36251,0
36252,1
36253,1
36254,0
36255,0
36256,1
36257,0
36258,1
36259,1
36260,0
36261,1
36262,0
36263,1
36264,1
36265,0
36266,1
36267,0
36268,0
36269,0
36270,1
36271,0
36272,1
36273,0
36274,0
36275,1
36276,1
36277,0
36278,1
36279,0
36280,0
36281,0
36282,0
36283,0
36284,1
36285,0
36286,1
36287,0
36288,1
36289,0
36290,1
36291,1
36292,0
36293,0
36294,1
36295,0
36296,1
36297,1
36298,0
36299,0
36300,1
36301,0
36302,0
36303,0
36304,0
36305,0
36306,0
36307,0
36308,0
36309,0
36310,1
36311,0
36312,1
36313,0
36314,0
36315,0
36316,1
36317,1
36318,1
36319,0
36320,1
36321,0
36322,0
36323,1
36324,1
36325,0
36326,0
36327,1
36328,1
36329,1
36330,0
36331,0
36332,0
36333,0
36334,0
36335,1
36336,0
36337,0
36338,1
36339,0
36340,0
36341,0
36342,0
36343,0
36344,0
36345,0
36346,1
36347,0
36348,0
36349,0
36350,0
36351,0
36352,0
36353,0
36354,0
36355,1
36356,0
36357,0
36358,0
36359,1
36360,1
36361,0
36362,1
36363,1
36364,1
36365,0
36366,0
36367,1
36368,0
36369,1
36370,0
36371,0
36372,0
36373,0
36374,0
36375,0
36376,0
36377,0
36378,0
36379,0
36380,1
36381,0
36382,0
36383,0
36384,1
36385,0
36386,1
36387,1
36388,0
36389,0
36390,0
36391,0
36392,0
36393,0
36394,0
36395,0
36396,1
36397,0
36398,0
36399,0
36400,0
36401,0
36402,1
36403,1
36404,0
36405,0
36406,1
36407,1
36408,0
36409,1
36410,0
36411,0
36412,0
36413,0
36414,0
36415,0
36416,0
36417,0
36418,1
36419,0
36420,0
36421,1
36422,1
36423,1
36424,0
36425,0
36426,1
36427,1
36428,0
36429,1
36430,1
36431,0
36432,1
36433,1
36434,0
36435,1
36436,0
36437,0
36438,0
36439,0
36440,0
36441,1
36442,0
36443,0
36444,1
36445,0
36446,0
36447,1
36448,1
36449,0
36450,1
36451,0
36452,0
36453,0
36454,1
36455,0
36456,0
36457,0
36458,0
36459,0
36460,0
36461,0
36462,0
36463,0
36464,0
36465,1
36466,0
36467,0
36468,0
36469,0
36470,0
36471,0
36472,0
36473,1
36474,0
36475,0
36476,1
36477,0
36478,1
36479,1
36480,1
36481,1
36482,0
36483,0
36484,0
36485,0
36486,0
36487,0
36488,1
36489,0
36490,1
36491,0
36492,0
36493,0
36494,0
36495,0
36496,0
36497,1
36498,1
36499,1
36500,0
36501,0
36502,0
36503,0
36504,0
36505,1
36506,0
36507,0
36508,0
36509,0
36510,1
36511,0
36512,0
36513,0
36514,1
36515,0
36516,0
36517,0
36518,1
36519,0
36520,0
36521,0
36522,1
36523,0
36524,0
36525,1
36526,0
36527,0
36528,0
36529,0
36530,0
36531,0
36532,0
36533,0
36534,0
36535,0
36536,0
36537,0
36538,0
36539,0
36540,0
36541,1
36542,0
36543,0
36544,1
36545,0
36546,1
36547,1
36548,0
36549,0
36550,0
36551,1
36552,0
36553,1
36554,1
36555,0
36556,0
36557,0
36558,0
36559,0
36560,0
36561,1
36562,0
36563,0
36564,0
36565,1
36566,0
36567,0
36568,0
36569,1
36570,0
36571,0
36572,0
36573,0
36574,0
36575,0
36576,1
36577,0
36578,0
36579,1
36580,0
36581,0
36582,1
36583,1
36584,0
36585,1
36586,1
36587,0
36588,1
36589,1
36590,0
36591,0
36592,0
36593,0
36594,0
36595,0
36596,0
36597,0
36598,0
36599,0
36600,1
36601,0
36602,0
36603,1
36604,0
36605,0
36606,0
36607,0
36608,1
36609,0
36610,0
36611,1
36612,1
36613,0
36614,0
36615,0
36616,0
36617,1
36618,0
36619,0
36620,1
36621,0
36622,0
36623,0
36624,1
36625,0
36626,0
36627,0
36628,0
36629,1
36630,0
36631,1
36632,0
36633,1
36634,1
36635,1
36636,1
36637,1
36638,0
36639,0
36640,1
36641,0
36642,0
36643,0
36644,0
36645,1
36646,0
36647,0
36648,1
36649,0
36650,0
36651,1
36652,0
36653,1
36654,0
36655,0
36656,0
36657,0
36658,1
36659,0
36660,0
36661,0
36662,1
36663,1
36664,0
36665,0
36666,0
36667,0
36668,0
36669,0
36670,0
36671,1
36672,1
36673,1
36674,1
36675,1
36676,0
36677,1
36678,0
36679,0
36680,0
36681,0
36682,1
36683,0
36684,0
36685,0
36686,0
36687,0
36688,1
36689,0
36690,0
36691,0
36692,0
36693,1
36694,1
36695,0
36696,0
36697,0
36698,1
36699,0
36700,0
36701,0
36702,0
36703,0
36704,0
36705,0
36706,0
36707,1
36708,1
36709,1
36710,0
36711,0
36712,0
36713,0
36714,0
36715,0
36716,1
36717,1
36718,0
36719,0
36720,0
36721,1
36722,1
36723,0
36724,1
36725,0
36726,0
36727,0
36728,1
36729,0
36730,0
36731,0
36732,1
36733,0
36734,0
36735,0
36736,0
36737,0
36738,0
36739,0
36740,1
36741,0
36742,1
36743,1
36744,0
36745,1
36746,0
36747,0
36748,0
36749,0
36750,0
36751,1
36752,0
36753,1
36754,1
36755,0
36756,0
36757,1
36758,0
36759,0
36760,0
36761,0
36762,0
36763,0
36764,1
36765,1
36766,0
36767,0
36768,0
36769,1
36770,0
36771,1
36772,1
36773,1
36774,0
36775,1
36776,0
36777,0
36778,0
36779,1
36780,0
36781,0
36782,0
36783,1
36784,0
36785,0
36786,0
36787,0
36788,1
36789,1
36790,0
36791,0
36792,1
36793,0
36794,1
36795,0
36796,1
36797,0
36798,0
36799,0
36800,0
36801,0
36802,0
36803,0
36804,1
36805,0
36806,1
36807,0
36808,0
36809,0
36810,1
36811,1
36812,1
36813,0
36814,1
36815,0
36816,0
36817,0
36818,0
36819,0
36820,0
36821,1
36822,0
36823,0
36824,0
36825,1
36826,1
36827,0
36828,0
36829,0
36830,0
36831,0
36832,1
36833,0
36834,0
36835,1
36836,1
36837,0
36838,0
36839,0
36840,1
36841,1
36842,0
36843,1
36844,0
36845,0
36846,0
36847,0
36848,0
36849,0
36850,0
36851,1
36852,0
36853,0
36854,0
36855,0
36856,0
36857,0
36858,0
36859,1
36860,1
36861,1
36862,0
36863,0
36864,0
36865,0
36866,0
36867,0
36868,1
36869,0
36870,1
36871,0
36872,0
36873,1
36874,0
36875,0
36876,0
36877,1
36878,0
36879,0
36880,0
36881,0
36882,1
36883,1
36884,0
36885,0
36886,0
36887,0
36888,0
36889,0
36890,1
36891,0
36892,0
36893,0
36894,0
36895,1
36896,0
36897,0
36898,0
36899,0
36900,1
36901,0
36902,0
36903,0
36904,1
36905,0
36906,0
36907,0
36908,0
36909,1
36910,0
36911,0
36912,0
36913,1
36914,0
36915,0
36916,0
36917,0
36918,1
36919,0
36920,0
36921,1
36922,1
36923,1
36924,0
36925,0
36926,0
36927,0
36928,1
36929,0
36930,1
36931,0
36932,0
36933,0
36934,1
36935,0
36936,1
36937,0
36938,0
36939,0
36940,1
36941,0
36942,0
36943,1
36944,0
36945,0
36946,0
36947,1
36948,1
36949,0
36950,1
36951,1
36952,0
36953,0
36954,0
36955,0
36956,0
36957,0
36958,0
36959,0
36960,0
36961,0
36962,1
36963,0
36964,1
36965,1
36966,0
36967,1
36968,0
36969,0
36970,1
36971,0
36972,0
36973,0
36974,1
36975,0
36976,0
36977,0
36978,1
36979,0
36980,0
36981,0
36982,0
36983,1
36984,0
36985,0
36986,0
36987,0
36988,0
36989,0
36990,0
36991,0
36992,1
36993,1
36994,1
36995,1
36996,0
36997,0
36998,0
36999,0
37000,0
37001,1
37002,0
37003,1
37004,0
37005,1
37006,0
37007,0
37008,0
37009,0
37010,0
37011,1
37012,0
37013,0
37014,1
37015,0
37016,0
37017,0
37018,0
37019,0
37020,1
37021,0
37022,1
37023,0
37024,0
37025,0
37026,0
37027,0
37028,0
37029,0
37030,1
37031,1
37032,1
37033,1
37034,0
37035,0
37036,0
37037,0
37038,0
37039,0
37040,0
37041,0
37042,1
37043,1
37044,0
37045,0
37046,1
37047,0
37048,0
37049,0
37050,0
37051,0
37052,0
37053,0
37054,0
37055,0
37056,0
37057,1
37058,0
37059,1
37060,0
37061,0
37062,1
37063,0
37064,1
37065,0
37066,1
37067,0
37068,0
37069,0
37070,0
37071,0
37072,0
37073,0
37074,0
37075,1
37076,0
37077,0
37078,1
37079,1
37080,0
37081,0
37082,0
37083,1
37084,0
37085,0
37086,1
37087,0
37088,1
37089,0
37090,0
37091,0
37092,0
37093,1
37094,1
37095,1
37096,1
37097,0
37098,0
37099,1
37100,1
37101,1
37102,0
37103,0
37104,1
37105,0
37106,0
37107,0
37108,0
37109,1
37110,0
37111,1
37112,0
37113,0
37114,1
37115,0
37116,1
37117,0
37118,1
37119,0
37120,1
37121,0
37122,1
37123,0
37124,1
37125,1
37126,0
37127,1
37128,0
37129,0
37130,0
37131,1
37132,1
37133,0
37134,0
37135,0
37136,1
37137,0
37138,0
37139,1
37140,0
37141,0
37142,0
37143,0
37144,0
37145,0
37146,1
37147,0
37148,1
37149,1
37150,0
37151,0
37152,0
37153,0
37154,0
37155,1
37156,1
37157,0
37158,1
37159,0
37160,1
37161,1
37162,0
37163,1
37164,0
37165,1
37166,0
37167,0
37168,0
37169,0
37170,0
37171,0
37172,0
37173,0
37174,0
37175,0
37176,0
37177,0
37178,0
37179,0
37180,0
37181,0
37182,0
37183,0
37184,1
37185,0
37186,0
37187,0
37188,0
37189,1
37190,0
37191,0
37192,0
37193,1
37194,1
37195,0
37196,0
37197,0
37198,0
37199,1
37200,0
37201,1
37202,0
37203,1
37204,0
37205,0
37206,1
37207,1
37208,1
37209,0
37210,0
37211,0
37212,1
37213,0
37214,1
37215,1
37216,0
37217,0
37218,1
37219,0
37220,1
37221,0
37222,0
37223,1
37224,0
37225,0
37226,0
37227,0
37228,0
37229,1
37230,0
37231,1
37232,0
37233,1
37234,0
37235,0
37236,1
37237,0
37238,0
37239,1
37240,0
37241,0
37242,1
37243,0
37244,0
37245,1
37246,0
37247,0
37248,0
37249,1
37250,1
37251,1
37252,1
37253,0
37254,1
37255,1
37256,0
37257,0
37258,0
37259,0
37260,0
37261,0
37262,1
37263,0
37264,0
37265,0
37266,0
37267,0
37268,0
37269,0
37270,0
37271,0
37272,0
37273,0
37274,0
37275,0
37276,0
37277,0
37278,0
37279,0
37280,0
37281,0
37282,1
37283,0
37284,0
37285,1
37286,0
37287,1
37288,1
37289,0
37290,0
37291,0
37292,0
37293,0
37294,1
37295,0
37296,0
37297,0
37298,1
37299,1
37300,1
37301,1
37302,0
37303,0
37304,1
37305,0
37306,0
37307,0
37308,0
37309,1
37310,0
37311,0
37312,1
37313,0
37314,0
37315,1
37316,1
37317,0
37318,0
37319,0
37320,1
37321,1
37322,0
37323,0
37324,0
37325,0
37326,0
37327,0
37328,1
37329,0
37330,1
37331,0
37332,0
37333,0
37334,1
37335,1
37336,1
37337,1
37338,1
37339,0
37340,0
37341,0
37342,0
37343,1
37344,0
37345,0
37346,0
37347,0
37348,0
37349,1
37350,1
37351,0
37352,1
37353,0
37354,1
37355,0
37356,0
37357,0
37358,0
37359,0
37360,0
37361,0
37362,1
37363,1
37364,0
37365,0
37366,0
37367,0
37368,0
37369,0
37370,0
37371,0
37372,0
37373,1
37374,1
37375,1
37376,0
37377,0
37378,0
37379,0
37380,0
37381,1
37382,1
37383,1
37384,1
37385,0
37386,1
37387,0
37388,0
37389,0
37390,1
37391,0
37392,0
37393,0
37394,0
37395,0
37396,0
37397,0
37398,0
37399,0
37400,1
37401,0
37402,0
37403,1
37404,0
37405,0
37406,0
37407,0
37408,0
37409,1
37410,0
37411,1
37412,0
37413,0
37414,0
37415,0
37416,1
37417,0
37418,0
37419,1
37420,0
37421,0
37422,0
37423,1
37424,0
37425,0
37426,0
37427,1
37428,1
37429,0
37430,0
37431,0
37432,0
37433,0
37434,0
37435,1
37436,1
37437,1
37438,1
37439,0
37440,1
37441,0
37442,0
37443,0
37444,0
37445,0
37446,1
37447,0
37448,0
37449,0
37450,0
37451,0
37452,1
37453,0
37454,0
37455,1
37456,0
37457,0
37458,0
37459,1
37460,0
37461,0
37462,0
37463,0
37464,0
37465,0
37466,0
37467,1
37468,0
37469,0
37470,0
37471,1
37472,0
37473,0
37474,0
37475,0
37476,1
37477,0
37478,1
37479,0
37480,1
37481,0
37482,0
37483,0
37484,0
37485,0
37486,1
37487,1
37488,0
37489,1
37490,1
37491,0
37492,1
37493,0
37494,0
37495,1
37496,1
37497,1
37498,1
37499,0
37500,1
37501,0
37502,0
37503,0
37504,0
37505,0
37506,0
37507,0
37508,0
37509,1
37510,1
37511,1
37512,0
37513,0
37514,0
37515,0
37516,0
37517,0
37518,0
37519,1
37520,1
37521,1
37522,1
37523,0
37524,0
37525,0
37526,0
37527,1
37528,0
37529,0
37530,0
37531,0
37532,0
37533,0
37534,0
37535,0
37536,0
37537,1
37538,0
37539,1
37540,1
37541,0
37542,1
37543,1
37544,0
37545,0
37546,0
37547,1
37548,0
37549,1
37550,0
37551,0
37552,0
37553,1
37554,1
37555,1
37556,0
37557,1
37558,0
37559,0
37560,0
37561,1
37562,1
37563,0
37564,0
37565,0
37566,0
37567,1
37568,0
37569,0
37570,1
37571,0
37572,0
37573,0
37574,1
37575,0
37576,0
37577,1
37578,1
37579,0
37580,0
37581,0
37582,1
37583,1
37584,0
37585,0
37586,0
37587,0
37588,0
37589,0
37590,0
37591,0
37592,0
37593,1
37594,1
37595,0
37596,1
37597,0
37598,0
37599,1
37600,0
37601,1
37602,0
37603,0
37604,1
37605,0
37606,1
37607,0
37608,0
37609,1
37610,0
37611,0
37612,1
37613,0
37614,0
37615,0
37616,0
37617,1
37618,1
37619,0
37620,1
37621,1
37622,0
37623,0
37624,1
37625,1
37626,1
37627,0
37628,0
37629,1
37630,0
37631,1
37632,0
37633,1
37634,1
37635,0
37636,0
37637,0
37638,0
37639,1
37640,0
37641,0
37642,0
37643,1
37644,0
37645,0
37646,0
37647,0
37648,0
37649,0
37650,0
37651,1
37652,0
37653,1
37654,0
37655,0
37656,0
37657,0
37658,0
37659,1
37660,0
37661,0
37662,0
37663,0
37664,0
37665,0
37666,0
37667,0
37668,1
37669,0
37670,0
37671,0
37672,0
37673,1
37674,0
37675,1
37676,0
37677,0
37678,0
37679,0
37680,1
37681,0
37682,0
37683,0
37684,0
37685,0
37686,0
37687,0
37688,0
37689,0
37690,1
37691,1
37692,1
37693,0
37694,0
37695,1
37696,0
37697,0
37698,1
37699,0
37700,0
37701,0
37702,1
37703,0
37704,0
37705,0
37706,0
37707,0
37708,0
37709,1
37710,0
37711,0
37712,0
37713,0
37714,1
37715,1
37716,0
37717,1
37718,0
37719,1
37720,0
37721,0
37722,1
37723,0
37724,0
37725,1
37726,0
37727,0
37728,0
37729,0
37730,0
37731,0
37732,1
37733,0
37734,1
37735,0
37736,0
37737,1
37738,0
37739,1
37740,0
37741,0
37742,0
37743,0
37744,0
37745,0
37746,0
37747,0
37748,0
37749,0
37750,0
37751,1
37752,0
37753,0
37754,0
37755,0
37756,0
37757,0
37758,0
37759,0
37760,0
37761,0
37762,0
37763,1
37764,1
37765,0
37766,1
37767,0
37768,0
37769,1
37770,0
37771,0
37772,1
37773,1
37774,0
37775,0
37776,0
37777,1
37778,0
37779,0
37780,1
37781,0
37782,1
37783,0
37784,1
37785,0
37786,0
37787,0
37788,1
37789,0
37790,0
37791,0
37792,0
37793,0
37794,0
37795,0
37796,0
37797,0
37798,1
37799,0
37800,0
37801,0
37802,0
37803,0
37804,1
37805,0
37806,0
37807,0
37808,1
37809,0
37810,0
37811,1
37812,0
37813,1
37814,0
37815,0
37816,0
37817,0
37818,0
37819,0
37820,1
37821,0
37822,1
37823,1
37824,0
37825,0
37826,0
37827,0
37828,1
37829,0
37830,0
37831,0
37832,0
37833,1
37834,1
37835,0
37836,0
37837,1
37838,0
37839,0
37840,0
37841,0
37842,0
37843,1
37844,1
37845,0
37846,0
37847,0
37848,1
37849,0
37850,0
37851,0
37852,0
37853,1
37854,0
37855,1
37856,1
37857,0
37858,0
37859,1
37860,1
37861,0
37862,0
37863,1
37864,0
37865,0
37866,1
37867,0
37868,1
37869,0
37870,0
37871,0
37872,1
37873,0
37874,0
37875,0
37876,1
37877,0
37878,0
37879,1
37880,0
37881,0
37882,0
37883,0
37884,1
37885,0
37886,1
37887,0
37888,1
37889,1
37890,0
37891,0
37892,0
37893,1
37894,0
37895,1
37896,0
37897,1
37898,0
37899,1
37900,0
37901,0
37902,0
37903,0
37904,1
37905,1
37906,0
37907,1
37908,1
37909,1
37910,0
37911,0
37912,1
37913,0
37914,1
37915,0
37916,0
37917,1
37918,0
37919,0
37920,0
37921,1
37922,0
37923,0
37924,1
37925,0
37926,0
37927,0
37928,0
37929,0
37930,0
37931,0
37932,1
37933,0
37934,0
37935,0
37936,0
37937,1
37938,0
37939,1
37940,0
37941,1
37942,0
37943,0
37944,1
37945,0
37946,1
37947,0
37948,1
37949,0
37950,0
37951,1
37952,0
37953,0
37954,0
37955,0
37956,0
37957,1
37958,0
37959,0
37960,0
37961,1
37962,0
37963,1
37964,1
37965,0
37966,1
37967,1
37968,1
37969,0
37970,1
37971,0
37972,1
37973,1
37974,1
37975,0
37976,0
37977,0
37978,0
37979,0
37980,0
37981,0
37982,0
37983,0
37984,0
37985,0
37986,0
37987,0
37988,1
37989,0
37990,0
37991,0
37992,0
37993,1
37994,0
37995,1
37996,1
37997,1
37998,1
37999,0
38000,0
38001,1
38002,0
38003,0
38004,0
38005,0
38006,0
38007,1
38008,0
38009,0
38010,0
38011,0
38012,0
38013,0
38014,0
38015,0
38016,0
38017,0
38018,1
38019,0
38020,1
38021,0
38022,0
38023,1
38024,0
38025,0
38026,0
38027,1
38028,0
38029,0
38030,1
38031,0
38032,0
38033,1
38034,0
38035,0
38036,0
38037,1
38038,0
38039,0
38040,1
38041,0
38042,0
38043,0
38044,0
38045,0
38046,1
38047,0
38048,0
38049,1
38050,0
38051,0
38052,1
38053,0
38054,1
38055,1
38056,0
38057,0
38058,0
38059,1
38060,0
38061,1
38062,0
38063,0
38064,0
38065,0
38066,0
38067,0
38068,1
38069,0
38070,0
38071,0
38072,0
38073,1
38074,0
38075,0
38076,1
38077,1
38078,1
38079,0
38080,0
38081,0
38082,0
38083,0
38084,0
38085,0
38086,0
38087,0
38088,1
38089,0
38090,1
38091,0
38092,0
38093,0
38094,0
38095,1
38096,1
38097,0
38098,0
38099,0
38100,0
38101,0
38102,0
38103,0
38104,0
38105,0
38106,1
38107,0
38108,1
38109,1
38110,0
38111,0
38112,0
38113,0
38114,1
38115,0
38116,0
38117,0
38118,1
38119,1
38120,0
38121,0
38122,0
38123,0
38124,1
38125,0
38126,0
38127,0
38128,0
38129,1
38130,0
38131,0
38132,0
38133,0
38134,0
38135,0
38136,0
38137,0
38138,1
38139,0
38140,0
38141,0
38142,0
38143,0
38144,0
38145,1
38146,0
38147,1
38148,1
38149,0
38150,1
38151,0
38152,1
38153,0
38154,0
38155,0
38156,0
38157,0
38158,0
38159,1
38160,0
38161,0
38162,0
38163,0
38164,1
38165,0
38166,1
38167,0
38168,0
38169,1
38170,0
38171,0
38172,1
38173,0
38174,0
38175,0
38176,0
38177,0
38178,0
38179,1
38180,1
38181,1
38182,0
38183,0
38184,0
38185,0
38186,0
38187,0
38188,0
38189,0
38190,1
38191,1
38192,0
38193,0
38194,0
38195,0
38196,0
38197,0
38198,1
38199,0
38200,1
38201,0
38202,0
38203,0
38204,0
38205,0
38206,1
38207,0
38208,0
38209,0
38210,0
38211,0
38212,1
38213,0
38214,1
38215,1
38216,0
38217,0
38218,1
38219,0
38220,0
38221,0
38222,0
38223,0
38224,0
38225,0
38226,1
38227,0
38228,0
38229,0
38230,1
38231,0
38232,1
38233,1
38234,1
38235,0
38236,1
38237,0
38238,1
38239,0
38240,0
38241,0
38242,1
38243,1
38244,0
38245,0
38246,0
38247,1
38248,0
38249,0
38250,0
38251,0
38252,1
38253,1
38254,0
38255,0
38256,0
38257,0
38258,1
38259,1
38260,0
38261,1
38262,0
38263,0
38264,1
38265,0
38266,0
38267,1
38268,0
38269,0
38270,0
38271,1
38272,0
38273,0
38274,0
38275,0
38276,0
38277,1
38278,0
38279,0
38280,0
38281,0
38282,0
38283,0
38284,0
38285,0
38286,0
38287,0
38288,1
38289,1
38290,0
38291,1
38292,0
38293,0
38294,0
38295,0
38296,0
38297,1
38298,0
38299,1
38300,1
38301,0
38302,0
38303,0
38304,1
38305,0
38306,1
38307,0
38308,0
38309,1
38310,0
38311,1
38312,1
38313,0
38314,0
38315,1
38316,0
38317,1
38318,1
38319,0
38320,1
38321,0
38322,0
38323,1
38324,1
38325,0
38326,0
38327,1
38328,0
38329,1
38330,0
38331,0
38332,0
38333,0
38334,0
38335,1
38336,0
38337,1
38338,0
38339,0
38340,1
38341,1
38342,0
38343,0
38344,0
38345,1
38346,0
38347,0
38348,1
38349,0
38350,0
38351,0
38352,0
38353,1
38354,0
38355,0
38356,0
38357,0
38358,0
38359,1
38360,1
38361,0
38362,1
38363,1
38364,0
38365,1
38366,0
38367,0
38368,0
38369,0
38370,1
38371,1
38372,0
38373,1
38374,0
38375,1
38376,0
38377,0
38378,1
38379,0
38380,0
38381,1
38382,0
38383,1
38384,0
38385,0
38386,0
38387,0
38388,0
38389,0
38390,0
38391,0
38392,1
38393,0
38394,0
38395,0
38396,0
38397,0
38398,0
38399,0
38400,0
38401,1
38402,0
38403,1
38404,0
38405,0
38406,0
38407,1
38408,0
38409,0
38410,1
38411,0
38412,0
38413,1
38414,0
38415,0
38416,0
38417,1
38418,0
38419,0
38420,0
38421,0
38422,0
38423,0
38424,0
38425,0
38426,1
38427,0
38428,0
38429,0
38430,0
38431,1
38432,0
38433,0
38434,1
38435,0
38436,0
38437,1
38438,0
38439,1
38440,0
38441,0
38442,0
38443,0
38444,0
38445,0
38446,0
38447,0
38448,1
38449,0
38450,1
38451,0
38452,1
38453,0
38454,0
38455,0
38456,1
38457,0
38458,0
38459,1
38460,0
38461,1
38462,0
38463,1
38464,0
38465,1
38466,0
38467,1
38468,0
38469,0
38470,0
38471,1
38472,1
38473,0
38474,0
38475,0
38476,1
38477,1
38478,1
38479,1
38480,1
38481,0
38482,1
38483,0
38484,0
38485,0
38486,0
38487,1
38488,0
38489,0
38490,0
38491,0
38492,0
38493,0
38494,1
38495,0
38496,0
38497,0
38498,0
38499,0
38500,0
38501,0
38502,1
38503,0
38504,0
38505,0
38506,1
38507,1
38508,1
38509,0
38510,0
38511,0
38512,0
38513,0
38514,1
38515,0
38516,0
38517,1
38518,0
38519,1
38520,0
38521,0
38522,0
38523,1
38524,0
38525,1
38526,1
38527,0
38528,0
38529,0
38530,0
38531,0
38532,0
38533,1
38534,1
38535,0
38536,0
38537,0
38538,1
38539,0
38540,1
38541,0
38542,0
38543,0
38544,0
38545,0
38546,0
38547,1
38548,0
38549,0
38550,0
38551,0
38552,0
38553,0
38554,0
38555,0
38556,0
38557,0
38558,0
38559,1
38560,1
38561,1
38562,1
38563,1
38564,0
38565,0
38566,0
38567,1
38568,1
38569,1
38570,0
38571,1
38572,0
38573,1
38574,1
38575,0
38576,0
38577,1
38578,0
38579,0
38580,0
38581,1
38582,1
38583,0
38584,0
38585,0
38586,0
38587,0
38588,0
38589,1
38590,0
38591,1
38592,1
38593,0
38594,0
38595,0
38596,1
38597,0
38598,0
38599,1
38600,0
38601,1
38602,0
38603,0
38604,0
38605,0
38606,0
38607,0
38608,0
38609,0
38610,0
38611,1
38612,1
38613,0
38614,1
38615,0
38616,0
38617,1
38618,0
38619,1
38620,1
38621,0
38622,0
38623,1
38624,0
38625,0
38626,0
38627,0
38628,0
38629,0
38630,1
38631,0
38632,1
38633,1
38634,1
38635,1
38636,0
38637,0
38638,1
38639,0
38640,1
38641,1
38642,0
38643,0
38644,1
38645,0
38646,0
38647,1
38648,0
38649,0
38650,0
38651,0
38652,0
38653,0
38654,0
38655,0
38656,0
38657,0
38658,1
38659,0
38660,0
38661,0
38662,0
38663,0
38664,0
38665,0
38666,1
38667,0
38668,0
38669,1
38670,1
38671,1
38672,0
38673,0
38674,1
38675,0
38676,0
38677,0
38678,1
38679,0
38680,0
38681,0
38682,0
38683,0
38684,1
38685,1
38686,0
38687,0
38688,0
38689,1
38690,0
38691,1
38692,0
38693,0
38694,0
38695,0
38696,0
38697,0
38698,0
38699,0
38700,0
38701,0
38702,0
38703,0
38704,0
38705,0
38706,0
38707,0
38708,0
38709,1
38710,0
38711,0
38712,1
38713,1
38714,0
38715,0
38716,0
38717,1
38718,0
38719,1
38720,0
38721,1
38722,0
38723,1
38724,1
38725,1
38726,0
38727,0
38728,1
38729,0
38730,0
38731,1
38732,0
38733,0
38734,0
38735,0
38736,1
38737,0
38738,1
38739,0
38740,0
38741,0
38742,0
38743,0
38744,0
38745,0
38746,0
38747,1
38748,1
38749,0
38750,0
38751,0
38752,1
38753,0
38754,1
38755,1
38756,0
38757,1
38758,1
38759,1
38760,0
38761,0
38762,0
38763,1
38764,1
38765,0
38766,1
38767,1
38768,1
38769,0
38770,1
38771,1
38772,1
38773,1
38774,0
38775,1
38776,0
38777,0
38778,1
38779,0
38780,0
38781,0
38782,1
38783,0
38784,1
38785,1
38786,0
38787,0
38788,0
38789,0
38790,0
38791,0
38792,0
38793,1
38794,1
38795,0
38796,0
38797,1
38798,1
38799,0
38800,1
38801,0
38802,0
38803,1
38804,0
38805,0
38806,1
38807,1
38808,0
38809,0
38810,0
38811,0
38812,1
38813,0
38814,0
38815,1
38816,1
38817,0
38818,0
38819,0
38820,1
38821,1
38822,0
38823,1
38824,0
38825,0
38826,0
38827,1
38828,0
38829,0
38830,0
38831,1
38832,0
38833,1
38834,0
38835,1
38836,0
38837,0
38838,0
38839,0
38840,1
38841,1
38842,0
38843,0
38844,0
38845,0
38846,0
38847,0
38848,0
38849,0
38850,1
38851,1
38852,0
38853,0
38854,0
38855,0
38856,0
38857,0
38858,0
38859,0
38860,1
38861,0
38862,0
38863,0
38864,0
38865,0
38866,0
38867,0
38868,0
38869,0
38870,0
38871,1
38872,0
38873,1
38874,0
38875,0
38876,0
38877,0
38878,0
38879,0
38880,1
38881,1
38882,0
38883,0
38884,0
38885,1
38886,0
38887,1
38888,0
38889,0
38890,0
38891,0
38892,0
38893,0
38894,1
38895,0
38896,0
38897,1
38898,1
38899,1
38900,0
38901,0
38902,0
38903,0
38904,0
38905,0
38906,0
38907,0
38908,0
38909,0
38910,0
38911,0
38912,0
38913,0
38914,1
38915,0
38916,0
38917,1
38918,0
38919,0
38920,1
38921,0
38922,0
38923,0
38924,1
38925,0
38926,1
38927,0
38928,0
38929,0
38930,0
38931,1
38932,0
38933,0
38934,0
38935,1
38936,0
38937,1
38938,1
38939,0
38940,1
38941,0
38942,1
38943,0
38944,1
38945,1
38946,0
38947,0
38948,0
38949,0
38950,0
38951,0
38952,0
38953,0
38954,0
38955,0
38956,0
38957,1
38958,1
38959,0
38960,0
38961,0
38962,1
38963,0
38964,0
38965,0
38966,1
38967,1
38968,0
38969,1
38970,1
38971,0
38972,0
38973,1
38974,0
38975,0
38976,0
38977,1
38978,0
38979,0
38980,0
38981,0
38982,1
38983,0
38984,0
38985,0
38986,1
38987,0
38988,0
38989,0
38990,1
38991,0
38992,0
38993,0
38994,1
38995,0
38996,0
38997,0
38998,0
38999,1
39000,1
39001,0
39002,0
39003,1
39004,1
39005,1
39006,0
39007,0
39008,1
39009,0
39010,0
39011,0
39012,0
39013,0
39014,1
39015,0
39016,0
39017,0
39018,0
39019,0
39020,0
39021,0
39022,0
39023,0
39024,0
39025,1
39026,0
39027,0
39028,0
39029,1
39030,1
39031,1
39032,0
39033,0
39034,1
39035,0
39036,0
39037,0
39038,0
39039,1
39040,0
39041,0
39042,0
39043,0
39044,0
39045,0
39046,0
39047,0
39048,0
39049,1
39050,0
39051,1
39052,0
39053,0
39054,0
39055,1
39056,0
39057,0
39058,0
39059,0
39060,0
39061,1
39062,0
39063,1
39064,1
39065,1
39066,1
39067,1
39068,0
39069,0
39070,0
39071,0
39072,1
39073,0
39074,0
39075,1
39076,1
39077,1
39078,0
39079,0
39080,1
39081,0
39082,0
39083,0
39084,0
39085,0
39086,1
39087,1
39088,1
39089,1
39090,0
39091,0
39092,1
39093,1
39094,0
39095,0
39096,0
39097,0
39098,0
39099,0
39100,0
39101,0
39102,0
39103,0
39104,1
39105,1
39106,0
39107,0
39108,0
39109,1
39110,0
39111,0
39112,0
39113,0
39114,1
39115,0
39116,0
39117,0
39118,0
39119,0
39120,0
39121,0
39122,0
39123,1
39124,0
39125,0
39126,0
39127,0
39128,1
39129,0
39130,0
39131,1
39132,0
39133,0
39134,1
39135,0
39136,0
39137,0
39138,1
39139,0
39140,0
39141,0
39142,0
39143,0
39144,0
39145,0
39146,1
39147,0
39148,1
39149,0
39150,0
39151,0
39152,1
39153,0
39154,0
39155,0
39156,0
39157,0
39158,0
39159,0
39160,1
39161,0
39162,1
39163,1
39164,1
39165,1
39166,0
39167,1
39168,0
39169,0
39170,0
39171,1
39172,0
39173,1
39174,0
39175,1
39176,1
39177,0
39178,0
39179,0
39180,1
39181,1
39182,0
39183,1
39184,0
39185,1
39186,1
39187,0
39188,0
39189,1
39190,1
39191,0
39192,0
39193,1
39194,1
39195,1
39196,0
39197,0
39198,0
39199,1
39200,0
39201,1
39202,0
39203,0
39204,0
39205,1
39206,0
39207,0
39208,1
39209,1
39210,1
39211,0
39212,0
39213,1
39214,1
39215,1
39216,0
39217,1
39218,1
39219,1
39220,1
39221,0
39222,0
39223,0
39224,0
39225,0
39226,0
39227,0
39228,1
39229,0
39230,0
39231,0
39232,0
39233,0
39234,1
39235,0
39236,0
39237,0
39238,0
39239,1
39240,1
39241,0
39242,0
39243,0
39244,0
39245,0
39246,0
39247,1
39248,0
39249,0
39250,1
39251,1
39252,0
39253,0
39254,0
39255,0
39256,0
39257,0
39258,1
39259,0
39260,0
39261,1
39262,0
39263,1
39264,1
39265,0
39266,0
39267,0
39268,0
39269,0
39270,0
39271,1
39272,1
39273,0
39274,1
39275,0
39276,1
39277,0
39278,0
39279,0
39280,1
39281,1
39282,0
39283,1
39284,0
39285,0
39286,0
39287,1
39288,1
39289,0
39290,0
39291,1
39292,1
39293,0
39294,0
39295,1
39296,0
39297,0
39298,0
39299,0
39300,0
39301,0
39302,0
39303,0
39304,1
39305,0
39306,1
39307,0
39308,0
39309,1
39310,0
39311,0
39312,0
39313,0
39314,0
39315,1
39316,1
39317,0
39318,0
39319,0
39320,0
39321,0
39322,1
39323,0
39324,1
39325,1
39326,0
39327,0
39328,1
39329,0
39330,0
39331,0
39332,0
39333,0
39334,0
39335,0
39336,1
39337,0
39338,1
39339,0
39340,0
39341,0
39342,1
39343,0
39344,0
39345,0
39346,1
39347,0
39348,0
39349,0
39350,0
39351,0
39352,0
39353,0
39354,0
39355,0
39356,0
39357,0
39358,1
39359,0
39360,1
39361,0
39362,0
39363,1
39364,0
39365,0
39366,1
39367,0
39368,0
39369,1
39370,1
39371,0
39372,0
39373,0
39374,0
39375,0
39376,1
39377,0
39378,1
39379,1
39380,1
39381,1
39382,1
39383,1
39384,0
39385,0
39386,1
39387,0
39388,0
39389,0
39390,0
39391,0
39392,1
39393,0
39394,1
39395,0
39396,1
39397,0
39398,0
39399,0
39400,0
39401,0
39402,0
39403,1
39404,0
39405,0
39406,0
39407,0
39408,0
39409,0
39410,0
39411,0
39412,1
39413,0
39414,1
39415,0
39416,1
39417,0
39418,0
39419,1
39420,0
39421,1
39422,1
39423,0
39424,0
39425,1
39426,0
39427,0
39428,0
39429,0
39430,1
39431,0
39432,0
39433,0
39434,0
39435,0
39436,1
39437,0
39438,1
39439,0
39440,1
39441,0
39442,0
39443,0
39444,0
39445,0
39446,0
39447,1
39448,0
39449,0
39450,0
39451,0
39452,0
39453,0
39454,0
39455,0
39456,1
39457,0
39458,0
39459,1
39460,1
39461,0
39462,0
39463,1
39464,0
39465,0
39466,0
39467,1
39468,1
39469,0
39470,1
39471,0
39472,0
39473,1
39474,1
39475,1
39476,0
39477,0
39478,0
39479,0
39480,0
39481,0
39482,0
39483,0
39484,0
39485,0
39486,0
39487,0
39488,1
39489,1
39490,0
39491,0
39492,0
39493,1
39494,0
39495,0
39496,1
39497,0
39498,1
39499,1
39500,1
39501,0
39502,1
39503,1
39504,0
39505,0
39506,1
39507,0
39508,0
39509,0
39510,1
39511,0
39512,0
39513,1
39514,0
39515,0
39516,1
39517,0
39518,0
39519,0
39520,0
39521,0
39522,0
39523,0
39524,1
39525,1
39526,0
39527,0
39528,0
39529,0
39530,1
39531,0
39532,0
39533,0
39534,0
39535,0
39536,1
39537,1
39538,1
39539,0
39540,1
39541,1
39542,0
39543,1
39544,1
39545,1
39546,1
39547,1
39548,0
39549,0
39550,0
39551,1
39552,0
39553,0
39554,0
39555,1
39556,1
39557,1
39558,0
39559,1
39560,0
39561,1
39562,0
39563,0
39564,0
39565,1
39566,0
39567,0
39568,0
39569,0
39570,0
39571,1
39572,0
39573,1
39574,0
39575,0
39576,0
39577,1
39578,0
39579,1
39580,0
39581,1
39582,1
39583,0
39584,0
39585,1
39586,1
39587,0
39588,1
39589,0
39590,0
39591,0
39592,0
39593,0
39594,0
39595,0
39596,1
39597,0
39598,1
39599,0
39600,0
39601,1
39602,1
39603,0
39604,1
39605,0
39606,0
39607,0
39608,0
39609,0
39610,0
39611,0
39612,0
39613,0
39614,0
39615,0
39616,0
39617,0
39618,0
39619,0
39620,0
39621,1
39622,0
39623,0
39624,0
39625,0
39626,0
39627,1
39628,0
39629,0
39630,0
39631,0
39632,0
39633,0
39634,1
39635,0
39636,0
39637,0
39638,0
39639,0
39640,0
39641,0
39642,0
39643,1
39644,0
39645,1
39646,1
39647,0
39648,0
39649,1
39650,1
39651,1
39652,1
39653,1
39654,0
39655,1
39656,0
39657,0
39658,1
39659,0
39660,1
39661,0
39662,1
39663,0
39664,1
39665,0
39666,1
39667,0
39668,1
39669,1
39670,0
39671,1
39672,0
39673,1
39674,0
39675,0
39676,1
39677,1
39678,1
39679,1
39680,0
39681,1
39682,0
39683,0
39684,0
39685,0
39686,0
39687,0
39688,0
39689,0
39690,0
39691,0
39692,1
39693,0
39694,0
39695,0
39696,0
39697,1
39698,0
39699,0
39700,0
39701,0
39702,0
39703,0
39704,0
39705,1
39706,1
39707,1
39708,0
39709,1
39710,0
39711,0
39712,0
39713,0
39714,0
39715,1
39716,0
39717,1
39718,0
39719,1
39720,1
39721,0
39722,1
39723,1
39724,0
39725,0
39726,0
39727,0
39728,0
39729,0
39730,1
39731,0
39732,1
39733,0
39734,1
39735,0
39736,0
39737,0
39738,0
39739,0
39740,0
39741,0
39742,0
39743,0
39744,0
39745,1
39746,1
39747,1
39748,0
39749,0
39750,0
39751,0
39752,1
39753,1
39754,0
39755,1
39756,0
39757,0
39758,0
39759,0
39760,0
39761,0
39762,1
39763,0
39764,0
39765,0
39766,1
39767,1
39768,0
39769,0
39770,0
39771,0
39772,1
39773,0
39774,0
39775,0
39776,0
39777,0
39778,1
39779,1
39780,0
39781,0
39782,0
39783,0
39784,0
39785,0
39786,0
39787,1
39788,0
39789,1
39790,0
39791,0
39792,0
39793,1
39794,1
39795,0
39796,0
39797,0
39798,0
39799,0
39800,0
39801,0
39802,0
39803,0
39804,0
39805,1
39806,1
39807,0
39808,0
39809,0
39810,0
39811,0
39812,0
39813,0
39814,1
39815,0
39816,1
39817,0
39818,1
39819,0
39820,0
39821,1
39822,1
39823,0
39824,0
39825,0
39826,0
39827,1
39828,0
39829,0
39830,0
39831,1
39832,0
39833,0
39834,0
39835,1
39836,1
39837,0
39838,0
39839,0
39840,0
39841,0
39842,0
39843,0
39844,0
39845,0
39846,0
39847,0
39848,0
39849,0
39850,1
39851,1
39852,1
39853,0
39854,1
39855,0
39856,1
39857,0
39858,0
39859,1
39860,1
39861,0
39862,0
39863,0
39864,0
39865,0
39866,0
39867,0
39868,0
39869,0
39870,1
39871,0
39872,0
39873,0
39874,0
39875,0
39876,0
39877,0
39878,0
39879,0
39880,0
39881,1
39882,1
39883,0
39884,0
39885,1
39886,0
39887,1
39888,0
39889,0
39890,0
39891,0
39892,0
39893,0
39894,0
39895,0
39896,0
39897,0
39898,0
39899,0
39900,0
39901,1
39902,0
39903,0
39904,0
39905,0
39906,0
39907,1
39908,1
39909,0
39910,0
39911,0
39912,0
39913,1
39914,1
39915,0
39916,0
39917,0
39918,1
39919,0
39920,0
39921,0
39922,0
39923,1
39924,0
39925,0
39926,0
39927,1
39928,0
39929,0
39930,1
39931,0
39932,0
39933,0
39934,1
39935,0
39936,0
39937,0
39938,1
39939,0
39940,0
39941,0
39942,0
39943,0
39944,0
39945,1
39946,1
39947,0
39948,0
39949,0
39950,1
39951,0
39952,0
39953,0
39954,0
39955,0
39956,1
39957,0
39958,1
39959,0
39960,1
39961,0
39962,1
39963,1
39964,1
39965,0
39966,0
39967,0
39968,0
39969,0
39970,0
39971,1
39972,0
39973,1
39974,1
39975,0
39976,1
39977,0
39978,0
39979,0
39980,0
39981,0
39982,0
39983,0
39984,0
39985,0
39986,1
39987,0
39988,0
39989,0
39990,0
39991,1
39992,0
39993,0
39994,1
39995,1
39996,0
39997,1
39998,1
39999,0
40000,0
40001,0
40002,0
40003,0
40004,0
40005,1
40006,0
40007,1
40008,1
40009,0
40010,0
40011,0
40012,0
40013,1
40014,0
40015,1
40016,0
40017,0
40018,1
40019,0
40020,0
40021,0
40022,0
40023,0
40024,0
40025,1
40026,1
40027,1
40028,0
40029,0
40030,0
40031,1
40032,0
40033,0
40034,0
40035,1
40036,1
40037,0
40038,0
40039,1
40040,0
40041,1
40042,1
40043,0
40044,0
40045,0
40046,0
40047,1
40048,0
40049,1
40050,1
40051,0
40052,0
40053,0
40054,1
40055,0
40056,0
40057,0
40058,0
40059,0
40060,0
40061,0
40062,0
40063,1
40064,0
40065,0
40066,1
40067,0
40068,1
40069,0
40070,0
40071,0
40072,1
40073,0
40074,0
40075,0
40076,0
40077,0
40078,1
40079,1
40080,0
40081,0
40082,0
40083,0
40084,1
40085,0
40086,0
40087,1
40088,0
40089,0
40090,1
40091,0
40092,1
40093,0
40094,0
40095,0
40096,1
40097,0
40098,1
40099,0
40100,0
40101,0
40102,0
40103,0
40104,0
40105,1
40106,0
40107,1
40108,1
40109,0
40110,1
40111,0
40112,0
40113,0
40114,0
40115,0
40116,0
40117,0
40118,0
40119,1
40120,0
40121,0
40122,0
40123,0
40124,1
40125,1
40126,0
40127,1
40128,0
40129,1
40130,0
40131,1
40132,1
40133,0
40134,0
40135,0
40136,0
40137,0
40138,0
40139,1
40140,0
40141,1
40142,0
40143,0
40144,0
40145,0
40146,0
40147,1
40148,0
40149,1
40150,1
40151,0
40152,0
40153,0
40154,1
40155,0
40156,0
40157,0
40158,0
40159,1
40160,0
40161,0
40162,0
40163,0
40164,0
40165,0
40166,0
40167,1
40168,0
40169,1
40170,1
40171,1
40172,0
40173,0
40174,1
40175,0
40176,0
40177,0
40178,1
40179,0
40180,0
40181,0
40182,0
40183,0
40184,1
40185,0
40186,0
40187,0
40188,1
40189,0
40190,1
40191,0
40192,0
40193,1
40194,0
40195,0
40196,1
40197,1
40198,0
40199,0
40200,0
40201,0
40202,0
40203,0
40204,1
40205,1
40206,1
40207,1
40208,0
40209,0
40210,0
40211,0
40212,0
40213,0
40214,0
40215,0
40216,1
40217,0
40218,0
40219,0
40220,1
40221,0
40222,0
40223,0
40224,0
40225,0
40226,0
40227,0
40228,0
40229,1
40230,0
40231,0
40232,0
40233,0
40234,0
40235,0
40236,0
40237,0
40238,0
40239,0
40240,0
40241,0
40242,0
40243,1
40244,0
40245,0
40246,0
40247,0
40248,0
40249,0
40250,0
40251,0
40252,0
40253,1
40254,0
40255,0
40256,0
40257,0
40258,1
40259,1
40260,1
40261,1
40262,1
40263,1
40264,1
40265,0
40266,1
40267,0
40268,1
40269,0
40270,1
40271,0
40272,1
40273,0
40274,0
40275,0
40276,1
40277,0
40278,0
40279,0
40280,0
40281,0
40282,0
40283,1
40284,0
40285,0
40286,1
40287,0
40288,0
40289,0
40290,0
40291,0
40292,0
40293,0
40294,0
40295,1
40296,1
40297,0
40298,0
40299,1
40300,0
40301,1
40302,1
40303,1
40304,0
40305,0
40306,0
40307,1
40308,1
40309,0
40310,0
40311,0
40312,0
40313,0
40314,0
40315,1
40316,0
40317,1
40318,0
40319,0
40320,1
40321,1
40322,0
40323,0
40324,1
40325,0
40326,1
40327,1
40328,1
40329,1
40330,0
40331,0
40332,0
40333,0
40334,0
40335,1
40336,1
40337,0
40338,0
40339,0
40340,1
40341,0
40342,0
40343,0
40344,1
40345,1
40346,1
40347,0
40348,1
40349,1
40350,0
40351,0
40352,0
40353,1
40354,0
40355,0
40356,0
40357,1
40358,0
40359,1
40360,1
40361,1
40362,0
40363,0
40364,0
40365,0
40366,0
40367,0
40368,0
40369,1
40370,0
40371,0
40372,1
40373,0
40374,1
40375,0
40376,0
40377,1
40378,0
40379,0
40380,1
40381,0
40382,0
40383,1
40384,0
40385,0
40386,1
40387,0
40388,0
40389,0
40390,1
40391,0
40392,0
40393,0
40394,0
40395,0
40396,0
40397,0
40398,1
40399,0
40400,1
40401,0
40402,1
40403,0
40404,0
40405,0
40406,1
40407,0
40408,0
40409,0
40410,1
40411,0
40412,0
40413,1
40414,0
40415,0
40416,1
40417,0
40418,0
40419,0
40420,0
40421,0
40422,0
40423,1
40424,1
40425,0
40426,0
40427,0
40428,0
40429,0
40430,0
40431,0
40432,0
40433,0
40434,0
40435,0
40436,0
40437,0
40438,0
40439,0
40440,0
40441,1
40442,1
40443,0
40444,0
40445,0
40446,0
40447,1
40448,1
40449,1
40450,1
40451,0
40452,0
40453,1
40454,0
40455,0
40456,0
40457,0
40458,1
40459,0
40460,0
40461,1
40462,1
40463,0
40464,1
40465,0
40466,0
40467,0
40468,0
40469,0
40470,0
40471,0
40472,0
40473,0
40474,1
40475,1
40476,1
40477,1
40478,1
40479,1
40480,0
40481,0
40482,0
40483,1
40484,1
40485,0
40486,0
40487,1
40488,1
40489,1
40490,0
40491,0
40492,0
40493,0
40494,0
40495,0
40496,0
40497,0
40498,0
40499,0
40500,0
40501,1
40502,0
40503,0
40504,0
40505,0
40506,0
40507,1
40508,0
40509,0
40510,0
40511,0
40512,0
40513,1
40514,0
40515,0
40516,0
40517,1
40518,0
40519,0
40520,0
40521,0
40522,0
40523,1
40524,0
40525,1
40526,1
40527,0
40528,0
40529,0
40530,0
40531,0
40532,0
40533,0
40534,0
40535,0
40536,0
40537,1
40538,0
40539,0
40540,1
40541,1
40542,0
40543,0
40544,0
40545,0
40546,0
40547,1
40548,1
40549,0
40550,1
40551,1
40552,0
40553,1
40554,0
40555,0
40556,1
40557,1
40558,1
40559,0
40560,0
40561,0
40562,0
40563,0
40564,0
40565,0
40566,1
40567,0
40568,1
40569,0
40570,1
40571,1
40572,0
40573,0
40574,1
40575,0
40576,0
40577,1
40578,1
40579,0
40580,0
40581,0
40582,1
40583,0
40584,0
40585,1
40586,0
40587,0
40588,1
40589,0
40590,1
40591,0
40592,0
40593,0
40594,0
40595,0
40596,0
40597,0
40598,0
40599,0
40600,0
40601,1
40602,0
40603,0
40604,0
40605,0
40606,0
40607,1
40608,1
40609,0
40610,0
40611,0
40612,0
40613,1
40614,0
40615,1
40616,0
40617,0
40618,0
40619,0
40620,0
40621,0
40622,1
40623,1
40624,0
40625,0
40626,0
40627,0
40628,0
40629,0
40630,0
40631,0
40632,1
40633,0
40634,0
40635,0
40636,0
40637,0
40638,1
40639,0
40640,0
40641,1
40642,0
40643,0
40644,1
40645,1
40646,0
40647,0
40648,1
40649,0
40650,0
40651,0
40652,1
40653,1
40654,1
40655,1
40656,1
40657,0
40658,0
40659,1
40660,0
40661,1
40662,0
40663,0
40664,1
40665,0
40666,0
40667,0
40668,1
40669,1
40670,0
40671,0
40672,1
40673,1
40674,0
40675,0
40676,1
40677,0
40678,1
40679,0
40680,0
40681,0
40682,0
40683,0
40684,0
40685,0
40686,0
40687,0
40688,1
40689,0
40690,0
40691,1
40692,1
40693,1
40694,0
40695,0
40696,1
40697,0
40698,1
40699,0
40700,0
40701,0
40702,0
40703,1
40704,1
40705,0
40706,0
40707,0
40708,0
40709,0
40710,0
40711,0
40712,1
40713,0
40714,0
40715,1
40716,0
40717,0
40718,1
40719,0
40720,0
40721,0
40722,0
40723,0
40724,0
40725,0
40726,0
40727,1
40728,1
40729,1
40730,0
40731,0
40732,0
40733,1
40734,1
40735,1
40736,0
40737,1
40738,0
40739,0
40740,0
40741,0
40742,0
40743,0
40744,1
40745,1
40746,1
40747,0
40748,0
40749,0
40750,1
40751,0
40752,0
40753,1
40754,0
40755,1
40756,0
40757,1
40758,0
40759,0
40760,0
40761,0
40762,1
40763,0
40764,0
40765,0
40766,1
40767,0
40768,0
40769,1
40770,0
40771,0
40772,0
40773,1
40774,0
40775,1
40776,0
40777,0
40778,1
40779,1
40780,1
40781,0
40782,1
40783,0
40784,0
40785,1
40786,0
40787,0
40788,1
40789,0
40790,0
40791,0
40792,0
40793,1
40794,1
40795,0
40796,1
40797,0
40798,1
40799,1
40800,1
40801,0
40802,1
40803,0
40804,1
40805,1
40806,1
40807,1
40808,0
40809,0
40810,0
40811,1
40812,0
40813,0
40814,1
40815,1
40816,1
40817,1
40818,0
40819,0
40820,1
40821,0
40822,0
40823,1
40824,0
40825,0
40826,1
40827,0
40828,1
40829,0
40830,0
40831,1
40832,0
40833,0
40834,0
40835,0
40836,0
40837,0
40838,0
40839,0
40840,0
40841,0
40842,0
40843,0
40844,1
40845,0
40846,0
40847,1
40848,1
40849,0
40850,0
40851,0
40852,1
40853,1
40854,0
40855,0
40856,0
40857,1
40858,0
40859,0
40860,1
40861,0
40862,0
40863,1
40864,0
40865,0
40866,0
40867,0
40868,0
40869,0
40870,1
40871,1
40872,0
40873,1
40874,0
40875,0
40876,0
40877,1
40878,0
40879,0
40880,1
40881,0
40882,0
40883,0
40884,0
40885,1
40886,0
40887,0
40888,0
40889,0
40890,0
40891,0
40892,1
40893,1
40894,1
40895,0
40896,0
40897,0
40898,0
40899,0
40900,1
40901,1
40902,1
40903,0
40904,0
40905,0
40906,0
40907,0
40908,0
40909,0
40910,0
40911,1
40912,0
40913,1
40914,0
40915,0
40916,1
40917,0
40918,0
40919,1
40920,0
40921,0
40922,0
40923,0
40924,1
40925,1
40926,1
40927,0
40928,1
40929,0
40930,0
40931,1
40932,0
40933,0
40934,0
40935,1
40936,0
40937,1
40938,0
40939,1
40940,1
40941,1
40942,0
40943,0
40944,1
40945,0
40946,0
40947,0
40948,1
40949,0
40950,0
40951,1
40952,0
40953,0
40954,0
40955,0
40956,0
40957,0
40958,0
40959,0
40960,0
40961,0
40962,1
40963,1
40964,0
40965,0
40966,0
40967,0
40968,0
40969,1
40970,0
40971,0
40972,0
40973,0
40974,0
40975,1
40976,1
40977,0
40978,0
40979,0
40980,1
40981,0
40982,0
40983,1
40984,1
40985,1
40986,1
40987,1
40988,0
40989,1
40990,0
40991,0
40992,0
40993,0
40994,0
40995,0
40996,0
40997,0
40998,1
40999,0
41000,0
41001,0
41002,0
41003,0
41004,0
41005,0
41006,1
41007,0
41008,0
41009,1
41010,0
41011,0
41012,0
41013,1
41014,0
41015,0
41016,0
41017,1
41018,1
41019,1
41020,0
41021,0
41022,0
41023,1
41024,1
41025,1
41026,0
41027,0
41028,1
41029,0
41030,1
41031,1
41032,0
41033,1
41034,1
41035,1
41036,0
41037,0
41038,0
41039,0
41040,0
41041,0
41042,1
41043,0
41044,0
41045,0
41046,0
41047,0
41048,0
41049,0
41050,0
41051,1
41052,0
41053,0
41054,0
41055,0
41056,1
41057,0
41058,1
41059,0
41060,0
41061,0
41062,0
41063,0
41064,0
41065,1
41066,0
41067,0
41068,0
41069,0
41070,0
41071,1
41072,1
41073,0
41074,0
41075,1
41076,1
41077,0
41078,0
41079,1
41080,0
41081,0
41082,0
41083,1
41084,1
41085,1
41086,0
41087,1
41088,0
41089,0
41090,0
41091,0
41092,1
41093,1
41094,1
41095,0
41096,0
41097,0
41098,0
41099,0
41100,1
41101,0
41102,0
41103,0
41104,1
41105,0
41106,0
41107,1
41108,0
41109,0
41110,0
41111,0
41112,1
41113,0
41114,1
41115,1
41116,0
41117,0
41118,0
41119,0
41120,1
41121,0
41122,0
41123,1
41124,1
41125,0
41126,0
41127,0
41128,0
41129,1
41130,0
41131,0
41132,1
41133,0
41134,0
41135,1
41136,1
41137,0
41138,0
41139,1
41140,1
41141,0
41142,0
41143,1
41144,0
41145,0
41146,0
41147,0
41148,0
41149,0
41150,1
41151,1
41152,1
41153,0
41154,0
41155,1
41156,0
41157,0
41158,0
41159,0
41160,0
41161,1
41162,0
41163,1
41164,0
41165,1
41166,1
41167,0
41168,0
41169,0
41170,0
41171,0
41172,0
41173,0
41174,0
41175,0
41176,1
41177,1
41178,0
41179,0
41180,0
41181,0
41182,1
41183,1
41184,0
41185,0
41186,0
41187,0
41188,0
41189,0
41190,0
41191,0
41192,0
41193,0
41194,0
41195,0
41196,0
41197,0
41198,1
41199,0
41200,1
41201,0
41202,0
41203,0
41204,0
41205,1
41206,0
41207,0
41208,1
41209,0
41210,0
41211,0
41212,0
41213,0
41214,0
41215,1
41216,0
41217,0
41218,1
41219,1
41220,1
41221,0
41222,0
41223,0
41224,0
41225,1
41226,1
41227,0
41228,0
41229,0
41230,0
41231,0
41232,0
41233,0
41234,0
41235,1
41236,0
41237,1
41238,0
41239,0
41240,0
41241,0
41242,0
41243,0
41244,0
41245,1
41246,0
41247,1
41248,0
41249,0
41250,0
41251,0
41252,1
41253,0
41254,1
41255,1
41256,0
41257,0
41258,0
41259,0
41260,0
41261,0
41262,1
41263,0
41264,0
41265,0
41266,0
41267,1
41268,0
41269,0
41270,1
41271,0
41272,0
41273,0
41274,0
41275,0
41276,0
41277,1
41278,0
41279,0
41280,1
41281,0
41282,0
41283,0
41284,0
41285,0
41286,1
41287,0
41288,0
41289,0
41290,0
41291,0
41292,0
41293,0
41294,0
41295,0
41296,0
41297,0
41298,0
41299,0
41300,0
41301,1
41302,0
41303,0
41304,1
41305,1
41306,0
41307,1
41308,1
41309,1
41310,0
41311,0
41312,0
41313,1
41314,0
41315,1
41316,1
41317,0
41318,0
41319,1
41320,0
41321,0
41322,0
41323,0
41324,1
41325,0
41326,0
41327,1
41328,0
41329,0
41330,0
41331,0
41332,0
41333,0
41334,0
41335,0
41336,1
41337,1
41338,0
41339,0
41340,0
41341,1
41342,0
41343,0
41344,1
41345,0
41346,0
41347,0
41348,0
41349,0
41350,1
41351,0
41352,0
41353,0
41354,1
41355,1
41356,0
41357,1
41358,0
41359,0
41360,0
41361,0
41362,0
41363,0
41364,0
41365,1
41366,0
41367,0
41368,1
41369,0
41370,0
41371,0
41372,0
41373,1
41374,0
41375,1
41376,0
41377,0
41378,0
41379,0
41380,0
41381,1
41382,1
41383,0
41384,1
41385,0
41386,0
41387,0
41388,0
41389,0
41390,0
41391,1
41392,0
41393,0
41394,0
41395,0
41396,0
41397,0
41398,1
41399,0
41400,0
41401,0
41402,0
41403,0
41404,0
41405,0
41406,0
41407,0
41408,0
41409,0
41410,0
41411,0
41412,0
41413,0
41414,1
41415,0
41416,0
41417,0
41418,0
41419,0
41420,0
41421,1
41422,0
41423,0
41424,0
41425,1
41426,1
41427,0
41428,1
41429,1
41430,1
41431,0
41432,0
41433,0
41434,1
41435,1
41436,0
41437,1
41438,0
41439,0
41440,0
41441,1
41442,0
41443,0
41444,1
41445,0
41446,0
41447,0
41448,1
41449,0
41450,0
41451,0
41452,0
41453,0
41454,1
41455,1
41456,0
41457,0
41458,1
41459,0
41460,0
41461,1
41462,0
41463,1
41464,0
41465,0
41466,0
41467,0
41468,1
41469,1
41470,0
41471,0
41472,1
41473,1
41474,0
41475,1
41476,0
41477,1
41478,0
41479,0
41480,1
41481,1
41482,1
41483,0
41484,0
41485,1
41486,0
41487,0
41488,0
41489,0
41490,1
41491,0
41492,1
41493,0
41494,0
41495,0
41496,0
41497,0
41498,1
41499,1
41500,0
41501,0
41502,1
41503,1
41504,1
41505,0
41506,1
41507,0
41508,1
41509,0
41510,0
41511,1
41512,0
41513,1
41514,1
41515,1
41516,0
41517,0
41518,1
41519,1
41520,0
41521,0
41522,1
41523,0
41524,0
41525,0
41526,1
41527,0
41528,1
41529,1
41530,0
41531,1
41532,0
41533,0
41534,0
41535,0
41536,0
41537,1
41538,0
41539,0
41540,0
41541,0
41542,1
41543,1
41544,0
41545,0
41546,1
41547,1
41548,0
41549,0
41550,1
41551,0
41552,0
41553,0
41554,0
41555,0
41556,0
41557,0
41558,0
41559,0
41560,0
41561,0
41562,0
41563,0
41564,0
41565,0
41566,1
41567,0
41568,1
41569,0
41570,0
41571,0
41572,1
41573,0
41574,0
41575,0
41576,1
41577,0
41578,0
41579,0
41580,0
41581,1
41582,0
41583,0
41584,0
41585,0
41586,1
41587,0
41588,0
41589,1
41590,0
41591,0
41592,0
41593,0
41594,0
41595,0
41596,0
41597,0
41598,1
41599,0
41600,1
41601,1
41602,1
41603,0
41604,1
41605,1
41606,0
41607,0
41608,1
41609,1
41610,0
41611,0
41612,0
41613,0
41614,0
41615,0
41616,0
41617,1
41618,0
41619,0
41620,1
41621,1
41622,0
41623,0
41624,1
41625,1
41626,0
41627,0
41628,0
41629,0
41630,0
41631,0
41632,0
41633,0
41634,1
41635,1
41636,0
41637,0
41638,0
41639,0
41640,0
41641,0
41642,0
41643,0
41644,1
41645,0
41646,0
41647,0
41648,0
41649,0
41650,0
41651,0
41652,0
41653,0
41654,0
41655,0
41656,0
41657,1
41658,0
41659,0
41660,0
41661,0
41662,0
41663,0
41664,0
41665,1
41666,0
41667,0
41668,0
41669,0
41670,0
41671,0
41672,0
41673,0
41674,0
41675,0
41676,0
41677,1
41678,0
41679,0
41680,0
41681,0
41682,1
41683,0
41684,0
41685,0
41686,0
41687,1
41688,0
41689,0
41690,0
41691,0
41692,0
41693,1
41694,1
41695,0
41696,0
41697,1
41698,0
41699,1
41700,1
41701,1
41702,0
41703,0
41704,0
41705,0
41706,0
41707,1
41708,0
41709,1
41710,0
41711,0
41712,0
41713,0
41714,0
41715,1
41716,0
41717,0
41718,1
41719,0
41720,1
41721,0
41722,0
41723,0
41724,0
41725,0
41726,0
41727,0
41728,0
41729,1
41730,0
41731,0
41732,1
41733,0
41734,1
41735,0
41736,0
41737,1
41738,0
41739,1
41740,1
41741,0
41742,0
41743,0
41744,1
41745,0
41746,0
41747,0
41748,0
41749,0
41750,0
41751,0
41752,0
41753,0
41754,0
41755,1
41756,1
41757,1
41758,0
41759,0
41760,1
41761,0
41762,0
41763,0
41764,0
41765,1
41766,0
41767,1
41768,1
41769,0
41770,0
41771,0
41772,0
41773,0
41774,0
41775,0
41776,0
41777,0
41778,1
41779,0
41780,0
41781,0
41782,0
41783,0
41784,0
41785,0
41786,0
41787,0
41788,1
41789,0
41790,0
41791,0
41792,0
41793,0
41794,0
41795,0
41796,0
41797,0
41798,0
41799,0
41800,0
41801,0
41802,1
41803,1
41804,0
41805,0
41806,0
41807,0
41808,1
41809,1
41810,1
41811,0
41812,1
41813,0
41814,0
41815,1
41816,1
41817,0
41818,1
41819,0
41820,0
41821,0
41822,0
41823,0
41824,1
41825,0
41826,0
41827,1
41828,1
41829,0
41830,0
41831,1
41832,0
41833,0
41834,1
41835,0
41836,1
41837,0
41838,1
41839,1
41840,1
41841,0
41842,1
41843,0
41844,0
41845,1
41846,1
41847,0
41848,1
41849,0
41850,0
41851,0
41852,0
41853,0
41854,1
41855,0
41856,1
41857,0
41858,1
41859,1
41860,0
41861,0
41862,1
41863,0
41864,0
41865,0
41866,0
41867,0
41868,1
41869,0
41870,0
41871,0
41872,0
41873,0
41874,0
41875,0
41876,0
41877,0
41878,0
41879,0
41880,1
41881,0
41882,0
41883,0
41884,0
41885,1
41886,1
41887,1
41888,1
41889,1
41890,1
41891,0
41892,1
41893,0
41894,0
41895,0
41896,0
41897,1
41898,0
41899,0
41900,0
41901,0
41902,1
41903,0
41904,0
41905,0
41906,0
41907,1
41908,1
41909,0
41910,0
41911,1
41912,0
41913,0
41914,1
41915,0
41916,0
41917,0
41918,0
41919,0
41920,1
41921,0
41922,1
41923,0
41924,0
41925,1
41926,0
41927,0
41928,1
41929,0
41930,1
41931,1
41932,0
41933,0
41934,1
41935,0
41936,0
41937,0
41938,1
41939,0
41940,0
41941,1
41942,0
41943,1
41944,0
41945,1
41946,0
41947,0
41948,0
41949,0
41950,0
41951,0
41952,1
41953,0
41954,0
41955,0
41956,0
41957,1
41958,0
41959,0
41960,1
41961,1
41962,1
41963,0
41964,1
41965,0
41966,0
41967,0
41968,1
41969,0
41970,0
41971,0
41972,1
41973,1
41974,1
41975,0
41976,0
41977,1
41978,0
41979,0
41980,0
41981,0
41982,1
41983,0
41984,0
41985,1
41986,1
41987,0
41988,0
41989,0
41990,0
41991,1
41992,0
41993,1
41994,1
41995,0
41996,1
41997,1
41998,0
41999,1
42000,0
42001,0
42002,0
42003,1
42004,0
42005,0
42006,0
42007,0
42008,0
42009,1
42010,0
42011,0
42012,0
42013,0
42014,0
42015,0
42016,1
42017,1
42018,1
42019,1
42020,0
42021,0
42022,0
42023,1
42024,1
42025,1
42026,0
42027,0
42028,0
42029,0
42030,1
42031,0
42032,0
42033,0
42034,0
42035,0
42036,0
42037,0
42038,0
42039,1
42040,0
42041,0
42042,0
42043,0
42044,0
42045,0
42046,0
42047,0
42048,1
42049,0
42050,0
42051,0
42052,0
42053,0
42054,1
42055,1
42056,0
42057,1
42058,0
42059,0
42060,0
42061,0
42062,1
42063,0
42064,0
42065,0
42066,1
42067,1
42068,0
42069,0
42070,1
42071,0
42072,0
42073,0
42074,0
42075,1
42076,0
42077,0
42078,0
42079,0
42080,1
42081,0
42082,0
42083,1
42084,0
42085,0
42086,0
42087,1
42088,1
42089,1
42090,0
42091,0
42092,0
42093,0
42094,1
42095,1
42096,0
42097,0
42098,0
42099,1
42100,0
42101,0
42102,1
42103,0
42104,0
42105,1
42106,0
42107,0
42108,0
42109,0
42110,0
42111,1
42112,0
42113,0
42114,0
42115,0
42116,0
42117,1
42118,0
42119,0
42120,1
42121,0
42122,0
42123,0
42124,0
42125,0
42126,1
42127,1
42128,0
42129,0
42130,1
42131,1
42132,0
42133,1
42134,0
42135,0
42136,0
42137,0
42138,0
42139,0
42140,1
42141,0
42142,0
42143,0
42144,0
42145,0
42146,1
42147,0
42148,0
42149,0
42150,0
42151,1
42152,0
42153,0
42154,0
42155,0
42156,1
42157,1
42158,1
42159,1
42160,1
42161,0
42162,0
42163,0
42164,0
42165,0
42166,1
42167,0
42168,1
42169,0
42170,0
42171,1
42172,0
42173,0
42174,1
42175,0
42176,0
42177,0
42178,0
42179,1
42180,0
42181,1
42182,0
42183,0
42184,1
42185,0
42186,0
42187,0
42188,1
42189,0
42190,0
42191,1
42192,1
42193,0
42194,0
42195,1
42196,0
42197,0
42198,0
42199,0
42200,0
42201,0
42202,0
42203,1
42204,0
42205,1
42206,1
42207,0
42208,0
42209,0
42210,0
42211,0
42212,0
42213,1
42214,0
42215,0
42216,0
42217,0
42218,0
42219,0
42220,0
42221,0
42222,1
42223,1
42224,0
42225,1
42226,0
42227,0
42228,0
42229,0
42230,0
42231,1
42232,0
42233,0
42234,1
42235,1
42236,1
42237,1
42238,1
42239,0
42240,0
42241,0
42242,0
42243,0
42244,0
42245,0
42246,0
42247,0
42248,1
42249,1
42250,0
42251,0
42252,0
42253,0
42254,0
42255,0
42256,1
42257,0
42258,1
42259,0
42260,0
42261,0
42262,0
42263,0
42264,0
42265,0
42266,0
42267,1
42268,0
42269,0
42270,0
42271,0
42272,1
42273,0
42274,0
42275,0
42276,0
42277,1
42278,0
42279,0
42280,0
42281,1
42282,1
42283,0
42284,0
42285,1
42286,0
42287,0
42288,0
42289,0
42290,0
42291,0
42292,0
42293,1
42294,0
42295,0
42296,0
42297,0
42298,0
42299,0
42300,0
42301,0
42302,0
42303,0
42304,1
42305,0
42306,0
42307,0
42308,1
42309,0
42310,1
42311,0
42312,0
42313,0
42314,0
42315,1
42316,0
42317,0
42318,0
42319,0
42320,0
42321,0
42322,1
42323,0
42324,0
42325,0
42326,0
42327,0
42328,1
42329,0
42330,0
42331,0
42332,0
42333,1
42334,1
42335,0
42336,0
42337,1
42338,0
42339,1
42340,0
42341,0
42342,0
42343,0
42344,0
42345,0
42346,0
42347,0
42348,0
42349,0
42350,1
42351,1
42352,0
42353,0
42354,0
42355,1
42356,0
42357,0
42358,0
42359,1
42360,1
42361,0
42362,0
42363,1
42364,0
42365,0
42366,0
42367,0
42368,0
42369,1
42370,0
42371,0
42372,0
42373,1
42374,0
42375,1
42376,0
42377,0
42378,0
42379,0
42380,1
42381,1
42382,0
42383,0
42384,0
42385,1
42386,1
42387,1
42388,0
42389,1
42390,0
42391,0
42392,1
42393,0
42394,0
42395,0
42396,1
42397,0
42398,1
42399,1
42400,0
42401,1
42402,0
42403,1
42404,0
42405,0
42406,0
42407,1
42408,0
42409,0
42410,0
42411,0
42412,0
42413,0
42414,0
42415,0
42416,0
42417,1
42418,0
42419,1
42420,1
42421,0
42422,0
42423,1
42424,1
42425,0
42426,0
42427,0
42428,1
42429,0
42430,1
42431,0
42432,0
42433,0
42434,0
42435,0
42436,0
42437,0
42438,0
42439,0
42440,1
42441,0
42442,0
42443,0
42444,0
42445,0
42446,0
42447,0
42448,1
42449,0
42450,0
42451,1
42452,0
42453,0
42454,1
42455,0
42456,0
42457,1
42458,0
42459,0
42460,0
42461,1
42462,0
42463,0
42464,0
42465,0
42466,1
42467,0
42468,0
42469,0
42470,0
42471,0
42472,0
42473,0
42474,1
42475,0
42476,1
42477,0
42478,1
42479,1
42480,0
42481,0
42482,0
42483,1
42484,0
42485,1
42486,0
42487,0
42488,1
42489,1
42490,1
42491,0
42492,0
42493,0
42494,0
42495,1
42496,0
42497,1
42498,1
42499,1
42500,0
42501,0
42502,0
42503,0
42504,0
42505,0
42506,1
42507,1
42508,0
42509,0
42510,1
42511,0
42512,0
42513,0
42514,0
42515,1
42516,0
42517,0
42518,1
42519,0
42520,1
42521,0
42522,1
42523,0
42524,0
42525,1
42526,0
42527,0
42528,1
42529,0
42530,0
42531,0
42532,1
42533,0
42534,0
42535,1
42536,1
42537,0
42538,0
42539,0
42540,1
42541,0
42542,0
42543,1
42544,0
42545,0
42546,0
42547,1
42548,0
42549,1
42550,0
42551,0
42552,0
42553,0
42554,1
42555,0
42556,1
42557,0
42558,1
42559,0
42560,1
42561,0
42562,0
42563,0
42564,1
42565,0
42566,0
42567,0
42568,0
42569,1
42570,0
42571,0
42572,0
42573,0
42574,0
42575,0
42576,1
42577,1
42578,0
42579,1
42580,0
42581,0
42582,0
42583,0
42584,1
42585,0
42586,0
42587,1
42588,0
42589,0
42590,0
42591,1
42592,1
42593,0
42594,1
42595,0
42596,0
42597,0
42598,0
42599,0
42600,1
42601,0
42602,0
42603,1
42604,0
42605,1
42606,0
42607,1
42608,0
42609,1
42610,0
42611,0
42612,0
42613,0
42614,0
42615,1
42616,1
42617,1
42618,0
42619,0
42620,0
42621,0
42622,0
42623,1
42624,1
42625,1
42626,0
42627,1
42628,1
42629,0
42630,0
42631,1
42632,0
42633,1
42634,1
42635,0
42636,1
42637,0
42638,0
42639,0
42640,0
42641,0
42642,0
42643,0
42644,0
42645,1
42646,0
42647,0
42648,1
42649,0
42650,0
42651,0
42652,0
42653,1
42654,0
42655,0
42656,0
42657,0
42658,1
42659,0
42660,0
42661,1
42662,0
42663,1
42664,1
42665,0
42666,1
42667,0
42668,1
42669,0
42670,1
42671,0
42672,0
42673,0
42674,0
42675,0
42676,0
42677,0
42678,0
42679,1
42680,0
42681,0
42682,0
42683,1
42684,0
42685,1
42686,1
42687,0
42688,0
42689,1
42690,1
42691,0
42692,0
42693,0
42694,0
42695,0
42696,0
42697,0
42698,0
42699,0
42700,0
42701,0
42702,0
42703,0
42704,0
42705,0
42706,0
42707,1
42708,0
42709,0
42710,0
42711,0
42712,0
42713,0
42714,0
42715,0
42716,0
42717,0
42718,0
42719,0
42720,0
42721,0
42722,1
42723,0
42724,0
42725,1
42726,0
42727,0
42728,0
42729,1
42730,0
42731,0
42732,0
42733,1
42734,0
42735,1
42736,0
42737,0
42738,1
42739,1
42740,0
42741,0
42742,0
42743,1
42744,0
42745,0
42746,0
42747,0
42748,0
42749,0
42750,0
42751,1
42752,0
42753,0
42754,0
42755,0
42756,1
42757,1
42758,0
42759,1
42760,0
42761,0
42762,0
42763,0
42764,0
42765,0
42766,0
42767,0
42768,0
42769,0
42770,0
42771,1
42772,0
42773,1
42774,1
42775,1
42776,1
42777,0
42778,1
42779,0
42780,0
42781,0
42782,0
42783,1
42784,0
42785,0
42786,0
42787,0
42788,0
42789,0
42790,1
42791,1
42792,0
42793,0
42794,0
42795,0
42796,0
42797,1
42798,0
42799,1
42800,0
42801,0
42802,0
42803,0
42804,0
42805,1
42806,0
42807,0
42808,0
42809,0
42810,0
42811,0
42812,0
42813,0
42814,0
42815,0
42816,1
42817,0
42818,0
42819,0
42820,1
42821,0
42822,1
42823,0
42824,0
42825,0
42826,0
42827,1
42828,1
42829,0
42830,1
42831,1
42832,1
42833,0
42834,0
42835,0
42836,0
42837,0
42838,0
42839,0
42840,0
42841,0
42842,1
42843,1
42844,0
42845,0
42846,0
42847,1
42848,0
42849,0
42850,1
42851,0
42852,0
42853,0
42854,0
42855,1
42856,0
42857,0
42858,0
42859,0
42860,0
42861,0
42862,0
42863,0
42864,1
42865,0
42866,0
42867,0
42868,1
42869,0
42870,0
42871,0
42872,0
42873,0
42874,0
42875,0
42876,0
42877,0
42878,1
42879,0
42880,0
42881,0
42882,0
42883,0
42884,1
42885,1
42886,1
42887,0
42888,0
42889,0
42890,0
42891,0
42892,0
42893,0
42894,0
42895,0
42896,0
42897,0
42898,0
42899,0
42900,0
42901,0
42902,0
42903,0
42904,0
42905,0
42906,1
42907,1
42908,1
42909,0
42910,0
42911,0
42912,1
42913,1
42914,1
42915,0
42916,0
42917,0
42918,0
42919,0
42920,0
42921,1
42922,0
42923,1
42924,0
42925,1
42926,0
42927,0
42928,0
42929,1
42930,1
42931,0
42932,1
42933,0
42934,0
42935,0
42936,0
42937,1
42938,0
42939,0
42940,0
42941,1
42942,1
42943,0
42944,1
42945,0
42946,0
42947,0
42948,1
42949,0
42950,0
42951,0
42952,0
42953,0
42954,1
42955,0
42956,0
42957,0
42958,0
42959,1
42960,1
42961,0
42962,0
42963,1
42964,0
42965,1
42966,0
42967,0
42968,0
42969,0
42970,0
42971,0
42972,1
42973,0
42974,0
42975,0
42976,0
42977,1
42978,0
42979,1
42980,0
42981,0
42982,0
42983,0
42984,0
42985,0
42986,0
42987,0
42988,1
42989,0
42990,0
42991,1
42992,1
42993,0
42994,0
42995,0
42996,1
42997,0
42998,1
42999,0
43000,1
43001,0
43002,0
43003,0
43004,1
43005,0
43006,0
43007,1
43008,0
43009,0
43010,1
43011,0
43012,1
43013,1
43014,0
43015,0
43016,1
43017,0
43018,0
43019,0
43020,1
43021,0
43022,0
43023,0
43024,1
43025,0
43026,1
43027,0
43028,1
43029,0
43030,0
43031,0
43032,1
43033,0
43034,1
43035,0
43036,1
43037,1
43038,0
43039,1
43040,1
43041,1
43042,0
43043,0
43044,1
43045,0
43046,0
43047,1
43048,0
43049,1
43050,1
43051,1
43052,0
43053,1
43054,0
43055,0
43056,0
43057,0
43058,0
43059,1
43060,0
43061,0
43062,0
43063,0
43064,0
43065,1
43066,1
43067,0
43068,0
43069,1
43070,1
43071,0
43072,1
43073,0
43074,0
43075,1
43076,0
43077,1
43078,0
43079,0
43080,0
43081,0
43082,0
43083,1
43084,0
43085,1
43086,0
43087,0
43088,0
43089,1
43090,0
43091,0
43092,0
43093,1
43094,0
43095,0
43096,1
43097,1
43098,0
43099,1
43100,1
43101,0
43102,0
43103,1
43104,0
43105,0
43106,1
43107,0
43108,0
43109,0
43110,1
43111,1
43112,1
43113,0
43114,0
43115,0
43116,0
43117,1
43118,1
43119,0
43120,1
43121,0
43122,0
43123,0
43124,0
43125,0
43126,0
43127,0
43128,0
43129,1
43130,0
43131,0
43132,1
43133,0
43134,1
43135,0
43136,1
43137,0
43138,0
43139,0
43140,0
43141,0
43142,0
43143,0
43144,0
43145,0
43146,0
43147,0
43148,0
43149,1
43150,0
43151,1
43152,1
43153,0
43154,0
43155,0
43156,0
43157,1
43158,0
43159,0
43160,0
43161,1
43162,0
43163,0
43164,0
43165,0
43166,0
43167,0
43168,0
43169,1
43170,0
43171,0
43172,1
43173,1
43174,0
43175,0
43176,0
43177,0
43178,0
43179,0
43180,0
43181,1
43182,1
43183,1
43184,0
43185,0
43186,1
43187,0
43188,0
43189,0
43190,0
43191,0
43192,1
43193,1
43194,0
43195,0
43196,1
43197,1
43198,0
43199,1
43200,0
43201,0
43202,1
43203,1
43204,0
43205,0
43206,1
43207,1
43208,0
43209,0
43210,1
43211,0
43212,1
43213,0
43214,0
43215,0
43216,1
43217,0
43218,0
43219,0
43220,1
43221,0
43222,0
43223,1
43224,1
43225,1
43226,0
43227,1
43228,1
43229,1
43230,0
43231,0
43232,1
43233,0
43234,1
43235,0
43236,0
43237,1
43238,1
43239,0
43240,0
43241,0
43242,0
43243,0
43244,0
43245,1
43246,1
43247,0
43248,1
43249,0
43250,0
43251,0
43252,1
43253,0
43254,0
43255,0
43256,1
43257,0
43258,1
43259,1
43260,1
43261,1
43262,0
43263,0
43264,0
43265,0
43266,1
43267,0
43268,0
43269,1
43270,0
43271,0
43272,0
43273,0
43274,0
43275,0
43276,0
43277,1
43278,0
43279,0
43280,0
43281,0
43282,0
43283,0
43284,0
43285,0
43286,1
43287,0
43288,0
43289,1
43290,1
43291,0
43292,0
43293,0
43294,0
43295,1
43296,1
43297,1
43298,0
43299,0
43300,0
43301,0
43302,0
43303,0
43304,0
43305,0
43306,1
43307,0
43308,0
43309,1
43310,0
43311,0
43312,1
43313,0
43314,0
43315,0
43316,0
43317,0
43318,0
43319,0
43320,0
43321,0
43322,0
43323,0
43324,0
43325,0
43326,0
43327,0
43328,0
43329,0
43330,0
43331,1
43332,1
43333,0
43334,1
43335,0
43336,1
43337,1
43338,0
43339,0
43340,0
43341,0
43342,1
43343,1
43344,0
43345,0
43346,0
43347,0
43348,1
43349,0
43350,0
43351,1
43352,0
43353,0
43354,1
43355,0
43356,0
43357,1
43358,0
43359,1
43360,0
43361,1
43362,1
43363,1
43364,1
43365,0
43366,0
43367,0
43368,1
43369,0
43370,1
43371,0
43372,0
43373,0
43374,1
43375,0
43376,0
43377,1
43378,1
43379,1
43380,0
43381,0
43382,0
43383,0
43384,0
43385,0
43386,1
43387,0
43388,0
43389,0
43390,0
43391,0
43392,0
43393,0
43394,0
43395,0
43396,0
43397,0
43398,0
43399,1
43400,0
43401,0
43402,1
43403,0
43404,0
43405,1
43406,0
43407,0
43408,0
43409,1
43410,1
43411,0
43412,0
43413,1
43414,1
43415,1
43416,0
43417,0
43418,0
43419,0
43420,0
43421,1
43422,0
43423,1
43424,0
43425,0
43426,0
43427,0
43428,0
43429,0
43430,0
43431,0
43432,0
43433,0
43434,0
43435,0
43436,1
43437,1
43438,0
43439,0
43440,0
43441,0
43442,0
43443,0
43444,0
43445,1
43446,0
43447,0
43448,0
43449,1
43450,1
43451,0
43452,0
43453,0
43454,1
43455,0
43456,1
43457,0
43458,0
43459,0
43460,0
43461,0
43462,0
43463,0
43464,1
43465,0
43466,0
43467,0
43468,0
43469,1
43470,1
43471,0
43472,0
43473,1
43474,0
43475,0
43476,1
43477,0
43478,1
43479,0
43480,0
43481,1
43482,0
43483,0
43484,1
43485,0
43486,0
43487,0
43488,1
43489,1
43490,0
43491,0
43492,0
43493,0
43494,0
43495,1
43496,0
43497,1
43498,0
43499,1
43500,0
43501,1
43502,0
43503,0
43504,1
43505,0
43506,0
43507,0
43508,0
43509,0
43510,0
43511,0
43512,0
43513,0
43514,1
43515,0
43516,1
43517,1
43518,0
43519,0
43520,0
43521,1
43522,0
43523,0
43524,0
43525,1
43526,1
43527,1
43528,0
43529,0
43530,0
43531,0
43532,0
43533,0
43534,1
43535,0
43536,0
43537,0
43538,0
43539,0
43540,0
43541,0
43542,1
43543,0
43544,0
43545,0
43546,0
43547,0
43548,1
43549,0
43550,1
43551,0
43552,0
43553,0
43554,0
43555,1
43556,0
43557,0
43558,0
43559,1
43560,1
43561,0
43562,0
43563,1
43564,1
43565,0
43566,1
43567,0
43568,0
43569,0
43570,0
43571,0
43572,0
43573,0
43574,0
43575,0
43576,0
43577,0
43578,1
43579,0
43580,0
43581,0
43582,1
43583,1
43584,0
43585,0
43586,0
43587,0
43588,0
43589,0
43590,0
43591,1
43592,0
43593,1
43594,0
43595,0
43596,1
43597,0
43598,0
43599,0
43600,0
43601,0
43602,0
43603,0
43604,0
43605,0
43606,0
43607,1
43608,0
43609,0
43610,0
43611,1
43612,1
43613,0
43614,0
43615,0
43616,1
43617,1
43618,0
43619,0
43620,0
43621,1
43622,0
43623,0
43624,0
43625,0
43626,0
43627,1
43628,0
43629,0
43630,0
43631,1
43632,1
43633,0
43634,0
43635,0
43636,0
43637,1
43638,1
43639,1
43640,0
43641,1
43642,1
43643,1
43644,1
43645,1
43646,0
43647,0
43648,0
43649,1
43650,0
43651,0
43652,0
43653,0
43654,0
43655,0
43656,0
43657,0
43658,0
43659,0
43660,0
43661,0
43662,0
43663,0
43664,0
43665,1
43666,1
43667,1
43668,0
43669,0
43670,1
43671,1
43672,0
43673,1
43674,0
43675,0
43676,0
43677,0
43678,0
43679,1
43680,1
43681,0
43682,0
43683,0
43684,0
43685,1
43686,0
43687,0
43688,0
43689,0
43690,0
43691,0
43692,0
43693,0
43694,0
43695,0
43696,1
43697,0
43698,1
43699,1
43700,1
43701,0
43702,0
43703,0
43704,1
43705,0
43706,1
43707,0
43708,0
43709,0
43710,0
43711,0
43712,0
43713,0
43714,0
43715,1
43716,1
43717,0
43718,0
43719,0
43720,0
43721,1
43722,1
43723,1
43724,1
43725,0
43726,0
43727,1
43728,0
43729,0
43730,1
43731,0
43732,0
43733,0
43734,1
43735,0
43736,0
43737,1
43738,0
43739,0
43740,0
43741,0
43742,0
43743,0
43744,0
43745,1
43746,0
43747,0
43748,0
43749,0
43750,0
43751,0
43752,0
43753,1
43754,0
43755,1
43756,0
43757,0
43758,0
43759,1
43760,0
43761,0
43762,0
43763,0
43764,0
43765,1
43766,0
43767,0
43768,1
43769,0
43770,0
43771,0
43772,0
43773,0
43774,0
43775,1
43776,1
43777,1
43778,1
43779,1
43780,1
43781,1
43782,0
43783,1
43784,0
43785,0
43786,1
43787,1
43788,0
43789,1
43790,0
43791,0
43792,0
43793,0
43794,1
43795,0
43796,1
43797,1
43798,0
43799,1
43800,0
43801,0
43802,0
43803,0
43804,0
43805,0
43806,0
43807,0
43808,0
43809,0
43810,0
43811,0
43812,0
43813,0
43814,1
43815,0
43816,0
43817,0
43818,1
43819,0
43820,0
43821,0
43822,0
43823,0
43824,0
43825,0
43826,0
43827,0
43828,0
43829,0
43830,1
43831,0
43832,0
43833,0
43834,1
43835,1
43836,1
43837,0
43838,0
43839,0
43840,0
43841,0
43842,1
43843,0
43844,0
43845,1
43846,0
43847,0
43848,1
43849,1
43850,1
43851,0
43852,1
43853,1
43854,0
43855,0
43856,0
43857,0
43858,0
43859,1
43860,0
43861,1
43862,0
43863,0
43864,1
43865,0
43866,0
43867,1
43868,0
43869,0
43870,1
43871,0
43872,0
43873,1
43874,0
43875,0
43876,0
43877,1
43878,0
43879,0
43880,0
43881,1
43882,0
43883,1
43884,1
43885,0
43886,1
43887,1
43888,1
43889,0
43890,1
43891,0
43892,0
43893,0
43894,0
43895,0
43896,0
43897,0
43898,0
43899,0
43900,0
43901,0
43902,0
43903,0
43904,0
43905,1
43906,0
43907,1
43908,1
43909,0
43910,0
43911,0
43912,1
43913,0
43914,1
43915,0
43916,0
43917,0
43918,0
43919,0
43920,0
43921,0
43922,0
43923,1
43924,0
43925,0
43926,0
43927,1
43928,0
43929,1
43930,0
43931,0
43932,0
43933,0
43934,0
43935,0
43936,0
43937,0
43938,0
43939,0
43940,0
43941,1
43942,1
43943,0
43944,0
43945,1
43946,1
43947,1
43948,0
43949,0
43950,0
43951,0
43952,0
43953,0
43954,0
43955,1
43956,0
43957,1
43958,1
43959,1
43960,0
43961,0
43962,1
43963,0
43964,1
43965,0
43966,0
43967,0
43968,0
43969,0
43970,0
43971,0
43972,0
43973,1
43974,0
43975,0
43976,0
43977,0
43978,1
43979,0
43980,0
43981,0
43982,1
43983,0
43984,1
43985,0
43986,0
43987,0
43988,0
43989,0
43990,1
43991,0
43992,1
43993,1
43994,0
43995,0
43996,0
43997,0
43998,1
43999,0
44000,1
44001,1
44002,0
44003,1
44004,0
44005,1
44006,0
44007,0
44008,0
44009,0
44010,1
44011,0
44012,0
44013,0
44014,0
44015,0
44016,1
44017,0
44018,0
44019,1
44020,1
44021,0
44022,0
44023,0
44024,1
44025,1
44026,1
44027,0
44028,1
44029,1
44030,0
44031,0
44032,1
44033,0
44034,1
44035,0
44036,0
44037,0
44038,0
44039,0
44040,0
44041,0
44042,0
44043,0
44044,1
44045,0
44046,0
44047,0
44048,0
44049,0
44050,1
44051,0
44052,0
44053,0
44054,0
44055,0
44056,1
44057,0
44058,0
44059,0
44060,0
44061,0
44062,1
44063,0
44064,1
44065,1
44066,0
44067,0
44068,1
44069,0
44070,0
44071,1
44072,0
44073,0
44074,0
44075,0
44076,0
44077,1
44078,1
44079,0
44080,0
44081,1
44082,0
44083,0
44084,0
44085,1
44086,1
44087,0
44088,0
44089,0
44090,0
44091,0
44092,1
44093,0
44094,0
44095,1
44096,0
44097,1
44098,0
44099,0
44100,0
44101,0
44102,1
44103,0
44104,0
44105,1
44106,0
44107,0
44108,0
44109,1
44110,0
44111,1
44112,1
44113,0
44114,0
44115,0
44116,0
44117,0
44118,0
44119,1
44120,1
44121,0
44122,0
44123,0
44124,1
44125,1
44126,0
44127,1
44128,1
44129,0
44130,0
44131,0
44132,1
44133,0
44134,0
44135,1
44136,0
44137,0
44138,0
44139,0
44140,0
44141,1
44142,0
44143,1
44144,0
44145,1
44146,0
44147,0
44148,1
44149,1
44150,0
44151,0
44152,1
44153,0
44154,0
44155,0
44156,1
44157,1
44158,0
44159,0
44160,0
44161,1
44162,0
44163,0
44164,0
44165,0
44166,0
44167,1
44168,0
44169,0
44170,1
44171,0
44172,0
44173,0
44174,0
44175,0
44176,0
44177,0
44178,0
44179,1
44180,0
44181,1
44182,0
44183,0
44184,1
44185,1
44186,0
44187,1
44188,0
44189,1
44190,0
44191,1
44192,1
44193,1
44194,0
44195,0
44196,1
44197,0
44198,0
44199,0
44200,0
44201,1
44202,0
44203,0
44204,0
44205,0
44206,1
44207,0
44208,0
44209,0
44210,1
44211,1
44212,0
44213,0
44214,1
44215,1
44216,1
44217,1
44218,0
44219,1
44220,1
44221,1
44222,0
44223,0
44224,0
44225,1
44226,0
44227,0
44228,0
44229,0
44230,0
44231,0
44232,0
44233,0
44234,0
44235,1
44236,0
44237,1
44238,0
44239,0
44240,0
44241,0
44242,0
44243,0
44244,0
44245,1
44246,0
44247,0
44248,0
44249,1
44250,1
44251,1
44252,1
44253,0
44254,0
44255,0
44256,0
44257,1
44258,0
44259,0
44260,1
44261,0
44262,0
44263,1
44264,0
44265,1
44266,0
44267,0
44268,0
44269,0
44270,0
44271,0
44272,0
44273,1
44274,0
44275,0
44276,0
44277,0
44278,0
44279,0
44280,0
44281,0
44282,0
44283,0
44284,1
44285,0
44286,0
44287,0
44288,1
44289,0
44290,0
44291,0
44292,0
44293,0
44294,0
44295,0
44296,0
44297,1
44298,0
44299,0
44300,0
44301,0
44302,0
44303,1
44304,1
44305,0
44306,0
44307,0
44308,0
44309,0
44310,1
44311,0
44312,1
44313,0
44314,0
44315,0
44316,0
44317,0
44318,1
44319,0
44320,0
44321,0
44322,1
44323,0
44324,1
44325,0
44326,0
44327,1
44328,0
44329,0
44330,0
44331,0
44332,0
44333,0
44334,1
44335,0
44336,0
44337,0
44338,0
44339,1
44340,0
44341,1
44342,1
44343,0
44344,0
44345,0
44346,0
44347,0
44348,0
44349,0
44350,1
44351,0
44352,0
44353,0
44354,0
44355,1
44356,0
44357,0
44358,0
44359,1
44360,0
44361,0
44362,0
44363,0
44364,0
44365,0
44366,1
44367,0
44368,0
44369,0
44370,0
44371,1
44372,1
44373,0
44374,1
44375,1
44376,1
44377,1
44378,1
44379,0
44380,0
44381,0
44382,0
44383,0
44384,1
44385,1
44386,0
44387,0
44388,0
44389,0
44390,0
44391,0
44392,1
44393,0
44394,0
44395,0
44396,1
44397,0
44398,0
44399,0
44400,0
44401,1
44402,0
44403,1
44404,0
44405,0
44406,1
44407,0
44408,0
44409,0
44410,0
44411,1
44412,1
44413,0
44414,0
44415,0
44416,1
44417,1
44418,0
44419,0
44420,1
44421,0
44422,1
44423,0
44424,1
44425,0
44426,0
44427,1
44428,0
44429,0
44430,0
44431,0
44432,1
44433,1
44434,1
44435,0
44436,0
44437,0
44438,0
44439,1
44440,0
44441,1
44442,0
44443,1
44444,0
44445,0
44446,0
44447,0
44448,1
44449,1
44450,0
44451,1
44452,1
44453,0
44454,0
44455,1
44456,0
44457,0
44458,1
44459,0
44460,0
44461,1
44462,1
44463,0
44464,1
44465,0
44466,1
44467,0
44468,1
44469,0
44470,0
44471,0
44472,1
44473,1
44474,0
44475,0
44476,0
44477,1
44478,0
44479,1
44480,0
44481,1
44482,1
44483,0
44484,1
44485,0
44486,0
44487,1
44488,0
44489,1
44490,0
44491,1
44492,0
44493,1
44494,0
44495,1
44496,0
44497,0
44498,0
44499,0
44500,0
44501,0
44502,1
44503,0
44504,1
44505,0
44506,0
44507,0
44508,0
44509,0
44510,1
44511,1
44512,1
44513,1
44514,0
44515,0
44516,0
44517,1
44518,0
44519,0
44520,0
44521,0
44522,0
44523,0
44524,0
44525,0
44526,1
44527,0
44528,0
44529,0
44530,0
44531,1
44532,1
44533,0
44534,0
44535,0
44536,0
44537,1
44538,0
44539,0
44540,0
44541,0
44542,0
44543,0
44544,1
44545,0
44546,0
44547,0
44548,0
44549,1
44550,0
44551,1
44552,0
44553,0
44554,0
44555,1
44556,1
44557,0
44558,0
44559,0
44560,0
44561,0
44562,1
44563,0
44564,1
44565,1
44566,0
44567,1
44568,0
44569,0
44570,0
44571,1
44572,0
44573,1
44574,1
44575,1
44576,0
44577,1
44578,1
44579,0
44580,0
44581,0
44582,0
44583,0
44584,0
44585,1
44586,0
44587,0
44588,0
44589,0
44590,0
44591,1
44592,1
44593,0
44594,0
44595,1
44596,1
44597,0
44598,0
44599,1
44600,0
44601,1
44602,0
44603,0
44604,0
44605,1
44606,1
44607,1
44608,0
44609,1
44610,0
44611,1
44612,1
44613,0
44614,0
44615,0
44616,1
44617,1
44618,1
44619,0
44620,0
44621,0
44622,1
44623,1
44624,0
44625,0
44626,0
44627,0
44628,1
44629,0
44630,0
44631,0
44632,0
44633,0
44634,1
44635,0
44636,0
44637,0
44638,0
44639,0
44640,0
44641,0
44642,0
44643,0
44644,0
44645,0
44646,0
44647,0
44648,1
44649,0
44650,0
44651,0
44652,0
44653,1
44654,0
44655,0
44656,0
44657,0
44658,1
44659,1
44660,0
44661,1
44662,0
44663,1
44664,0
44665,0
44666,1
44667,1
44668,1
44669,0
44670,0
44671,0
44672,0
44673,0
44674,0
44675,1
44676,0
44677,0
44678,0
44679,1
44680,0
44681,0
44682,0
44683,0
44684,1
44685,0
44686,0
44687,0
44688,1
44689,1
44690,1
44691,1
44692,0
44693,0
44694,1
44695,0
44696,0
44697,0
44698,1
44699,0
44700,1
44701,0
44702,0
44703,0
44704,0
44705,0
44706,0
44707,0
44708,0
44709,0
44710,0
44711,0
44712,1
44713,0
44714,0
44715,1
44716,1
44717,0
44718,0
44719,0
44720,0
44721,0
44722,0
44723,1
44724,0
44725,0
44726,0
44727,0
44728,0
44729,0
44730,0
44731,0
44732,0
44733,0
44734,0
44735,0
44736,0
44737,0
44738,0
44739,1
44740,0
44741,0
44742,0
44743,0
44744,0
44745,0
44746,1
44747,0
44748,0
44749,1
44750,0
44751,0
44752,0
44753,1
44754,0
44755,0
44756,0
44757,0
44758,0
44759,0
44760,0
44761,0
44762,0
44763,0
44764,1
44765,0
44766,0
44767,1
44768,0
44769,0
44770,1
44771,0
44772,1
44773,0
44774,0
44775,0
44776,0
44777,1
44778,0
44779,0
44780,0
44781,0
44782,1
44783,0
44784,0
44785,0
44786,1
44787,0
44788,0
44789,1
44790,0
44791,0
44792,0
44793,1
44794,0
44795,0
44796,0
44797,0
44798,0
44799,0
44800,1
44801,0
44802,0
44803,1
44804,0
44805,0
44806,0
44807,0
44808,0
44809,1
44810,1
44811,0
44812,0
44813,0
44814,1
44815,0
44816,0
44817,0
44818,0
44819,0
44820,0
44821,1
44822,1
44823,1
44824,0
44825,0
44826,0
44827,0
44828,0
44829,1
44830,0
44831,0
44832,1
44833,0
44834,0
44835,0
44836,0
44837,0
44838,0
44839,0
44840,0
44841,0
44842,0
44843,0
44844,1
44845,0
44846,0
44847,0
44848,0
44849,0
44850,0
44851,0
44852,0
44853,0
44854,1
44855,0
44856,0
44857,1
44858,0
44859,0
44860,1
44861,0
44862,1
44863,1
44864,1
44865,0
44866,0
44867,0
44868,0
44869,0
44870,1
44871,1
44872,0
44873,0
44874,1
44875,0
44876,0
44877,0
44878,0
44879,0
44880,0
44881,0
44882,0
44883,0
44884,1
44885,0
44886,0
44887,1
44888,1
44889,0
44890,0
44891,0
44892,1
44893,0
44894,0
44895,1
44896,0
44897,0
44898,0
44899,1
44900,0
44901,1
44902,0
44903,0
44904,0
44905,0
44906,0
44907,0
44908,1
44909,0
44910,0
44911,1
44912,1
44913,0
44914,0
44915,1
44916,0
44917,0
44918,1
44919,0
44920,0
44921,1
44922,0
44923,0
44924,0
44925,1
44926,1
44927,0
44928,0
44929,0
44930,1
44931,0
44932,0
44933,0
44934,0
44935,0
44936,0
44937,0
44938,1
44939,0
44940,0
44941,0
44942,0
44943,0
44944,0
44945,1
44946,0
44947,0
44948,1
44949,1
44950,0
44951,1
44952,0
44953,0
44954,0
44955,0
44956,0
44957,0
44958,0
44959,0
44960,0
44961,1
44962,0
44963,1
44964,0
44965,0
44966,1
44967,1
44968,0
44969,0
44970,1
44971,1
44972,0
44973,0
44974,0
44975,1
44976,0
44977,1
44978,0
44979,0
44980,0
44981,1
44982,0
44983,1
44984,1
44985,0
44986,0
44987,1
44988,0
44989,1
44990,1
44991,0
44992,0
44993,0
44994,0
44995,0
44996,1
44997,0
44998,1
44999,1
45000,0
45001,0
45002,1
45003,0
45004,0
45005,0
45006,0
45007,0
45008,0
45009,1
45010,0
45011,0
45012,0
45013,0
45014,0
45015,0
45016,0
45017,0
45018,0
45019,0
45020,0
45021,0
45022,0
45023,1
45024,1
45025,0
45026,1
45027,1
45028,0
45029,0
45030,1
45031,0
45032,0
45033,0
45034,1
45035,0
45036,0
45037,1
45038,1
45039,1
45040,0
45041,0
45042,0
45043,0
45044,0
45045,1
45046,1
45047,1
45048,0
45049,0
45050,0
45051,1
45052,0
45053,0
45054,0
45055,1
45056,0
45057,0
45058,0
45059,0
45060,0
45061,0
45062,0
45063,1
45064,0
45065,1
45066,1
45067,1
45068,0
45069,1
45070,1
45071,1
45072,1
45073,0
45074,1
45075,0
45076,0
45077,1
45078,0
45079,1
45080,1
45081,1
45082,1
45083,1
45084,0
45085,1
45086,0
45087,1
45088,0
45089,0
45090,0
45091,0
45092,0
45093,0
45094,0
45095,0
45096,0
45097,0
45098,0
45099,0
45100,0
45101,0
45102,1
45103,1
45104,1
45105,0
45106,1
45107,0
45108,0
45109,0
45110,0
45111,0
45112,0
45113,0
45114,0
45115,1
45116,0
45117,1
45118,0
45119,0
45120,0
45121,1
45122,0
45123,1
45124,0
45125,0
45126,0
45127,1
45128,0
45129,0
45130,1
45131,0
45132,0
45133,0
45134,0
45135,0
45136,1
45137,0
45138,0
45139,0
45140,0
45141,0
45142,0
45143,0
45144,1
45145,0
45146,1
45147,0
45148,0
45149,0
45150,1
45151,1
45152,0
45153,1
45154,0
45155,0
45156,0
45157,0
45158,0
45159,0
45160,1
45161,1
45162,0
45163,0
45164,0
45165,1
45166,0
45167,0
45168,1
45169,1
45170,0
45171,0
45172,0
45173,0
45174,0
45175,1
45176,0
45177,1
45178,1
45179,0
45180,0
45181,1
45182,0
45183,0
45184,1
45185,1
45186,1
45187,0
45188,0
45189,1
45190,0
45191,0
45192,1
45193,1
45194,0
45195,0
45196,1
45197,1
45198,0
45199,0
45200,0
45201,0
45202,0
45203,1
45204,0
45205,1
45206,1
45207,0
45208,1
45209,0
45210,1
45211,1
45212,0
45213,1
45214,0
45215,0
45216,0
45217,0
45218,0
45219,0
45220,0
45221,1
45222,1
45223,0
45224,1
45225,0
45226,0
45227,0
45228,0
45229,0
45230,0
45231,0
45232,0
45233,0
45234,1
45235,0
45236,1
45237,0
45238,0
45239,0
45240,1
45241,0
45242,0
45243,1
45244,0
45245,0
45246,1
45247,0
45248,0
45249,0
45250,0
45251,1
45252,0
45253,0
45254,0
45255,0
45256,0
45257,0
45258,0
45259,0
45260,0
45261,1
45262,1
45263,0
45264,0
45265,0
45266,0
45267,0
45268,0
45269,0
45270,0
45271,0
45272,0
45273,0
45274,0
45275,0
45276,0
45277,0
45278,1
45279,0
45280,0
45281,0
45282,0
45283,0
45284,1
45285,0
45286,0
45287,0
45288,0
45289,1
45290,0
45291,0
45292,0
45293,1
45294,0
45295,0
45296,0
45297,0
45298,0
45299,0
45300,0
45301,1
45302,0
45303,1
45304,0
45305,1
45306,1
45307,0
45308,0
45309,1
45310,1
45311,0
45312,0
45313,1
45314,0
45315,1
45316,1
45317,0
45318,0
45319,1
45320,0
45321,0
45322,1
45323,0
45324,1
45325,1
45326,0
45327,0
45328,1
45329,0
45330,1
45331,0
45332,0
45333,0
45334,0
45335,0
45336,1
45337,0
45338,1
45339,0
45340,0
45341,0
45342,1
45343,0
45344,1
45345,0
45346,0
45347,0
45348,0
45349,0
45350,0
45351,0
45352,0
45353,1
45354,0
45355,0
45356,0
45357,0
45358,1
45359,0
45360,0
45361,1
45362,0
45363,1
45364,0
45365,0
45366,0
45367,0
45368,0
45369,1
45370,0
45371,1
45372,1
45373,0
45374,1
45375,0
45376,0
45377,0
45378,0
45379,0
45380,0
45381,1
45382,1
45383,0
45384,0
45385,0
45386,0
45387,0
45388,0
45389,0
45390,0
45391,0
45392,0
45393,1
45394,0
45395,0
45396,0
45397,1
45398,0
45399,0
45400,0
45401,1
45402,0
45403,1
45404,0
45405,0
45406,1
45407,0
45408,0
45409,0
45410,1
45411,0
45412,1
45413,0
45414,0
45415,0
45416,0
45417,0
45418,0
45419,0
45420,0
45421,0
45422,1
45423,0
45424,0
45425,1
45426,0
45427,0
45428,1
45429,0
45430,1
45431,1
45432,0
45433,0
45434,0
45435,0
45436,0
45437,0
45438,0
45439,1
45440,1
45441,0
45442,0
45443,0
45444,1
45445,0
45446,0
45447,1
45448,0
45449,0
45450,1
45451,0
45452,0
45453,0
45454,1
45455,0
45456,0
45457,0
45458,0
45459,0
45460,0
45461,1
45462,0
45463,0
45464,1
45465,1
45466,0
45467,0
45468,0
45469,0
45470,0
45471,1
45472,1
45473,0
45474,1
45475,0
45476,0
45477,0
45478,0
45479,0
45480,0
45481,0
45482,0
45483,0
45484,1
45485,0
45486,0
45487,1
45488,1
45489,0
45490,1
45491,1
45492,1
45493,1
45494,0
45495,0
45496,0
45497,0
45498,1
45499,0
45500,1
45501,1
45502,1
45503,0
45504,0
45505,0
45506,0
45507,0
45508,1
45509,0
45510,0
45511,0
45512,0
45513,0
45514,0
45515,0
45516,0
45517,0
45518,0
45519,0
45520,1
45521,0
45522,1
45523,1
45524,0
45525,1
45526,0
45527,0
45528,1
45529,0
45530,0
45531,0
45532,0
45533,1
45534,0
45535,0
45536,0
45537,0
45538,0
45539,0
45540,0
45541,0
45542,0
45543,0
45544,0
45545,0
45546,1
45547,0
45548,0
45549,0
45550,1
45551,0
45552,0
45553,0
45554,0
45555,0
45556,1
45557,1
45558,0
45559,1
45560,1
45561,1
45562,1
45563,1
45564,0
45565,1
45566,0
45567,1
45568,0
45569,0
45570,0
45571,1
45572,0
45573,0
45574,1
45575,0
45576,0
45577,0
45578,0
45579,0
45580,0
45581,0
45582,0
45583,0
45584,0
45585,1
45586,1
45587,0
45588,0
45589,0
45590,0
45591,0
45592,1
45593,0
45594,0
45595,1
45596,1
45597,0
45598,0
45599,0
45600,1
45601,0
45602,1
45603,0
45604,1
45605,1
45606,0
45607,0
45608,0
45609,0
45610,0
45611,0
45612,0
45613,1
45614,0
45615,1
45616,0
45617,0
45618,0
45619,1
45620,0
45621,0
45622,1
45623,0
45624,0
45625,1
45626,1
45627,1
45628,0
45629,0
45630,1
45631,0
45632,1
45633,0
45634,1
45635,0
45636,1
45637,0
45638,0
45639,1
45640,0
45641,0
45642,0
45643,0
45644,0
45645,0
45646,0
45647,0
45648,0
45649,1
45650,0
45651,1
45652,1
45653,0
45654,0
45655,0
45656,0
45657,0
45658,0
45659,0
45660,0
45661,0
45662,1
45663,0
45664,0
45665,1
45666,0
45667,1
45668,1
45669,1
45670,1
45671,1
45672,1
45673,0
45674,1
45675,1
45676,0
45677,0
45678,0
45679,0
45680,1
45681,1
45682,0
45683,1
45684,0
45685,0
45686,0
45687,0
45688,1
45689,0
45690,0
45691,0
45692,0
45693,0
45694,0
45695,0
45696,0
45697,0
45698,1
45699,0
45700,0
45701,0
45702,0
45703,0
45704,0
45705,0
45706,0
45707,0
45708,0
45709,1
45710,0
45711,0
45712,0
45713,1
45714,0
45715,0
45716,0
45717,0
45718,0
45719,0
45720,0
45721,0
45722,0
45723,0
45724,0
45725,0
45726,0
45727,0
45728,1
45729,0
45730,0
45731,0
45732,0
45733,1
45734,1
45735,0
45736,1
45737,0
45738,1
45739,0
45740,0
45741,0
45742,0
45743,1
45744,0
45745,0
45746,1
45747,1
45748,1
45749,0
45750,0
45751,0
45752,1
45753,0
45754,0
45755,0
45756,0
45757,0
45758,0
45759,1
45760,0
45761,1
45762,0
45763,0
45764,0
45765,1
45766,0
45767,0
45768,0
45769,0
45770,0
45771,1
45772,0
45773,1
45774,0
45775,0
45776,0
45777,0
45778,0
45779,0
45780,0
45781,1
45782,0
45783,0
45784,1
45785,1
45786,0
45787,1
45788,0
45789,0
45790,0
45791,1
45792,1
45793,1
45794,1
45795,1
45796,1
45797,0
45798,0
45799,0
45800,1
45801,0
45802,1
45803,0
45804,1
45805,0
45806,1
45807,0
45808,1
45809,0
45810,0
45811,1
45812,1
45813,0
45814,1
45815,0
45816,0
45817,0
45818,1
45819,0
45820,0
45821,1
45822,0
45823,0
45824,1
45825,0
45826,0
45827,0
45828,1
45829,0
45830,0
45831,0
45832,1
45833,0
45834,0
45835,0
45836,0
45837,0
45838,1
45839,0
45840,0
45841,0
45842,1
45843,0
45844,0
45845,0
45846,1
45847,0
45848,1
45849,1
45850,0
45851,0
45852,0
45853,0
45854,1
45855,0
45856,0
45857,0
45858,0
45859,0
45860,0
45861,1
45862,0
45863,0
45864,0
45865,1
45866,0
45867,1
45868,0
45869,0
45870,0
45871,1
45872,1
45873,1
45874,0
45875,0
45876,0
45877,0
45878,0
45879,0
45880,0
45881,0
45882,0
45883,1
45884,1
45885,1
45886,0
45887,1
45888,1
45889,0
45890,0
45891,0
45892,0
45893,0
45894,0
45895,1
45896,1
45897,0
45898,1
45899,0
45900,0
45901,0
45902,0
45903,0
45904,0
45905,1
45906,1
45907,0
45908,0
45909,0
45910,0
45911,0
45912,0
45913,1
45914,0
45915,0
45916,1
45917,0
45918,1
45919,1
45920,0
45921,1
45922,0
45923,1
45924,0
45925,0
45926,1
45927,0
45928,0
45929,0
45930,1
45931,0
45932,0
45933,0
45934,1
45935,1
45936,1
45937,0
45938,0
45939,0
45940,1
45941,0
45942,0
45943,0
45944,1
45945,0
45946,0
45947,0
45948,0
45949,0
45950,0
45951,0
45952,1
45953,0
45954,0
45955,0
45956,0
45957,1
45958,0
45959,1
45960,1
45961,0
45962,1
45963,0
45964,0
45965,0
45966,0
45967,0
45968,0
45969,0
45970,1
45971,1
45972,0
45973,1
45974,0
45975,1
45976,0
45977,1
45978,0
45979,0
45980,0
45981,1
45982,1
45983,1
45984,0
45985,1
45986,1
45987,1
45988,0
45989,1
45990,0
45991,0
45992,0
45993,0
45994,0
45995,0
45996,1
45997,0
45998,1
45999,0
46000,0
46001,1
46002,1
46003,1
46004,0
46005,0
46006,0
46007,0
46008,1
46009,0
46010,0
46011,1
46012,0
46013,1
46014,0
46015,1
46016,0
46017,0
46018,0
46019,0
46020,1
46021,1
46022,0
46023,1
46024,0
46025,1
46026,0
46027,1
46028,0
46029,0
46030,1
46031,0
46032,0
46033,1
46034,0
46035,0
46036,0
46037,0
46038,1
46039,1
46040,0
46041,0
46042,0
46043,0
46044,1
46045,0
46046,0
46047,0
46048,1
46049,0
46050,1
46051,0
46052,0
46053,0
46054,0
46055,1
46056,0
46057,0
46058,0
46059,0
46060,0
46061,0
46062,1
46063,0
46064,0
46065,0
46066,0
46067,0
46068,1
46069,1
46070,1
46071,0
46072,0
46073,1
46074,0
46075,1
46076,0
46077,0
46078,1
46079,1
46080,1
46081,0
46082,0
46083,0
46084,0
46085,0
46086,1
46087,0
46088,0
46089,1
46090,1
46091,0
46092,0
46093,1
46094,0
46095,0
46096,0
46097,0
46098,0
46099,0
46100,0
46101,1
46102,0
46103,0
46104,1
46105,1
46106,0
46107,0
46108,0
46109,1
46110,0
46111,1
46112,0
46113,1
46114,0
46115,0
46116,1
46117,0
46118,1
46119,0
46120,0
46121,0
46122,1
46123,0
46124,1
46125,0
46126,1
46127,1
46128,0
46129,1
46130,1
46131,0
46132,0
46133,0
46134,0
46135,1
46136,0
46137,0
46138,0
46139,1
46140,1
46141,0
46142,1
46143,1
46144,0
46145,0
46146,0
46147,0
46148,0
46149,0
46150,1
46151,1
46152,0
46153,0
46154,0
46155,0
46156,0
46157,1
46158,0
46159,0
46160,1
46161,0
46162,0
46163,0
46164,1
46165,1
46166,0
46167,0
46168,0
46169,1
46170,0
46171,0
46172,0
46173,0
46174,1
46175,1
46176,0
46177,0
46178,1
46179,1
46180,0
46181,0
46182,0
46183,0
46184,0
46185,1
46186,0
46187,0
46188,1
46189,1
46190,1
46191,0
46192,1
46193,0
46194,0
46195,0
46196,1
46197,1
46198,1
46199,1
46200,0
46201,0
46202,0
46203,0
46204,0
46205,0
46206,1
46207,0
46208,0
46209,0
46210,0
46211,0
46212,0
46213,1
46214,0
46215,0
46216,0
46217,1
46218,0
46219,1
46220,0
46221,1
46222,1
46223,1
46224,1
46225,0
46226,0
46227,0
46228,0
46229,0
46230,0
46231,0
46232,0
46233,1
46234,0
46235,0
46236,0
46237,0
46238,0
46239,0
46240,0
46241,0
46242,0
46243,0
46244,0
46245,0
46246,0
46247,0
46248,0
46249,0
46250,0
46251,1
46252,0
46253,0
46254,1
46255,0
46256,1
46257,1
46258,0
46259,0
46260,0
46261,0
46262,1
46263,0
46264,1
46265,0
46266,1
46267,1
46268,0
46269,0
46270,0
46271,1
46272,0
46273,1
46274,0
46275,0
46276,1
46277,0
46278,0
46279,1
46280,0
46281,0
46282,0
46283,0
46284,1
46285,0
46286,0
46287,1
46288,0
46289,1
46290,0
46291,0
46292,1
46293,1
46294,0
46295,1
46296,0
46297,0
46298,1
46299,0
46300,1
46301,0
46302,1
46303,0
46304,0
46305,0
46306,0
46307,0
46308,1
46309,1
46310,1
46311,1
46312,0
46313,1
46314,1
46315,0
46316,0
46317,1
46318,0
46319,0
46320,0
46321,0
46322,1
46323,0
46324,0
46325,0
46326,0
46327,0
46328,0
46329,1
46330,0
46331,0
46332,0
46333,0
46334,0
46335,1
46336,0
46337,0
46338,1
46339,0
46340,0
46341,0
46342,0
46343,0
46344,0
46345,1
46346,1
46347,0
46348,1
46349,1
46350,0
46351,0
46352,0
46353,0
46354,0
46355,0
46356,1
46357,0
46358,0
46359,0
46360,1
46361,0
46362,0
46363,0
46364,0
46365,0
46366,1
46367,0
46368,1
46369,1
46370,1
46371,0
46372,0
46373,0
46374,0
46375,0
46376,0
46377,0
46378,0
46379,0
46380,1
46381,0
46382,1
46383,1
46384,0
46385,0
46386,0
46387,0
46388,0
46389,0
46390,0
46391,1
46392,0
46393,0
46394,0
46395,0
46396,0
46397,0
46398,0
46399,0
46400,0
46401,1
46402,1
46403,1
46404,0
46405,0
46406,0
46407,0
46408,0
46409,0
46410,0
46411,0
46412,0
46413,0
46414,0
46415,1
46416,0
46417,0
46418,0
46419,0
46420,0
46421,0
46422,0
46423,0
46424,0
46425,1
46426,0
46427,0
46428,1
46429,0
46430,0
46431,0
46432,0
46433,1
46434,1
46435,0
46436,0
46437,0
46438,1
46439,0
46440,0
46441,0
46442,1
46443,0
46444,0
46445,0
46446,1
46447,0
46448,0
46449,1
46450,0
46451,0
46452,1
46453,0
46454,1
46455,0
46456,1
46457,1
46458,0
46459,0
46460,0
46461,0
46462,0
46463,0
46464,0
46465,0
46466,0
46467,1
46468,0
46469,1
46470,0
46471,1
46472,1
46473,1
46474,1
46475,0
46476,0
46477,0
46478,0
46479,0
46480,1
46481,0
46482,0
46483,0
46484,1
46485,1
46486,0
46487,1
46488,0
46489,0
46490,0
46491,1
46492,0
46493,1
46494,0
46495,0
46496,0
46497,0
46498,1
46499,0
46500,1
46501,1
46502,0
46503,1
46504,0
46505,0
46506,0
46507,0
46508,0
46509,0
46510,0
46511,0
46512,0
46513,0
46514,0
46515,0
46516,0
46517,0
46518,1
46519,1
46520,0
46521,0
46522,0
46523,1
46524,0
46525,0
46526,0
46527,1
46528,0
46529,1
46530,0
46531,1
46532,1
46533,1
46534,0
46535,0
46536,0
46537,0
46538,0
46539,0
46540,0
46541,0
46542,0
46543,0
46544,0
46545,0
46546,0
46547,0
46548,1
46549,0
46550,0
46551,0
46552,0
46553,0
46554,1
46555,0
46556,0
46557,0
46558,0
46559,0
46560,1
46561,1
46562,0
46563,0
46564,0
46565,0
46566,0
46567,0
46568,0
46569,1
46570,1
46571,0
46572,0
46573,0
46574,1
46575,0
46576,1
46577,1
46578,0
46579,0
46580,0
46581,0
46582,0
46583,0
46584,1
46585,0
46586,0
46587,0
46588,1
46589,0
46590,1
46591,0
46592,0
46593,1
46594,1
46595,0
46596,1
46597,0
46598,0
46599,0
46600,0
46601,1
46602,1
46603,0
46604,0
46605,1
46606,0
46607,0
46608,1
46609,0
46610,0
46611,0
46612,0
46613,1
46614,0
46615,1
46616,0
46617,0
46618,1
46619,0
46620,0
46621,0
46622,0
46623,0
46624,0
46625,1
46626,0
46627,1
46628,0
46629,0
46630,0
46631,1
46632,0
46633,0
46634,0
46635,0
46636,0
46637,1
46638,1
46639,0
46640,0
46641,0
46642,0
46643,0
46644,0
46645,0
46646,0
46647,0
46648,0
46649,0
46650,0
46651,1
46652,0
46653,0
46654,0
46655,0
46656,0
46657,0
46658,0
46659,0
46660,0
46661,0
46662,0
46663,1
46664,0
46665,0
46666,0
46667,0
46668,0
46669,0
46670,0
46671,0
46672,0
46673,0
46674,0
46675,0
46676,0
46677,0
46678,0
46679,1
46680,0
46681,0
46682,1
46683,0
46684,0
46685,0
46686,0
46687,0
46688,0
46689,1
46690,0
46691,0
46692,1
46693,0
46694,0
46695,0
46696,1
46697,1
46698,1
46699,0
46700,0
46701,1
46702,0
46703,1
46704,0
46705,0
46706,1
46707,0
46708,1
46709,1
46710,0
46711,1
46712,1
46713,1
46714,1
46715,0
46716,0
46717,0
46718,1
46719,0
46720,0
46721,1
46722,0
46723,0
46724,0
46725,0
46726,0
46727,0
46728,1
46729,0
46730,0
46731,0
46732,0
46733,0
46734,0
46735,0
46736,0
46737,0
46738,0
46739,1
46740,1
46741,1
46742,0
46743,0
46744,0
46745,0
46746,0
46747,0
46748,0
46749,1
46750,0
46751,0
46752,0
46753,0
46754,0
46755,0
46756,0
46757,0
46758,1
46759,0
46760,0
46761,1
46762,1
46763,0
46764,0
46765,1
46766,0
46767,1
46768,0
46769,0
46770,1
46771,1
46772,1
46773,0
46774,0
46775,0
46776,1
46777,1
46778,1
46779,0
46780,1
46781,1
46782,1
46783,0
46784,0
46785,0
46786,1
46787,1
46788,0
46789,0
46790,0
46791,0
46792,1
46793,0
46794,0
46795,0
46796,0
46797,0
46798,0
46799,0
46800,0
46801,1
46802,1
46803,1
46804,0
46805,1
46806,1
46807,0
46808,0
46809,0
46810,1
46811,0
46812,0
46813,0
46814,1
46815,1
46816,0
46817,0
46818,1
46819,1
46820,0
46821,0
46822,0
46823,0
46824,0
46825,1
46826,0
46827,0
46828,0
46829,0
46830,0
46831,0
46832,1
46833,0
46834,0
46835,0
46836,1
46837,0
46838,0
46839,0
46840,0
46841,0
46842,0
46843,0
46844,0
46845,0
46846,1
46847,0
46848,1
46849,0
46850,1
46851,0
46852,0
46853,0
46854,0
46855,0
46856,0
46857,1
46858,0
46859,0
46860,0
46861,0
46862,0
46863,1
46864,0
46865,0
46866,1
46867,0
46868,1
46869,0
46870,0
46871,0
46872,1
46873,0
46874,0
46875,0
46876,0
46877,0
46878,1
46879,0
46880,0
46881,1
46882,0
46883,1
46884,0
46885,0
46886,0
46887,0
46888,0
46889,1
46890,0
46891,0
46892,0
46893,0
46894,0
46895,0
46896,0
46897,0
46898,0
46899,0
46900,0
46901,0
46902,0
46903,0
46904,0
46905,1
46906,0
46907,0
46908,0
46909,0
46910,1
46911,1
46912,0
46913,0
46914,0
46915,0
46916,0
46917,0
46918,0
46919,0
46920,0
46921,0
46922,0
46923,0
46924,1
46925,1
46926,0
46927,0
46928,1
46929,0
46930,0
46931,1
46932,0
46933,1
46934,0
46935,0
46936,1
46937,1
46938,1
46939,0
46940,0
46941,1
46942,0
46943,0
46944,0
46945,0
46946,1
46947,0
46948,0
46949,0
46950,0
46951,0
46952,0
46953,0
46954,0
46955,0
46956,1
46957,0
46958,0
46959,0
46960,1
46961,0
46962,0
46963,0
46964,0
46965,0
46966,1
46967,0
46968,0
46969,0
46970,0
46971,0
46972,0
46973,0
46974,0
46975,1
46976,0
46977,1
46978,1
46979,1
46980,0
46981,0
46982,0
46983,1
46984,0
46985,0
46986,0
46987,1
46988,0
46989,1
46990,1
46991,1
46992,0
46993,0
46994,0
46995,1
46996,0
46997,0
46998,0
46999,0
47000,1
47001,0
47002,1
47003,1
47004,1
47005,0
47006,0
47007,1
47008,0
47009,0
47010,0
47011,0
47012,1
47013,1
47014,1
47015,0
47016,1
47017,1
47018,0
47019,1
47020,0
47021,0
47022,0
47023,1
47024,1
47025,0
47026,1
47027,1
47028,0
47029,1
47030,1
47031,1
47032,0
47033,1
47034,0
47035,1
47036,0
47037,1
47038,0
47039,1
47040,0
47041,1
47042,1
47043,0
47044,0
47045,0
47046,0
47047,0
47048,1
47049,1
47050,1
47051,0
47052,1
47053,1
47054,0
47055,1
47056,0
47057,0
47058,0
47059,0
47060,0
47061,0
47062,1
47063,0
47064,0
47065,0
47066,1
47067,0
47068,0
47069,1
47070,1
47071,0
47072,0
47073,1
47074,0
47075,0
47076,1
47077,0
47078,0
47079,0
47080,1
47081,1
47082,0
47083,0
47084,1
47085,0
47086,0
47087,1
47088,0
47089,0
47090,1
47091,0
47092,0
47093,0
47094,0
47095,0
47096,0
47097,1
47098,0
47099,1
47100,1
47101,0
47102,1
47103,0
47104,0
47105,0
47106,0
47107,1
47108,1
47109,1
47110,1
47111,0
47112,0
47113,0
47114,0
47115,0
47116,1
47117,0
47118,0
47119,0
47120,0
47121,1
47122,0
47123,0
47124,0
47125,1
47126,0
47127,0
47128,1
47129,0
47130,0
47131,0
47132,0
47133,1
47134,0
47135,0
47136,0
47137,1
47138,0
47139,0
47140,0
47141,0
47142,0
47143,1
47144,0
47145,1
47146,0
47147,1
47148,0
47149,1
47150,1
47151,0
47152,0
47153,0
47154,0
47155,0
47156,0
47157,1
47158,0
47159,0
47160,1
47161,0
47162,1
47163,1
47164,0
47165,0
47166,0
47167,0
47168,0
47169,0
47170,0
47171,0
47172,0
47173,0
47174,1
47175,0
47176,0
47177,0
47178,0
47179,1
47180,0
47181,0
47182,0
47183,0
47184,0
47185,0
47186,0
47187,0
47188,0
47189,0
47190,1
47191,0
47192,0
47193,1
47194,0
47195,1
47196,1
47197,1
47198,1
47199,0
47200,0
47201,1
47202,0
47203,0
47204,0
47205,0
47206,0
47207,1
47208,0
47209,1
47210,0
47211,1
47212,0
47213,1
47214,1
47215,1
47216,0
47217,1
47218,1
47219,1
47220,0
47221,0
47222,1
47223,0
47224,0
47225,0
47226,0
47227,1
47228,0
47229,1
47230,1
47231,0
47232,1
47233,0
47234,1
47235,0
47236,0
47237,0
47238,0
47239,1
47240,1
47241,0
47242,0
47243,0
47244,0
47245,0
47246,0
47247,0
47248,0
47249,0
47250,1
47251,0
47252,0
47253,0
47254,0
47255,0
47256,0
47257,0
47258,0
47259,0
47260,1
47261,1
47262,0
47263,0
47264,1
47265,0
47266,0
47267,1
47268,0
47269,1
47270,0
47271,0
47272,1
47273,0
47274,0
47275,0
47276,0
47277,0
47278,0
47279,0
47280,1
47281,0
47282,0
47283,0
47284,0
47285,0
47286,0
47287,0
47288,0
47289,0
47290,0
47291,0
47292,0
47293,0
47294,0
47295,0
47296,1
47297,0
47298,1
47299,0
47300,0
47301,0
47302,0
47303,0
47304,0
47305,0
47306,0
47307,0
47308,1
47309,0
47310,0
47311,0
47312,0
47313,0
47314,0
47315,0
47316,0
47317,0
47318,1
47319,1
47320,0
47321,0
47322,0
47323,0
47324,0
47325,0
47326,1
47327,0
47328,1
47329,1
47330,0
47331,1
47332,0
47333,0
47334,0
47335,0
47336,1
47337,0
47338,0
47339,1
47340,0
47341,0
47342,1
47343,0
47344,0
47345,1
47346,0
47347,0
47348,0
47349,0
47350,0
47351,1
47352,0
47353,0
47354,1
47355,0
47356,0
47357,0
47358,0
47359,1
47360,0
47361,0
47362,0
47363,1
47364,1
47365,0
47366,0
47367,0
47368,0
47369,1
47370,0
47371,0
47372,1
47373,0
47374,0
47375,0
47376,0
47377,0
47378,1
47379,1
47380,0
47381,0
47382,0
47383,0
47384,0
47385,0
47386,0
47387,1
47388,0
47389,0
47390,0
47391,0
47392,1
47393,1
47394,0
47395,0
47396,0
47397,0
47398,0
47399,0
47400,1
47401,0
47402,1
47403,0
47404,0
47405,0
47406,0
47407,1
47408,0
47409,1
47410,0
47411,0
47412,0
47413,1
47414,1
47415,0
47416,1
47417,0
47418,0
47419,0
47420,0
47421,0
47422,0
47423,0
47424,0
47425,0
47426,1
47427,0
47428,0
47429,1
47430,0
47431,0
47432,1
47433,1
47434,1
47435,0
47436,0
47437,1
47438,0
47439,0
47440,0
47441,1
47442,1
47443,0
47444,0
47445,1
47446,1
47447,1
47448,1
47449,1
47450,0
47451,0
47452,0
47453,0
47454,0
47455,0
47456,0
47457,0
47458,0
47459,1
47460,1
47461,0
47462,0
47463,0
47464,1
47465,1
47466,1
47467,0
47468,0
47469,0
47470,0
47471,0
47472,0
47473,0
47474,0
47475,0
47476,0
47477,0
47478,1
47479,0
47480,0
47481,0
47482,0
47483,0
47484,1
47485,0
47486,1
47487,0
47488,0
47489,1
47490,0
47491,0
47492,0
47493,0
47494,0
47495,0
47496,1
47497,0
47498,0
47499,1
47500,0
47501,1
47502,0
47503,1
47504,1
47505,0
47506,1
47507,1
47508,1
47509,1
47510,1
47511,1
47512,1
47513,0
47514,0
47515,0
47516,0
47517,0
47518,0
47519,0
47520,0
47521,0
47522,1
47523,0
47524,0
47525,1
47526,0
47527,0
47528,0
47529,0
47530,0
47531,0
47532,0
47533,0
47534,0
47535,1
47536,1
47537,0
47538,1
47539,0
47540,0
47541,0
47542,0
47543,0
47544,1
47545,0
47546,0
47547,1
47548,0
47549,0
47550,1
47551,0
47552,0
47553,1
47554,0
47555,0
47556,0
47557,0
47558,0
47559,0
47560,0
47561,0
47562,0
47563,1
47564,0
47565,1
47566,0
47567,0
47568,1
47569,0
47570,1
47571,0
47572,0
47573,1
47574,1
47575,0
47576,0
47577,0
47578,0
47579,1
47580,1
47581,0
47582,1
47583,0
47584,0
47585,0
47586,0
47587,0
47588,0
47589,0
47590,0
47591,0
47592,1
47593,0
47594,0
47595,0
47596,0
47597,1
47598,0
47599,0
47600,0
47601,0
47602,0
47603,0
47604,0
47605,0
47606,0
47607,0
47608,1
47609,1
47610,0
47611,0
47612,0
47613,0
47614,1
47615,0
47616,0
47617,1
47618,0
47619,0
47620,0
47621,0
47622,0
47623,0
47624,0
47625,1
47626,1
47627,0
47628,0
47629,0
47630,0
47631,0
47632,0
47633,0
47634,0
47635,0
47636,0
47637,1
47638,0
47639,1
47640,0
47641,0
47642,0
47643,1
47644,1
47645,0
47646,1
47647,0
47648,0
47649,0
47650,0
47651,0
47652,0
47653,0
47654,0
47655,1
47656,0
47657,0
47658,0
47659,0
47660,0
47661,0
47662,0
47663,0
47664,0
47665,0
47666,1
47667,0
47668,0
47669,0
47670,0
47671,1
47672,0
47673,1
47674,0
47675,0
47676,0
47677,1
47678,0
47679,0
47680,1
47681,1
47682,0
47683,1
47684,1
47685,1
47686,0
47687,1
47688,0
47689,0
47690,0
47691,1
47692,1
47693,0
47694,0
47695,0
47696,1
47697,1
47698,0
47699,1
47700,0
47701,1
47702,0
47703,0
47704,0
47705,0
47706,1
47707,0
47708,0
47709,0
47710,0
47711,0
47712,1
47713,1
47714,0
47715,0
47716,0
47717,1
47718,1
47719,0
47720,1
47721,1
47722,0
47723,1
47724,1
47725,1
47726,0
47727,0
47728,1
47729,0
47730,0
47731,0
47732,0
47733,0
47734,0
47735,0
47736,1
47737,0
47738,1
47739,0
47740,1
47741,1
47742,0
47743,1
47744,0
47745,0
47746,1
47747,0
47748,0
47749,0
47750,0
47751,0
47752,0
47753,0
47754,0
47755,0
47756,0
47757,0
47758,0
47759,0
47760,0
47761,0
47762,1
47763,0
47764,0
47765,0
47766,1
47767,0
47768,0
47769,0
47770,0
47771,0
47772,0
47773,1
47774,1
47775,1
47776,1
47777,0
47778,1
47779,1
47780,1
47781,0
47782,1
47783,1
47784,1
47785,0
47786,0
47787,0
47788,0
47789,0
47790,0
47791,0
47792,0
47793,1
47794,1
47795,0
47796,1
47797,0
47798,0
47799,1
47800,0
47801,0
47802,0
47803,0
47804,0
47805,0
47806,1
47807,1
47808,0
47809,0
47810,0
47811,0
47812,1
47813,0
47814,0
47815,0
47816,0
47817,0
47818,1
47819,0
47820,0
47821,0
47822,0
47823,0
47824,0
47825,1
47826,1
47827,0
47828,0
47829,0
47830,1
47831,0
47832,0
47833,0
47834,0
47835,0
47836,0
47837,0
47838,1
47839,1
47840,0
47841,0
47842,0
47843,0
47844,1
47845,0
47846,0
47847,0
47848,0
47849,0
47850,0
47851,0
47852,0
47853,0
47854,1
47855,1
47856,0
47857,1
47858,1
47859,1
47860,0
47861,0
47862,1
47863,0
47864,1
47865,1
47866,0
47867,0
47868,1
47869,0
47870,0
47871,0
47872,1
47873,0
47874,0
47875,0
47876,0
47877,1
47878,0
47879,0
47880,1
47881,0
47882,0
47883,1
47884,1
47885,0
47886,0
47887,1
47888,0
47889,0
47890,0
47891,0
47892,0
47893,1
47894,1
47895,0
47896,0
47897,0
47898,0
47899,0
47900,0
47901,0
47902,1
47903,0
47904,0
47905,1
47906,0
47907,0
47908,0
47909,1
47910,0
47911,0
47912,0
47913,1
47914,0
47915,1
47916,1
47917,0
47918,1
47919,0
47920,1
47921,0
47922,1
47923,0
47924,0
47925,0
47926,0
47927,0
47928,0
47929,0
47930,0
47931,1
47932,0
47933,1
47934,0
47935,0
47936,1
47937,0
47938,1
47939,0
47940,0
47941,1
47942,0
47943,1
47944,0
47945,0
47946,0
47947,1
47948,0
47949,1
47950,0
47951,0
47952,1
47953,0
47954,0
47955,1
47956,0
47957,0
47958,1
47959,1
47960,0
47961,1
47962,1
47963,0
47964,0
47965,0
47966,0
47967,1
47968,0
47969,0
47970,0
47971,0
47972,0
47973,0
47974,1
47975,0
47976,1
47977,0
47978,1
47979,0
47980,1
47981,0
47982,0
47983,1
47984,0
47985,1
47986,1
47987,0
47988,0
47989,0
47990,0
47991,0
47992,0
47993,0
47994,1
47995,0
47996,0
47997,1
47998,1
47999,1
48000,0
48001,0
48002,0
48003,1
48004,0
48005,1
48006,0
48007,0
48008,0
48009,0
48010,0
48011,1
48012,0
48013,0
48014,0
48015,0
48016,0
48017,1
48018,1
48019,1
48020,0
48021,0
48022,1
48023,0
48024,1
48025,0
48026,0
48027,0
48028,0
48029,1
48030,1
48031,0
48032,1
48033,1
48034,0
48035,0
48036,0
48037,0
48038,0
48039,0
48040,0
48041,0
48042,0
48043,1
48044,0
48045,0
48046,1
48047,0
48048,0
48049,0
48050,0
48051,0
48052,1
48053,0
48054,0
48055,1
48056,0
48057,0
48058,0
48059,0
48060,0
48061,0
48062,0
48063,1
48064,0
48065,0
48066,0
48067,0
48068,0
48069,1
48070,1
48071,0
48072,0
48073,0
48074,0
48075,0
48076,0
48077,1
48078,0
48079,1
48080,0
48081,0
48082,0
48083,0
48084,0
48085,0
48086,0
48087,0
48088,1
48089,0
48090,1
48091,0
48092,0
48093,1
48094,0
48095,0
48096,1
48097,0
48098,1
48099,0
48100,1
48101,0
48102,1
48103,0
48104,1
48105,1
48106,1
48107,0
48108,0
48109,0
48110,0
48111,0
48112,0
48113,0
48114,0
48115,1
48116,0
48117,1
48118,1
48119,1
48120,1
48121,0
48122,0
48123,0
48124,0
48125,1
48126,0
48127,1
48128,0
48129,1
48130,0
48131,1
48132,0
48133,0
48134,0
48135,0
48136,0
48137,0
48138,1
48139,1
48140,0
48141,0
48142,0
48143,1
48144,0
48145,0
48146,1
48147,0
48148,0
48149,1
48150,0
48151,0
48152,0
48153,0
48154,0
48155,1
48156,1
48157,1
48158,0
48159,0
48160,0
48161,0
48162,1
48163,0
48164,0
48165,1
48166,0
48167,1
48168,1
48169,1
48170,0
48171,0
48172,1
48173,1
48174,1
48175,0
48176,0
48177,0
48178,0
48179,0
48180,1
48181,0
48182,0
48183,0
48184,1
48185,0
48186,1
48187,0
48188,0
48189,0
48190,0
48191,0
48192,1
48193,0
48194,0
48195,0
48196,0
48197,0
48198,0
48199,0
48200,0
48201,1
48202,0
48203,0
48204,1
48205,0
48206,0
48207,1
48208,0
48209,0
48210,0
48211,1
48212,1
48213,0
48214,0
48215,1
48216,0
48217,0
48218,1
48219,1
48220,0
48221,1
48222,0
48223,0
48224,0
48225,0
48226,1
48227,1
48228,0
48229,0
48230,1
48231,0
48232,1
48233,0
48234,0
48235,0
48236,1
48237,0
48238,0
48239,0
48240,0
48241,0
48242,1
48243,1
48244,0
48245,0
48246,0
48247,1
48248,0
48249,0
48250,0
48251,1
48252,0
48253,0
48254,0
48255,0
48256,1
48257,0
48258,1
48259,1
48260,1
48261,0
48262,0
48263,0
48264,1
48265,0
48266,1
48267,0
48268,0
48269,1
48270,1
48271,0
48272,0
48273,1
48274,0
48275,1
48276,0
48277,0
48278,1
48279,0
48280,0
48281,0
48282,0
48283,0
48284,0
48285,0
48286,0
48287,0
48288,0
48289,1
48290,0
48291,0
48292,0
48293,0
48294,1
48295,1
48296,0
48297,0
48298,0
48299,0
48300,0
48301,1
48302,1
48303,0
48304,1
48305,1
48306,0
48307,0
48308,0
48309,1
48310,1
48311,0
48312,0
48313,0
48314,1
48315,0
48316,0
48317,0
48318,0
48319,0
48320,0
48321,0
48322,0
48323,0
48324,1
48325,0
48326,0
48327,1
48328,1
48329,0
48330,1
48331,0
48332,0
48333,0
48334,0
48335,0
48336,1
48337,0
48338,0
48339,1
48340,0
48341,0
48342,0
48343,1
48344,0
48345,0
48346,0
48347,0
48348,0
48349,0
48350,0
48351,0
48352,0
48353,1
48354,0
48355,0
48356,0
48357,0
48358,0
48359,1
48360,0
48361,0
48362,1
48363,0
48364,1
48365,1
48366,1
48367,0
48368,1
48369,1
48370,0
48371,0
48372,0
48373,0
48374,0
48375,0
48376,0
48377,1
48378,1
48379,0
48380,0
48381,1
48382,0
48383,0
48384,0
48385,1
48386,1
48387,0
48388,0
48389,0
48390,0
48391,1
48392,1
48393,0
48394,1
48395,0
48396,0
48397,0
48398,1
48399,0
48400,1
48401,0
48402,0
48403,1
48404,0
48405,1
48406,1
48407,1
48408,0
48409,0
48410,0
48411,0
48412,0
48413,0
48414,0
48415,0
48416,0
48417,0
48418,0
48419,0
48420,1
48421,0
48422,1
48423,0
48424,0
48425,0
48426,0
48427,1
48428,0
48429,0
48430,0
48431,0
48432,0
48433,0
48434,0
48435,0
48436,1
48437,0
48438,1
48439,1
48440,1
48441,0
48442,1
48443,1
48444,1
48445,1
48446,0
48447,0
48448,0
48449,1
48450,1
48451,0
48452,0
48453,0
48454,0
48455,0
48456,1
48457,0
48458,0
48459,0
48460,1
48461,0
48462,0
48463,0
48464,1
48465,1
48466,0
48467,1
48468,1
48469,0
48470,0
48471,0
48472,0
48473,0
48474,0
48475,0
48476,1
48477,0
48478,0
48479,0
48480,1
48481,1
48482,0
48483,1
48484,0
48485,0
48486,0
48487,1
48488,0
48489,0
48490,0
48491,0
48492,1
48493,1
48494,0
48495,1
48496,1
48497,0
48498,0
48499,0
48500,0
48501,0
48502,0
48503,1
48504,0
48505,0
48506,0
48507,0
48508,0
48509,0
48510,1
48511,0
48512,1
48513,0
48514,0
48515,0
48516,1
48517,0
48518,0
48519,0
48520,0
48521,0
48522,0
48523,0
48524,0
48525,0
48526,0
48527,0
48528,1
48529,0
48530,0
48531,0
48532,0
48533,1
48534,0
48535,0
48536,1
48537,0
48538,0
48539,0
48540,0
48541,0
48542,0
48543,0
48544,1
48545,0
48546,1
48547,0
48548,1
48549,1
48550,0
48551,1
48552,1
48553,0
48554,0
48555,0
48556,0
48557,0
48558,0
48559,1
48560,0
48561,0
48562,0
48563,1
48564,0
48565,0
48566,0
48567,0
48568,0
48569,0
48570,0
48571,0
48572,0
48573,1
48574,0
48575,0
48576,0
48577,0
48578,0
48579,1
48580,0
48581,1
48582,0
48583,1
48584,0
48585,0
48586,0
48587,1
48588,0
48589,0
48590,0
48591,0
48592,0
48593,0
48594,0
48595,0
48596,0
48597,1
48598,0
48599,0
48600,1
48601,0
48602,0
48603,0
48604,1
48605,0
48606,0
48607,1
48608,0
48609,0
48610,0
48611,0
48612,0
48613,0
48614,0
48615,0
48616,0
48617,0
48618,0
48619,1
48620,1
48621,0
48622,0
48623,1
48624,0
48625,0
48626,0
48627,0
48628,1
48629,1
48630,0
48631,1
48632,1
48633,1
48634,0
48635,0
48636,1
48637,1
48638,0
48639,0
48640,0
48641,0
48642,0
48643,1
48644,1
48645,0
48646,1
48647,0
48648,1
48649,0
48650,0
48651,1
48652,1
48653,0
48654,0
48655,0
48656,1
48657,1
48658,0
48659,0
48660,0
48661,0
48662,0
48663,1
48664,0
48665,0
48666,0
48667,1
48668,0
48669,1
48670,1
48671,0
48672,0
48673,0
48674,1
48675,0
48676,0
48677,0
48678,1
48679,0
48680,0
48681,0
48682,1
48683,0
48684,0
48685,0
48686,0
48687,0
48688,0
48689,0
48690,0
48691,1
48692,0
48693,0
48694,0
48695,0
48696,0
48697,0
48698,0
48699,1
48700,1
48701,0
48702,0
48703,1
48704,0
48705,1
48706,1
48707,0
48708,0
48709,0
48710,0
48711,1
48712,0
48713,0
48714,1
48715,0
48716,1
48717,0
48718,0
48719,0
48720,1
48721,0
48722,0
48723,0
48724,0
48725,0
48726,1
48727,1
48728,1
48729,1
48730,0
48731,0
48732,0
48733,0
48734,1
48735,1
48736,0
48737,0
48738,1
48739,0
48740,0
48741,0
48742,1
48743,0
48744,0
48745,0
48746,0
48747,0
48748,0
48749,0
48750,0
48751,0
48752,0
48753,0
48754,0
48755,0
48756,0
48757,0
48758,0
48759,0
48760,0
48761,1
48762,1
48763,0
48764,1
48765,0
48766,1
48767,0
48768,0
48769,1
48770,0
48771,0
48772,0
48773,0
48774,0
48775,1
48776,0
48777,0
48778,0
48779,1
48780,1
48781,0
48782,0
48783,0
48784,0
48785,0
48786,0
48787,0
48788,0
48789,0
48790,0
48791,0
48792,0
48793,0
48794,0
48795,0
48796,1
48797,0
48798,1
48799,1
48800,0
48801,0
48802,1
48803,0
48804,0
48805,1
48806,0
48807,0
48808,1
48809,0
48810,0
48811,0
48812,0
48813,0
48814,1
48815,0
48816,0
48817,1
48818,0
48819,0
48820,1
48821,1
48822,1
48823,1
48824,1
48825,1
48826,1
48827,1
48828,1
48829,0
48830,1
48831,0
48832,0
48833,0
48834,0
48835,0
48836,0
48837,1
48838,0
48839,0
48840,1
48841,0
48842,0
48843,0
48844,1
48845,0
48846,0
48847,0
48848,0
48849,0
48850,1
48851,0
48852,1
48853,0
48854,1
48855,0
48856,0
48857,0
48858,0
48859,0
48860,1
48861,1
48862,0
48863,0
48864,1
48865,0
48866,0
48867,1
48868,0
48869,0
48870,0
48871,1
48872,0
48873,0
48874,0
48875,0
48876,1
48877,0
48878,1
48879,1
48880,0
48881,0
48882,0
48883,1
48884,0
48885,0
48886,0
48887,0
48888,0
48889,1
48890,0
48891,0
48892,0
48893,1
48894,0
48895,0
48896,0
48897,1
48898,0
48899,0
48900,0
48901,0
48902,0
48903,0
48904,1
48905,0
48906,0
48907,1
48908,0
48909,0
48910,0
48911,0
48912,1
48913,0
48914,0
48915,0
48916,0
48917,1
48918,1
48919,0
48920,0
48921,0
48922,0
48923,0
48924,1
48925,1
48926,0
48927,1
48928,0
48929,1
48930,0
48931,1
48932,1
48933,0
48934,1
48935,0
48936,0
48937,0
48938,1
48939,0
48940,0
48941,1
48942,1
48943,0
48944,0
48945,0
48946,1
48947,0
48948,1
48949,1
48950,0
48951,0
48952,0
48953,0
48954,0
48955,0
48956,0
48957,0
48958,1
48959,1
48960,0
48961,0
48962,0
48963,1
48964,0
48965,0
48966,0
48967,1
48968,1
48969,0
48970,0
48971,0
48972,0
48973,1
48974,0
48975,1
48976,0
48977,0
48978,1
48979,0
48980,0
48981,1
48982,1
48983,0
48984,0
48985,0
48986,0
48987,0
48988,0
48989,0
48990,0
48991,1
48992,0
48993,1
48994,0
48995,0
48996,0
48997,0
48998,0
48999,0
49000,0
49001,1
49002,0
49003,0
49004,0
49005,0
49006,0
49007,0
49008,0
49009,1
49010,0
49011,0
49012,0
49013,0
49014,0
49015,1
49016,0
49017,0
49018,0
49019,1
49020,0
49021,1
49022,1
49023,1
49024,0
49025,0
49026,1
49027,0
49028,0
49029,0
49030,1
49031,0
49032,0
49033,0
49034,1
49035,0
49036,1
49037,1
49038,0
49039,0
49040,0
49041,1
49042,0
49043,1
49044,1
49045,0
49046,0
49047,0
49048,0
49049,0
49050,0
49051,0
49052,0
49053,0
49054,0
49055,0
49056,0
49057,0
49058,1
49059,1
49060,0
49061,0
49062,1
49063,0
49064,1
49065,1
49066,0
49067,0
49068,0
49069,0
49070,0
49071,0
49072,1
49073,0
49074,0
49075,0
49076,0
49077,0
49078,1
49079,0
49080,0
49081,1
49082,1
49083,1
49084,1
49085,0
49086,1
49087,0
49088,1
49089,1
49090,1
49091,0
49092,0
49093,0
49094,0
49095,0
49096,1
49097,0
49098,0
49099,0
49100,0
49101,1
49102,0
49103,0
49104,0
49105,0
49106,0
49107,0
49108,1
49109,1
49110,0
49111,0
49112,1
49113,0
49114,1
49115,0
49116,0
49117,0
49118,0
49119,0
49120,0
49121,1
49122,0
49123,0
49124,0
49125,0
49126,1
49127,0
49128,1
49129,0
49130,1
49131,1
49132,1
49133,0
49134,0
49135,0
49136,0
49137,0
49138,1
49139,0
49140,0
49141,0
49142,0
49143,0
49144,0
49145,0
49146,1
49147,0
49148,0
49149,0
49150,0
49151,0
49152,0
49153,0
49154,1
49155,0
49156,1
49157,1
49158,0
49159,0
49160,0
49161,0
49162,0
49163,1
49164,0
49165,0
49166,1
49167,1
49168,0
49169,0
49170,0
49171,0
49172,0
49173,1
49174,0
49175,0
49176,0
49177,0
49178,1
49179,1
49180,1
49181,0
49182,0
49183,1
49184,0
49185,0
49186,0
49187,0
49188,1
49189,0
49190,0
49191,1
49192,0
49193,0
49194,0
49195,0
49196,0
49197,0
49198,1
49199,0
49200,1
49201,0
49202,1
49203,0
49204,0
49205,0
49206,1
49207,1
49208,0
49209,0
49210,1
49211,1
49212,0
49213,0
49214,1
49215,1
49216,1
49217,0
49218,0
49219,0
49220,1
49221,0
49222,1
49223,0
49224,0
49225,1
49226,1
49227,0
49228,0
49229,1
49230,0
49231,0
49232,0
49233,0
49234,1
49235,0
49236,0
49237,0
49238,1
49239,0
49240,0
49241,0
49242,0
49243,0
49244,1
49245,0
49246,0
49247,0
49248,0
49249,0
49250,0
49251,0
49252,0
49253,0
49254,0
49255,0
49256,0
49257,1
49258,0
49259,1
49260,0
49261,0
49262,1
49263,0
49264,0
49265,0
49266,1
49267,0
49268,0
49269,1
49270,0
49271,0
49272,0
49273,1
49274,1
49275,1
49276,0
49277,1
49278,0
49279,0
49280,1
49281,1
49282,1
49283,0
49284,0
49285,0
49286,0
49287,0
49288,0
49289,1
49290,1
49291,1
49292,1
49293,1
49294,1
49295,1
49296,0
49297,1
49298,1
49299,0
49300,0
49301,0
49302,0
49303,1
49304,0
49305,0
49306,0
49307,1
49308,0
49309,1
49310,0
49311,1
49312,0
49313,0
49314,0
49315,1
49316,0
49317,0
49318,0
49319,0
49320,1
49321,0
49322,1
49323,0
49324,0
49325,0
49326,0
49327,0
49328,0
49329,0
49330,1
49331,0
49332,1
49333,0
49334,0
49335,1
49336,1
49337,0
49338,0
49339,0
49340,0
49341,1
49342,0
49343,0
49344,0
49345,0
49346,0
49347,0
49348,1
49349,0
49350,0
49351,0
49352,1
49353,0
49354,1
49355,0
49356,1
49357,0
49358,0
49359,0
49360,1
49361,0
49362,0
49363,0
49364,0
49365,0
49366,0
49367,1
49368,1
49369,1
49370,1
49371,0
49372,0
49373,0
49374,0
49375,1
49376,0
49377,0
49378,1
49379,0
49380,1
49381,0
49382,0
49383,0
49384,0
49385,0
49386,0
49387,0
49388,0
49389,0
49390,0
49391,0
49392,0
49393,0
49394,0
49395,0
49396,0
49397,0
49398,0
49399,0
49400,0
49401,0
49402,0
49403,0
49404,0
49405,1
49406,0
49407,0
49408,0
49409,0
49410,0
49411,0
49412,0
49413,0
49414,0
49415,1
49416,0
49417,0
49418,0
49419,0
49420,1
49421,0
49422,0
49423,0
49424,0
49425,0
49426,1
49427,1
49428,0
49429,0
49430,1
49431,0
49432,1
49433,1
49434,0
49435,1
49436,0
49437,0
49438,0
49439,0
49440,0
49441,0
49442,0
49443,1
49444,0
49445,1
49446,0
49447,0
49448,0
49449,1
49450,0
49451,0
49452,0
49453,0
49454,0
49455,0
49456,0
49457,0
49458,0
49459,0
49460,0
49461,0
49462,0
49463,0
49464,0
49465,0
49466,0
49467,0
49468,0
49469,1
49470,0
49471,1
49472,0
49473,1
49474,1
49475,0
49476,0
49477,0
49478,0
49479,0
49480,1
49481,1
49482,0
49483,0
49484,1
49485,0
49486,0
49487,0
49488,0
49489,1
49490,0
49491,0
49492,0
49493,0
49494,0
49495,0
49496,0
49497,1
49498,0
49499,0
49500,1
49501,1
49502,1
49503,0
49504,0
49505,0
49506,0
49507,0
49508,0
49509,0
49510,0
49511,0
49512,0
49513,0
49514,0
49515,0
49516,0
49517,0
49518,0
49519,0
49520,0
49521,0
49522,0
49523,0
49524,0
49525,0
49526,0
49527,0
49528,0
49529,0
49530,0
49531,1
49532,1
49533,1
49534,0
49535,0
49536,0
49537,0
49538,0
49539,0
49540,0
49541,1
49542,1
49543,1
49544,1
49545,0
49546,1
49547,0
49548,0
49549,0
49550,0
49551,0
49552,0
49553,0
49554,0
49555,1
49556,0
49557,0
49558,1
49559,1
49560,0
49561,0
49562,0
49563,1
49564,0
49565,1
49566,0
49567,0
49568,0
49569,0
49570,1
49571,1
49572,0
49573,0
49574,0
49575,0
49576,1
49577,0
49578,0
49579,1
49580,0
49581,0
49582,0
49583,0
49584,0
49585,0
49586,0
49587,0
49588,0
49589,1
49590,0
49591,0
49592,1
49593,1
49594,0
49595,0
49596,1
49597,0
49598,0
49599,0
49600,0
49601,0
49602,0
49603,0
49604,0
49605,0
49606,1
49607,0
49608,0
49609,0
49610,0
49611,0
49612,0
49613,0
49614,0
49615,0
49616,0
49617,0
49618,0
49619,0
49620,0
49621,0
49622,0
49623,1
49624,0
49625,0
49626,1
49627,0
49628,0
49629,1
49630,0
49631,1
49632,0
49633,0
49634,1
49635,1
49636,0
49637,0
49638,0
49639,0
49640,0
49641,0
49642,0
49643,0
49644,0
49645,0
49646,1
49647,1
49648,0
49649,1
49650,0
49651,0
49652,1
49653,0
49654,0
49655,1
49656,1
49657,0
49658,0
49659,0
49660,0
49661,0
49662,0
49663,1
49664,0
49665,0
49666,0
49667,0
49668,0
49669,0
49670,0
49671,0
49672,0
49673,0
49674,0
49675,0
49676,0
49677,0
49678,1
49679,0
49680,0
49681,1
49682,1
49683,1
49684,0
49685,0
49686,0
49687,0
49688,0
49689,0
49690,1
49691,0
49692,0
49693,0
49694,1
49695,1
49696,1
49697,0
49698,0
49699,0
49700,0
49701,0
49702,1
49703,0
49704,0
49705,1
49706,0
49707,0
49708,0
49709,0
49710,1
49711,1
49712,0
49713,0
49714,0
49715,0
49716,0
49717,1
49718,0
49719,1
49720,1
49721,0
49722,0
49723,1
49724,0
49725,0
49726,1
49727,0
49728,0
49729,1
49730,1
49731,0
49732,1
49733,1
49734,0
49735,0
49736,0
49737,0
49738,1
49739,0
49740,0
49741,0
49742,1
49743,1
49744,0
49745,0
49746,0
49747,1
49748,1
49749,0
49750,1
49751,1
49752,1
49753,0
49754,0
49755,0
49756,1
49757,1
49758,0
49759,0
49760,1
49761,0
49762,0
49763,0
49764,0
49765,0
49766,0
49767,1
49768,1
49769,0
49770,0
49771,0
49772,0
49773,0
49774,0
49775,0
49776,0
49777,0
49778,0
49779,0
49780,0
49781,0
49782,0
49783,1
49784,0
49785,1
49786,0
49787,0
49788,0
49789,0
49790,1
49791,0
49792,1
49793,0
49794,1
49795,0
49796,1
49797,1
49798,1
49799,0
49800,0
49801,0
49802,0
49803,0
49804,0
49805,1
49806,0
49807,0
49808,1
49809,0
49810,0
49811,1
49812,1
49813,0
49814,0
49815,0
49816,1
49817,1
49818,0
49819,1
49820,0
49821,0
49822,1
49823,0
49824,0
49825,0
49826,0
49827,0
49828,1
49829,1
49830,0
49831,0
49832,0
49833,1
49834,0
49835,0
49836,0
49837,0
49838,0
49839,0
49840,1
49841,1
49842,0
49843,0
49844,1
49845,0
49846,0
49847,0
49848,0
49849,0
49850,1
49851,1
49852,0
49853,1
49854,0
49855,0
49856,0
49857,1
49858,0
49859,0
49860,1
49861,0
49862,0
49863,0
49864,0
49865,0
49866,0
49867,0
49868,0
49869,0
49870,1
49871,0
49872,1
49873,1
49874,0
49875,0
49876,1
49877,1
49878,0
49879,0
49880,0
49881,0
49882,1
49883,0
49884,0
49885,0
49886,0
49887,1
49888,0
49889,1
49890,0
49891,0
49892,0
49893,0
49894,0
49895,1
49896,0
49897,0
49898,0
49899,0
49900,0
49901,0
49902,1
49903,0
49904,0
49905,1
49906,1
49907,1
49908,0
49909,0
49910,0
49911,0
49912,0
49913,1
49914,1
49915,0
49916,0
49917,0
49918,0
49919,1
49920,1
49921,1
49922,1
49923,0
49924,0
49925,0
49926,0
49927,0
49928,0
49929,1
49930,0
49931,1
49932,0
49933,0
49934,0
49935,0
49936,1
49937,0
49938,1
49939,1
49940,0
49941,0
49942,1
49943,1
49944,0
49945,0
49946,0
49947,0
49948,0
49949,0
49950,1
49951,1
49952,0
49953,0
49954,1
49955,0
49956,0
49957,0
49958,0
49959,0
49960,0
49961,0
49962,1
49963,0
49964,0
49965,0
49966,0
49967,0
49968,1
49969,0
49970,0
49971,0
49972,1
49973,0
49974,1
49975,0
49976,0
49977,0
49978,0
49979,0
49980,0
49981,0
49982,0
49983,0
49984,0
49985,0
49986,0
49987,0
49988,0
49989,0
49990,0
49991,0
49992,0
49993,0
49994,0
49995,1
49996,0
49997,0
49998,0
49999,0
50000,0
50001,0
50002,0
50003,0
50004,0
50005,0
50006,0
50007,0
50008,0
50009,1
50010,0
50011,0
50012,1
50013,1
50014,0
50015,1
50016,0
50017,0
50018,0
50019,0
50020,1
50021,0
50022,0
50023,0
50024,0
50025,0
50026,0
50027,0
50028,0
50029,0
50030,0
50031,0
50032,0
50033,0
50034,0
50035,1
50036,0
50037,0
50038,1
50039,1
50040,0
50041,0
50042,0
50043,0
50044,1
50045,0
50046,0
50047,0
50048,0
50049,0
50050,1
50051,0
50052,0
50053,1
50054,1
50055,1
50056,0
50057,1
50058,1
50059,0
50060,1
50061,1
50062,1
50063,0
50064,0
50065,0
50066,0
50067,1
50068,1
50069,0
50070,0
50071,0
50072,0
50073,0
50074,0
50075,0
50076,1
50077,0
50078,0
50079,0
50080,1
50081,1
50082,0
50083,0
50084,0
50085,0
50086,0
50087,0
50088,0
50089,0
50090,0
50091,0
50092,0
50093,0
50094,1
50095,0
50096,0
50097,1
50098,0
50099,0
50100,0
50101,0
50102,0
50103,0
50104,0
50105,1
50106,0
50107,0
50108,0
50109,0
50110,0
50111,1
50112,1
50113,1
50114,1
50115,0
50116,1
50117,1
50118,1
50119,1
50120,0
50121,0
50122,0
50123,0
50124,0
50125,0
50126,1
50127,0
50128,0
50129,1
50130,1
50131,0
50132,1
50133,0
50134,1
50135,1
50136,0
50137,1
50138,1
50139,1
50140,0
50141,1
50142,1
50143,0
50144,0
50145,0
50146,0
50147,0
50148,0
50149,1
50150,0
50151,1
50152,0
50153,0
50154,0
50155,0
50156,0
50157,0
50158,0
50159,0
50160,0
50161,0
50162,1
50163,0
50164,0
50165,1
50166,0
50167,0
50168,0
50169,0
50170,0
50171,1
50172,1
50173,0
50174,0
50175,1
50176,0
50177,1
50178,0
50179,0
50180,0
50181,0
50182,0
50183,1
50184,1
50185,0
50186,0
50187,1
50188,0
50189,0
50190,0
50191,0
50192,1
50193,0
50194,0
50195,0
50196,0
50197,1
50198,1
50199,0
50200,1
50201,0
50202,0
50203,0
50204,0
50205,0
50206,1
50207,0
50208,0
50209,1
50210,0
50211,1
50212,0
50213,0
50214,0
50215,1
50216,1
50217,0
50218,0
50219,0
50220,0
50221,0
50222,0
50223,1
50224,1
50225,0
50226,0
50227,0
50228,1
50229,0
50230,1
50231,0
50232,0
50233,0
50234,0
50235,0
50236,0
50237,1
50238,0
50239,1
50240,0
50241,1
50242,1
50243,1
50244,0
50245,0
50246,0
50247,0
50248,0
50249,0
50250,0
50251,0
50252,1
50253,0
50254,0
50255,1
50256,1
50257,0
50258,0
50259,0
50260,1
50261,0
50262,0
50263,0
50264,1
50265,0
50266,0
50267,0
50268,0
50269,0
50270,0
50271,1
50272,0
50273,0
50274,0
50275,0
50276,0
50277,0
50278,0
50279,0
50280,0
50281,0
50282,0
50283,1
50284,1
50285,0
50286,0
50287,1
50288,0
50289,0
50290,1
50291,0
50292,0
50293,0
50294,0
50295,0
50296,1
50297,0
50298,1
50299,0
50300,0
50301,0
50302,1
50303,0
50304,0
50305,1
50306,0
50307,0
50308,0
50309,0
50310,1
50311,0
50312,1
50313,0
50314,0
50315,0
50316,0
50317,1
50318,0
50319,1
50320,0
50321,0
50322,1
50323,1
50324,0
50325,0
50326,0
50327,0
50328,1
50329,0
50330,1
50331,1
50332,1
50333,0
50334,0
50335,0
50336,0
50337,0
50338,0
50339,1
50340,1
50341,0
50342,1
50343,0
50344,0
50345,0
50346,0
50347,0
50348,0
50349,0
50350,0
50351,0
50352,0
50353,0
50354,0
50355,1
50356,0
50357,0
50358,0
50359,0
50360,0
50361,1
50362,0
50363,1
50364,1
50365,1
50366,1
50367,1
50368,0
50369,1
50370,0
50371,0
50372,0
50373,0
50374,0
50375,0
50376,0
50377,1
50378,0
50379,1
50380,1
50381,0
50382,0
50383,1
50384,0
50385,0
50386,0
50387,1
50388,0
50389,0
50390,0
50391,0
50392,0
50393,0
50394,0
50395,0
50396,0
50397,1
50398,0
50399,0
50400,1
50401,0
50402,0
50403,0
50404,0
50405,0
50406,0
50407,1
50408,1
50409,0
50410,1
50411,0
50412,1
50413,1
50414,0
50415,0
50416,0
50417,0
50418,0
50419,0
50420,1
50421,1
50422,1
50423,1
50424,0
50425,1
50426,1
50427,0
50428,1
50429,0
50430,1
50431,1
50432,0
50433,0
50434,1
50435,0
50436,1
50437,1
50438,1
50439,0
50440,0
50441,0
50442,0
50443,0
50444,1
50445,0
50446,0
50447,1
50448,0
50449,0
50450,1
50451,1
50452,0
50453,1
50454,1
50455,0
50456,1
50457,0
50458,0
50459,1
50460,0
50461,0
50462,0
50463,0
50464,0
50465,0
50466,0
50467,0
50468,0
50469,0
50470,0
50471,1
50472,1
50473,0
50474,1
50475,1
50476,1
50477,1
50478,0
50479,0
50480,0
50481,0
50482,1
50483,0
50484,0
50485,0
50486,0
50487,0
50488,1
50489,1
50490,0
50491,1
50492,1
50493,0
50494,1
50495,0
50496,0
50497,1
50498,0
50499,0
50500,0
50501,0
50502,0
50503,1
50504,1
50505,0
50506,1
50507,0
50508,0
50509,1
50510,0
50511,0
50512,1
50513,0
50514,1
50515,1
50516,0
50517,0
50518,0
50519,0
50520,0
50521,0
50522,0
50523,0
50524,0
50525,0
50526,0
50527,1
50528,0
50529,1
50530,0
50531,1
50532,0
50533,0
50534,0
50535,0
50536,0
50537,0
50538,0
50539,1
50540,1
50541,0
50542,0
50543,0
50544,1
50545,0
50546,1
50547,0
50548,0
50549,0
50550,0
50551,1
50552,0
50553,0
50554,0
50555,0
50556,0
50557,0
50558,1
50559,0
50560,0
50561,1
50562,1
50563,0
50564,0
50565,0
50566,0
50567,1
50568,0
50569,1
50570,0
50571,0
50572,1
50573,1
50574,0
50575,0
50576,0
50577,0
50578,1
50579,0
50580,1
50581,0
50582,1
50583,0
50584,1
50585,0
50586,1
50587,0
50588,0
50589,0
50590,0
50591,1
50592,1
50593,0
50594,0
50595,1
50596,0
50597,1
50598,1
50599,1
50600,0
50601,1
50602,1
50603,0
50604,0
50605,0
50606,0
50607,0
50608,1
50609,1
50610,1
50611,0
50612,0
50613,0
50614,0
50615,0
50616,0
50617,0
50618,0
50619,0
50620,0
50621,1
50622,0
50623,0
50624,1
50625,1
50626,1
50627,0
50628,0
50629,1
50630,0
50631,1
50632,0
50633,0
50634,0
50635,1
50636,0
50637,0
50638,1
50639,0
50640,0
50641,0
50642,0
50643,1
50644,0
50645,0
50646,0
50647,0
50648,0
50649,0
50650,1
50651,0
50652,0
50653,1
50654,0
50655,0
50656,0
50657,0
50658,1
50659,1
50660,0
50661,1
50662,1
50663,1
50664,1
50665,1
50666,0
50667,1
50668,1
50669,1
50670,1
50671,0
50672,1
50673,0
50674,0
50675,0
50676,0
50677,0
50678,0
50679,0
50680,1
50681,1
50682,1
50683,0
50684,0
50685,0
50686,0
50687,1
50688,0
50689,1
50690,1
50691,0
50692,1
50693,0
50694,0
50695,0
50696,0
50697,0
50698,0
50699,0
50700,0
50701,0
50702,0
50703,0
50704,0
50705,0
50706,0
50707,0
50708,0
50709,0
50710,0
50711,0
50712,0
50713,1
50714,1
50715,0
50716,0
50717,0
50718,1
50719,0
50720,0
50721,0
50722,1
50723,1
50724,0
50725,0
50726,0
50727,0
50728,0
50729,0
50730,0
50731,0
50732,0
50733,1
50734,0
50735,0
50736,1
50737,0
50738,0
50739,0
50740,0
50741,0
50742,0
50743,1
50744,0
50745,1
50746,1
50747,1
50748,0
50749,0
50750,1
50751,0
50752,0
50753,0
50754,0
50755,1
50756,1
50757,0
50758,1
50759,0
50760,0
50761,0
50762,0
50763,0
50764,0
50765,1
50766,0
50767,0
50768,1
50769,0
50770,0
50771,0
50772,0
50773,1
50774,0
50775,0
50776,1
50777,1
50778,1
50779,0
50780,1
50781,0
50782,0
50783,1
50784,1
50785,0
50786,0
50787,0
50788,0
50789,0
50790,0
50791,0
50792,0
50793,1
50794,1
50795,1
50796,0
50797,0
50798,1
50799,1
50800,0
50801,0
50802,0
50803,0
50804,0
50805,0
50806,0
50807,0
50808,0
50809,0
50810,0
50811,1
50812,0
50813,0
50814,1
50815,0
50816,0
50817,0
50818,1
50819,1
50820,0
50821,0
50822,0
50823,0
50824,0
50825,1
50826,0
50827,1
50828,0
50829,0
50830,0
50831,1
50832,0
50833,1
50834,0
50835,1
50836,0
50837,0
50838,0
50839,0
50840,1
50841,0
50842,0
50843,0
50844,1
50845,1
50846,0
50847,0
50848,0
50849,1
50850,0
50851,0
50852,0
50853,0
50854,0
50855,0
50856,0
50857,0
50858,0
50859,0
50860,0
50861,0
50862,0
50863,1
50864,0
50865,0
50866,1
50867,0
50868,0
50869,0
50870,0
50871,1
50872,1
50873,1
50874,0
50875,0
50876,0
50877,1
50878,1
50879,0
50880,0
50881,0
50882,0
50883,0
50884,0
50885,1
50886,0
50887,0
50888,0
50889,0
50890,0
50891,0
50892,0
50893,0
50894,0
50895,1
50896,0
50897,0
50898,0
50899,0
50900,0
50901,0
50902,0
50903,0
50904,0
50905,0
50906,1
50907,0
50908,0
50909,1
50910,0
50911,0
50912,0
50913,0
50914,0
50915,1
50916,1
50917,0
50918,0
50919,1
50920,0
50921,0
50922,0
50923,0
50924,0
50925,0
50926,0
50927,0
50928,0
50929,0
50930,0
50931,0
50932,0
50933,0
50934,1
50935,0
50936,0
50937,0
50938,1
50939,0
50940,0
50941,0
50942,0
50943,0
50944,0
50945,0
50946,1
50947,0
50948,1
50949,0
50950,0
50951,0
50952,0
50953,1
50954,0
50955,0
50956,0
50957,1
50958,0
50959,1
50960,1
50961,0
50962,0
50963,1
50964,0
50965,1
50966,0
50967,0
50968,0
50969,0
50970,0
50971,1
50972,0
50973,0
50974,0
50975,0
50976,1
50977,0
50978,0
50979,0
50980,0
50981,0
50982,0
50983,0
50984,0
50985,0
50986,0
50987,0
50988,0
50989,0
50990,0
50991,0
50992,1
50993,0
50994,0
50995,0
50996,0
50997,0
50998,0
50999,0
51000,0
51001,1
51002,0
51003,0
51004,0
51005,0
51006,0
51007,0
51008,1
51009,1
51010,1
51011,0
51012,0
51013,0
51014,0
51015,0
51016,0
51017,0
51018,1
51019,1
51020,0
51021,0
51022,0
51023,0
51024,0
51025,1
51026,1
51027,1
51028,1
51029,0
51030,0
51031,0
51032,0
51033,0
51034,0
51035,0
51036,0
51037,0
51038,1
51039,1
51040,1
51041,0
51042,0
51043,0
51044,1
51045,0
51046,1
51047,0
51048,0
51049,0
51050,0
51051,0
51052,0
51053,0
51054,1
51055,0
51056,0
51057,0
51058,1
51059,0
51060,0
51061,0
51062,0
51063,0
51064,0
51065,0
51066,1
51067,0
51068,1
51069,0
51070,0
51071,1
51072,0
51073,0
51074,0
51075,1
51076,1
51077,1
51078,1
51079,0
51080,1
51081,0
51082,0
51083,0
51084,0
51085,0
51086,0
51087,1
51088,0
51089,1
51090,1
51091,1
51092,0
51093,0
51094,1
51095,1
51096,0
51097,0
51098,0
51099,0
51100,0
51101,0
51102,0
51103,0
51104,0
51105,1
51106,1
51107,1
51108,1
51109,0
51110,0
51111,0
51112,1
51113,1
51114,0
51115,0
51116,1
51117,0
51118,0
51119,0
51120,0
51121,0
51122,0
51123,1
51124,0
51125,0
51126,0
51127,0
51128,0
51129,0
51130,0
51131,0
51132,0
51133,1
51134,0
51135,0
51136,0
51137,1
51138,0
51139,0
51140,1
51141,0
51142,0
51143,0
51144,1
51145,0
51146,0
51147,0
51148,0
51149,0
51150,0
51151,0
51152,0
51153,0
51154,0
51155,0
51156,0
51157,1
51158,1
51159,0
51160,0
51161,0
51162,1
51163,0
51164,0
51165,1
51166,0
51167,0
51168,1
51169,0
51170,0
51171,0
51172,1
51173,1
51174,0
51175,0
51176,0
51177,0
51178,0
51179,0
51180,0
51181,0
51182,0
51183,1
51184,0
51185,0
51186,0
51187,0
51188,0
51189,0
51190,1
51191,1
51192,0
51193,1
51194,0
51195,0
51196,0
51197,0
51198,1
51199,0
51200,0
51201,0
51202,1
51203,0
51204,0
51205,0
51206,1
51207,0
51208,1
51209,0
51210,0
51211,0
51212,1
51213,0
51214,1
51215,0
51216,0
51217,0
51218,1
51219,0
51220,1
51221,1
51222,0
51223,1
51224,0
51225,0
51226,0
51227,0
51228,0
51229,0
51230,1
51231,0
51232,0
51233,0
51234,0
51235,0
51236,0
51237,0
51238,0
51239,0
51240,1
51241,0
51242,0
51243,1
51244,0
51245,0
51246,0
51247,0
51248,0
51249,1
51250,1
51251,1
51252,0
51253,0
51254,0
51255,0
51256,0
51257,0
51258,1
51259,0
51260,0
51261,1
51262,1
51263,0
51264,1
51265,0
51266,0
51267,1
51268,0
51269,0
51270,1
51271,0
51272,0
51273,0
51274,0
51275,0
51276,0
51277,1
51278,1
51279,0
51280,0
51281,1
51282,0
51283,0
51284,0
51285,0
51286,0
51287,0
51288,0
51289,0
51290,0
51291,1
51292,0
51293,1
51294,0
51295,0
51296,1
51297,0
51298,0
51299,0
51300,0
51301,1
51302,0
51303,0
51304,0
51305,0
51306,1
51307,0
51308,1
51309,0
51310,1
51311,1
51312,0
51313,0
51314,0
51315,0
51316,0
51317,0
51318,0
51319,0
51320,1
51321,0
51322,1
51323,1
51324,0
51325,1
51326,1
51327,1
51328,0
51329,0
51330,0
51331,0
51332,0
51333,0
51334,0
51335,0
51336,0
51337,0
51338,1
51339,1
51340,1
51341,0
51342,0
51343,0
51344,0
51345,1
51346,0
51347,0
51348,0
51349,1
51350,1
51351,0
51352,1
51353,1
51354,0
51355,0
51356,1
51357,0
51358,0
51359,1
51360,0
51361,0
51362,0
51363,1
51364,0
51365,1
51366,0
51367,0
51368,0
51369,0
51370,1
51371,0
51372,1
51373,0
51374,0
51375,0
51376,0
51377,0
51378,1
51379,0
51380,0
51381,0
51382,0
51383,0
51384,0
51385,1
51386,1
51387,0
51388,1
51389,0
51390,0
51391,1
51392,0
51393,0
51394,0
51395,0
51396,0
51397,1
51398,1
51399,0
51400,1
51401,0
51402,0
51403,0
51404,0
51405,1
51406,0
51407,0
51408,0
51409,0
51410,0
51411,1
51412,0
51413,0
51414,1
51415,1
51416,0
51417,0
51418,0
51419,0
51420,0
51421,0
51422,0
51423,1
51424,1
51425,0
51426,0
51427,0
51428,0
51429,0
51430,1
51431,1
51432,0
51433,0
51434,0
51435,0
51436,0
51437,0
51438,1
51439,1
51440,1
51441,1
51442,0
51443,0
51444,1
51445,0
51446,0
51447,0
51448,0
51449,1
51450,0
51451,1
51452,1
51453,0
51454,1
51455,0
51456,0
51457,0
51458,1
51459,0
51460,0
51461,0
51462,0
51463,1
51464,0
51465,0
51466,1
51467,0
51468,0
51469,0
51470,0
51471,0
51472,1
51473,0
51474,0
51475,1
51476,1
51477,0
51478,1
51479,0
51480,0
51481,0
51482,0
51483,0
51484,0
51485,0
51486,0
51487,0
51488,1
51489,1
51490,0
51491,0
51492,1
51493,0
51494,0
51495,0
51496,0
51497,1
51498,0
51499,0
51500,0
51501,0
51502,1
51503,0
51504,0
51505,0
51506,0
51507,0
51508,0
51509,0
51510,0
51511,0
51512,0
51513,1
51514,0
51515,0
51516,0
51517,0
51518,0
51519,0
51520,1
51521,0
51522,0
51523,0
51524,0
51525,0
51526,1
51527,0
51528,1
51529,0
51530,0
51531,0
51532,0
51533,1
51534,0
51535,0
51536,0
51537,0
51538,1
51539,1
51540,0
51541,0
51542,0
51543,1
51544,0
51545,0
51546,0
51547,0
51548,0
51549,0
51550,0
51551,0
51552,1
51553,0
51554,0
51555,0
51556,0
51557,0
51558,0
51559,1
51560,0
51561,0
51562,0
51563,1
51564,0
51565,0
51566,0
51567,0
51568,0
51569,0
51570,1
51571,1
51572,0
51573,1
51574,0
51575,1
51576,1
51577,0
51578,0
51579,0
51580,0
51581,1
51582,0
51583,0
51584,0
51585,0
51586,1
51587,1
51588,1
51589,0
51590,0
51591,0
51592,0
51593,0
51594,0
51595,0
51596,1
51597,0
51598,1
51599,0
51600,0
51601,1
51602,0
51603,1
51604,1
51605,1
51606,0
51607,0
51608,0
51609,0
51610,0
51611,0
51612,1
51613,0
51614,0
51615,0
51616,0
51617,0
51618,0
51619,0
51620,1
51621,1
51622,0
51623,0
51624,1
51625,1
51626,0
51627,0
51628,0
51629,0
51630,1
51631,1
51632,0
51633,1
51634,0
51635,1
51636,0
51637,1
51638,0
51639,0
51640,0
51641,1
51642,1
51643,0
51644,0
51645,0
51646,0
51647,1
51648,1
51649,1
51650,0
51651,1
51652,0
51653,0
51654,1
51655,0
51656,0
51657,0
51658,0
51659,0
51660,0
51661,0
51662,0
51663,0
51664,0
51665,0
51666,0
51667,0
51668,0
51669,1
51670,0
51671,1
51672,1
51673,1
51674,1
51675,0
51676,1
51677,0
51678,1
51679,0
51680,1
51681,0
51682,0
51683,1
51684,0
51685,0
51686,0
51687,0
51688,0
51689,1
51690,0
51691,0
51692,1
51693,0
51694,0
51695,0
51696,0
51697,0
51698,0
51699,0
51700,1
51701,0
51702,1
51703,1
51704,1
51705,0
51706,0
51707,0
51708,1
51709,0
51710,0
51711,0
51712,0
51713,0
51714,0
51715,1
51716,1
51717,0
51718,1
51719,0
51720,0
51721,0
51722,0
51723,0
51724,0
51725,0
51726,1
51727,1
51728,0
51729,0
51730,0
51731,0
51732,0
51733,1
51734,0
51735,1
51736,1
51737,0
51738,1
51739,1
51740,0
51741,1
51742,0
51743,1
51744,1
51745,0
51746,0
51747,1
51748,0
51749,0
51750,0
51751,0
51752,1
51753,0
51754,1
51755,1
51756,0
51757,1
51758,1
51759,0
51760,1
51761,0
51762,1
51763,0
51764,0
51765,0
51766,0
51767,0
51768,0
51769,1
51770,0
51771,0
51772,0
51773,0
51774,0
51775,0
51776,0
51777,0
51778,0
51779,0
51780,1
51781,0
51782,1
51783,0
51784,1
51785,0
51786,0
51787,0
51788,0
51789,0
51790,0
51791,1
51792,0
51793,1
51794,0
51795,1
51796,1
51797,1
51798,0
51799,1
51800,0
51801,0
51802,0
51803,0
51804,1
51805,1
51806,1
51807,0
51808,0
51809,0
51810,0
51811,1
51812,0
51813,0
51814,0
51815,0
51816,1
51817,0
51818,0
51819,0
51820,1
51821,0
51822,0
51823,0
51824,0
51825,0
51826,1
51827,0
51828,0
51829,0
51830,0
51831,0
51832,0
51833,0
51834,0
51835,0
51836,0
51837,0
51838,0
51839,1
51840,1
51841,0
51842,0
51843,0
51844,1
51845,1
51846,1
51847,1
51848,1
51849,1
51850,0
51851,0
51852,0
51853,0
51854,0
51855,0
51856,0
51857,0
51858,0
51859,0
51860,0
51861,0
51862,0
51863,0
51864,0
51865,1
51866,0
51867,0
51868,0
51869,1
51870,1
51871,0
51872,0
51873,0
51874,0
51875,0
51876,0
51877,0
51878,0
51879,0
51880,1
51881,1
51882,1
51883,1
51884,0
51885,0
51886,0
51887,0
51888,0
51889,0
51890,0
51891,0
51892,0
51893,0
51894,1
51895,0
51896,0
51897,0
51898,0
51899,0
51900,0
51901,1
51902,0
51903,1
51904,0
51905,1
51906,0
51907,0
51908,0
51909,1
51910,0
51911,0
51912,1
51913,1
51914,0
51915,0
51916,0
51917,1
51918,1
51919,1
51920,1
51921,0
51922,0
51923,0
51924,0
51925,0
51926,0
51927,0
51928,0
51929,0
51930,0
51931,0
51932,0
51933,0
51934,0
51935,0
51936,1
51937,1
51938,1
51939,0
51940,0
51941,1
51942,0
51943,0
51944,0
51945,0
51946,1
51947,1
51948,0
51949,0
51950,1
51951,0
51952,1
51953,0
51954,0
51955,0
51956,0
51957,1
51958,0
51959,0
51960,0
51961,1
51962,0
51963,0
51964,0
51965,0
51966,0
51967,0
51968,0
51969,0
51970,1
51971,0
51972,0
51973,0
51974,0
51975,0
51976,1
51977,1
51978,0
51979,0
51980,0
51981,1
51982,0
51983,1
51984,0
51985,0
51986,0
51987,0
51988,1
51989,1
51990,0
51991,0
51992,1
51993,0
51994,0
51995,0
51996,0
51997,1
51998,0
51999,0
52000,0
52001,0
52002,1
52003,0
52004,1
52005,0
52006,0
52007,0
52008,0
52009,0
52010,0
52011,1
52012,0
52013,0
52014,1
52015,0
52016,0
52017,1
52018,0
52019,0
52020,0
52021,0
52022,1
52023,0
52024,0
52025,1
52026,0
52027,0
52028,0
52029,0
52030,0
52031,0
52032,1
52033,0
52034,1
52035,0
52036,0
52037,0
52038,0
52039,1
52040,0
52041,0
52042,0
52043,0
52044,0
52045,1
52046,0
52047,0
52048,1
52049,0
52050,0
52051,1
52052,0
52053,0
52054,0
52055,0
52056,0
52057,1
52058,0
52059,1
52060,1
52061,0
52062,1
52063,0
52064,0
52065,0
52066,0
52067,0
52068,0
52069,0
52070,0
52071,1
52072,0
52073,0
52074,1
52075,1
52076,0
52077,1
52078,1
52079,0
52080,0
52081,1
52082,0
52083,1
52084,0
52085,1
52086,0
52087,0
52088,0
52089,1
52090,0
52091,0
52092,1
52093,0
52094,0
52095,0
52096,1
52097,0
52098,0
52099,0
52100,0
52101,1
52102,1
52103,1
52104,0
52105,1
52106,0
52107,0
52108,0
52109,0
52110,0
52111,0
52112,0
52113,0
52114,0
52115,1
52116,0
52117,0
52118,0
52119,0
52120,0
52121,0
52122,0
52123,0
52124,1
52125,0
52126,0
52127,0
52128,1
52129,1
52130,0
52131,0
52132,1
52133,0
52134,0
52135,0
52136,0
52137,1
52138,0
52139,0
52140,0
52141,1
52142,0
52143,1
52144,0
52145,0
52146,1
52147,1
52148,0
52149,0
52150,0
52151,1
52152,1
52153,0
52154,1
52155,0
52156,0
52157,1
52158,0
52159,0
52160,0
52161,0
52162,1
52163,0
52164,0
52165,0
52166,0
52167,0
52168,0
52169,1
52170,0
52171,0
52172,0
52173,0
52174,0
52175,0
52176,0
52177,1
52178,1
52179,0
52180,0
52181,0
52182,0
52183,0
52184,0
52185,1
52186,1
52187,1
52188,0
52189,0
52190,1
52191,0
52192,1
52193,0
52194,0
52195,0
52196,0
52197,0
52198,0
52199,0
52200,0
52201,0
52202,0
52203,0
52204,0
52205,0
52206,1
52207,0
52208,1
52209,0
52210,0
52211,0
52212,0
52213,0
52214,0
52215,0
52216,0
52217,0
52218,0
52219,0
52220,0
52221,1
52222,0
52223,0
52224,0
52225,1
52226,0
52227,0
52228,1
52229,0
52230,0
52231,0
52232,0
52233,0
52234,0
52235,0
52236,1
52237,0
52238,1
52239,0
52240,0
52241,1
52242,0
52243,0
52244,1
52245,0
52246,0
52247,0
52248,0
52249,1
52250,0
52251,0
52252,1
52253,0
52254,0
52255,1
52256,0
52257,0
52258,0
52259,1
52260,1
52261,0
52262,1
52263,0
52264,1
52265,1
52266,0
52267,0
52268,0
52269,0
52270,0
52271,0
52272,0
52273,0
52274,0
52275,1
52276,0
52277,0
52278,0
52279,0
52280,1
52281,1
52282,0
52283,0
52284,1
52285,1
52286,0
52287,1
52288,0
52289,1
52290,1
52291,1
52292,1
52293,1
52294,0
52295,1
52296,1
52297,0
52298,0
52299,0
52300,0
52301,0
52302,0
52303,1
52304,0
52305,0
52306,1
52307,0
52308,0
52309,0
52310,0
52311,0
52312,0
52313,1
52314,0
52315,1
52316,1
52317,0
52318,1
52319,1
52320,0
52321,1
52322,0
52323,0
52324,1
52325,0
52326,0
52327,1
52328,0
52329,1
52330,1
52331,1
52332,0
52333,1
52334,1
52335,0
52336,0
52337,0
52338,1
52339,0
52340,0
52341,1
52342,0
52343,0
52344,0
52345,0
52346,0
52347,0
52348,1
52349,0
52350,0
52351,0
52352,0
52353,0
52354,0
52355,0
52356,0
52357,0
52358,0
52359,0
52360,1
52361,1
52362,0
52363,0
52364,0
52365,0
52366,0
52367,0
52368,0
52369,0
52370,1
52371,0
52372,0
52373,0
52374,0
52375,1
52376,0
52377,0
52378,1
52379,0
52380,0
52381,0
52382,0
52383,0
52384,0
52385,0
52386,0
52387,0
52388,0
52389,1
52390,0
52391,1
52392,0
52393,1
52394,0
52395,0
52396,0
52397,0
52398,1
52399,0
52400,1
52401,1
52402,0
52403,0
52404,0
52405,1
52406,0
52407,1
52408,0
52409,0
52410,1
52411,0
52412,0
52413,0
52414,0
52415,0
52416,0
52417,1
52418,0
52419,0
52420,0
52421,0
52422,0
52423,1
52424,0
52425,0
52426,0
52427,0
52428,0
52429,0
52430,0
52431,0
52432,0
52433,1
52434,1
52435,0
52436,0
52437,0
52438,0
52439,0
52440,0
52441,1
52442,0
52443,1
52444,0
52445,0
52446,0
52447,0
52448,0
52449,1
52450,1
52451,0
52452,0
52453,0
52454,0
52455,1
52456,1
52457,0
52458,0
52459,0
52460,0
52461,0
52462,0
52463,0
52464,1
52465,1
52466,1
52467,0
52468,0
52469,0
52470,0
52471,0
52472,1
52473,1
52474,0
52475,0
52476,0
52477,0
52478,0
52479,0
52480,0
52481,0
52482,0
52483,0
52484,1
52485,0
52486,0
52487,0
52488,1
52489,0
52490,1
52491,1
52492,0
52493,0
52494,0
52495,0
52496,0
52497,0
52498,1
52499,1
52500,1
52501,1
52502,0
52503,0
52504,0
52505,0
52506,0
52507,1
52508,0
52509,0
52510,0
52511,1
52512,0
52513,0
52514,1
52515,1
52516,1
52517,0
52518,0
52519,0
52520,0
52521,0
52522,0
52523,1
52524,0
52525,0
52526,1
52527,0
52528,1
52529,1
52530,0
52531,1
52532,1
52533,1
52534,0
52535,1
52536,0
52537,1
52538,0
52539,0
52540,1
52541,0
52542,0
52543,0
52544,0
52545,0
52546,0
52547,0
52548,0
52549,0
52550,0
52551,1
52552,0
52553,0
52554,0
52555,0
52556,0
52557,1
52558,0
52559,1
52560,0
52561,0
52562,0
52563,0
52564,0
52565,0
52566,1
52567,0
52568,0
52569,0
52570,0
52571,0
52572,1
52573,0
52574,1
52575,0
52576,1
52577,1
52578,1
52579,0
52580,0
52581,1
52582,0
52583,0
52584,0
52585,0
52586,0
52587,0
52588,1
52589,0
52590,1
52591,0
52592,1
52593,0
52594,1
52595,0
52596,0
52597,0
52598,1
52599,0
52600,1
52601,0
52602,1
52603,0
52604,0
52605,0
52606,0
52607,0
52608,0
52609,0
52610,0
52611,0
52612,0
52613,0
52614,0
52615,0
52616,1
52617,0
52618,0
52619,0
52620,0
52621,0
52622,1
52623,0
52624,1
52625,0
52626,1
52627,0
52628,0
52629,0
52630,0
52631,0
52632,0
52633,0
52634,1
52635,1
52636,0
52637,1
52638,1
52639,1
52640,1
52641,0
52642,0
52643,0
52644,0
52645,0
52646,0
52647,1
52648,1
52649,0
52650,0
52651,1
52652,0
52653,0
52654,0
52655,0
52656,0
52657,0
52658,0
52659,1
52660,0
52661,1
52662,1
52663,0
52664,0
52665,0
52666,0
52667,1
52668,0
52669,0
52670,0
52671,0
52672,1
52673,1
52674,1
52675,0
52676,1
52677,1
52678,0
52679,0
52680,0
52681,0
52682,0
52683,1
52684,0
52685,0
52686,0
52687,0
52688,0
52689,0
52690,0
52691,1
52692,1
52693,0
52694,0
52695,0
52696,0
52697,1
52698,0
52699,0
52700,0
52701,0
52702,0
52703,0
52704,1
52705,0
52706,0
52707,1
52708,0
52709,0
52710,0
52711,0
52712,0
52713,0
52714,0
52715,0
52716,1
52717,0
52718,0
52719,0
52720,1
52721,0
52722,1
52723,1
52724,1
52725,1
52726,0
52727,0
52728,0
52729,0
52730,0
52731,0
52732,0
52733,0
52734,0
52735,1
52736,1
52737,1
52738,1
52739,0
52740,0
52741,1
52742,0
52743,0
52744,0
52745,0
52746,0
52747,0
52748,1
52749,0
52750,1
52751,1
52752,0
52753,0
52754,0
52755,0
52756,1
52757,0
52758,0
52759,1
52760,0
52761,1
52762,0
52763,0
52764,0
52765,0
52766,0
52767,0
52768,0
52769,1
52770,1
52771,0
52772,0
52773,0
52774,1
52775,0
52776,0
52777,0
52778,1
52779,0
52780,0
52781,0
52782,0
52783,0
52784,0
52785,0
52786,0
52787,1
52788,1
52789,0
52790,0
52791,0
52792,1
52793,0
52794,0
52795,0
52796,0
52797,0
52798,1
52799,0
52800,0
52801,0
52802,1
52803,0
52804,0
52805,0
52806,1
52807,1
52808,1
52809,1
52810,0
52811,1
52812,0
52813,0
52814,0
52815,1
52816,0
52817,1
52818,0
52819,1
52820,0
52821,0
52822,0
52823,1
52824,1
52825,1
52826,0
52827,0
52828,1
52829,0
52830,0
52831,1
52832,0
52833,0
52834,0
52835,1
52836,1
52837,0
52838,0
52839,0
52840,1
52841,0
52842,1
52843,0
52844,1
52845,0
52846,1
52847,1
52848,1
52849,0
52850,1
52851,0
52852,0
52853,0
52854,0
52855,1
52856,1
52857,0
52858,0
52859,0
52860,0
52861,0
52862,0
52863,0
52864,0
52865,1
52866,0
52867,0
52868,0
52869,0
52870,1
52871,0
52872,0
52873,0
52874,0
52875,0
52876,0
52877,0
52878,1
52879,0
52880,0
52881,0
52882,0
52883,0
52884,0
52885,1
52886,0
52887,0
52888,0
52889,1
52890,1
52891,1
52892,0
52893,1
52894,1
52895,0
52896,0
52897,1
52898,0
52899,1
52900,0
52901,0
52902,0
52903,1
52904,1
52905,0
52906,0
52907,1
52908,1
52909,0
52910,0
52911,1
52912,1
52913,1
52914,0
52915,0
52916,1
52917,0
52918,1
52919,1
52920,1
52921,1
52922,0
52923,1
52924,0
52925,1
52926,1
52927,0
52928,0
52929,0
52930,1
52931,1
52932,0
52933,0
52934,0
52935,0
52936,0
52937,1
52938,0
52939,0
52940,0
52941,0
52942,0
52943,1
52944,0
52945,0
52946,0
52947,0
52948,1
52949,0
52950,0
52951,0
52952,0
52953,0
52954,1
52955,0
52956,0
52957,0
52958,1
52959,0
52960,0
52961,0
52962,0
52963,1
52964,0
52965,0
52966,0
52967,0
52968,1
52969,1
52970,1
52971,0
52972,0
52973,0
52974,0
52975,0
52976,0
52977,0
52978,1
52979,0
52980,0
52981,0
52982,0
52983,0
52984,1
52985,0
52986,0
52987,0
52988,1
52989,0
52990,1
52991,1
52992,1
52993,0
52994,0
52995,1
52996,1
52997,1
52998,0
52999,0
53000,0
53001,0
53002,1
53003,0
53004,0
53005,1
53006,0
53007,0
53008,1
53009,1
53010,0
53011,1
53012,0
53013,0
53014,0
53015,0
53016,0
53017,1
53018,1
53019,0
53020,1
53021,0
53022,0
53023,0
53024,1
53025,0
53026,0
53027,0
53028,0
53029,0
53030,1
53031,1
53032,0
53033,0
53034,0
53035,1
53036,0
53037,0
53038,0
53039,1
53040,0
53041,1
53042,1
53043,0
53044,0
53045,1
53046,0
53047,0
53048,0
53049,0
53050,0
53051,1
53052,0
53053,0
53054,1
53055,1
53056,0
53057,0
53058,0
53059,0
53060,1
53061,0
53062,0
53063,0
53064,0
53065,0
53066,0
53067,0
53068,0
53069,0
53070,0
53071,0
53072,1
53073,0
53074,0
53075,0
53076,0
53077,0
53078,1
53079,1
53080,0
53081,0
53082,0
53083,0
53084,1
53085,0
53086,0
53087,0
53088,0
53089,0
53090,1
53091,1
53092,1
53093,0
53094,0
53095,0
53096,0
53097,0
53098,0
53099,0
53100,1
53101,0
53102,0
53103,0
53104,1
53105,1
53106,0
53107,0
53108,0
53109,1
53110,0
53111,0
53112,0
53113,1
53114,1
53115,0
53116,0
53117,0
53118,0
53119,0
53120,1
53121,1
53122,0
53123,0
53124,1
53125,1
53126,0
53127,0
53128,0
53129,1
53130,0
53131,0
53132,0
53133,1
53134,1
53135,0
53136,1
53137,0
53138,1
53139,1
53140,0
53141,1
53142,1
53143,1
53144,1
53145,0
53146,0
53147,1
53148,0
53149,1
53150,0
53151,0
53152,0
53153,0
53154,0
53155,0
53156,0
53157,0
53158,0
53159,1
53160,1
53161,1
53162,1
53163,1
53164,1
53165,1
53166,1
53167,0
53168,0
53169,1
53170,1
53171,0
53172,0
53173,0
53174,0
53175,0
53176,0
53177,0
53178,0
53179,0
53180,0
53181,0
53182,0
53183,1
53184,0
53185,1
53186,0
53187,0
53188,0
53189,1
53190,0
53191,0
53192,0
53193,0
53194,1
53195,0
53196,0
53197,0
53198,1
53199,0
53200,0
53201,0
53202,0
53203,1
53204,1
53205,0
53206,0
53207,0
53208,0
53209,1
53210,1
53211,0
53212,0
53213,0
53214,0
53215,0
53216,0
53217,1
53218,0
53219,0
53220,0
53221,0
53222,0
53223,0
53224,0
53225,1
53226,0
53227,1
53228,0
53229,0
53230,0
53231,0
53232,1
53233,0
53234,0
53235,0
53236,0
53237,0
53238,0
53239,0
53240,0
53241,0
53242,0
53243,0
53244,1
53245,0
53246,0
53247,0
53248,0
53249,0
53250,0
53251,0
53252,0
53253,0
53254,0
53255,0
53256,0
53257,1
53258,0
53259,0
53260,1
53261,0
53262,0
53263,0
53264,0
53265,0
53266,0
53267,1
53268,0
53269,1
53270,1
53271,0
53272,0
53273,1
53274,1
53275,0
53276,1
53277,0
53278,1
53279,0
53280,0
53281,0
53282,0
53283,1
53284,0
53285,0
53286,0
53287,0
53288,0
53289,0
53290,0
53291,1
53292,0
53293,1
53294,1
53295,0
53296,0
53297,0
53298,1
53299,0
53300,0
53301,1
53302,0
53303,0
53304,0
53305,0
53306,1
53307,0
53308,0
53309,0
53310,0
53311,0
53312,0
53313,0
53314,1
53315,0
53316,0
53317,1
53318,0
53319,0
53320,0
53321,1
53322,0
53323,0
53324,0
53325,0
53326,0
53327,0
53328,0
53329,0
53330,0
53331,0
53332,0
53333,0
53334,0
53335,1
53336,1
53337,1
53338,0
53339,0
53340,0
53341,0
53342,0
53343,0
53344,0
53345,1
53346,0
53347,0
53348,0
53349,1
53350,1
53351,1
53352,1
53353,1
53354,1
53355,0
53356,0
53357,1
53358,0
53359,0
53360,0
53361,0
53362,0
53363,0
53364,0
53365,1
53366,1
53367,0
53368,0
53369,0
53370,0
53371,1
53372,0
53373,0
53374,1
53375,0
53376,0
53377,1
53378,0
53379,0
53380,0
53381,0
53382,1
53383,0
53384,0
53385,0
53386,1
53387,0
53388,0
53389,0
53390,0
53391,1
53392,0
53393,0
53394,0
53395,0
53396,0
53397,0
53398,0
53399,0
53400,1
53401,0
53402,0
53403,0
53404,0
53405,0
53406,1
53407,0
53408,0
53409,0
53410,0
53411,0
53412,1
53413,1
53414,0
53415,0
53416,1
53417,0
53418,0
53419,0
53420,1
53421,0
53422,0
53423,1
53424,0
53425,1
53426,0
53427,0
53428,0
53429,1
53430,0
53431,1
53432,0
53433,0
53434,0
53435,0
53436,1
53437,0
53438,0
53439,0
53440,0
53441,0
53442,0
53443,1
53444,0
53445,1
53446,0
53447,0
53448,1
53449,0
53450,0
53451,0
53452,0
53453,1
53454,0
53455,0
53456,0
53457,0
53458,1
53459,0
53460,0
53461,0
53462,0
53463,0
53464,0
53465,0
53466,0
53467,0
53468,1
53469,0
53470,0
53471,1
53472,1
53473,0
53474,1
53475,0
53476,0
53477,0
53478,0
53479,0
53480,0
53481,0
53482,1
53483,1
53484,1
53485,0
53486,1
53487,0
53488,1
53489,0
53490,0
53491,0
53492,1
53493,0
53494,0
53495,0
53496,0
53497,0
53498,0
53499,0
53500,0
53501,0
53502,0
53503,0
53504,0
53505,0
53506,1
53507,0
53508,0
53509,0
53510,1
53511,0
53512,0
53513,1
53514,0
53515,1
53516,1
53517,0
53518,0
53519,1
53520,0
53521,0
53522,0
53523,0
53524,1
53525,0
53526,1
53527,1
53528,1
53529,0
53530,1
53531,0
53532,0
53533,0
53534,1
53535,0
53536,0
53537,0
53538,0
53539,1
53540,0
53541,0
53542,0
53543,0
53544,0
53545,1
53546,0
53547,0
53548,0
53549,0
53550,0
53551,0
53552,0
53553,0
53554,0
53555,0
53556,0
53557,0
53558,1
53559,0
53560,0
53561,0
53562,0
53563,0
53564,0
53565,0
53566,0
53567,1
53568,1
53569,1
53570,1
53571,0
53572,0
53573,0
53574,1
53575,0
53576,0
53577,0
53578,1
53579,1
53580,1
53581,0
53582,0
53583,0
53584,0
53585,1
53586,1
53587,0
53588,0
53589,1
53590,0
53591,0
53592,0
53593,0
53594,0
53595,1
53596,1
53597,1
53598,1
53599,0
53600,1
53601,1
53602,0
53603,1
53604,0
53605,0
53606,1
53607,0
53608,1
53609,0
53610,0
53611,0
53612,1
53613,0
53614,0
53615,0
53616,0
53617,0
53618,0
53619,0
53620,0
53621,0
53622,0
53623,0
53624,0
53625,0
53626,0
53627,1
53628,0
53629,1
53630,1
53631,0
53632,0
53633,0
53634,1
53635,0
53636,1
53637,0
53638,0
53639,0
53640,1
53641,0
53642,0
53643,0
53644,1
53645,0
53646,0
53647,0
53648,0
53649,1
53650,1
53651,1
53652,0
53653,1
53654,0
53655,0
53656,0
53657,1
53658,1
53659,0
53660,0
53661,1
53662,0
53663,0
53664,0
53665,0
53666,0
53667,0
53668,0
53669,0
53670,0
53671,1
53672,0
53673,0
53674,1
53675,0
53676,0
53677,0
53678,0
53679,0
53680,1
53681,0
53682,0
53683,0
53684,0
53685,0
53686,0
53687,1
53688,1
53689,0
53690,0
53691,0
53692,0
53693,0
53694,1
53695,0
53696,0
53697,0
53698,0
53699,0
53700,0
53701,0
53702,0
53703,0
53704,1
53705,0
53706,1
53707,0
53708,0
53709,0
53710,0
53711,0
53712,1
53713,0
53714,0
53715,0
53716,0
53717,0
53718,0
53719,0
53720,0
53721,0
53722,1
53723,0
53724,0
53725,0
53726,1
53727,0
53728,0
53729,1
53730,1
53731,0
53732,0
53733,0
53734,0
53735,1
53736,0
53737,0
53738,0
53739,0
53740,1
53741,0
53742,0
53743,0
53744,0
53745,0
53746,0
53747,0
53748,1
53749,0
53750,1
53751,1
53752,0
53753,0
53754,1
53755,0
53756,0
53757,0
53758,0
53759,0
53760,0
53761,0
53762,0
53763,0
53764,0
53765,1
53766,0
53767,1
53768,1
53769,0
53770,1
53771,0
53772,0
53773,0
53774,0
53775,0
53776,1
53777,0
53778,0
53779,1
53780,0
53781,0
53782,1
53783,0
53784,0
53785,0
53786,0
53787,0
53788,0
53789,0
53790,0
53791,1
53792,1
53793,0
53794,1
53795,0
53796,1
53797,0
53798,0
53799,0
53800,0
53801,1
53802,1
53803,0
53804,1
53805,0
53806,0
53807,1
53808,0
53809,0
53810,0
53811,0
53812,0
53813,0
53814,0
53815,1
53816,0
53817,0
53818,1
53819,1
53820,0
53821,1
53822,1
53823,1
53824,0
53825,1
53826,0
53827,1
53828,0
53829,0
53830,0
53831,0
53832,0
53833,0
53834,0
53835,0
53836,0
53837,1
53838,0
53839,1
53840,1
53841,0
53842,0
53843,0
53844,1
53845,0
53846,0
53847,0
53848,0
53849,1
53850,1
53851,0
53852,0
53853,0
53854,0
53855,0
53856,1
53857,0
53858,0
53859,1
53860,0
53861,0
53862,0
53863,0
53864,0
53865,0
53866,1
53867,1
53868,0
53869,0
53870,0
53871,0
53872,1
53873,0
53874,0
53875,0
53876,0
53877,1
53878,0
53879,1
53880,0
53881,0
53882,1
53883,1
53884,1
53885,0
53886,0
53887,1
53888,0
53889,0
53890,1
53891,0
53892,1
53893,1
53894,0
53895,1
53896,1
53897,1
53898,1
53899,0
53900,0
53901,1
53902,0
53903,0
53904,1
53905,0
53906,1
53907,1
53908,1
53909,0
53910,0
53911,1
53912,0
53913,0
53914,0
53915,1
53916,1
53917,0
53918,0
53919,0
53920,0
53921,0
53922,0
53923,0
53924,1
53925,0
53926,0
53927,0
53928,1
53929,0
53930,1
53931,1
53932,0
53933,1
53934,0
53935,1
53936,0
53937,0
53938,0
53939,1
53940,1
53941,0
53942,1
53943,0
53944,0
53945,0
53946,0
53947,0
53948,1
53949,0
53950,0
53951,0
53952,0
53953,0
53954,0
53955,0
53956,0
53957,0
53958,0
53959,0
53960,1
53961,0
53962,0
53963,0
53964,0
53965,0
53966,0
53967,0
53968,1
53969,1
53970,0
53971,0
53972,0
53973,0
53974,1
53975,1
53976,1
53977,0
53978,0
53979,1
53980,0
53981,0
53982,1
53983,0
53984,1
53985,0
53986,1
53987,1
53988,0
53989,0
53990,0
53991,0
53992,1
53993,0
53994,0
53995,1
53996,0
53997,0
53998,0
53999,0
54000,0
54001,1
54002,0
54003,0
54004,0
54005,0
54006,1
54007,1
54008,0
54009,1
54010,0
54011,0
54012,1
54013,0
54014,0
54015,0
54016,0
54017,0
54018,0
54019,0
54020,1
54021,0
54022,1
54023,1
54024,1
54025,0
54026,1
54027,0
54028,0
54029,0
54030,0
54031,0
54032,1
54033,0
54034,0
54035,1
54036,0
54037,0
54038,1
54039,0
54040,1
54041,1
54042,0
54043,0
54044,1
54045,0
54046,0
54047,0
54048,0
54049,0
54050,0
54051,0
54052,0
54053,0
54054,1
54055,1
54056,0
54057,0
54058,1
54059,0
54060,0
54061,1
54062,0
54063,0
54064,1
54065,1
54066,1
54067,0
54068,0
54069,0
54070,0
54071,0
54072,0
54073,1
54074,0
54075,0
54076,1
54077,0
54078,1
54079,1
54080,1
54081,0
54082,0
54083,0
54084,0
54085,0
54086,1
54087,0
54088,0
54089,0
54090,0
54091,0
54092,0
54093,1
54094,0
54095,0
54096,0
54097,1
54098,0
54099,0
54100,0
54101,1
54102,1
54103,1
54104,0
54105,1
54106,1
54107,0
54108,0
54109,0
54110,0
54111,0
54112,0
54113,1
54114,0
54115,0
54116,0
54117,0
54118,1
54119,0
54120,0
54121,0
54122,0
54123,1
54124,0
54125,1
54126,0
54127,1
54128,1
54129,0
54130,0
54131,0
54132,1
54133,1
54134,0
54135,1
54136,0
54137,0
54138,1
54139,1
54140,0
54141,1
54142,0
54143,0
54144,1
54145,0
54146,1
54147,1
54148,1
54149,0
54150,0
54151,1
54152,0
54153,1
54154,0
54155,0
54156,0
54157,0
54158,0
54159,0
54160,0
54161,1
54162,1
54163,1
54164,1
54165,0
54166,0
54167,1
54168,0
54169,0
54170,1
54171,0
54172,1
54173,0
54174,0
54175,0
54176,1
54177,0
54178,0
54179,0
54180,1
54181,1
54182,0
54183,1
54184,0
54185,0
54186,0
54187,1
54188,1
54189,0
54190,1
54191,1
54192,1
54193,1
54194,0
54195,0
54196,0
54197,0
54198,0
54199,1
54200,0
54201,0
54202,0
54203,1
54204,0
54205,0
54206,0
54207,1
54208,0
54209,0
54210,0
54211,0
54212,0
54213,0
54214,1
54215,0
54216,0
54217,0
54218,0
54219,1
54220,1
54221,0
54222,0
54223,0
54224,0
54225,1
54226,1
54227,0
54228,0
54229,0
54230,0
54231,0
54232,0
54233,0
54234,0
54235,0
54236,1
54237,0
54238,0
54239,0
54240,1
54241,0
54242,0
54243,1
54244,0
54245,1
54246,1
54247,0
54248,1
54249,0
54250,0
54251,0
54252,0
54253,0
54254,0
54255,0
54256,0
54257,0
54258,1
54259,0
54260,1
54261,1
54262,0
54263,0
54264,0
54265,0
54266,0
54267,0
54268,0
54269,0
54270,1
54271,0
54272,1
54273,0
54274,0
54275,0
54276,0
54277,1
54278,0
54279,0
54280,0
54281,0
54282,0
54283,1
54284,0
54285,1
54286,1
54287,1
54288,0
54289,1
54290,0
54291,0
54292,0
54293,1
54294,0
54295,0
54296,1
54297,0
54298,1
54299,0
54300,1
54301,1
54302,0
54303,0
54304,0
54305,0
54306,1
54307,0
54308,0
54309,0
54310,0
54311,0
54312,0
54313,1
54314,1
54315,0
54316,0
54317,0
54318,0
54319,0
54320,0
54321,0
54322,0
54323,0
54324,0
54325,0
54326,0
54327,1
54328,1
54329,0
54330,0
54331,0
54332,0
54333,0
54334,0
54335,0
54336,0
54337,0
54338,0
54339,1
54340,0
54341,0
54342,0
54343,0
54344,0
54345,0
54346,0
54347,0
54348,0
54349,0
54350,1
54351,1
54352,0
54353,0
54354,0
54355,0
54356,0
54357,0
54358,0
54359,1
54360,0
54361,0
54362,0
54363,0
54364,0
54365,0
54366,0
54367,0
54368,1
54369,1
54370,0
54371,0
54372,0
54373,0
54374,0
54375,0
54376,1
54377,1
54378,0
54379,1
54380,0
54381,0
54382,0
54383,0
54384,0
54385,0
54386,0
54387,0
54388,1
54389,0
54390,0
54391,0
54392,0
54393,1
54394,0
54395,1
54396,1
54397,1
54398,0
54399,1
54400,0
54401,0
54402,0
54403,0
54404,1
54405,1
54406,0
54407,0
54408,0
54409,0
54410,1
54411,0
54412,0
54413,0
54414,0
54415,0
54416,0
54417,1
54418,1
54419,0
54420,0
54421,0
54422,0
54423,0
54424,0
54425,1
54426,0
54427,0
54428,1
54429,0
54430,0
54431,1
54432,0
54433,0
54434,1
54435,0
54436,0
54437,0
54438,0
54439,0
54440,1
54441,0
54442,0
54443,1
54444,0
54445,0
54446,1
54447,1
54448,0
54449,0
54450,0
54451,0
54452,0
54453,0
54454,1
54455,1
54456,0
54457,1
54458,0
54459,1
54460,0
54461,1
54462,0
54463,0
54464,0
54465,0
54466,0
54467,0
54468,1
54469,0
54470,0
54471,0
54472,0
54473,1
54474,1
54475,0
54476,0
54477,0
54478,0
54479,0
54480,0
54481,0
54482,0
54483,0
54484,0
54485,0
54486,1
54487,0
54488,1
54489,0
54490,1
54491,0
54492,0
54493,0
54494,0
54495,0
54496,0
54497,0
54498,0
54499,0
54500,1
54501,0
54502,0
54503,0
54504,0
54505,0
54506,0
54507,0
54508,0
54509,0
54510,0
54511,0
54512,0
54513,0
54514,1
54515,0
54516,1
54517,1
54518,0
54519,0
54520,0
54521,0
54522,0
54523,0
54524,0
54525,0
54526,0
54527,0
54528,0
54529,0
54530,0
54531,0
54532,0
54533,0
54534,0
54535,0
54536,0
54537,1
54538,0
54539,0
54540,0
54541,0
54542,0
54543,0
54544,0
54545,0
54546,0
54547,0
54548,0
54549,0
54550,1
54551,0
54552,0
54553,0
54554,0
54555,0
54556,1
54557,1
54558,0
54559,0
54560,0
54561,1
54562,0
54563,1
54564,0
54565,0
54566,0
54567,1
54568,0
54569,0
54570,0
54571,0
54572,0
54573,1
54574,0
54575,1
54576,0
54577,0
54578,0
54579,1
54580,0
54581,0
54582,1
54583,0
54584,0
54585,0
54586,0
54587,1
54588,0
54589,0
54590,0
54591,0
54592,0
54593,0
54594,0
54595,0
54596,1
54597,0
54598,0
54599,0
54600,0
54601,0
54602,0
54603,1
54604,0
54605,1
54606,1
54607,1
54608,0
54609,0
54610,0
54611,1
54612,0
54613,0
54614,0
54615,1
54616,0
54617,0
54618,0
54619,1
54620,0
54621,0
54622,0
54623,0
54624,0
54625,0
54626,0
54627,0
54628,0
54629,0
54630,0
54631,0
54632,1
54633,0
54634,0
54635,0
54636,0
54637,0
54638,0
54639,0
54640,0
54641,0
54642,1
54643,0
54644,1
54645,0
54646,0
54647,1
54648,1
54649,0
54650,1
54651,0
54652,1
54653,0
54654,0
54655,0
54656,0
54657,1
54658,0
54659,0
54660,0
54661,0
54662,0
54663,0
54664,1
54665,0
54666,1
54667,0
54668,0
54669,0
54670,0
54671,1
54672,0
54673,1
54674,0
54675,1
54676,0
54677,1
54678,0
54679,0
54680,0
54681,1
54682,1
54683,0
54684,0
54685,0
54686,1
54687,1
54688,0
54689,1
54690,0
54691,0
54692,1
54693,1
54694,0
54695,0
54696,1
54697,0
54698,0
54699,0
54700,0
54701,1
54702,0
54703,0
54704,0
54705,0
54706,0
54707,0
54708,0
54709,1
54710,0
54711,1
54712,0
54713,0
54714,0
54715,0
54716,0
54717,1
54718,0
54719,0
54720,0
54721,0
54722,0
54723,0
54724,0
54725,0
54726,0
54727,1
54728,1
54729,1
54730,1
54731,0
54732,0
54733,0
54734,0
54735,0
54736,0
54737,0
54738,0
54739,0
54740,0
54741,0
54742,0
54743,0
54744,1
54745,1
54746,0
54747,0
54748,1
54749,1
54750,0
54751,1
54752,0
54753,1
54754,0
54755,0
54756,1
54757,0
54758,0
54759,0
54760,1
54761,1
54762,1
54763,1
54764,0
54765,0
54766,1
54767,0
54768,0
54769,1
54770,0
54771,0
54772,0
54773,0
54774,0
54775,0
54776,0
54777,0
54778,0
54779,1
54780,0
54781,0
54782,0
54783,1
54784,0
54785,0
54786,0
54787,0
54788,1
54789,0
54790,0
54791,0
54792,1
54793,1
54794,0
54795,0
54796,0
54797,0
54798,0
54799,0
54800,1
54801,0
54802,0
54803,0
54804,0
54805,0
54806,0
54807,0
54808,1
54809,0
54810,0
54811,0
54812,0
54813,0
54814,0
54815,1
54816,0
54817,0
54818,0
54819,0
54820,0
54821,1
54822,0
54823,1
54824,1
54825,0
54826,0
54827,0
54828,0
54829,0
54830,0
54831,0
54832,0
54833,1
54834,0
54835,0
54836,0
54837,0
54838,0
54839,0
54840,0
54841,0
54842,1
54843,1
54844,1
54845,0
54846,1
54847,0
54848,0
54849,0
54850,1
54851,1
54852,0
54853,0
54854,0
54855,1
54856,1
54857,0
54858,0
54859,0
54860,1
54861,1
54862,0
54863,1
54864,0
54865,0
54866,1
54867,0
54868,0
54869,1
54870,0
54871,0
54872,0
54873,0
54874,0
54875,1
54876,0
54877,1
54878,1
54879,0
54880,0
54881,0
54882,0
54883,0
54884,1
54885,0
54886,0
54887,0
54888,1
54889,0
54890,1
54891,0
54892,0
54893,0
54894,0
54895,1
54896,1
54897,0
54898,1
54899,1
54900,0
54901,0
54902,0
54903,0
54904,0
54905,1
54906,0
54907,0
54908,0
54909,1
54910,0
54911,0
54912,0
54913,0
54914,1
54915,0
54916,0
54917,0
54918,0
54919,0
54920,0
54921,1
54922,0
54923,0
54924,0
54925,0
54926,1
54927,0
54928,0
54929,1
54930,0
54931,1
54932,0
54933,0
54934,0
54935,0
54936,1
54937,0
54938,0
54939,1
54940,0
54941,0
54942,1
54943,0
54944,1
54945,0
54946,0
54947,0
54948,0
54949,0
54950,0
54951,1
54952,0
54953,0
54954,0
54955,0
54956,0
54957,0
54958,1
54959,0
54960,0
54961,0
54962,0
54963,1
54964,0
54965,1
54966,0
54967,0
54968,1
54969,0
54970,1
54971,0
54972,1
54973,0
54974,1
54975,0
54976,1
54977,0
54978,0
54979,1
54980,0
54981,1
54982,1
54983,1
54984,0
54985,0
54986,0
54987,0
54988,0
54989,0
54990,1
54991,1
54992,0
54993,0
54994,0
54995,0
54996,0
54997,0
54998,0
54999,0
55000,0
55001,0
55002,0
55003,1
55004,0
55005,0
55006,0
55007,1
55008,1
55009,1
55010,0
55011,1
55012,0
55013,0
55014,0
55015,1
55016,0
55017,0
55018,1
55019,0
55020,0
55021,1
55022,0
55023,0
55024,0
55025,1
55026,0
55027,0
55028,0
55029,0
55030,1
55031,1
55032,0
55033,0
55034,0
55035,1
55036,0
55037,1
55038,0
55039,1
55040,0
55041,1
55042,0
55043,0
55044,0
55045,1
55046,0
55047,0
55048,1
55049,0
55050,0
55051,0
55052,0
55053,0
55054,1
55055,0
55056,0
55057,1
55058,0
55059,0
55060,0
55061,0
55062,0
55063,0
55064,0
55065,0
55066,0
55067,1
55068,0
55069,1
55070,0
55071,1
55072,0
55073,0
55074,0
55075,1
55076,0
55077,1
55078,0
55079,0
55080,0
55081,0
55082,0
55083,0
55084,0
55085,1
55086,0
55087,0
55088,0
55089,1
55090,0
55091,0
55092,0
55093,0
55094,0
55095,0
55096,0
55097,0
55098,0
55099,0
55100,0
55101,1
55102,1
55103,0
55104,0
55105,0
55106,0
55107,0
55108,0
55109,0
55110,0
55111,1
55112,1
55113,0
55114,0
55115,0
55116,0
55117,1
55118,0
55119,1
55120,1
55121,0
55122,0
55123,0
55124,0
55125,0
55126,0
55127,1
55128,1
55129,0
55130,0
55131,1
55132,0
55133,0
55134,0
55135,0
55136,0
55137,0
55138,1
55139,0
55140,0
55141,0
55142,0
55143,0
55144,1
55145,0
55146,0
55147,0
55148,0
55149,0
55150,0
55151,1
55152,0
55153,0
55154,0
55155,0
55156,0
55157,0
55158,0
55159,0
55160,0
55161,1
55162,1
55163,1
55164,0
55165,0
55166,0
55167,0
55168,1
55169,1
55170,1
55171,1
55172,0
55173,0
55174,1
55175,0
55176,0
55177,0
55178,0
55179,0
55180,0
55181,0
55182,1
55183,1
55184,1
55185,1
55186,0
55187,0
55188,0
55189,1
55190,1
55191,0
55192,1
55193,0
55194,0
55195,0
55196,0
55197,0
55198,1
55199,1
55200,0
55201,0
55202,0
55203,0
55204,0
55205,1
55206,0
55207,0
55208,0
55209,1
55210,1
55211,0
55212,1
55213,0
55214,0
55215,0
55216,1
55217,1
55218,1
55219,1
55220,0
55221,0
55222,1
55223,0
55224,1
55225,1
55226,1
55227,1
55228,1
55229,1
55230,0
55231,0
55232,0
55233,0
55234,0
55235,0
55236,0
55237,0
55238,0
55239,1
55240,0
55241,0
55242,1
55243,0
55244,1
55245,0
55246,0
55247,0
55248,0
55249,1
55250,0
55251,0
55252,0
55253,0
55254,0
55255,1
55256,1
55257,1
55258,0
55259,0
55260,0
55261,0
55262,1
55263,1
55264,0
55265,0
55266,0
55267,1
55268,0
55269,0
55270,0
55271,0
55272,1
55273,0
55274,0
55275,1
55276,0
55277,1
55278,0
55279,0
55280,1
55281,1
55282,0
55283,0
55284,0
55285,0
55286,0
55287,0
55288,0
55289,1
55290,1
55291,0
55292,1
55293,0
55294,0
55295,0
55296,1
55297,1
55298,0
55299,0
55300,1
55301,1
55302,1
55303,0
55304,0
55305,0
55306,1
55307,0
55308,1
55309,0
55310,0
55311,0
55312,1
55313,0
55314,0
55315,1
55316,1
55317,1
55318,1
55319,0
55320,0
55321,1
55322,0
55323,0
55324,1
55325,0
55326,0
55327,0
55328,0
55329,0
55330,0
55331,0
55332,0
55333,0
55334,0
55335,1
55336,1
55337,0
55338,1
55339,0
55340,0
55341,0
55342,0
55343,0
55344,0
55345,1
55346,0
55347,0
55348,0
55349,0
55350,0
55351,0
55352,0
55353,0
55354,0
55355,1
55356,0
55357,0
55358,0
55359,0
55360,1
55361,1
55362,1
55363,0
55364,0
55365,1
55366,1
55367,1
55368,0
55369,0
55370,0
55371,0
55372,0
55373,0
55374,0
55375,0
55376,1
55377,0
55378,0
55379,0
55380,0
55381,0
55382,0
55383,0
55384,0
55385,1
55386,0
55387,0
55388,0
55389,1
55390,0
55391,1
55392,0
55393,0
55394,0
55395,0
55396,0
55397,0
55398,1
55399,0
55400,0
55401,1
55402,0
55403,0
55404,1
55405,1
55406,0
55407,0
55408,0
55409,0
55410,0
55411,1
55412,0
55413,0
55414,1
55415,1
55416,0
55417,0
55418,0
55419,0
55420,0
55421,0
55422,0
55423,0
55424,0
55425,0
55426,0
55427,1
55428,0
55429,0
55430,0
55431,1
55432,1
55433,0
55434,0
55435,0
55436,0
55437,0
55438,0
55439,0
55440,0
55441,1
55442,0
55443,0
55444,1
55445,0
55446,1
55447,0
55448,0
55449,0
55450,1
55451,0
55452,1
55453,0
55454,0
55455,0
55456,0
55457,0
55458,0
55459,1
55460,0
55461,0
55462,0
55463,0
55464,0
55465,0
55466,0
55467,0
55468,0
55469,0
55470,0
55471,1
55472,1
55473,1
55474,1
55475,1
55476,0
55477,0
55478,0
55479,1
55480,1
55481,0
55482,0
55483,1
55484,0
55485,1
55486,0
55487,0
55488,1
55489,0
55490,1
55491,1
55492,1
55493,0
55494,0
55495,1
55496,0
55497,0
55498,0
55499,0
55500,0
55501,0
55502,0
55503,0
55504,1
55505,1
55506,0
55507,0
55508,1
55509,0
55510,0
55511,0
55512,1
55513,0
55514,1
55515,0
55516,1
55517,0
55518,1
55519,1
55520,1
55521,0
55522,0
55523,1
55524,1
55525,0
55526,1
55527,0
55528,0
55529,1
55530,1
55531,0
55532,0
55533,1
55534,0
55535,0
55536,0
55537,0
55538,0
55539,1
55540,0
55541,0
55542,0
55543,1
55544,0
55545,1
55546,1
55547,0
55548,1
55549,1
55550,1
55551,0
55552,1
55553,0
55554,0
55555,1
55556,0
55557,0
55558,0
55559,1
55560,0
55561,0
55562,0
55563,0
55564,0
55565,1
55566,0
55567,0
55568,1
55569,0
55570,0
55571,1
55572,1
55573,0
55574,0
55575,0
55576,0
55577,0
55578,1
55579,0
55580,0
55581,0
55582,0
55583,1
55584,0
55585,0
55586,0
55587,1
55588,1
55589,1
55590,1
55591,1
55592,0
55593,1
55594,0
55595,0
55596,0
55597,0
55598,0
55599,1
55600,0
55601,1
55602,1
55603,1
55604,0
55605,0
55606,1
55607,1
55608,1
55609,0
55610,0
55611,0
55612,0
55613,0
55614,0
55615,0
55616,0
55617,0
55618,1
55619,1
55620,0
55621,1
55622,0
55623,0
55624,1
55625,0
55626,0
55627,0
55628,1
55629,0
55630,1
55631,0
55632,0
55633,1
55634,1
55635,0
55636,0
55637,0
55638,0
55639,0
55640,0
55641,0
55642,1
55643,0
55644,0
55645,1
55646,0
55647,0
55648,1
55649,0
55650,1
55651,0
55652,0
55653,0
55654,0
55655,0
55656,0
55657,1
55658,0
55659,0
55660,0
55661,0
55662,1
55663,0
55664,0
55665,0
55666,1
55667,0
55668,0
55669,0
55670,0
55671,0
55672,0
55673,0
55674,0
55675,1
55676,0
55677,1
55678,1
55679,0
55680,0
55681,1
55682,0
55683,0
55684,0
55685,1
55686,0
55687,0
55688,0
55689,1
55690,0
55691,0
55692,0
55693,1
55694,0
55695,0
55696,0
55697,0
55698,1
55699,0
55700,0
55701,0
55702,1
55703,0
55704,0
55705,1
55706,0
55707,0
55708,1
55709,0
55710,0
55711,0
55712,0
55713,0
55714,1
55715,1
55716,0
55717,0
55718,0
55719,0
55720,0
55721,0
55722,0
55723,0
55724,1
55725,0
55726,0
55727,1
55728,0
55729,1
55730,1
55731,0
55732,0
55733,0
55734,0
55735,1
55736,1
55737,0
55738,0
55739,0
55740,1
55741,0
55742,0
55743,1
55744,1
55745,1
55746,0
55747,1
55748,1
55749,0
55750,0
55751,0
55752,0
55753,0
55754,0
55755,0
55756,0
55757,1
55758,1
55759,0
55760,0
55761,0
55762,0
55763,0
55764,0
55765,0
55766,1
55767,0
55768,1
55769,0
55770,1
55771,0
55772,0
55773,0
55774,0
55775,0
55776,0
55777,1
55778,1
55779,0
55780,0
55781,0
55782,1
55783,1
55784,0
55785,0
55786,0
55787,1
55788,1
55789,0
55790,0
55791,0
55792,0
55793,0
55794,0
55795,0
55796,0
55797,0
55798,0
55799,1
55800,1
55801,0
55802,0
55803,1
55804,0
55805,1
55806,1
55807,0
55808,0
55809,1
55810,0
55811,1
55812,0
55813,0
55814,0
55815,0
55816,1
55817,1
55818,0
55819,0
55820,1
55821,1
55822,0
55823,0
55824,0
55825,0
55826,1
55827,0
55828,0
55829,0
55830,1
55831,0
55832,1
55833,0
55834,0
55835,0
55836,0
55837,0
55838,0
55839,0
55840,0
55841,0
55842,0
55843,0
55844,0
55845,0
55846,0
55847,0
55848,0
55849,0
55850,0
55851,0
55852,1
55853,0
55854,0
55855,0
55856,1
55857,0
55858,1
55859,0
55860,1
55861,1
55862,0
55863,1
55864,1
55865,1
55866,0
55867,1
55868,1
55869,0
55870,0
55871,0
55872,0
55873,0
55874,0
55875,1
55876,1
55877,0
55878,0
55879,0
55880,0
55881,1
55882,0
55883,1
55884,1
55885,0
55886,1
55887,0
55888,0
55889,0
55890,1
55891,0
55892,1
55893,0
55894,1
55895,0
55896,1
55897,1
55898,0
55899,0
55900,0
55901,0
55902,0
55903,1
55904,0
55905,0
55906,1
55907,0
55908,0
55909,0
55910,0
55911,1
55912,1
55913,0
55914,0
55915,0
55916,0
55917,0
55918,0
55919,0
55920,1
55921,0
55922,1
55923,0
55924,1
55925,0
55926,0
55927,0
55928,0
55929,1
55930,1
55931,0
55932,1
55933,0
55934,0
55935,1
55936,0
55937,0
55938,1
55939,0
55940,0
55941,0
55942,0
55943,1
55944,0
55945,0
55946,1
55947,0
55948,1
55949,1
55950,1
55951,0
55952,0
55953,1
55954,0
55955,1
55956,0
55957,0
55958,0
55959,0
55960,0
55961,0
55962,1
55963,0
55964,1
55965,0
55966,0
55967,1
55968,0
55969,1
55970,1
55971,0
55972,1
55973,0
55974,1
55975,1
55976,1
55977,1
55978,0
55979,1
55980,0
55981,0
55982,0
55983,0
55984,0
55985,1
55986,1
55987,0
55988,0
55989,1
55990,0
55991,1
55992,1
55993,0
55994,0
55995,1
55996,0
55997,1
55998,0
55999,0
56000,1
56001,0
56002,0
56003,0
56004,1
56005,0
56006,0
56007,0
56008,0
56009,1
56010,0
56011,0
56012,1
56013,0
56014,0
56015,1
56016,0
56017,0
56018,0
56019,0
56020,0
56021,1
56022,0
56023,0
56024,0
56025,0
56026,0
56027,0
56028,0
56029,1
56030,0
56031,1
56032,1
56033,0
56034,0
56035,0
56036,1
56037,0
56038,1
56039,0
56040,1
56041,0
56042,0
56043,1
56044,0
56045,1
56046,0
56047,1
56048,0
56049,1
56050,0
56051,0
56052,0
56053,0
56054,0
56055,1
56056,1
56057,0
56058,1
56059,0
56060,0
56061,0
56062,0
56063,1
56064,0
56065,0
56066,0
56067,0
56068,0
56069,0
56070,0
56071,0
56072,0
56073,1
56074,0
56075,0
56076,1
56077,0
56078,0
56079,0
56080,0
56081,0
56082,1
56083,1
56084,0
56085,0
56086,0
56087,1
56088,0
56089,0
56090,1
56091,1
56092,1
56093,1
56094,0
56095,0
56096,1
56097,0
56098,0
56099,0
56100,0
56101,0
56102,0
56103,0
56104,0
56105,0
56106,0
56107,0
56108,1
56109,0
56110,0
56111,0
56112,1
56113,0
56114,0
56115,0
56116,0
56117,0
56118,1
56119,0
56120,0
56121,0
56122,0
56123,0
56124,1
56125,0
56126,0
56127,0
56128,1
56129,0
56130,1
56131,0
56132,0
56133,1
56134,0
56135,0
56136,0
56137,1
56138,0
56139,0
56140,0
56141,1
56142,0
56143,1
56144,1
56145,0
56146,1
56147,1
56148,1
56149,1
56150,0
56151,0
56152,0
56153,0
56154,1
56155,0
56156,0
56157,0
56158,0
56159,0
56160,0
56161,1
56162,0
56163,0
56164,0
56165,1
56166,1
56167,0
56168,0
56169,0
56170,0
56171,0
56172,1
56173,0
56174,0
56175,0
56176,0
56177,1
56178,1
56179,1
56180,0
56181,1
56182,1
56183,0
56184,1
56185,1
56186,1
56187,1
56188,0
56189,1
56190,1
56191,1
56192,1
56193,0
56194,1
56195,0
56196,1
56197,1
56198,1
56199,0
56200,1
56201,0
56202,0
56203,0
56204,0
56205,1
56206,0
56207,0
56208,1
56209,0
56210,0
56211,0
56212,0
56213,0
56214,0
56215,0
56216,0
56217,0
56218,0
56219,0
56220,0
56221,1
56222,0
56223,1
56224,0
56225,0
56226,1
56227,0
56228,0
56229,0
56230,0
56231,0
56232,0
56233,0
56234,0
56235,1
56236,0
56237,0
56238,1
56239,1
56240,1
56241,0
56242,1
56243,0
56244,0
56245,0
56246,0
56247,0
56248,0
56249,0
56250,0
56251,0
56252,1
56253,1
56254,0
56255,1
56256,0
56257,1
56258,0
56259,0
56260,1
56261,1
56262,0
56263,0
56264,0
56265,1
56266,0
56267,1
56268,0
56269,1
56270,1
56271,0
56272,0
56273,0
56274,0
56275,1
56276,1
56277,0
56278,1
56279,0
56280,0
56281,0
56282,0
56283,1
56284,0
56285,1
56286,1
56287,0
56288,0
56289,1
56290,0
56291,0
56292,0
56293,1
56294,0
56295,0
56296,0
56297,0
56298,0
56299,0
56300,0
56301,0
56302,0
56303,0
56304,0
56305,1
56306,0
56307,0
56308,0
56309,0
56310,0
56311,1
56312,1
56313,0
56314,1
56315,0
56316,0
56317,0
56318,1
56319,0
56320,0
56321,0
56322,0
56323,0
56324,0
56325,0
56326,0
56327,0
56328,0
56329,0
56330,1
56331,1
56332,1
56333,0
56334,0
56335,1
56336,1
56337,0
56338,1
56339,0
56340,0
56341,1
56342,1
56343,0
56344,0
56345,1
56346,1
56347,1
56348,0
56349,0
56350,1
56351,0
56352,0
56353,0
56354,1
56355,0
56356,1
56357,0
56358,0
56359,1
56360,1
56361,0
56362,0
56363,1
56364,0
56365,0
56366,0
56367,1
56368,1
56369,0
56370,0
56371,0
56372,0
56373,0
56374,0
56375,1
56376,0
56377,1
56378,0
56379,0
56380,0
56381,0
56382,0
56383,0
56384,0
56385,1
56386,0
56387,1
56388,1
56389,0
56390,0
56391,0
56392,0
56393,0
56394,0
56395,0
56396,1
56397,0
56398,0
56399,0
56400,0
56401,0
56402,1
56403,1
56404,0
56405,0
56406,0
56407,0
56408,0
56409,0
56410,0
56411,0
56412,0
56413,0
56414,1
56415,1
56416,1
56417,0
56418,0
56419,1
56420,0
56421,0
56422,0
56423,0
56424,0
56425,0
56426,0
56427,0
56428,0
56429,0
56430,0
56431,0
56432,0
56433,1
56434,0
56435,1
56436,0
56437,0
56438,0
56439,0
56440,0
56441,1
56442,0
56443,0
56444,0
56445,0
56446,0
56447,0
56448,0
56449,1
56450,0
56451,0
56452,0
56453,0
56454,0
56455,0
56456,0
56457,0
56458,1
56459,0
56460,0
56461,0
56462,0
56463,0
56464,0
56465,0
56466,0
56467,1
56468,0
56469,1
56470,1
56471,0
56472,0
56473,0
56474,1
56475,0
56476,0
56477,0
56478,0
56479,0
56480,0
56481,0
56482,0
56483,0
56484,1
56485,1
56486,0
56487,1
56488,0
56489,1
56490,1
56491,0
56492,1
56493,0
56494,0
56495,0
56496,1
56497,1
56498,1
56499,1
56500,0
56501,1
56502,1
56503,1
56504,1
56505,0
56506,1
56507,0
56508,1
56509,1
56510,1
56511,1
56512,0
56513,0
56514,0
56515,0
56516,1
56517,1
56518,0
56519,0
56520,1
56521,0
56522,0
56523,1
56524,0
56525,1
56526,0
56527,0
56528,0
56529,1
56530,0
56531,0
56532,0
56533,1
56534,0
56535,1
56536,1
56537,0
56538,0
56539,0
56540,0
56541,1
56542,0
56543,0
56544,0
56545,0
56546,0
56547,0
56548,1
56549,1
56550,0
56551,0
56552,0
56553,0
56554,0
56555,1
56556,0
56557,1
56558,0
56559,0
56560,1
56561,0
56562,0
56563,0
56564,0
56565,0
56566,0
56567,1
56568,0
56569,1
56570,0
56571,0
56572,0
56573,0
56574,0
56575,0
56576,1
56577,0
56578,0
56579,0
56580,0
56581,0
56582,0
56583,1
56584,0
56585,0
56586,0
56587,0
56588,0
56589,0
56590,0
56591,0
56592,1
56593,0
56594,0
56595,1
56596,0
56597,0
56598,0
56599,1
56600,1
56601,1
56602,1
56603,0
56604,0
56605,0
56606,0
56607,0
56608,0
56609,1
56610,0
56611,1
56612,1
56613,0
56614,1
56615,1
56616,0
56617,0
56618,0
56619,1
56620,0
56621,0
56622,0
56623,0
56624,0
56625,0
56626,1
56627,0
56628,0
56629,0
56630,0
56631,1
56632,0
56633,0
56634,0
56635,0
56636,0
56637,1
56638,0
56639,1
56640,1
56641,1
56642,0
56643,0
56644,0
56645,0
56646,0
56647,1
56648,1
56649,0
56650,1
56651,0
56652,0
56653,0
56654,1
56655,0
56656,0
56657,0
56658,1
56659,1
56660,1
56661,0
56662,1
56663,0
56664,0
56665,0
56666,1
56667,0
56668,1
56669,1
56670,0
56671,1
56672,1
56673,0
56674,1
56675,0
56676,0
56677,0
56678,0
56679,0
56680,0
56681,1
56682,0
56683,1
56684,1
56685,1
56686,0
56687,0
56688,0
56689,0
56690,0
56691,0
56692,1
56693,0
56694,0
56695,1
56696,1
56697,1
56698,0
56699,0
56700,0
56701,0
56702,1
56703,1
56704,0
56705,0
56706,0
56707,0
56708,1
56709,1
56710,0
56711,1
56712,0
56713,0
56714,0
56715,0
56716,0
56717,0
56718,0
56719,1
56720,0
56721,0
56722,1
56723,0
56724,1
56725,1
56726,0
56727,0
56728,0
56729,1
56730,0
56731,1
56732,0
56733,1
56734,0
56735,0
56736,0
56737,0
56738,0
56739,0
56740,0
56741,0
56742,0
56743,0
56744,0
56745,0
56746,1
56747,0
56748,0
56749,1
56750,1
56751,0
56752,0
56753,0
56754,1
56755,0
56756,0
56757,0
56758,0
56759,0
56760,1
56761,0
56762,0
56763,0
56764,1
56765,0
56766,0
56767,0
56768,0
56769,0
56770,0
56771,0
56772,1
56773,1
56774,0
56775,0
56776,0
56777,0
56778,0
56779,0
56780,0
56781,1
56782,1
56783,0
56784,1
56785,0
56786,1
56787,0
56788,1
56789,0
56790,0
56791,0
56792,0
56793,0
56794,1
56795,1
56796,0
56797,1
56798,0
56799,1
56800,1
56801,0
56802,1
56803,1
56804,0
56805,1
56806,1
56807,0
56808,0
56809,0
56810,0
56811,0
56812,0
56813,0
56814,0
56815,0
56816,0
56817,0
56818,0
56819,0
56820,0
56821,1
56822,0
56823,0
56824,0
56825,0
56826,0
56827,1
56828,0
56829,1
56830,1
56831,0
56832,0
56833,0
56834,0
56835,0
56836,1
56837,0
56838,0
56839,1
56840,0
56841,1
56842,0
56843,0
56844,1
56845,0
56846,0
56847,0
56848,0
56849,0
56850,1
56851,0
56852,0
56853,1
56854,0
56855,0
56856,0
56857,0
56858,0
56859,0
56860,0
56861,1
56862,0
56863,0
56864,0
56865,0
56866,1
56867,0
56868,1
56869,0
56870,0
56871,0
56872,1
56873,0
56874,1
56875,1
56876,0
56877,0
56878,0
56879,0
56880,0
56881,0
56882,0
56883,0
56884,0
56885,0
56886,0
56887,0
56888,0
56889,0
56890,1
56891,0
56892,0
56893,1
56894,0
56895,0
56896,0
56897,0
56898,1
56899,0
56900,0
56901,0
56902,0
56903,1
56904,0
56905,0
56906,0
56907,0
56908,0
56909,0
56910,1
56911,0
56912,0
56913,1
56914,0
56915,0
56916,0
56917,0
56918,0
56919,0
56920,0
56921,0
56922,0
56923,0
56924,0
56925,0
56926,0
56927,0
56928,0
56929,0
56930,0
56931,0
56932,0
56933,0
56934,0
56935,0
56936,0
56937,0
56938,1
56939,1
56940,0
56941,1
56942,0
56943,1
56944,1
56945,0
56946,0
56947,0
56948,0
56949,0
56950,0
56951,0
56952,1
56953,0
56954,0
56955,0
56956,0
56957,0
56958,0
56959,1
56960,1
56961,1
56962,0
56963,0
56964,0
56965,0
56966,0
56967,1
56968,1
56969,0
56970,0
56971,0
56972,1
56973,0
56974,0
56975,0
56976,0
56977,1
56978,0
56979,1
56980,0
56981,0
56982,1
56983,0
56984,0
56985,0
56986,0
56987,0
56988,0
56989,0
56990,0
56991,0
56992,0
56993,0
56994,0
56995,1
56996,0
56997,1
56998,0
56999,0
57000,0
57001,0
57002,0
57003,0
57004,0
57005,1
57006,1
57007,0
57008,1
57009,0
57010,0
57011,0
57012,0
57013,0
57014,1
57015,1
57016,0
57017,0
57018,1
57019,0
57020,0
57021,1
57022,0
57023,0
57024,0
57025,0
57026,0
57027,0
57028,0
57029,1
57030,0
57031,0
57032,1
57033,1
57034,0
57035,0
57036,1
57037,1
57038,0
57039,0
57040,0
57041,0
57042,1
57043,0
57044,1
57045,1
57046,0
57047,0
57048,0
57049,0
57050,1
57051,1
57052,0
57053,1
57054,1
57055,0
57056,1
57057,0
57058,0
57059,0
57060,0
57061,1
57062,0
57063,1
57064,1
57065,0
57066,1
57067,0
57068,0
57069,1
57070,0
57071,1
57072,0
57073,0
57074,0
57075,0
57076,1
57077,1
57078,0
57079,0
57080,0
57081,0
57082,0
57083,0
57084,0
57085,0
57086,0
57087,1
57088,0
57089,0
57090,0
57091,0
57092,0
57093,0
57094,0
57095,0
57096,0
57097,1
57098,0
57099,0
57100,0
57101,0
57102,1
57103,0
57104,0
57105,1
57106,0
57107,0
57108,0
57109,0
57110,1
57111,0
57112,0
57113,0
57114,0
57115,0
57116,0
57117,0
57118,0
57119,1
57120,1
57121,0
57122,0
57123,0
57124,1
57125,0
57126,1
57127,0
57128,1
57129,0
57130,1
57131,1
57132,1
57133,0
57134,0
57135,0
57136,0
57137,0
57138,0
57139,0
57140,0
57141,0
57142,0
57143,0
57144,0
57145,1
57146,1
57147,0
57148,1
57149,1
57150,0
57151,1
57152,0
57153,1
57154,1
57155,1
57156,0
57157,1
57158,0
57159,0
57160,0
57161,0
57162,1
57163,0
57164,0
57165,0
57166,1
57167,1
57168,0
57169,0
57170,1
57171,0
57172,0
57173,0
57174,0
57175,1
57176,0
57177,0
57178,0
57179,0
57180,0
57181,0
57182,0
57183,0
57184,0
57185,0
57186,0
57187,0
57188,0
57189,0
57190,1
57191,1
57192,1
57193,1
57194,0
57195,1
57196,0
57197,0
57198,0
57199,0
57200,0
57201,1
57202,1
57203,0
57204,0
57205,0
57206,0
57207,0
57208,0
57209,0
57210,0
57211,1
57212,0
57213,0
57214,1
57215,0
57216,1
57217,0
57218,0
57219,1
57220,1
57221,0
57222,0
57223,1
57224,0
57225,0
57226,1
57227,0
57228,1
57229,0
57230,0
57231,1
57232,0
57233,1
57234,0
57235,0
57236,0
57237,1
57238,1
57239,0
57240,0
57241,0
57242,0
57243,0
57244,0
57245,1
57246,0
57247,1
57248,0
57249,1
57250,0
57251,1
57252,1
57253,1
57254,0
57255,0
57256,0
57257,0
57258,1
57259,1
57260,0
57261,1
57262,0
57263,0
57264,0
57265,0
57266,0
57267,1
57268,1
57269,0
57270,0
57271,1
57272,0
57273,1
57274,1
57275,0
57276,1
57277,0
57278,1
57279,0
57280,0
57281,0
57282,0
57283,1
57284,1
57285,1
57286,0
57287,1
57288,1
57289,0
57290,0
57291,0
57292,0
57293,0
57294,1
57295,0
57296,0
57297,0
57298,0
57299,0
57300,0
57301,0
57302,1
57303,1
57304,1
57305,0
57306,0
57307,0
57308,1
57309,0
57310,0
57311,0
57312,1
57313,0
57314,0
57315,0
57316,0
57317,1
57318,1
57319,0
57320,0
57321,0
57322,0
57323,0
57324,0
57325,0
57326,0
57327,0
57328,0
57329,0
57330,0
57331,0
57332,0
57333,0
57334,0
57335,0
57336,0
57337,0
57338,0
57339,1
57340,0
57341,1
57342,1
57343,0
57344,0
57345,0
57346,0
57347,0
57348,0
57349,0
57350,0
57351,1
57352,0
57353,0
57354,0
57355,0
57356,0
57357,0
57358,0
57359,1
57360,1
57361,1
57362,1
57363,1
57364,1
57365,0
57366,1
57367,0
57368,0
57369,0
57370,0
57371,0
57372,0
57373,0
57374,0
57375,1
57376,0
57377,0
57378,0
57379,0
57380,0
57381,0
57382,0
57383,0
57384,0
57385,0
57386,0
57387,0
57388,0
57389,1
57390,0
57391,0
57392,1
57393,1
57394,1
57395,0
57396,0
57397,1
57398,0
57399,1
57400,0
57401,0
57402,0
57403,0
57404,1
57405,0
57406,1
57407,1
57408,0
57409,1
57410,1
57411,0
57412,0
57413,0
57414,0
57415,0
57416,0
57417,0
57418,0
57419,1
57420,1
57421,1
57422,0
57423,1
57424,0
57425,1
57426,1
57427,0
57428,0
57429,0
57430,1
57431,0
57432,0
57433,0
57434,0
57435,0
57436,0
57437,0
57438,0
57439,1
57440,1
57441,1
57442,0
57443,0
57444,1
57445,1
57446,0
57447,0
57448,0
57449,1
57450,1
57451,0
57452,1
57453,0
57454,0
57455,0
57456,0
57457,1
57458,0
57459,0
57460,0
57461,0
57462,0
57463,1
57464,0
57465,1
57466,0
57467,1
57468,0
57469,0
57470,0
57471,1
57472,0
57473,1
57474,0
57475,0
57476,0
57477,1
57478,1
57479,0
57480,0
57481,0
57482,0
57483,0
57484,0
57485,0
57486,1
57487,0
57488,0
57489,0
57490,1
57491,0
57492,1
57493,0
57494,0
57495,0
57496,0
57497,0
57498,1
57499,0
57500,0
57501,0
57502,1
57503,0
57504,0
57505,1
57506,0
57507,0
57508,0
57509,0
57510,1
57511,0
57512,0
57513,0
57514,0
57515,0
57516,0
57517,0
57518,0
57519,0
57520,1
57521,0
57522,0
57523,0
57524,0
57525,1
57526,0
57527,1
57528,0
57529,1
57530,1
57531,0
57532,1
57533,1
57534,0
57535,0
57536,0
57537,1
57538,0
57539,0
57540,0
57541,1
57542,1
57543,0
57544,1
57545,0
57546,0
57547,0
57548,0
57549,0
57550,0
57551,1
57552,0
57553,0
57554,0
57555,0
57556,0
57557,0
57558,0
57559,1
57560,0
57561,1
57562,0
57563,0
57564,0
57565,0
57566,0
57567,0
57568,0
57569,0
57570,0
57571,0
57572,0
57573,0
57574,0
57575,1
57576,1
57577,0
57578,1
57579,0
57580,0
57581,0
57582,1
57583,1
57584,0
57585,1
57586,1
57587,0
57588,0
57589,0
57590,1
57591,0
57592,1
57593,1
57594,1
57595,1
57596,0
57597,0
57598,1
57599,0
57600,0
57601,1
57602,0
57603,0
57604,0
57605,0
57606,0
57607,0
57608,0
57609,0
57610,0
57611,0
57612,0
57613,1
57614,0
57615,1
57616,0
57617,0
57618,0
57619,1
57620,0
57621,0
57622,1
57623,0
57624,1
57625,1
57626,0
57627,0
57628,1
57629,1
57630,0
57631,0
57632,0
57633,0
57634,0
57635,0
57636,0
57637,1
57638,0
57639,0
57640,0
57641,0
57642,1
57643,0
57644,0
57645,0
57646,0
57647,0
57648,1
57649,0
57650,0
57651,0
57652,1
57653,0
57654,1
57655,1
57656,0
57657,1
57658,0
57659,1
57660,0
57661,0
57662,0
57663,1
57664,1
57665,0
57666,0
57667,0
57668,0
57669,0
57670,1
57671,0
57672,0
57673,0
57674,0
57675,0
57676,0
57677,1
57678,0
57679,0
57680,0
57681,0
57682,0
57683,0
57684,0
57685,0
57686,0
57687,0
57688,1
57689,1
57690,0
57691,0
57692,0
57693,0
57694,0
57695,1
57696,0
57697,0
57698,0
57699,0
57700,0
57701,0
57702,0
57703,0
57704,0
57705,0
57706,0
57707,1
57708,0
57709,0
57710,0
57711,0
57712,1
57713,1
57714,0
57715,1
57716,0
57717,0
57718,0
57719,1
57720,0
57721,0
57722,0
57723,0
57724,1
57725,0
57726,0
57727,0
57728,0
57729,0
57730,1
57731,0
57732,1
57733,0
57734,0
57735,0
57736,0
57737,1
57738,0
57739,1
57740,1
57741,0
57742,1
57743,0
57744,1
57745,1
57746,0
57747,0
57748,0
57749,0
57750,0
57751,0
57752,0
57753,1
57754,0
57755,1
57756,1
57757,0
57758,0
57759,1
57760,1
57761,0
57762,1
57763,1
57764,0
57765,0
57766,1
57767,1
57768,1
57769,1
57770,1
57771,0
57772,1
57773,0
57774,0
57775,0
57776,0
57777,0
57778,0
57779,1
57780,1
57781,0
57782,0
57783,1
57784,0
57785,0
57786,0
57787,0
57788,0
57789,0
57790,0
57791,1
57792,0
57793,1
57794,0
57795,0
57796,0
57797,0
57798,1
57799,0
57800,1
57801,0
57802,0
57803,0
57804,1
57805,0
57806,0
57807,0
57808,0
57809,1
57810,0
57811,1
57812,0
57813,0
57814,1
57815,0
57816,0
57817,0
57818,0
57819,0
57820,1
57821,0
57822,0
57823,1
57824,0
57825,0
57826,0
57827,0
57828,0
57829,0
57830,0
57831,0
57832,1
57833,1
57834,0
57835,1
57836,0
57837,0
57838,1
57839,1
57840,1
57841,0
57842,1
57843,1
57844,0
57845,1
57846,0
57847,0
57848,1
57849,0
57850,1
57851,0
57852,1
57853,0
57854,0
57855,0
57856,0
57857,0
57858,1
57859,1
57860,1
57861,0
57862,0
57863,0
57864,0
57865,0
57866,0
57867,0
57868,0
57869,1
57870,0
57871,0
57872,1
57873,1
57874,1
57875,0
57876,1
57877,0
57878,0
57879,0
57880,0
57881,1
57882,1
57883,0
57884,0
57885,1
57886,0
57887,0
57888,0
57889,0
57890,0
57891,0
57892,0
57893,1
57894,1
57895,0
57896,1
57897,0
57898,0
57899,1
57900,1
57901,1
57902,0
57903,1
57904,0
57905,0
57906,0
57907,1
57908,1
57909,1
57910,0
57911,0
57912,0
57913,0
57914,0
57915,0
57916,0
57917,1
57918,0
57919,1
57920,0
57921,0
57922,0
57923,1
57924,1
57925,1
57926,0
57927,1
57928,0
57929,0
57930,0
57931,1
57932,0
57933,1
57934,0
57935,1
57936,0
57937,0
57938,0
57939,0
57940,0
57941,0
57942,0
57943,1
57944,1
57945,1
57946,1
57947,1
57948,0
57949,1
57950,0
57951,0
57952,1
57953,0
57954,1
57955,0
57956,0
57957,0
57958,0
57959,0
57960,0
57961,0
57962,1
57963,1
57964,0
57965,0
57966,0
57967,1
57968,1
57969,1
57970,1
57971,0
57972,1
57973,0
57974,1
57975,0
57976,1
57977,0
57978,0
57979,1
57980,0
57981,0
57982,0
57983,0
57984,0
57985,0
57986,0
57987,0
57988,0
57989,0
57990,1
57991,0
57992,0
57993,0
57994,0
57995,1
57996,0
57997,1
57998,1
57999,0
58000,0
58001,0
58002,0
58003,1
58004,0
58005,1
58006,0
58007,1
58008,1
58009,1
58010,0
58011,0
58012,0
58013,0
58014,0
58015,0
58016,1
58017,1
58018,0
58019,0
58020,1
58021,0
58022,0
58023,1
58024,1
58025,1
58026,1
58027,0
58028,1
58029,1
58030,1
58031,0
58032,0
58033,0
58034,1
58035,1
58036,0
58037,0
58038,0
58039,1
58040,0
58041,0
58042,0
58043,0
58044,1
58045,0
58046,0
58047,1
58048,1
58049,0
58050,0
58051,0
58052,0
58053,0
58054,0
58055,1
58056,0
58057,0
58058,0
58059,1
58060,0
58061,0
58062,0
58063,1
58064,0
58065,0
58066,1
58067,0
58068,0
58069,1
58070,0
58071,0
58072,0
58073,0
58074,0
58075,0
58076,0
58077,1
58078,0
58079,0
58080,1
58081,0
58082,1
58083,0
58084,0
58085,0
58086,0
58087,1
58088,0
58089,0
58090,0
58091,0
58092,0
58093,0
58094,0
58095,0
58096,0
58097,1
58098,0
58099,0
58100,0
58101,1
58102,0
58103,0
58104,0
58105,0
58106,1
58107,0
58108,0
58109,0
58110,1
58111,1
58112,0
58113,1
58114,0
58115,1
58116,0
58117,0
58118,0
58119,1
58120,1
58121,0
58122,1
58123,1
58124,0
58125,1
58126,1
58127,0
58128,0
58129,0
58130,0
58131,0
58132,1
58133,0
58134,1
58135,0
58136,1
58137,0
58138,0
58139,0
58140,0
58141,0
58142,0
58143,0
58144,1
58145,0
58146,0
58147,1
58148,0
58149,1
58150,0
58151,0
58152,0
58153,0
58154,0
58155,0
58156,1
58157,1
58158,0
58159,0
58160,0
58161,0
58162,0
58163,0
58164,0
58165,0
58166,1
58167,1
58168,0
58169,0
58170,0
58171,1
58172,0
58173,0
58174,1
58175,0
58176,0
58177,0
58178,0
58179,0
58180,0
58181,1
58182,1
58183,0
58184,0
58185,0
58186,1
58187,0
58188,1
58189,0
58190,0
58191,0
58192,1
58193,1
58194,1
58195,0
58196,1
58197,0
58198,0
58199,0
58200,1
58201,0
58202,1
58203,1
58204,0
58205,0
58206,0
58207,1
58208,1
58209,0
58210,0
58211,1
58212,0
58213,0
58214,0
58215,0
58216,0
58217,1
58218,0
58219,0
58220,0
58221,1
58222,0
58223,1
58224,0
58225,0
58226,0
58227,1
58228,1
58229,1
58230,0
58231,0
58232,0
58233,1
58234,1
58235,0
58236,1
58237,1
58238,1
58239,0
58240,0
58241,1
58242,1
58243,0
58244,0
58245,0
58246,1
58247,0
58248,1
58249,1
58250,0
58251,0
58252,0
58253,0
58254,0
58255,0
58256,0
58257,0
58258,0
58259,0
58260,0
58261,0
58262,0
58263,1
58264,0
58265,1
58266,0
58267,0
58268,1
58269,1
58270,0
58271,0
58272,0
58273,0
58274,0
58275,0
58276,0
58277,1
58278,1
58279,1
58280,1
58281,0
58282,0
58283,0
58284,0
58285,0
58286,0
58287,0
58288,0
58289,0
58290,0
58291,0
58292,0
58293,0
58294,0
58295,0
58296,0
58297,0
58298,0
58299,1
58300,0
58301,0
58302,1
58303,1
58304,0
58305,0
58306,1
58307,0
58308,0
58309,0
58310,1
58311,0
58312,0
58313,1
58314,0
58315,0
58316,0
58317,0
58318,0
58319,0
58320,0
58321,1
58322,0
58323,1
58324,0
58325,1
58326,0
58327,0
58328,0
58329,0
58330,0
58331,0
58332,1
58333,0
58334,0
58335,0
58336,0
58337,0
58338,0
58339,0
58340,0
58341,0
58342,0
58343,0
58344,1
58345,0
58346,0
58347,0
58348,1
58349,1
58350,1
58351,0
58352,1
58353,1
58354,1
58355,1
58356,0
58357,0
58358,0
58359,0
58360,0
58361,0
58362,1
58363,0
58364,0
58365,1
58366,0
58367,1
58368,1
58369,0
58370,0
58371,1
58372,0
58373,0
58374,0
58375,0
58376,0
58377,1
58378,1
58379,1
58380,0
58381,0
58382,0
58383,0
58384,0
58385,0
58386,1
58387,0
58388,1
58389,1
58390,0
58391,1
58392,0
58393,0
58394,0
58395,0
58396,0
58397,0
58398,0
58399,1
58400,1
58401,0
58402,0
58403,0
58404,1
58405,0
58406,0
58407,0
58408,0
58409,0
58410,1
58411,0
58412,1
58413,1
58414,0
58415,0
58416,0
58417,0
58418,0
58419,0
58420,0
58421,0
58422,0
58423,0
58424,0
58425,1
58426,1
58427,0
58428,0
58429,0
58430,0
58431,0
58432,1
58433,0
58434,0
58435,0
58436,0
58437,1
58438,0
58439,0
58440,1
58441,0
58442,0
58443,0
58444,0
58445,0
58446,1
58447,0
58448,0
58449,0
58450,0
58451,0
58452,0
58453,1
58454,1
58455,0
58456,0
58457,0
58458,0
58459,0
58460,1
58461,1
58462,0
58463,0
58464,0
58465,0
58466,0
58467,1
58468,0
58469,0
58470,0
58471,0
58472,0
58473,0
58474,0
58475,0
58476,1
58477,0
58478,0
58479,0
58480,1
58481,0
58482,1
58483,1
58484,0
58485,0
58486,0
58487,0
58488,1
58489,0
58490,0
58491,0
58492,1
58493,0
58494,0
58495,0
58496,0
58497,0
58498,0
58499,0
58500,0
58501,0
58502,0
58503,1
58504,0
58505,1
58506,0
58507,0
58508,0
58509,0
58510,0
58511,1
58512,1
58513,0
58514,0
58515,1
58516,0
58517,0
58518,0
58519,0
58520,1
58521,0
58522,0
58523,0
58524,0
58525,0
58526,1
58527,1
58528,1
58529,0
58530,0
58531,1
58532,0
58533,1
58534,0
58535,0
58536,0
58537,0
58538,0
58539,0
58540,1
58541,1
58542,1
58543,1
58544,0
58545,0
58546,0
58547,1
58548,1
58549,1
58550,0
58551,0
58552,0
58553,0
58554,0
58555,0
58556,1
58557,0
58558,0
58559,0
58560,0
58561,0
58562,0
58563,1
58564,0
58565,0
58566,0
58567,0
58568,1
58569,1
58570,1
58571,0
58572,1
58573,0
58574,0
58575,0
58576,0
58577,1
58578,1
58579,0
58580,0
58581,0
58582,0
58583,0
58584,0
58585,0
58586,0
58587,0
58588,0
58589,1
58590,0
58591,1
58592,0
58593,0
58594,0
58595,0
58596,1
58597,1
58598,0
58599,0
58600,0
58601,0
58602,0
58603,0
58604,0
58605,0
58606,0
58607,0
58608,0
58609,0
58610,0
58611,0
58612,0
58613,0
58614,0
58615,1
58616,0
58617,1
58618,1
58619,1
58620,1
58621,0
58622,0
58623,1
58624,1
58625,0
58626,0
58627,0
58628,0
58629,0
58630,0
58631,0
58632,1
58633,0
58634,0
58635,0
58636,0
58637,0
58638,0
58639,0
58640,0
58641,1
58642,0
58643,0
58644,1
58645,0
58646,1
58647,1
58648,0
58649,0
58650,1
58651,0
58652,0
58653,0
58654,0
58655,0
58656,1
58657,0
58658,1
58659,0
58660,0
58661,1
58662,0
58663,1
58664,1
58665,0
58666,0
58667,0
58668,0
58669,1
58670,0
58671,0
58672,1
58673,0
58674,0
58675,0
58676,0
58677,0
58678,0
58679,0
58680,0
58681,0
58682,0
58683,0
58684,0
58685,0
58686,0
58687,0
58688,0
58689,0
58690,1
58691,0
58692,0
58693,0
58694,0
58695,0
58696,1
58697,0
58698,0
58699,0
58700,0
58701,1
58702,1
58703,0
58704,0
58705,0
58706,1
58707,0
58708,1
58709,0
58710,1
58711,0
58712,1
58713,0
58714,0
58715,0
58716,1
58717,0
58718,0
58719,0
58720,0
58721,0
58722,1
58723,1
58724,0
58725,0
58726,0
58727,1
58728,1
58729,0
58730,0
58731,0
58732,1
58733,1
58734,0
58735,0
58736,0
58737,0
58738,1
58739,1
58740,1
58741,0
58742,1
58743,0
58744,0
58745,1
58746,0
58747,0
58748,0
58749,0
58750,0
58751,0
58752,1
58753,0
58754,1
58755,1
58756,1
58757,1
58758,1
58759,1
58760,0
58761,0
58762,1
58763,0
58764,0
58765,0
58766,0
58767,0
58768,0
58769,0
58770,0
58771,1
58772,1
58773,0
58774,1
58775,1
58776,0
58777,1
58778,0
58779,0
58780,0
58781,0
58782,0
58783,0
58784,0
58785,0
58786,0
58787,1
58788,0
58789,0
58790,0
58791,0
58792,0
58793,0
58794,1
58795,0
58796,1
58797,0
58798,1
58799,0
58800,1
58801,0
58802,0
58803,1
58804,0
58805,1
58806,0
58807,1
58808,0
58809,0
58810,1
58811,0
58812,0
58813,0
58814,0
58815,0
58816,0
58817,0
58818,0
58819,0
58820,0
58821,1
58822,0
58823,1
58824,0
58825,0
58826,0
58827,0
58828,0
58829,0
58830,0
58831,0
58832,0
58833,0
58834,0
58835,0
58836,0
58837,0
58838,0
58839,0
58840,0
58841,0
58842,0
58843,1
58844,0
58845,1
58846,0
58847,0
58848,0
58849,0
58850,0
58851,0
58852,1
58853,0
58854,1
58855,0
58856,0
58857,0
58858,0
58859,0
58860,1
58861,0
58862,0
58863,0
58864,0
58865,1
58866,1
58867,1
58868,0
58869,0
58870,0
58871,1
58872,0
58873,1
58874,1
58875,0
58876,0
58877,0
58878,1
58879,0
58880,0
58881,0
58882,0
58883,0
58884,1
58885,1
58886,1
58887,0
58888,0
58889,0
58890,0
58891,0
58892,0
58893,1
58894,0
58895,0
58896,0
58897,0
58898,1
58899,0
58900,1
58901,0
58902,1
58903,0
58904,1
58905,0
58906,1
58907,0
58908,0
58909,1
58910,1
58911,1
58912,0
58913,1
58914,1
58915,1
58916,1
58917,1
58918,0
58919,0
58920,0
58921,0
58922,0
58923,0
58924,0
58925,1
58926,1
58927,0
58928,0
58929,0
58930,1
58931,0
58932,0
58933,1
58934,0
58935,0
58936,0
58937,0
58938,1
58939,0
58940,1
58941,0
58942,0
58943,0
58944,0
58945,0
58946,1
58947,0
58948,0
58949,0
58950,1
58951,0
58952,0
58953,1
58954,1
58955,1
58956,1
58957,1
58958,0
58959,0
58960,1
58961,1
58962,0
58963,0
58964,0
58965,0
58966,0
58967,1
58968,0
58969,0
58970,0
58971,0
58972,1
58973,0
58974,0
58975,1
58976,0
58977,0
58978,0
58979,0
58980,1
58981,1
58982,0
58983,0
58984,0
58985,0
58986,0
58987,0
58988,1
58989,1
58990,1
58991,0
58992,0
58993,0
58994,0
58995,0
58996,0
58997,0
58998,0
58999,0
59000,0
59001,0
59002,0
59003,0
59004,0
59005,0
59006,0
59007,0
59008,1
59009,1
59010,1
59011,0
59012,0
59013,0
59014,0
59015,0
59016,0
59017,0
59018,1
59019,0
59020,1
59021,0
59022,0
59023,1
59024,0
59025,0
59026,0
59027,0
59028,0
59029,0
59030,0
59031,1
59032,0
59033,1
59034,1
59035,0
59036,0
59037,0
59038,0
59039,0
59040,1
59041,1
59042,0
59043,1
59044,0
59045,1
59046,1
59047,0
59048,0
59049,0
59050,0
59051,0
59052,0
59053,1
59054,1
59055,1
59056,0
59057,1
59058,1
59059,0
59060,1
59061,0
59062,0
59063,0
59064,0
59065,1
59066,1
59067,0
59068,0
59069,0
59070,1
59071,0
59072,0
59073,1
59074,0
59075,1
59076,1
59077,0
59078,1
59079,0
59080,0
59081,1
59082,0
59083,0
59084,0
59085,0
59086,1
59087,0
59088,1
59089,1
59090,0
59091,0
59092,1
59093,1
59094,0
59095,1
59096,0
59097,0
59098,0
59099,0
59100,0
59101,0
59102,0
59103,1
59104,0
59105,1
59106,1
59107,0
59108,0
59109,1
59110,0
59111,0
59112,0
59113,0
59114,0
59115,0
59116,0
59117,0
59118,0
59119,0
59120,0
59121,1
59122,0
59123,0
59124,0
59125,0
59126,1
59127,0
59128,0
59129,1
59130,0
59131,0
59132,0
59133,0
59134,0
59135,0
59136,0
59137,1
59138,1
59139,1
59140,0
59141,0
59142,0
59143,1
59144,1
59145,1
59146,1
59147,1
59148,0
59149,0
59150,0
59151,1
59152,0
59153,0
59154,1
59155,0
59156,0
59157,0
59158,1
59159,0
59160,0
59161,0
59162,0
59163,0
59164,0
59165,0
59166,0
59167,0
59168,0
59169,1
59170,0
59171,0
59172,0
59173,0
59174,0
59175,0
59176,0
59177,0
59178,0
59179,0
59180,1
59181,0
59182,1
59183,1
59184,0
59185,0
59186,0
59187,0
59188,0
59189,0
59190,0
59191,0
59192,0
59193,1
59194,1
59195,0
59196,0
59197,0
59198,0
59199,0
59200,1
59201,0
59202,0
59203,0
59204,0
59205,0
59206,0
59207,0
59208,0
59209,0
59210,0
59211,0
59212,1
59213,0
59214,0
59215,1
59216,0
59217,0
59218,0
59219,0
59220,0
59221,0
59222,0
59223,0
59224,1
59225,0
59226,0
59227,0
59228,0
59229,1
59230,0
59231,0
59232,1
59233,0
59234,0
59235,0
59236,0
59237,0
59238,0
59239,0
59240,0
59241,0
59242,0
59243,0
59244,0
59245,0
59246,1
59247,0
59248,1
59249,0
59250,0
59251,0
59252,1
59253,1
59254,0
59255,0
59256,0
59257,0
59258,0
59259,0
59260,1
59261,1
59262,0
59263,0
59264,0
59265,0
59266,0
59267,1
59268,0
59269,0
59270,1
59271,0
59272,0
59273,0
59274,0
59275,0
59276,0
59277,0
59278,0
59279,1
59280,0
59281,0
59282,0
59283,1
59284,1
59285,0
59286,0
59287,1
59288,0
59289,0
59290,1
59291,1
59292,0
59293,0
59294,1
59295,1
59296,0
59297,0
59298,0
59299,0
59300,1
59301,1
59302,1
59303,0
59304,0
59305,0
59306,1
59307,0
59308,0
59309,0
59310,0
59311,0
59312,1
59313,0
59314,0
59315,0
59316,1
59317,0
59318,1
59319,0
59320,1
59321,0
59322,0
59323,0
59324,1
59325,0
59326,0
59327,0
59328,0
59329,0
59330,1
59331,0
59332,1
59333,0
59334,0
59335,0
59336,1
59337,0
59338,0
59339,1
59340,0
59341,1
59342,0
59343,0
59344,0
59345,1
59346,0
59347,1
59348,0
59349,0
59350,0
59351,0
59352,1
59353,0
59354,1
59355,1
59356,0
59357,0
59358,0
59359,0
59360,0
59361,0
59362,0
59363,1
59364,0
59365,1
59366,1
59367,1
59368,0
59369,1
59370,0
59371,0
59372,1
59373,0
59374,0
59375,0
59376,0
59377,1
59378,0
59379,0
59380,0
59381,0
59382,1
59383,0
59384,0
59385,1
59386,0
59387,0
59388,0
59389,1
59390,0
59391,0
59392,0
59393,0
59394,0
59395,1
59396,0
59397,0
59398,0
59399,1
59400,1
59401,1
59402,0
59403,0
59404,1
59405,1
59406,0
59407,0
59408,0
59409,0
59410,0
59411,0
59412,0
59413,0
59414,0
59415,0
59416,1
59417,0
59418,0
59419,1
59420,1
59421,1
59422,0
59423,1
59424,0
59425,0
59426,0
59427,1
59428,0
59429,1
59430,0
59431,0
59432,0
59433,0
59434,0
59435,0
59436,0
59437,0
59438,1
59439,0
59440,0
59441,0
59442,0
59443,0
59444,1
59445,0
59446,1
59447,0
59448,0
59449,1
59450,0
59451,1
59452,0
59453,0
59454,1
59455,1
59456,1
59457,0
59458,0
59459,0
59460,0
59461,1
59462,0
59463,1
59464,1
59465,0
59466,0
59467,0
59468,0
59469,0
59470,1
59471,0
59472,1
59473,1
59474,1
59475,0
59476,1
59477,1
59478,1
59479,1
59480,1
59481,0
59482,0
59483,0
59484,0
59485,0
59486,0
59487,1
59488,0
59489,1
59490,0
59491,1
59492,0
59493,1
59494,1
59495,0
59496,0
59497,0
59498,0
59499,1
59500,1
59501,1
59502,0
59503,0
59504,1
59505,0
59506,1
59507,0
59508,0
59509,1
59510,0
59511,0
59512,1
59513,0
59514,0
59515,0
59516,0
59517,0
59518,0
59519,0
59520,0
59521,1
59522,0
59523,0
59524,0
59525,0
59526,0
59527,1
59528,0
59529,0
59530,1
59531,1
59532,0
59533,0
59534,0
59535,1
59536,0
59537,1
59538,1
59539,0
59540,0
59541,1
59542,0
59543,0
59544,0
59545,0
59546,1
59547,0
59548,1
59549,1
59550,0
59551,0
59552,0
59553,0
59554,0
59555,1
59556,1
59557,0
59558,1
59559,0
59560,0
59561,0
59562,0
59563,1
59564,0
59565,1
59566,0
59567,0
59568,1
59569,1
59570,0
59571,0
59572,0
59573,1
59574,0
59575,0
59576,0
59577,1
59578,0
59579,0
59580,0
59581,1
59582,0
59583,0
59584,0
59585,0
59586,0
59587,0
59588,0
59589,0
59590,0
59591,1
59592,0
59593,0
59594,0
59595,0
59596,0
59597,0
59598,0
59599,0
59600,0
59601,1
59602,0
59603,0
59604,0
59605,0
59606,1
59607,1
59608,1
59609,0
59610,0
59611,0
59612,0
59613,0
59614,0
59615,1
59616,1
59617,0
59618,1
59619,1
59620,1
59621,0
59622,0
59623,0
59624,1
59625,0
59626,0
59627,0
59628,0
59629,1
59630,1
59631,0
59632,0
59633,1
59634,0
59635,0
59636,0
59637,0
59638,0
59639,0
59640,0
59641,0
59642,0
59643,0
59644,1
59645,1
59646,0
59647,1
59648,1
59649,0
59650,0
59651,0
59652,0
59653,1
59654,1
59655,0
59656,1
59657,0
59658,0
59659,1
59660,0
59661,0
59662,0
59663,0
59664,1
59665,0
59666,1
59667,0
59668,1
59669,0
59670,1
59671,1
59672,0
59673,1
59674,0
59675,1
59676,0
59677,0
59678,0
59679,0
59680,0
59681,1
59682,0
59683,0
59684,0
59685,0
59686,0
59687,0
59688,0
59689,0
59690,1
59691,1
59692,0
59693,0
59694,0
59695,1
59696,1
59697,0
59698,1
59699,0
59700,1
59701,0
59702,0
59703,1
59704,0
59705,0
59706,0
59707,1
59708,0
59709,0
59710,0
59711,0
59712,0
59713,1
59714,0
59715,0
59716,0
59717,0
59718,1
59719,1
59720,0
59721,1
59722,1
59723,1
59724,0
59725,0
59726,1
59727,0
59728,0
59729,0
59730,1
59731,0
59732,0
59733,1
59734,0
59735,1
59736,0
59737,0
59738,0
59739,0
59740,1
59741,0
59742,0
59743,0
59744,0
59745,1
59746,0
59747,0
59748,0
59749,0
59750,1
59751,0
59752,0
59753,0
59754,0
59755,0
59756,0
59757,1
59758,1
59759,1
59760,0
59761,0
59762,0
59763,1
59764,1
59765,1
59766,0
59767,0
59768,1
59769,0
59770,0
59771,0
59772,0
59773,0
59774,1
59775,0
59776,0
59777,0
59778,0
59779,1
59780,1
59781,0
59782,0
59783,0
59784,1
59785,0
59786,1
59787,1
59788,1
59789,0
59790,0
59791,0
59792,0
59793,0
59794,0
59795,0
59796,0
59797,1
59798,0
59799,0
59800,0
59801,0
59802,0
59803,1
59804,0
59805,0
59806,0
59807,0
59808,0
59809,0
59810,0
59811,0
59812,1
59813,0
59814,0
59815,0
59816,0
59817,0
59818,0
59819,0
59820,0
59821,1
59822,0
59823,0
59824,0
59825,1
59826,0
59827,0
59828,0
59829,0
59830,1
59831,0
59832,1
59833,0
59834,0
59835,1
59836,0
59837,0
59838,0
59839,0
59840,0
59841,1
59842,1
59843,0
59844,0
59845,0
59846,0
59847,0
59848,1
59849,0
59850,0
59851,0
59852,1
59853,0
59854,0
59855,0
59856,1
59857,0
59858,1
59859,1
59860,0
59861,0
59862,1
59863,0
59864,1
59865,0
59866,0
59867,0
59868,1
59869,0
59870,1
59871,0
59872,0
59873,0
59874,0
59875,1
59876,0
59877,1
59878,1
59879,1
59880,0
59881,0
59882,0
59883,0
59884,1
59885,0
59886,0
59887,0
59888,1
59889,0
59890,1
59891,0
59892,0
59893,0
59894,1
59895,0
59896,0
59897,0
59898,0
59899,0
59900,1
59901,0
59902,1
59903,1
59904,0
59905,0
59906,0
59907,0
59908,0
59909,1
59910,0
59911,1
59912,0
59913,0
59914,0
59915,0
59916,0
59917,1
59918,0
59919,1
59920,0
59921,0
59922,0
59923,0
59924,0
59925,0
59926,0
59927,0
59928,1
59929,0
59930,0
59931,1
59932,0
59933,0
59934,1
59935,0
59936,0
59937,0
59938,0
59939,1
59940,0
59941,0
59942,0
59943,0
59944,0
59945,0
59946,1
59947,0
59948,1
59949,0
59950,0
59951,0
59952,0
59953,0
59954,1
59955,0
59956,1
59957,0
59958,1
59959,0
59960,0
59961,1
59962,1
59963,0
59964,0
59965,0
59966,0
59967,1
59968,1
59969,1
59970,0
59971,0
59972,1
59973,1
59974,1
59975,0
59976,0
59977,0
59978,1
59979,1
59980,0
59981,0
59982,0
59983,1
59984,0
59985,0
59986,0
59987,0
59988,1
59989,0
59990,0
59991,0
59992,0
59993,1
59994,1
59995,0
59996,0
59997,0
59998,1
59999,0
60000,0
60001,0
60002,1
60003,1
60004,0
60005,0
60006,0
60007,0
60008,0
60009,0
60010,0
60011,1
60012,0
60013,0
60014,1
60015,0
60016,0
60017,0
60018,0
60019,0
60020,1
60021,0
60022,0
60023,0
60024,0
60025,0
60026,1
60027,0
60028,1
60029,0
60030,1
60031,0
60032,0
60033,0
60034,0
60035,1
60036,0
60037,0
60038,0
60039,0
60040,0
60041,0
60042,1
60043,0
60044,0
60045,0
60046,1
60047,0
60048,1
60049,0
60050,0
60051,0
60052,0
60053,1
60054,0
60055,0
60056,0
60057,0
60058,0
60059,0
60060,1
60061,0
60062,0
60063,0
60064,0
60065,0
60066,0
60067,0
60068,0
60069,1
60070,0
60071,0
60072,0
60073,1
60074,0
60075,0
60076,0
60077,1
60078,0
60079,1
60080,1
60081,0
60082,0
60083,0
60084,0
60085,0
60086,0
60087,1
60088,0
60089,0
60090,0
60091,0
60092,0
60093,0
60094,0
60095,0
60096,0
60097,0
60098,0
60099,1
60100,0
60101,0
60102,0
60103,0
60104,0
60105,1
60106,1
60107,1
60108,0
60109,1
60110,1
60111,0
60112,1
60113,0
60114,0
60115,1
60116,0
60117,0
60118,0
60119,0
60120,1
60121,0
60122,0
60123,0
60124,0
60125,0
60126,0
60127,0
60128,0
60129,0
60130,0
60131,0
60132,0
60133,0
60134,0
60135,1
60136,0
60137,0
60138,1
60139,0
60140,0
60141,1
60142,0
60143,0
60144,1
60145,0
60146,0
60147,0
60148,1
60149,0
60150,0
60151,0
60152,1
60153,1
60154,0
60155,1
60156,1
60157,0
60158,1
60159,0
60160,0
60161,1
60162,0
60163,0
60164,0
60165,0
60166,0
60167,1
60168,1
60169,0
60170,1
60171,1
60172,1
60173,1
60174,0
60175,0
60176,0
60177,1
60178,0
60179,0
60180,0
60181,0
60182,0
60183,0
60184,0
60185,1
60186,0
60187,1
60188,0
60189,0
60190,0
60191,0
60192,0
60193,0
60194,0
60195,0
60196,0
60197,1
60198,1
60199,1
60200,0
60201,0
60202,1
60203,0
60204,0
60205,0
60206,1
60207,0
60208,0
60209,0
60210,0
60211,0
60212,0
60213,0
60214,1
60215,1
60216,0
60217,0
60218,1
60219,0
60220,0
60221,0
60222,0
60223,0
60224,0
60225,1
60226,1
60227,0
60228,1
60229,1
60230,0
60231,1
60232,0
60233,0
60234,1
60235,0
60236,1
60237,0
60238,0
60239,0
60240,0
60241,1
60242,0
60243,0
60244,1
60245,0
60246,0
60247,0
60248,0
60249,0
60250,1
60251,0
60252,1
60253,1
60254,0
60255,0
60256,0
60257,1
60258,1
60259,0
60260,1
60261,1
60262,0
60263,0
60264,1
60265,0
60266,0
60267,0
60268,0
60269,1
60270,0
60271,1
60272,0
60273,1
60274,0
60275,1
60276,1
60277,0
60278,0
60279,1
60280,0
60281,0
60282,0
60283,0
60284,0
60285,0
60286,0
60287,0
60288,0
60289,1
60290,0
60291,0
60292,0
60293,0
60294,1
60295,1
60296,0
60297,0
60298,0
60299,1
60300,0
60301,0
60302,0
60303,1
60304,1
60305,1
60306,0
60307,0
60308,0
60309,0
60310,1
60311,0
60312,0
60313,1
60314,0
60315,1
60316,0
60317,1
60318,0
60319,1
60320,0
60321,1
60322,0
60323,0
60324,0
60325,0
60326,0
60327,0
60328,0
60329,0
60330,0
60331,0
60332,0
60333,0
60334,0
60335,0
60336,0
60337,0
60338,0
60339,0
60340,0
60341,0
60342,0
60343,0
60344,0
60345,0
60346,0
60347,0
60348,1
60349,1
60350,1
60351,0
60352,0
60353,0
60354,1
60355,0
60356,0
60357,1
60358,0
60359,0
60360,0
60361,0
60362,0
60363,0
60364,1
60365,1
60366,0
60367,1
60368,0
60369,1
60370,0
60371,1
60372,1
60373,0
60374,0
60375,1
60376,1
60377,0
60378,1
60379,1
60380,0
60381,0
60382,0
60383,1
60384,0
60385,0
60386,0
60387,1
60388,0
60389,0
60390,0
60391,1
60392,0
60393,0
60394,0
60395,0
60396,0
60397,0
60398,0
60399,0
60400,1
60401,0
60402,0
60403,0
60404,0
60405,0
60406,1
60407,1
60408,0
60409,0
60410,1
60411,0
60412,0
60413,0
60414,0
60415,0
60416,0
60417,0
60418,1
60419,0
60420,0
60421,0
60422,0
60423,0
60424,0
60425,0
60426,0
60427,1
60428,0
60429,0
60430,0
60431,1
60432,1
60433,1
60434,0
60435,1
60436,1
60437,1
60438,0
60439,1
60440,0
60441,0
60442,0
60443,0
60444,0
60445,0
60446,0
60447,1
60448,0
60449,0
60450,0
60451,0
60452,0
60453,0
60454,1
60455,0
60456,1
60457,0
60458,1
60459,1
60460,0
60461,1
60462,1
60463,1
60464,0
60465,0
60466,0
60467,0
60468,1
60469,1
60470,0
60471,0
60472,0
60473,0
60474,0
60475,0
60476,0
60477,0
60478,0
60479,0
60480,0
60481,1
60482,0
60483,0
60484,1
60485,1
60486,1
60487,0
60488,0
60489,0
60490,0
60491,0
60492,0
60493,0
60494,1
60495,1
60496,0
60497,1
60498,0
60499,1
60500,0
60501,0
60502,0
60503,0
60504,0
60505,0
60506,0
60507,0
60508,0
60509,0
60510,0
60511,0
60512,1
60513,0
60514,0
60515,0
60516,0
60517,1
60518,0
60519,1
60520,0
60521,1
60522,0
60523,1
60524,0
60525,0
60526,0
60527,0
60528,0
60529,0
60530,0
60531,0
60532,1
60533,0
60534,0
60535,0
60536,0
60537,0
60538,1
60539,0
60540,0
60541,0
60542,0
60543,0
60544,0
60545,0
60546,1
60547,1
60548,1
60549,0
60550,0
60551,1
60552,0
60553,0
60554,1
60555,0
60556,0
60557,0
60558,0
60559,0
60560,0
60561,0
60562,0
60563,1
60564,0
60565,0
60566,0
60567,0
60568,0
60569,1
60570,0
60571,0
60572,0
60573,0
60574,1
60575,0
60576,0
60577,1
60578,0
60579,0
60580,0
60581,0
60582,1
60583,0
60584,1
60585,1
60586,1
60587,1
60588,1
60589,0
60590,0
60591,0
60592,0
60593,0
60594,1
60595,0
60596,0
60597,0
60598,1
60599,1
60600,0
60601,1
60602,0
60603,0
60604,1
60605,0
60606,1
60607,0
60608,0
60609,1
60610,0
60611,0
60612,0
60613,0
60614,0
60615,1
60616,0
60617,0
60618,1
60619,0
60620,0
60621,0
60622,0
60623,0
60624,0
60625,1
60626,0
60627,0
60628,0
60629,0
60630,0
60631,0
60632,1
60633,0
60634,0
60635,1
60636,0
60637,0
60638,1
60639,0
60640,0
60641,0
60642,1
60643,1
60644,1
60645,1
60646,0
60647,0
60648,1
60649,0
60650,0
60651,1
60652,0
60653,1
60654,0
60655,1
60656,0
60657,0
60658,0
60659,1
60660,0
60661,0
60662,1
60663,0
60664,0
60665,0
60666,1
60667,0
60668,0
60669,1
60670,0
60671,0
60672,1
60673,0
60674,0
60675,0
60676,0
60677,0
60678,0
60679,0
60680,0
60681,1
60682,1
60683,0
60684,0
60685,0
60686,1
60687,0
60688,0
60689,0
60690,1
60691,1
60692,1
60693,0
60694,0
60695,0
60696,0
60697,0
60698,0
60699,0
60700,1
60701,1
60702,0
60703,0
60704,0
60705,0
60706,0
60707,0
60708,0
60709,0
60710,1
60711,0
60712,0
60713,1
60714,0
60715,0
60716,0
60717,0
60718,0
60719,0
60720,0
60721,0
60722,1
60723,1
60724,0
60725,0
60726,0
60727,0
60728,1
60729,1
60730,0
60731,1
60732,0
60733,0
60734,1
60735,0
60736,0
60737,0
60738,0
60739,0
60740,0
60741,1
60742,0
60743,0
60744,0
60745,1
60746,0
60747,0
60748,0
60749,0
60750,0
60751,1
60752,0
60753,1
60754,1
60755,1
60756,0
60757,0
60758,0
60759,0
60760,0
60761,1
60762,0
60763,0
60764,0
60765,0
60766,0
60767,0
60768,1
60769,0
60770,0
60771,0
60772,0
60773,0
60774,0
60775,1
60776,0
60777,0
60778,0
60779,0
60780,1
60781,0
60782,0
60783,1
60784,0
60785,0
60786,1
60787,1
60788,0
60789,1
60790,0
60791,0
60792,1
60793,0
60794,0
60795,1
60796,0
60797,1
60798,0
60799,0
60800,0
60801,0
60802,0
60803,1
60804,0
60805,0
60806,0
60807,0
60808,0
60809,0
60810,1
60811,0
60812,1
60813,0
60814,0
60815,0
60816,0
60817,0
60818,1
60819,0
60820,0
60821,1
60822,0
60823,1
60824,0
60825,0
60826,0
60827,0
60828,0
60829,1
60830,1
60831,0
60832,0
60833,0
60834,0
60835,0
60836,0
60837,0
60838,1
60839,0
60840,0
60841,0
60842,0
60843,1
60844,0
60845,0
60846,1
60847,0
60848,0
60849,0
60850,1
60851,0
60852,0
60853,0
60854,0
60855,0
60856,1
60857,0
60858,1
60859,1
60860,0
60861,1
60862,0
60863,0
60864,0
60865,0
60866,1
60867,0
60868,1
60869,1
60870,1
60871,0
60872,0
60873,0
60874,1
60875,1
60876,0
60877,0
60878,0
60879,1
60880,0
60881,0
60882,0
60883,0
60884,0
60885,0
60886,0
60887,0
60888,0
60889,0
60890,0
60891,0
60892,0
60893,1
60894,0
60895,1
60896,1
60897,0
60898,1
60899,0
60900,0
60901,0
60902,0
60903,1
60904,0
60905,0
60906,0
60907,0
60908,0
60909,1
60910,0
60911,1
60912,0
60913,0
60914,0
60915,0
60916,0
60917,0
60918,1
60919,0
60920,0
60921,0
60922,0
60923,1
60924,1
60925,0
60926,1
60927,0
60928,0
60929,0
60930,0
60931,1
60932,1
60933,0
60934,1
60935,1
60936,1
60937,0
60938,0
60939,0
60940,0
60941,0
60942,0
60943,1
60944,0
60945,0
60946,1
60947,0
60948,0
60949,0
60950,0
60951,1
60952,0
60953,0
60954,0
60955,0
60956,1
60957,0
60958,1
60959,1
60960,0
60961,1
60962,1
60963,0
60964,0
60965,1
60966,1
60967,0
60968,0
60969,0
60970,0
60971,0
60972,0
60973,1
60974,0
60975,0
60976,0
60977,0
60978,0
60979,0
60980,0
60981,1
60982,1
60983,0
60984,1
60985,0
60986,0
60987,0
60988,0
60989,0
60990,0
60991,0
60992,0
60993,0
60994,0
60995,0
60996,0
60997,0
60998,0
60999,1
61000,0
61001,0
61002,0
61003,1
61004,1
61005,0
61006,0
61007,0
61008,0
61009,0
61010,1
61011,1
61012,0
61013,1
61014,0
61015,0
61016,0
61017,0
61018,0
61019,0
61020,1
61021,0
61022,1
61023,0
61024,0
61025,1
61026,0
61027,0
61028,0
61029,0
61030,0
61031,0
61032,0
61033,1
61034,0
61035,1
61036,0
61037,0
61038,0
61039,0
61040,0
61041,1
61042,0
61043,0
61044,0
61045,1
61046,1
61047,0
61048,0
61049,0
61050,1
61051,0
61052,1
61053,0
61054,1
61055,0
61056,0
61057,0
61058,0
61059,0
61060,1
61061,1
61062,0
61063,1
61064,0
61065,0
61066,1
61067,0
61068,1
61069,0
61070,0
61071,1
61072,1
61073,0
61074,0
61075,1
61076,0
61077,1
61078,0
61079,0
61080,0
61081,0
61082,0
61083,0
61084,0
61085,0
61086,0
61087,1
61088,0
61089,0
61090,0
61091,0
61092,0
61093,0
61094,0
61095,1
61096,0
61097,0
61098,0
61099,0
61100,0
61101,0
61102,0
61103,0
61104,0
61105,1
61106,0
61107,0
61108,0
61109,0
61110,0
61111,0
61112,1
61113,0
61114,0
61115,0
61116,0
61117,0
61118,0
61119,0
61120,0
61121,0
61122,0
61123,0
61124,1
61125,1
61126,0
61127,0
61128,0
61129,1
61130,0
61131,1
61132,0
61133,1
61134,0
61135,0
61136,0
61137,0
61138,0
61139,0
61140,1
61141,0
61142,0
61143,1
61144,1
61145,1
61146,0
61147,1
61148,0
61149,0
61150,0
61151,0
61152,0
61153,0
61154,1
61155,0
61156,0
61157,0
61158,1
61159,1
61160,1
61161,1
61162,1
61163,0
61164,0
61165,0
61166,0
61167,0
61168,0
61169,0
61170,0
61171,0
61172,1
61173,1
61174,1
61175,0
61176,0
61177,1
61178,0
61179,0
61180,0
61181,1
61182,0
61183,0
61184,0
61185,0
61186,0
61187,0
61188,1
61189,1
61190,1
61191,0
61192,0
61193,0
61194,0
61195,0
61196,1
61197,0
61198,1
61199,0
61200,0
61201,1
61202,0
61203,0
61204,0
61205,1
61206,1
61207,0
61208,1
61209,0
61210,0
61211,0
61212,0
61213,0
61214,0
61215,1
61216,1
61217,0
61218,0
61219,0
61220,0
61221,0
61222,1
61223,0
61224,0
61225,0
61226,1
61227,0
61228,0
61229,0
61230,1
61231,1
61232,0
61233,0
61234,0
61235,0
61236,0
61237,0
61238,0
61239,1
61240,1
61241,1
61242,0
61243,0
61244,0
61245,1
61246,0
61247,1
61248,0
61249,0
61250,0
61251,0
61252,1
61253,0
61254,0
61255,0
61256,1
61257,1
61258,0
61259,0
61260,0
61261,1
61262,0
61263,0
61264,1
61265,0
61266,1
61267,0
61268,0
61269,1
61270,0
61271,0
61272,0
61273,1
61274,0
61275,0
61276,1
61277,1
61278,0
61279,0
61280,1
61281,0
61282,0
61283,1
61284,0
61285,0
61286,0
61287,0
61288,0
61289,1
61290,0
61291,1
61292,0
61293,0
61294,1
61295,1
61296,0
61297,0
61298,0
61299,0
61300,0
61301,0
61302,0
61303,0
61304,0
61305,1
61306,1
61307,0
61308,0
61309,0
61310,0
61311,1
61312,1
61313,1
61314,1
61315,1
61316,1
61317,0
61318,0
61319,1
61320,0
61321,0
61322,1
61323,0
61324,0
61325,0
61326,0
61327,0
61328,1
61329,1
61330,0
61331,0
61332,0
61333,0
61334,0
61335,0
61336,1
61337,1
61338,0
61339,1
61340,1
61341,0
61342,0
61343,0
61344,1
61345,1
61346,0
61347,0
61348,0
61349,1
61350,0
61351,0
61352,0
61353,0
61354,0
61355,0
61356,0
61357,0
61358,0
61359,1
61360,1
61361,0
61362,1
61363,0
61364,0
61365,0
61366,1
61367,0
61368,1
61369,1
61370,0
61371,0
61372,0
61373,0
61374,0
61375,0
61376,1
61377,0
61378,0
61379,0
61380,0
61381,0
61382,0
61383,0
61384,0
61385,1
61386,1
61387,0
61388,0
61389,0
61390,1
61391,1
61392,1
61393,0
61394,1
61395,0
61396,1
61397,0
61398,0
61399,1
61400,0
61401,1
61402,0
61403,1
61404,1
61405,1
61406,1
61407,0
61408,0
61409,0
61410,0
61411,0
61412,1
61413,1
61414,0
61415,0
61416,0
61417,1
61418,0
61419,0
61420,1
61421,0
61422,0
61423,1
61424,0
61425,0
61426,0
61427,1
61428,1
61429,0
61430,1
61431,0
61432,1
61433,0
61434,1
61435,0
61436,0
61437,0
61438,0
61439,1
61440,0
61441,0
61442,0
61443,0
61444,1
61445,0
61446,1
61447,0
61448,1
61449,0
61450,1
61451,1
61452,1
61453,0
61454,0
61455,1
61456,0
61457,0
61458,0
61459,0
61460,0
61461,1
61462,0
61463,0
61464,1
61465,0
61466,0
61467,0
61468,0
61469,0
61470,0
61471,0
61472,0
61473,0
61474,0
61475,0
61476,0
61477,0
61478,0
61479,1
61480,1
61481,0
61482,0
61483,1
61484,0
61485,1
61486,1
61487,0
61488,0
61489,0
61490,0
61491,0
61492,0
61493,0
61494,1
61495,0
61496,0
61497,0
61498,0
61499,0
61500,0
61501,0
61502,1
61503,0
61504,1
61505,0
61506,1
61507,1
61508,0
61509,0
61510,0
61511,0
61512,0
61513,0
61514,0
61515,0
61516,1
61517,0
61518,0
61519,0
61520,0
61521,1
61522,1
61523,0
61524,0
61525,0
61526,0
61527,0
61528,1
61529,1
61530,0
61531,0
61532,0
61533,0
61534,0
61535,0
61536,0
61537,1
61538,1
61539,0
61540,0
61541,1
61542,1
61543,0
61544,0
61545,0
61546,0
61547,1
61548,1
61549,1
61550,0
61551,0
61552,0
61553,0
61554,0
61555,1
61556,1
61557,0
61558,1
61559,0
61560,1
61561,1
61562,0
61563,0
61564,1
61565,0
61566,0
61567,0
61568,0
61569,1
61570,1
61571,0
61572,1
61573,0
61574,1
61575,0
61576,1
61577,0
61578,1
61579,1
61580,0
61581,0
61582,0
61583,1
61584,0
61585,0
61586,0
61587,0
61588,0
61589,0
61590,0
61591,1
61592,0
61593,0
61594,1
61595,1
61596,0
61597,0
61598,1
61599,0
61600,0
61601,0
61602,0
61603,0
61604,0
61605,0
61606,0
61607,1
61608,1
61609,1
61610,1
61611,0
61612,0
61613,0
61614,1
61615,0
61616,0
61617,1
61618,1
61619,1
61620,1
61621,0
61622,0
61623,0
61624,0
61625,0
61626,1
61627,0
61628,0
61629,1
61630,0
61631,0
61632,0
61633,0
61634,0
61635,1
61636,0
61637,1
61638,0
61639,1
61640,0
61641,0
61642,0
61643,0
61644,1
61645,0
61646,0
61647,0
61648,0
61649,0
61650,0
61651,0
61652,0
61653,0
61654,0
61655,0
61656,0
61657,1
61658,0
61659,1
61660,1
61661,0
61662,0
61663,0
61664,1
61665,0
61666,0
61667,0
61668,0
61669,0
61670,0
61671,0
61672,1
61673,0
61674,0
61675,0
61676,0
61677,0
61678,0
61679,1
61680,0
61681,1
61682,0
61683,1
61684,0
61685,1
61686,0
61687,0
61688,1
61689,0
61690,1
61691,0
61692,1
61693,0
61694,0
61695,0
61696,0
61697,1
61698,0
61699,0
61700,0
61701,0
61702,0
61703,1
61704,0
61705,1
61706,0
61707,1
61708,0
61709,1
61710,0
61711,0
61712,0
61713,1
61714,0
61715,0
61716,0
61717,1
61718,0
61719,0
61720,1
61721,0
61722,0
61723,1
61724,0
61725,1
61726,1
61727,0
61728,0
61729,0
61730,0
61731,0
61732,0
61733,1
61734,0
61735,0
61736,0
61737,0
61738,0
61739,0
61740,0
61741,0
61742,0
61743,0
61744,0
61745,1
61746,0
61747,0
61748,1
61749,0
61750,0
61751,1
61752,1
61753,0
61754,0
61755,0
61756,0
61757,1
61758,0
61759,0
61760,0
61761,0
61762,0
61763,0
61764,1
61765,1
61766,1
61767,0
61768,1
61769,0
61770,0
61771,0
61772,0
61773,0
61774,1
61775,0
61776,0
61777,0
61778,0
61779,1
61780,1
61781,0
61782,0
61783,0
61784,0
61785,1
61786,0
61787,0
61788,0
61789,0
61790,0
61791,0
61792,0
61793,1
61794,0
61795,0
61796,1
61797,1
61798,0
61799,0
61800,1
61801,1
61802,1
61803,0
61804,0
61805,0
61806,1
61807,0
61808,0
61809,0
61810,0
61811,1
61812,0
61813,0
61814,0
61815,0
61816,0
61817,0
61818,1
61819,1
61820,1
61821,0
61822,0
61823,0
61824,0
61825,0
61826,1
61827,0
61828,1
61829,0
61830,0
61831,0
61832,0
61833,0
61834,0
61835,0
61836,0
61837,1
61838,0
61839,0
61840,0
61841,0
61842,0
61843,0
61844,0
61845,1
61846,0
61847,0
61848,1
61849,0
61850,0
61851,0
61852,1
61853,0
61854,0
61855,0
61856,0
61857,0
61858,1
61859,0
61860,0
61861,0
61862,0
61863,1
61864,0
61865,0
61866,0
61867,0
61868,0
61869,1
61870,0
61871,0
61872,0
61873,0
61874,0
61875,0
61876,0
61877,0
61878,0
61879,0
61880,0
61881,1
61882,0
61883,1
61884,1
61885,0
61886,1
61887,0
61888,0
61889,0
61890,0
61891,0
61892,0
61893,0
61894,0
61895,0
61896,0
61897,0
61898,0
61899,1
61900,1
61901,0
61902,1
61903,0
61904,1
61905,0
61906,0
61907,0
61908,0
61909,0
61910,1
61911,0
61912,1
61913,1
61914,0
61915,0
61916,0
61917,0
61918,0
61919,0
61920,1
61921,0
61922,0
61923,0
61924,0
61925,0
61926,1
61927,1
61928,0
61929,1
61930,0
61931,0
61932,0
61933,1
61934,1
61935,0
61936,0
61937,0
61938,0
61939,0
61940,0
61941,1
61942,0
61943,0
61944,0
61945,0
61946,1
61947,0
61948,0
61949,0
61950,1
61951,1
61952,0
61953,0
61954,1
61955,1
61956,0
61957,0
61958,1
61959,1
61960,1
61961,0
61962,1
61963,1
61964,1
61965,0
61966,0
61967,0
61968,0
61969,0
61970,0
61971,1
61972,0
61973,0
61974,1
61975,0
61976,0
61977,1
61978,1
61979,0
61980,0
61981,0
61982,0
61983,0
61984,0
61985,1
61986,0
61987,1
61988,0
61989,0
61990,0
61991,1
61992,0
61993,0
61994,0
61995,1
61996,0
61997,0
61998,1
61999,0
62000,0
62001,0
62002,0
62003,0
62004,0
62005,0
62006,0
62007,0
62008,0
62009,0
62010,0
62011,0
62012,0
62013,1
62014,0
62015,0
62016,1
62017,1
62018,0
62019,0
62020,0
62021,1
62022,0
62023,1
62024,0
62025,0
62026,1
62027,0
62028,1
62029,0
62030,0
62031,0
62032,0
62033,0
62034,1
62035,1
62036,1
62037,1
62038,0
62039,0
62040,0
62041,0
62042,1
62043,1
62044,0
62045,0
62046,1
62047,0
62048,0
62049,0
62050,0
62051,0
62052,0
62053,1
62054,0
62055,0
62056,0
62057,0
62058,0
62059,0
62060,0
62061,1
62062,0
62063,1
62064,0
62065,0
62066,0
62067,1
62068,1
62069,0
62070,0
62071,0
62072,0
62073,0
62074,0
62075,0
62076,0
62077,0
62078,1
62079,0
62080,0
62081,0
62082,1
62083,1
62084,0
62085,0
62086,1
62087,0
62088,0
62089,1
62090,0
62091,0
62092,0
62093,0
62094,0
62095,0
62096,0
62097,1
62098,0
62099,0
62100,0
62101,0
62102,0
62103,0
62104,0
62105,0
62106,0
62107,0
62108,0
62109,0
62110,0
62111,1
62112,0
62113,1
62114,0
62115,0
62116,1
62117,0
62118,0
62119,0
62120,1
62121,0
62122,0
62123,0
62124,1
62125,1
62126,1
62127,1
62128,0
62129,0
62130,0
62131,1
62132,0
62133,0
62134,0
62135,0
62136,0
62137,0
62138,1
62139,1
62140,0
62141,1
62142,0
62143,1
62144,0
62145,0
62146,0
62147,0
62148,0
62149,0
62150,0
62151,0
62152,0
62153,0
62154,1
62155,1
62156,0
62157,0
62158,1
62159,0
62160,1
62161,0
62162,0
62163,0
62164,0
62165,1
62166,0
62167,0
62168,0
62169,0
62170,0
62171,0
62172,1
62173,0
62174,1
62175,1
62176,0
62177,0
62178,0
62179,0
62180,0
62181,0
62182,0
62183,0
62184,0
62185,0
62186,0
62187,1
62188,0
62189,0
62190,1
62191,0
62192,0
62193,1
62194,0
62195,0
62196,1
62197,1
62198,0
62199,0
62200,0
62201,1
62202,1
62203,0
62204,1
62205,0
62206,0
62207,0
62208,1
62209,1
62210,0
62211,0
62212,0
62213,1
62214,1
62215,0
62216,0
62217,0
62218,1
62219,0
62220,0
62221,0
62222,0
62223,0
62224,0
62225,1
62226,0
62227,0
62228,0
62229,1
62230,1
62231,0
62232,0
62233,0
62234,1
62235,0
62236,0
62237,0
62238,0
62239,0
62240,0
62241,0
62242,1
62243,0
62244,0
62245,0
62246,1
62247,1
62248,0
62249,0
62250,0
62251,0
62252,1
62253,0
62254,0
62255,1
62256,0
62257,0
62258,0
62259,0
62260,0
62261,1
62262,0
62263,0
62264,1
62265,1
62266,0
62267,0
62268,0
62269,0
62270,0
62271,0
62272,1
62273,0
62274,0
62275,0
62276,0
62277,1
62278,0
62279,1
62280,0
62281,1
62282,0
62283,0
62284,1
62285,1
62286,1
62287,0
62288,1
62289,0
62290,0
62291,1
62292,0
62293,1
62294,0
62295,0
62296,1
62297,0
62298,0
62299,0
62300,1
62301,0
62302,1
62303,0
62304,0
62305,0
62306,0
62307,0
62308,0
62309,0
62310,0
62311,0
62312,0
62313,0
62314,1
62315,1
62316,0
62317,0
62318,0
62319,0
62320,0
62321,1
62322,0
62323,1
62324,0
62325,0
62326,0
62327,0
62328,0
62329,0
62330,0
62331,1
62332,0
62333,0
62334,1
62335,0
62336,1
62337,0
62338,0
62339,0
62340,0
62341,0
62342,0
62343,0
62344,0
62345,1
62346,0
62347,1
62348,0
62349,0
62350,0
62351,0
62352,0
62353,0
62354,1
62355,1
62356,0
62357,0
62358,0
62359,0
62360,0
62361,0
62362,0
62363,0
62364,0
62365,0
62366,0
62367,0
62368,0
62369,1
62370,0
62371,1
62372,1
62373,0
62374,1
62375,0
62376,0
62377,1
62378,0
62379,0
62380,0
62381,0
62382,0
62383,0
62384,0
62385,0
62386,0
62387,0
62388,1
62389,1
62390,1
62391,0
62392,1
62393,1
62394,0
62395,0
62396,0
62397,1
62398,0
62399,1
62400,0
62401,1
62402,0
62403,0
62404,1
62405,0
62406,0
62407,1
62408,0
62409,0
62410,0
62411,1
62412,0
62413,0
62414,0
62415,1
62416,1
62417,1
62418,0
62419,0
62420,0
62421,1
62422,0
62423,0
62424,0
62425,1
62426,0
62427,1
62428,0
62429,1
62430,0
62431,1
62432,1
62433,0
62434,1
62435,0
62436,0
62437,1
62438,1
62439,0
62440,0
62441,0
62442,1
62443,0
62444,1
62445,1
62446,0
62447,0
62448,0
62449,0
62450,0
62451,0
62452,0
62453,0
62454,1
62455,0
62456,0
62457,0
62458,0
62459,1
62460,0
62461,0
62462,0
62463,1
62464,0
62465,1
62466,0
62467,0
62468,0
62469,1
62470,0
62471,0
62472,0
62473,1
62474,0
62475,1
62476,0
62477,0
62478,0
62479,0
62480,0
62481,0
62482,0
62483,1
62484,0
62485,0
62486,0
62487,0
62488,0
62489,1
62490,1
62491,0
62492,0
62493,0
62494,1
62495,1
62496,0
62497,0
62498,0
62499,0
62500,0
62501,0
62502,0
62503,0
62504,0
62505,0
62506,0
62507,0
62508,0
62509,0
62510,0
62511,0
62512,0
62513,0
62514,0
62515,0
62516,0
62517,1
62518,0
62519,0
62520,1
62521,1
62522,0
62523,0
62524,0
62525,0
62526,0
62527,1
62528,1
62529,0
62530,0
62531,1
62532,0
62533,0
62534,0
62535,1
62536,0
62537,0
62538,0
62539,0
62540,0
62541,0
62542,0
62543,0
62544,0
62545,0
62546,0
62547,0
62548,0
62549,0
62550,0
62551,0
62552,0
62553,1
62554,0
62555,0
62556,0
62557,0
62558,1
62559,1
62560,0
62561,0
62562,1
62563,1
62564,0
62565,0
62566,1
62567,0
62568,0
62569,0
62570,1
62571,0
62572,1
62573,0
62574,0
62575,0
62576,1
62577,1
62578,1
62579,0
62580,1
62581,1
62582,0
62583,0
62584,0
62585,0
62586,0
62587,0
62588,0
62589,0
62590,1
62591,0
62592,0
62593,0
62594,0
62595,0
62596,0
62597,0
62598,0
62599,0
62600,1
62601,1
62602,1
62603,0
62604,0
62605,0
62606,0
62607,0
62608,0
62609,1
62610,0
62611,1
62612,0
62613,0
62614,1
62615,1
62616,0
62617,1
62618,1
62619,1
62620,0
62621,1
62622,0
62623,0
62624,1
62625,0
62626,1
62627,0
62628,0
62629,1
62630,1
62631,0
62632,0
62633,0
62634,1
62635,0
62636,0
62637,1
62638,1
62639,1
62640,0
62641,0
62642,1
62643,0
62644,0
62645,1
62646,0
62647,0
62648,0
62649,0
62650,0
62651,1
62652,1
62653,0
62654,0
62655,1
62656,0
62657,0
62658,0
62659,0
62660,0
62661,0
62662,0
62663,0
62664,0
62665,0
62666,1
62667,0
62668,0
62669,0
62670,1
62671,0
62672,1
62673,0
62674,1
62675,0
62676,0
62677,0
62678,0
62679,1
62680,0
62681,0
62682,0
62683,0
62684,0
62685,0
62686,0
62687,0
62688,0
62689,1
62690,0
62691,0
62692,0
62693,0
62694,1
62695,0
62696,0
62697,1
62698,0
62699,0
62700,0
62701,1
62702,0
62703,0
62704,0
62705,1
62706,0
62707,0
62708,0
62709,0
62710,0
62711,1
62712,1
62713,0
62714,0
62715,0
62716,0
62717,0
62718,0
62719,1
62720,1
62721,1
62722,0
62723,0
62724,0
62725,1
62726,1
62727,0
62728,1
62729,0
62730,1
62731,0
62732,0
62733,0
62734,0
62735,0
62736,0
62737,0
62738,0
62739,1
62740,1
62741,0
62742,0
62743,0
62744,0
62745,0
62746,0
62747,0
62748,0
62749,1
62750,1
62751,0
62752,0
62753,0
62754,1
62755,1
62756,0
62757,1
62758,0
62759,1
62760,0
62761,0
62762,0
62763,0
62764,0
62765,0
62766,0
62767,1
62768,0
62769,1
62770,0
62771,0
62772,0
62773,0
62774,0
62775,0
62776,0
62777,0
62778,0
62779,0
62780,0
62781,0
62782,0
62783,1
62784,0
62785,0
62786,0
62787,0
62788,0
62789,1
62790,0
62791,0
62792,1
62793,1
62794,0
62795,1
62796,0
62797,1
62798,1
62799,0
62800,0
62801,0
62802,1
62803,0
62804,0
62805,1
62806,1
62807,0
62808,0
62809,0
62810,0
62811,1
62812,1
62813,0
62814,0
62815,0
62816,0
62817,0
62818,0
62819,0
62820,0
62821,0
62822,0
62823,0
62824,1
62825,0
62826,0
62827,1
62828,0
62829,0
62830,0
62831,1
62832,1
62833,0
62834,1
62835,1
62836,1
62837,0
62838,0
62839,0
62840,0
62841,0
62842,0
62843,0
62844,0
62845,0
62846,0
62847,0
62848,0
62849,0
62850,0
62851,1
62852,1
62853,1
62854,1
62855,0
62856,0
62857,0
62858,0
62859,0
62860,1
62861,0
62862,0
62863,1
62864,0
62865,0
62866,0
62867,0
62868,0
62869,0
62870,0
62871,0
62872,1
62873,0
62874,0
62875,0
62876,0
62877,0
62878,0
62879,0
62880,0
62881,0
62882,0
62883,1
62884,1
62885,0
62886,1
62887,1
62888,0
62889,0
62890,0
62891,0
62892,0
62893,1
62894,0
62895,0
62896,0
62897,0
62898,1
62899,0
62900,0
62901,0
62902,0
62903,0
62904,0
62905,0
62906,0
62907,0
62908,0
62909,0
62910,1
62911,1
62912,1
62913,0
62914,1
62915,1
62916,0
62917,0
62918,1
62919,0
62920,0
62921,0
62922,1
62923,0
62924,0
62925,0
62926,0
62927,0
62928,0
62929,0
62930,0
62931,0
62932,0
62933,0
62934,0
62935,0
62936,0
62937,0
62938,0
62939,0
62940,0
62941,1
62942,1
62943,1
62944,0
62945,0
62946,0
62947,1
62948,0
62949,1
62950,0
62951,0
62952,0
62953,0
62954,0
62955,1
62956,0
62957,0
62958,0
62959,0
62960,0
62961,1
62962,0
62963,0
62964,0
62965,0
62966,0
62967,0
62968,0
62969,1
62970,0
62971,1
62972,0
62973,0
62974,0
62975,0
62976,0
62977,0
62978,1
62979,0
62980,0
62981,1
62982,0
62983,0
62984,0
62985,0
62986,0
62987,0
62988,1
62989,1
62990,1
62991,0
62992,0
62993,0
62994,0
62995,1
62996,0
62997,1
62998,0
62999,0
63000,0
63001,0
63002,0
63003,0
63004,0
63005,0
63006,0
63007,0
63008,1
63009,0
63010,1
63011,1
63012,0
63013,1
63014,0
63015,0
63016,1
63017,1
63018,0
63019,0
63020,0
63021,0
63022,0
63023,1
63024,0
63025,0
63026,0
63027,1
63028,0
63029,0
63030,1
63031,0
63032,0
63033,0
63034,0
63035,0
63036,1
63037,0
63038,0
63039,0
63040,0
63041,0
63042,0
63043,0
63044,0
63045,1
63046,1
63047,0
63048,0
63049,1
63050,0
63051,1
63052,1
63053,0
63054,1
63055,0
63056,0
63057,0
63058,0
63059,1
63060,1
63061,0
63062,1
63063,1
63064,0
63065,0
63066,0
63067,1
63068,0
63069,0
63070,0
63071,1
63072,1
63073,0
63074,0
63075,0
63076,0
63077,0
63078,0
63079,0
63080,0
63081,1
63082,0
63083,0
63084,0
63085,0
63086,1
63087,0
63088,0
63089,0
63090,0
63091,0
63092,1
63093,1
63094,0
63095,1
63096,0
63097,0
63098,1
63099,0
63100,0
63101,0
63102,0
63103,1
63104,0
63105,1
63106,0
63107,0
63108,1
63109,0
63110,0
63111,0
63112,0
63113,1
63114,1
63115,1
63116,0
63117,0
63118,0
63119,1
63120,0
63121,1
63122,0
63123,0
63124,0
63125,0
63126,0
63127,0
63128,0
63129,1
63130,0
63131,0
63132,0
63133,1
63134,1
63135,0
63136,1
63137,1
63138,0
63139,0
63140,0
63141,0
63142,0
63143,0
63144,0
63145,1
63146,0
63147,0
63148,0
63149,0
63150,1
63151,0
63152,0
63153,1
63154,0
63155,0
63156,0
63157,0
63158,0
63159,0
63160,0
63161,1
63162,0
63163,0
63164,0
63165,0
63166,0
63167,0
63168,1
63169,0
63170,1
63171,0
63172,0
63173,0
63174,0
63175,0
63176,1
63177,1
63178,0
63179,0
63180,0
63181,0
63182,0
63183,1
63184,0
63185,1
63186,0
63187,0
63188,1
63189,1
63190,1
63191,1
63192,0
63193,0
63194,1
63195,1
63196,1
63197,0
63198,1
63199,0
63200,1
63201,1
63202,1
63203,0
63204,1
63205,0
63206,1
63207,0
63208,1
63209,0
63210,0
63211,0
63212,0
63213,1
63214,0
63215,1
63216,1
63217,0
63218,1
63219,0
63220,1
63221,0
63222,0
63223,1
63224,0
63225,0
63226,1
63227,0
63228,1
63229,0
63230,1
63231,1
63232,0
63233,0
63234,1
63235,1
63236,1
63237,0
63238,0
63239,1
63240,0
63241,0
63242,1
63243,0
63244,0
63245,1
63246,1
63247,0
63248,0
63249,1
63250,1
63251,0
63252,0
63253,1
63254,1
63255,1
63256,1
63257,0
63258,0
63259,0
63260,0
63261,1
63262,0
63263,1
63264,0
63265,0
63266,0
63267,0
63268,0
63269,1
63270,0
63271,1
63272,0
63273,0
63274,0
63275,0
63276,0
63277,0
63278,0
63279,1
63280,0
63281,0
63282,0
63283,0
63284,0
63285,0
63286,0
63287,0
63288,1
63289,0
63290,1
63291,0
63292,0
63293,0
63294,1
63295,1
63296,1
63297,0
63298,0
63299,0
63300,0
63301,1
63302,0
63303,1
63304,1
63305,1
63306,0
63307,0
63308,0
63309,0
63310,0
63311,0
63312,0
63313,1
63314,0
63315,0
63316,0
63317,0
63318,0
63319,1
63320,0
63321,0
63322,0
63323,0
63324,1
63325,0
63326,1
63327,1
63328,0
63329,0
63330,0
63331,0
63332,1
63333,0
63334,0
63335,0
63336,1
63337,0
63338,0
63339,0
63340,0
63341,0
63342,0
63343,0
63344,1
63345,1
63346,1
63347,1
63348,0
63349,0
63350,0
63351,1
63352,0
63353,0
63354,0
63355,0
63356,0
63357,0
63358,0
63359,0
63360,1
63361,0
63362,0
63363,0
63364,1
63365,1
63366,0
63367,0
63368,0
63369,0
63370,0
63371,0
63372,0
63373,1
63374,0
63375,1
63376,1
63377,0
63378,0
63379,1
63380,0
63381,0
63382,0
63383,0
63384,0
63385,0
63386,0
63387,0
63388,0
63389,0
63390,0
63391,1
63392,0
63393,0
63394,1
63395,1
63396,1
63397,1
63398,1
63399,0
63400,1
63401,1
63402,0
63403,0
63404,1
63405,0
63406,0
63407,0
63408,1
63409,0
63410,1
63411,0
63412,1
63413,0
63414,0
63415,0
63416,0
63417,0
63418,1
63419,0
63420,0
63421,0
63422,1
63423,0
63424,1
63425,0
63426,1
63427,0
63428,1
63429,0
63430,0
63431,0
63432,1
63433,0
63434,1
63435,0
63436,1
63437,0
63438,1
63439,0
63440,0
63441,1
63442,1
63443,1
63444,0
63445,0
63446,1
63447,0
63448,0
63449,0
63450,0
63451,0
63452,0
63453,0
63454,1
63455,0
63456,0
63457,1
63458,0
63459,0
63460,1
63461,0
63462,0
63463,1
63464,0
63465,1
63466,1
63467,0
63468,0
63469,0
63470,0
63471,0
63472,0
63473,1
63474,0
63475,1
63476,0
63477,0
63478,0
63479,0
63480,1
63481,0
63482,0
63483,1
63484,1
63485,1
63486,1
63487,1
63488,1
63489,0
63490,0
63491,1
63492,0
63493,0
63494,0
63495,1
63496,0
63497,0
63498,0
63499,0
63500,0
63501,0
63502,0
63503,0
63504,0
63505,0
63506,1
63507,1
63508,1
63509,0
63510,1
63511,1
63512,1
63513,0
63514,0
63515,0
63516,1
63517,0
63518,0
63519,1
63520,1
63521,0
63522,1
63523,0
63524,1
63525,1
63526,0
63527,1
63528,0
63529,0
63530,1
63531,0
63532,1
63533,0
63534,0
63535,0
63536,0
63537,1
63538,0
63539,0
63540,0
63541,0
63542,0
63543,0
63544,0
63545,0
63546,1
63547,0
63548,0
63549,0
63550,0
63551,0
63552,0
63553,0
63554,0
63555,0
63556,0
63557,1
63558,1
63559,0
63560,0
63561,0
63562,1
63563,0
63564,1
63565,0
63566,0
63567,1
63568,0
63569,1
63570,0
63571,0
63572,0
63573,1
63574,0
63575,0
63576,1
63577,0
63578,0
63579,0
63580,1
63581,1
63582,1
63583,0
63584,0
63585,1
63586,1
63587,0
63588,0
63589,1
63590,1
63591,0
63592,1
63593,0
63594,0
63595,0
63596,1
63597,0
63598,0
63599,0
63600,1
63601,0
63602,0
63603,0
63604,0
63605,0
63606,1
63607,1
63608,0
63609,0
63610,0
63611,0
63612,0
63613,1
63614,0
63615,0
63616,0
63617,0
63618,0
63619,0
63620,1
63621,1
63622,0
63623,0
63624,0
63625,0
63626,1
63627,0
63628,0
63629,1
63630,0
63631,0
63632,0
63633,1
63634,1
63635,1
63636,0
63637,0
63638,0
63639,0
63640,0
63641,0
63642,0
63643,1
63644,1
63645,0
63646,1
63647,0
63648,0
63649,0
63650,0
63651,0
63652,0
63653,0
63654,0
63655,0
63656,1
63657,0
63658,0
63659,0
63660,1
63661,0
63662,1
63663,0
63664,0
63665,1
63666,0
63667,1
63668,0
63669,0
63670,0
63671,0
63672,0
63673,0
63674,1
63675,0
63676,1
63677,1
63678,1
63679,1
63680,0
63681,0
63682,0
63683,1
63684,0
63685,1
63686,0
63687,0
63688,0
63689,1
63690,0
63691,0
63692,0
63693,0
63694,0
63695,0
63696,0
63697,0
63698,1
63699,0
63700,0
63701,1
63702,0
63703,0
63704,1
63705,0
63706,0
63707,0
63708,0
63709,1
63710,0
63711,0
63712,0
63713,0
63714,0
63715,0
63716,0
63717,0
63718,0
63719,1
63720,0
63721,1
63722,0
63723,1
63724,0
63725,0
63726,0
63727,0
63728,1
63729,0
63730,1
63731,0
63732,0
63733,0
63734,1
63735,0
63736,1
63737,1
63738,0
63739,0
63740,0
63741,0
63742,0
63743,0
63744,0
63745,0
63746,0
63747,0
63748,0
63749,1
63750,1
63751,0
63752,0
63753,0
63754,0
63755,0
63756,1
63757,1
63758,0
63759,0
63760,1
63761,0
63762,1
63763,0
63764,0
63765,0
63766,0
63767,0
63768,0
63769,0
63770,0
63771,0
63772,0
63773,0
63774,0
63775,1
63776,0
63777,0
63778,1
63779,0
63780,0
63781,0
63782,1
63783,1
63784,0
63785,1
63786,0
63787,1
63788,0
63789,0
63790,0
63791,1
63792,1
63793,1
63794,0
63795,0
63796,1
63797,0
63798,0
63799,0
63800,0
63801,1
63802,0
63803,0
63804,0
63805,0
63806,1
63807,1
63808,1
63809,1
63810,0
63811,1
63812,0
63813,0
63814,0
63815,1
63816,0
63817,0
63818,1
63819,0
63820,0
63821,1
63822,1
63823,0
63824,0
63825,0
63826,0
63827,0
63828,0
63829,0
63830,0
63831,0
63832,0
63833,0
63834,0
63835,0
63836,0
63837,1
63838,0
63839,1
63840,0
63841,0
63842,0
63843,1
63844,0
63845,0
63846,0
63847,0
63848,1
63849,0
63850,1
63851,0
63852,1
63853,1
63854,0
63855,0
63856,0
63857,0
63858,0
63859,0
63860,0
63861,0
63862,0
63863,0
63864,0
63865,1
63866,1
63867,0
63868,0
63869,0
63870,0
63871,1
63872,1
63873,1
63874,0
63875,0
63876,0
63877,0
63878,0
63879,0
63880,0
63881,0
63882,1
63883,0
63884,1
63885,1
63886,0
63887,1
63888,0
63889,0
63890,0
63891,0
63892,0
63893,1
63894,0
63895,1
63896,0
63897,0
63898,0
63899,1
63900,1
63901,0
63902,1
63903,0
63904,0
63905,1
63906,0
63907,0
63908,0
63909,1
63910,0
63911,0
63912,0
63913,0
63914,0
63915,0
63916,0
63917,0
63918,0
63919,0
63920,0
63921,1
63922,0
63923,0
63924,0
63925,0
63926,1
63927,0
63928,1
63929,0
63930,0
63931,0
63932,1
63933,0
63934,1
63935,1
63936,0
63937,1
63938,0
63939,0
63940,0
63941,0
63942,1
63943,1
63944,0
63945,0
63946,0
63947,0
63948,0
63949,0
63950,0
63951,0
63952,0
63953,1
63954,0
63955,0
63956,0
63957,0
63958,1
63959,0
63960,0
63961,0
63962,0
63963,0
63964,1
63965,1
63966,1
63967,0
63968,1
63969,0
63970,1
63971,0
63972,0
63973,0
63974,1
63975,0
63976,0
63977,1
63978,1
63979,0
63980,0
63981,0
63982,0
63983,0
63984,1
63985,0
63986,0
63987,0
63988,1
63989,0
63990,1
63991,1
63992,1
63993,0
63994,0
63995,1
63996,0
63997,0
63998,1
63999,1
64000,1
64001,1
64002,1
64003,1
64004,0
64005,0
64006,0
64007,1
64008,0
64009,0
64010,0
64011,1
64012,0
64013,0
64014,0
64015,0
64016,1
64017,0
64018,0
64019,0
64020,0
64021,0
64022,1
64023,0
64024,0
64025,0
64026,0
64027,1
64028,1
64029,0
64030,1
64031,0
64032,0
64033,0
64034,1
64035,0
64036,0
64037,0
64038,0
64039,1
64040,0
64041,1
64042,1
64043,0
64044,0
64045,1
64046,1
64047,0
64048,0
64049,0
64050,0
64051,1
64052,1
64053,1
64054,0
64055,1
64056,1
64057,1
64058,0
64059,0
64060,1
64061,0
64062,0
64063,0
64064,0
64065,0
64066,0
64067,0
64068,0
64069,0
64070,0
64071,0
64072,0
64073,0
64074,0
64075,1
64076,0
64077,0
64078,0
64079,0
64080,0
64081,1
64082,0
64083,1
64084,0
64085,0
64086,1
64087,0
64088,0
64089,0
64090,0
64091,0
64092,0
64093,1
64094,0
64095,0
64096,0
64097,0
64098,0
64099,0
64100,0
64101,1
64102,0
64103,0
64104,0
64105,1
64106,0
64107,0
64108,1
64109,0
64110,0
64111,0
64112,0
64113,1
64114,0
64115,1
64116,0
64117,0
64118,0
64119,1
64120,0
64121,0
64122,0
64123,0
64124,0
64125,1
64126,0
64127,0
64128,0
64129,0
64130,1
64131,0
64132,1
64133,1
64134,0
64135,1
64136,1
64137,0
64138,1
64139,0
64140,0
64141,0
64142,1
64143,0
64144,0
64145,1
64146,0
64147,1
64148,0
64149,0
64150,0
64151,0
64152,0
64153,0
64154,0
64155,0
64156,0
64157,0
64158,0
64159,0
64160,1
64161,1
64162,1
64163,0
64164,1
64165,0
64166,0
64167,0
64168,0
64169,1
64170,0
64171,1
64172,0
64173,0
64174,0
64175,0
64176,0
64177,0
64178,1
64179,1
64180,0
64181,1
64182,0
64183,0
64184,0
64185,1
64186,1
64187,1
64188,1
64189,1
64190,0
64191,1
64192,0
64193,0
64194,0
64195,0
64196,0
64197,0
64198,0
64199,1
64200,0
64201,0
64202,0
64203,0
64204,1
64205,0
64206,1
64207,0
64208,0
64209,1
64210,0
64211,0
64212,0
64213,1
64214,0
64215,0
64216,0
64217,0
64218,0
64219,0
64220,1
64221,0
64222,0
64223,0
64224,1
64225,1
64226,1
64227,0
64228,0
64229,0
64230,0
64231,0
64232,1
64233,1
64234,0
64235,1
64236,1
64237,1
64238,1
64239,0
64240,1
64241,0
64242,0
64243,0
64244,1
64245,1
64246,0
64247,0
64248,0
64249,0
64250,1
64251,1
64252,1
64253,1
64254,0
64255,0
64256,0
64257,0
64258,0
64259,0
64260,0
64261,0
64262,0
64263,0
64264,0
64265,0
64266,0
64267,0
64268,0
64269,0
64270,0
64271,0
64272,1
64273,1
64274,0
64275,0
64276,1
64277,0
64278,0
64279,0
64280,0
64281,1
64282,0
64283,1
64284,0
64285,0
64286,0
64287,1
64288,0
64289,0
64290,1
64291,0
64292,0
64293,1
64294,0
64295,1
64296,0
64297,0
64298,1
64299,0
64300,1
64301,0
64302,0
64303,0
64304,1
64305,0
64306,0
64307,0
64308,0
64309,0
64310,0
64311,0
64312,0
64313,0
64314,0
64315,0
64316,1
64317,0
64318,1
64319,0
64320,0
64321,1
64322,0
64323,0
64324,1
64325,1
64326,0
64327,0
64328,0
64329,0
64330,1
64331,0
64332,0
64333,0
64334,0
64335,0
64336,0
64337,0
64338,0
64339,0
64340,0
64341,1
64342,0
64343,1
64344,0
64345,0
64346,1
64347,0
64348,0
64349,0
64350,0
64351,0
64352,0
64353,0
64354,1
64355,0
64356,0
64357,1
64358,0
64359,0
64360,0
64361,0
64362,0
64363,0
64364,0
64365,0
64366,0
64367,0
64368,0
64369,0
64370,1
64371,1
64372,0
64373,1
64374,0
64375,0
64376,0
64377,0
64378,1
64379,0
64380,1
64381,0
64382,1
64383,0
64384,0
64385,1
64386,1
64387,1
64388,0
64389,1
64390,0
64391,0
64392,1
64393,0
64394,0
64395,0
64396,1
64397,0
64398,0
64399,0
64400,0
64401,0
64402,0
64403,0
64404,1
64405,0
64406,0
64407,1
64408,1
64409,1
64410,0
64411,0
64412,0
64413,0
64414,0
64415,1
64416,0
64417,0
64418,0
64419,0
64420,0
64421,0
64422,0
64423,1
64424,1
64425,0
64426,0
64427,1
64428,0
64429,0
64430,0
64431,0
64432,0
64433,1
64434,0
64435,0
64436,0
64437,1
64438,0
64439,0
64440,1
64441,0
64442,1
64443,1
64444,0
64445,1
64446,1
64447,0
64448,1
64449,0
64450,0
64451,1
64452,1
64453,0
64454,0
64455,0
64456,0
64457,0
64458,1
64459,0
64460,0
64461,1
64462,0
64463,0
64464,0
64465,0
64466,0
64467,0
64468,0
64469,0
64470,0
64471,1
64472,0
64473,1
64474,0
64475,0
64476,0
64477,0
64478,0
64479,1
64480,1
64481,1
64482,1
64483,1
64484,0
64485,1
64486,0
64487,0
64488,0
64489,1
64490,0
64491,1
64492,0
64493,1
64494,1
64495,0
64496,1
64497,1
64498,0
64499,1
64500,0
64501,0
64502,1
64503,0
64504,1
64505,0
64506,0
64507,1
64508,1
64509,0
64510,0
64511,0
64512,0
64513,0
64514,0
64515,0
64516,1
64517,0
64518,1
64519,0
64520,0
64521,0
64522,0
64523,0
64524,0
64525,1
64526,0
64527,0
64528,0
64529,1
64530,0
64531,0
64532,0
64533,1
64534,0
64535,0
64536,0
64537,0
64538,1
64539,1
64540,0
64541,1
64542,0
64543,0
64544,0
64545,0
64546,0
64547,0
64548,1
64549,0
64550,0
64551,0
64552,0
64553,1
64554,0
64555,1
64556,0
64557,0
64558,0
64559,0
64560,1
64561,0
64562,0
64563,0
64564,0
64565,0
64566,1
64567,1
64568,0
64569,1
64570,0
64571,1
64572,1
64573,0
64574,0
64575,0
64576,1
64577,0
64578,0
64579,1
64580,0
64581,0
64582,0
64583,0
64584,0
64585,0
64586,0
64587,1
64588,0
64589,1
64590,0
64591,0
64592,0
64593,0
64594,0
64595,1
64596,1
64597,0
64598,0
64599,0
64600,1
64601,0
64602,1
64603,0
64604,0
64605,0
64606,0
64607,1
64608,0
64609,0
64610,0
64611,0
64612,0
64613,0
64614,0
64615,1
64616,1
64617,1
64618,0
64619,0
64620,0
64621,0
64622,0
64623,0
64624,0
64625,0
64626,1
64627,0
64628,0
64629,0
64630,1
64631,0
64632,1
64633,0
64634,0
64635,0
64636,1
64637,0
64638,1
64639,0
64640,0
64641,0
64642,1
64643,0
64644,1
64645,1
64646,0
64647,0
64648,0
64649,1
64650,0
64651,1
64652,0
64653,0
64654,0
64655,1
64656,0
64657,1
64658,0
64659,0
64660,1
64661,0
64662,1
64663,0
64664,0
64665,0
64666,0
64667,0
64668,0
64669,0
64670,0
64671,0
64672,0
64673,0
64674,0
64675,1
64676,1
64677,0
64678,0
64679,1
64680,1
64681,0
64682,0
64683,0
64684,1
64685,0
64686,1
64687,0
64688,0
64689,0
64690,1
64691,1
64692,0
64693,0
64694,1
64695,0
64696,1
64697,0
64698,0
64699,0
64700,0
64701,0
64702,0
64703,0
64704,1
64705,0
64706,1
64707,1
64708,0
64709,0
64710,0
64711,0
64712,1
64713,0
64714,0
64715,1
64716,0
64717,0
64718,0
64719,1
64720,0
64721,0
64722,0
64723,0
64724,0
64725,0
64726,0
64727,0
64728,1
64729,0
64730,0
64731,0
64732,1
64733,0
64734,0
64735,1
64736,0
64737,0
64738,0
64739,1
64740,0
64741,0
64742,0
64743,0
64744,1
64745,0
64746,1
64747,0
64748,0
64749,0
64750,1
64751,0
64752,0
64753,1
64754,1
64755,1
64756,0
64757,0
64758,0
64759,0
64760,0
64761,0
64762,1
64763,0
64764,0
64765,1
64766,0
64767,1
64768,1
64769,1
64770,0
64771,0
64772,0
64773,0
64774,0
64775,0
64776,0
64777,1
64778,0
64779,1
64780,0
64781,1
64782,0
64783,0
64784,0
64785,0
64786,0
64787,0
64788,0
64789,1
64790,1
64791,1
64792,1
64793,0
64794,0
64795,1
64796,0
64797,1
64798,0
64799,0
64800,1
64801,1
64802,0
64803,0
64804,1
64805,0
64806,0
64807,1
64808,1
64809,0
64810,1
64811,0
64812,0
64813,0
64814,1
64815,0
64816,0
64817,0
64818,0
64819,1
64820,0
64821,0
64822,1
64823,0
64824,1
64825,0
64826,0
64827,1
64828,0
64829,0
64830,1
64831,0
64832,1
64833,1
64834,1
64835,0
64836,0
64837,0
64838,0
64839,1
64840,0
64841,0
64842,0
64843,0
64844,1
64845,0
64846,1
64847,0
64848,0
64849,0
64850,0
64851,1
64852,0
64853,1
64854,0
64855,1
64856,1
64857,0
64858,1
64859,0
64860,0
64861,0
64862,1
64863,1
64864,0
64865,1
64866,0
64867,0
64868,0
64869,0
64870,0
64871,1
64872,0
64873,1
64874,0
64875,0
64876,0
64877,1
64878,0
64879,0
64880,0
64881,0
64882,0
64883,0
64884,0
64885,1
64886,1
64887,0
64888,0
64889,0
64890,0
64891,0
64892,0
64893,0
64894,0
64895,0
64896,0
64897,1
64898,0
64899,0
64900,1
64901,0
64902,1
64903,0
64904,0
64905,0
64906,1
64907,1
64908,0
64909,0
64910,0
64911,0
64912,1
64913,0
64914,1
64915,0
64916,0
64917,0
64918,1
64919,0
64920,0
64921,0
64922,0
64923,1
64924,1
64925,1
64926,1
64927,0
64928,0
64929,0
64930,0
64931,0
64932,0
64933,1
64934,1
64935,0
64936,1
64937,0
64938,0
64939,0
64940,0
64941,0
64942,1
64943,0
64944,0
64945,0
64946,0
64947,0
64948,0
64949,0
64950,0
64951,0
64952,1
64953,0
64954,1
64955,0
64956,1
64957,0
64958,0
64959,0
64960,0
64961,1
64962,1
64963,0
64964,1
64965,1
64966,0
64967,0
64968,0
64969,0
64970,0
64971,1
64972,0
64973,0
64974,1
64975,0
64976,1
64977,1
64978,0
64979,0
64980,0
64981,1
64982,0
64983,1
64984,0
64985,0
64986,1
64987,0
64988,1
64989,0
64990,1
64991,0
64992,1
64993,0
64994,0
64995,0
64996,0
64997,0
64998,1
64999,0
65000,0
65001,0
65002,0
65003,0
65004,0
65005,0
65006,0
65007,0
65008,1
65009,1
65010,0
65011,1
65012,0
65013,1
65014,0
65015,1
65016,1
65017,0
65018,1
65019,1
65020,0
65021,1
65022,0
65023,0
65024,0
65025,0
65026,0
65027,0
65028,1
65029,0
65030,0
65031,0
65032,0
65033,0
65034,1
65035,1
65036,0
65037,1
65038,0
65039,0
65040,0
65041,0
65042,0
65043,0
65044,1
65045,0
65046,1
65047,0
65048,1
65049,1
65050,0
65051,1
65052,1
65053,1
65054,0
65055,0
65056,0
65057,1
65058,0
65059,0
65060,0
65061,0
65062,0
65063,0
65064,0
65065,0
65066,0
65067,0
65068,1
65069,0
65070,1
65071,0
65072,0
65073,1
65074,0
65075,1
65076,0
65077,0
65078,0
65079,0
65080,0
65081,1
65082,1
65083,0
65084,0
65085,0
65086,0
65087,0
65088,1
65089,0
65090,0
65091,0
65092,0
65093,0
65094,0
65095,1
65096,0
65097,0
65098,1
65099,0
65100,0
65101,0
65102,0
65103,1
65104,0
65105,0
65106,0
65107,1
65108,0
65109,0
65110,0
65111,0
65112,0
65113,1
65114,1
65115,1
65116,0
65117,0
65118,0
65119,0
65120,0
65121,0
65122,0
65123,0
65124,0
65125,1
65126,0
65127,0
65128,1
65129,0
65130,0
65131,0
65132,0
65133,0
65134,1
65135,0
65136,1
65137,0
65138,0
65139,1
65140,0
65141,0
65142,1
65143,0
65144,0
65145,1
65146,0
65147,1
65148,0
65149,0
65150,0
65151,0
65152,0
65153,1
65154,0
65155,0
65156,1
65157,0
65158,0
65159,0
65160,1
65161,0
65162,0
65163,0
65164,1
65165,0
65166,0
65167,0
65168,0
65169,0
65170,1
65171,0
65172,0
65173,0
65174,0
65175,1
65176,0
65177,1
65178,1
65179,0
65180,0
65181,0
65182,0
65183,0
65184,1
65185,0
65186,0
65187,0
65188,1
65189,0
65190,1
65191,0
65192,0
65193,1
65194,0
65195,1
65196,0
65197,1
65198,1
65199,0
65200,0
65201,0
65202,1
65203,0
65204,1
65205,0
65206,0
65207,0
65208,0
65209,0
65210,1
65211,0
65212,0
65213,0
65214,1
65215,0
65216,0
65217,1
65218,0
65219,0
65220,1
65221,1
65222,0
65223,1
65224,1
65225,0
65226,1
65227,1
65228,0
65229,0
65230,0
65231,0
65232,0
65233,0
65234,0
65235,1
65236,0
65237,0
65238,0
65239,0
65240,1
65241,0
65242,1
65243,0
65244,1
65245,1
65246,0
65247,0
65248,0
65249,0
65250,0
65251,0
65252,0
65253,0
65254,1
65255,1
65256,0
65257,0
65258,1
65259,1
65260,0
65261,0
65262,0
65263,0
65264,0
65265,0
65266,0
65267,1
65268,0
65269,0
65270,0
65271,0
65272,0
65273,0
65274,1
65275,1
65276,0
65277,0
65278,0
65279,0
65280,0
65281,0
65282,0
65283,0
65284,1
65285,0
65286,0
65287,0
65288,1
65289,1
65290,1
65291,1
65292,1
65293,0
65294,1
65295,0
65296,0
65297,0
65298,0
65299,1
65300,0
65301,0
65302,0
65303,0
65304,0
65305,0
65306,1
65307,0
65308,1
65309,0
65310,0
65311,1
65312,0
65313,0
65314,0
65315,0
65316,0
65317,0
65318,0
65319,0
65320,1
65321,1
65322,0
65323,1
65324,1
65325,0
65326,1
65327,0
65328,0
65329,0
65330,1
65331,0
65332,0
65333,1
65334,0
65335,1
65336,0
65337,0
65338,0
65339,0
65340,1
65341,1
65342,1
65343,0
65344,0
65345,1
65346,1
65347,0
65348,0
65349,0
65350,1
65351,0
65352,0
65353,0
65354,0
65355,0
65356,0
65357,0
65358,0
65359,0
65360,0
65361,0
65362,0
65363,0
65364,1
65365,0
65366,0
65367,1
65368,1
65369,0
65370,1
65371,0
65372,0
65373,0
65374,1
65375,0
65376,0
65377,1
65378,0
65379,0
65380,0
65381,0
65382,0
65383,1
65384,0
65385,0
65386,0
65387,0
65388,0
65389,0
65390,1
65391,1
65392,0
65393,0
65394,0
65395,1
65396,1
65397,0
65398,0
65399,0
65400,0
65401,0
65402,0
65403,0
65404,0
65405,0
65406,0
65407,1
65408,0
65409,1
65410,1
65411,1
65412,0
65413,1
65414,0
65415,0
65416,1
65417,0
65418,0
65419,0
65420,1
65421,0
65422,0
65423,0
65424,0
65425,0
65426,0
65427,0
65428,0
65429,1
65430,0
65431,0
65432,0
65433,1
65434,1
65435,1
65436,0
65437,1
65438,0
65439,0
65440,0
65441,1
65442,1
65443,0
65444,0
65445,1
65446,0
65447,1
65448,0
65449,0
65450,0
65451,0
65452,1
65453,1
65454,0
65455,1
65456,1
65457,0
65458,1
65459,1
65460,0
65461,0
65462,1
65463,1
65464,1
65465,0
65466,0
65467,0
65468,0
65469,0
65470,1
65471,1
65472,0
65473,0
65474,0
65475,0
65476,0
65477,1
65478,0
65479,0
65480,0
65481,0
65482,0
65483,1
65484,0
65485,0
65486,0
65487,0
65488,0
65489,0
65490,0
65491,0
65492,1
65493,1
65494,0
65495,0
65496,0
65497,0
65498,0
65499,0
65500,0
65501,0
65502,0
65503,0
65504,0
65505,0
65506,0
65507,1
65508,1
65509,0
65510,0
65511,0
65512,0
65513,0
65514,0
65515,0
65516,1
65517,0
65518,0
65519,0
65520,0
65521,0
65522,0
65523,0
65524,1
65525,1
65526,0
65527,0
65528,1
65529,0
65530,0
65531,0
65532,1
65533,1
65534,0
65535,0
65536,0
65537,0
65538,0
65539,0
65540,0
65541,1
65542,1
65543,0
65544,0
65545,0
65546,1
65547,1
65548,0
65549,1
65550,1
65551,0
65552,1
65553,1
65554,1
65555,1
65556,0
65557,0
65558,1
65559,0
65560,1
65561,0
65562,1
65563,0
65564,1
65565,0
65566,0
65567,0
65568,0
65569,1
65570,1
65571,1
65572,0
65573,0
65574,0
65575,0
65576,0
65577,1
65578,0
65579,0
65580,0
65581,0
65582,0
65583,1
65584,0
65585,1
65586,0
65587,1
65588,1
65589,0
65590,0
65591,0
65592,0
65593,0
65594,1
65595,1
65596,0
65597,0
65598,1
65599,1
65600,1
65601,0
65602,1
65603,1
65604,0
65605,0
65606,1
65607,1
65608,0
65609,1
65610,0
65611,0
65612,1
65613,0
65614,0
65615,0
65616,0
65617,0
65618,0
65619,0
65620,0
65621,0
65622,0
65623,0
65624,0
65625,1
65626,1
65627,0
65628,0
65629,1
65630,0
65631,0
65632,0
65633,0
65634,0
65635,0
65636,1
65637,0
65638,0
65639,1
65640,0
65641,0
65642,0
65643,1
65644,0
65645,1
65646,0
65647,0
65648,0
65649,0
65650,0
65651,0
65652,1
65653,1
65654,0
65655,0
65656,0
65657,1
65658,0
65659,1
65660,0
65661,0
65662,1
65663,0
65664,1
65665,1
65666,0
65667,1
65668,0
65669,0
65670,0
65671,0
65672,0
65673,1
65674,0
65675,0
65676,0
65677,0
65678,0
65679,1
65680,1
65681,1
65682,0
65683,0
65684,1
65685,1
65686,0
65687,0
65688,1
65689,0
65690,0
65691,1
65692,0
65693,0
65694,0
65695,0
65696,0
65697,1
65698,0
65699,1
65700,1
65701,0
65702,0
65703,0
65704,1
65705,1
65706,0
65707,0
65708,0
65709,1
65710,0
65711,0
65712,0
65713,0
65714,1
65715,0
65716,0
65717,1
65718,1
65719,0
65720,0
65721,0
65722,1
65723,0
65724,0
65725,0
65726,1
65727,0
65728,1
65729,0
65730,1
65731,0
65732,0
65733,1
65734,0
65735,0
65736,0
65737,1
65738,1
65739,0
65740,0
65741,0
65742,0
65743,0
65744,1
65745,1
65746,0
65747,0
65748,1
65749,0
65750,1
65751,0
65752,1
65753,0
65754,0
65755,1
65756,0
65757,1
65758,1
65759,0
65760,0
65761,0
65762,0
65763,0
65764,1
65765,0
65766,1
65767,0
65768,0
65769,1
65770,1
65771,0
65772,0
65773,0
65774,0
65775,0
65776,0
65777,1
65778,1
65779,0
65780,0
65781,1
65782,1
65783,0
65784,0
65785,1
65786,0
65787,0
65788,0
65789,1
65790,1
65791,0
65792,0
65793,0
65794,0
65795,1
65796,0
65797,1
65798,0
65799,1
65800,0
65801,1
65802,1
65803,0
65804,0
65805,0
65806,0
65807,0
65808,0
65809,0
65810,0
65811,0
65812,0
65813,0
65814,1
65815,0
65816,0
65817,0
65818,0
65819,1
65820,0
65821,0
65822,0
65823,0
65824,0
65825,1
65826,0
65827,1
65828,0
65829,0
65830,0
65831,0
65832,1
65833,0
65834,1
65835,1
65836,0
65837,0
65838,0
65839,0
65840,0
65841,0
65842,0
65843,0
65844,1
65845,0
65846,0
65847,0
65848,1
65849,0
65850,1
65851,1
65852,0
65853,0
65854,0
65855,0
65856,0
65857,0
65858,0
65859,0
65860,0
65861,0
65862,0
65863,0
65864,1
65865,0
65866,0
65867,0
65868,1
65869,0
65870,0
65871,1
65872,0
65873,0
65874,0
65875,0
65876,0
65877,0
65878,0
65879,0
65880,1
65881,1
65882,1
65883,0
65884,1
65885,0
65886,0
65887,0
65888,0
65889,0
65890,0
65891,0
65892,0
65893,0
65894,0
65895,0
65896,0
65897,1
65898,0
65899,0
65900,1
65901,0
65902,0
65903,0
65904,1
65905,1
65906,0
65907,1
65908,0
65909,1
65910,1
65911,0
65912,0
65913,0
65914,0
65915,0
65916,0
65917,1
65918,0
65919,0
65920,1
65921,0
65922,0
65923,0
65924,0
65925,0
65926,0
65927,0
65928,0
65929,0
65930,0
65931,1
65932,0
65933,1
65934,0
65935,1
65936,0
65937,0
65938,0
65939,0
65940,0
65941,1
65942,0
65943,1
65944,1
65945,0
65946,0
65947,0
65948,1
65949,0
65950,0
65951,1
65952,0
65953,0
65954,0
65955,1
65956,0
65957,0
65958,0
65959,0
65960,0
65961,0
65962,1
65963,0
65964,1
65965,1
65966,1
65967,0
65968,1
65969,0
65970,0
65971,0
65972,1
65973,0
65974,0
65975,0
65976,1
65977,0
65978,0
65979,1
65980,0
65981,1
65982,1
65983,1
65984,0
65985,0
65986,0
65987,0
65988,0
65989,0
65990,0
65991,0
65992,0
65993,0
65994,0
65995,0
65996,1
65997,0
65998,1
65999,1
66000,0
66001,1
66002,0
66003,0
66004,1
66005,0
66006,0
66007,1
66008,0
66009,0
66010,0
66011,1
66012,0
66013,0
66014,0
66015,1
66016,0
66017,0
66018,0
66019,0
66020,0
66021,1
66022,0
66023,0
66024,0
66025,1
66026,0
66027,1
66028,1
66029,0
66030,1
66031,0
66032,0
66033,1
66034,0
66035,0
66036,1
66037,1
66038,0
66039,1
66040,0
66041,0
66042,0
66043,0
66044,0
66045,1
66046,1
66047,0
66048,1
66049,0
66050,1
66051,0
66052,0
66053,0
66054,0
66055,0
66056,0
66057,0
66058,0
66059,0
66060,0
66061,0
66062,1
66063,1
66064,0
66065,0
66066,0
66067,1
66068,1
66069,0
66070,0
66071,1
66072,1
66073,0
66074,0
66075,0
66076,0
66077,0
66078,1
66079,0
66080,1
66081,0
66082,1
66083,0
66084,0
66085,0
66086,0
66087,1
66088,0
66089,0
66090,1
66091,0
66092,0
66093,0
66094,0
66095,0
66096,0
66097,0
66098,0
66099,0
66100,0
66101,1
66102,1
66103,1
66104,0
66105,0
66106,0
66107,0
66108,0
66109,1
66110,0
66111,0
66112,0
66113,0
66114,0
66115,1
66116,0
66117,0
66118,0
66119,0
66120,0
66121,0
66122,1
66123,0
66124,1
66125,1
66126,1
66127,0
66128,0
66129,1
66130,0
66131,0
66132,0
66133,1
66134,0
66135,1
66136,0
66137,1
66138,0
66139,0
66140,0
66141,0
66142,1
66143,1
66144,1
66145,0
66146,0
66147,0
66148,0
66149,1
66150,1
66151,1
66152,0
66153,0
66154,0
66155,0
66156,1
66157,0
66158,0
66159,0
66160,0
66161,0
66162,0
66163,0
66164,1
66165,0
66166,1
66167,1
66168,0
66169,1
66170,0
66171,0
66172,0
66173,0
66174,0
66175,0
66176,0
66177,1
66178,1
66179,0
66180,0
66181,0
66182,0
66183,1
66184,0
66185,0
66186,1
66187,0
66188,1
66189,1
66190,0
66191,0
66192,0
66193,0
66194,1
66195,0
66196,0
66197,0
66198,0
66199,0
66200,1
66201,0
66202,1
66203,0
66204,0
66205,0
66206,1
66207,0
66208,0
66209,0
66210,0
66211,0
66212,1
66213,0
66214,0
66215,0
66216,1
66217,1
66218,0
66219,0
66220,0
66221,1
66222,0
66223,1
66224,0
66225,0
66226,1
66227,0
66228,0
66229,1
66230,0
66231,1
66232,1
66233,0
66234,0
66235,0
66236,0
66237,0
66238,1
66239,1
66240,0
66241,0
66242,1
66243,0
66244,0
66245,1
66246,1
66247,1
66248,0
66249,1
66250,1
66251,0
66252,0
66253,0
66254,0
66255,1
66256,1
66257,0
66258,0
66259,1
66260,0
66261,0
66262,0
66263,0
66264,1
66265,1
66266,1
66267,0
66268,0
66269,0
66270,1
66271,0
66272,0
66273,0
66274,0
66275,1
66276,0
66277,0
66278,0
66279,1
66280,0
66281,0
66282,0
66283,1
66284,0
66285,0
66286,1
66287,1
66288,0
66289,1
66290,0
66291,0
66292,0
66293,1
66294,0
66295,1
66296,0
66297,0
66298,0
66299,0
66300,0
66301,1
66302,0
66303,1
66304,0
66305,0
66306,1
66307,1
66308,0
66309,0
66310,1
66311,0
66312,0
66313,1
66314,0
66315,0
66316,0
66317,1
66318,0
66319,1
66320,0
66321,0
66322,0
66323,0
66324,1
66325,0
66326,0
66327,0
66328,1
66329,0
66330,0
66331,0
66332,0
66333,0
66334,0
66335,1
66336,0
66337,0
66338,1
66339,0
66340,1
66341,0
66342,1
66343,0
66344,1
66345,0
66346,0
66347,0
66348,1
66349,0
66350,0
66351,0
66352,0
66353,0
66354,0
66355,1
66356,0
66357,1
66358,0
66359,0
66360,0
66361,1
66362,0
66363,1
66364,0
66365,0
66366,0
66367,1
66368,0
66369,0
66370,0
66371,1
66372,0
66373,0
66374,0
66375,0
66376,0
66377,0
66378,0
66379,0
66380,1
66381,1
66382,0
66383,1
66384,1
66385,0
66386,0
66387,1
66388,0
66389,1
66390,0
66391,1
66392,0
66393,0
66394,0
66395,0
66396,1
66397,0
66398,1
66399,1
66400,0
66401,0
66402,1
66403,1
66404,1
66405,0
66406,0
66407,0
66408,0
66409,0
66410,1
66411,0
66412,0
66413,1
66414,0
66415,0
66416,0
66417,0
66418,0
66419,0
66420,1
66421,0
66422,1
66423,1
66424,1
66425,0
66426,0
66427,0
66428,0
66429,1
66430,1
66431,0
66432,0
66433,0
66434,0
66435,1
66436,0
66437,1
66438,0
66439,0
66440,1
66441,1
66442,1
66443,0
66444,0
66445,0
66446,1
66447,0
66448,0
66449,0
66450,0
66451,0
66452,0
66453,1
66454,0
66455,0
66456,0
66457,0
66458,1
66459,1
66460,0
66461,0
66462,1
66463,0
66464,1
66465,0
66466,0
66467,0
66468,1
66469,0
66470,0
66471,0
66472,1
66473,0
66474,0
66475,0
66476,1
66477,0
66478,1
66479,1
66480,0
66481,1
66482,0
66483,0
66484,0
66485,0
66486,0
66487,1
66488,0
66489,1
66490,0
66491,0
66492,0
66493,0
66494,0
66495,0
66496,0
66497,1
66498,0
66499,0
66500,0
66501,0
66502,1
66503,0
66504,1
66505,0
66506,0
66507,0
66508,0
66509,0
66510,0
66511,0
66512,0
66513,1
66514,0
66515,0
66516,0
66517,1
66518,0
66519,0
66520,1
66521,0
66522,1
66523,0
66524,1
66525,1
66526,1
66527,0
66528,1
66529,0
66530,0
66531,1
66532,1
66533,1
66534,1
66535,0
66536,0
66537,0
66538,0
66539,0
66540,0
66541,0
66542,0
66543,1
66544,0
66545,1
66546,0
66547,1
66548,1
66549,0
66550,0
66551,0
66552,0
66553,1
66554,0
66555,1
66556,0
66557,1
66558,1
66559,0
66560,1
66561,0
66562,0
66563,0
66564,0
66565,0
66566,0
66567,0
66568,1
66569,1
66570,1
66571,0
66572,0
66573,0
66574,0
66575,0
66576,0
66577,0
66578,1
66579,0
66580,1
66581,0
66582,1
66583,0
66584,0
66585,0
66586,0
66587,0
66588,1
66589,1
66590,0
66591,1
66592,1
66593,0
66594,0
66595,0
66596,0
66597,1
66598,1
66599,0
66600,0
66601,0
66602,0
66603,0
66604,0
66605,0
66606,1
66607,0
66608,0
66609,0
66610,1
66611,0
66612,0
66613,0
66614,1
66615,1
66616,0
66617,0
66618,0
66619,0
66620,1
66621,1
66622,1
66623,0
66624,1
66625,0
66626,1
66627,0
66628,0
66629,0
66630,0
66631,1
66632,1
66633,1
66634,1
66635,1
66636,1
66637,0
66638,1
66639,0
66640,1
66641,0
66642,1
66643,0
66644,0
66645,0
66646,0
66647,0
66648,1
66649,0
66650,0
66651,0
66652,0
66653,0
66654,1
66655,0
66656,1
66657,0
66658,1
66659,0
66660,0
66661,1
66662,0
66663,1
66664,0
66665,1
66666,0
66667,0
66668,0
66669,1
66670,0
66671,0
66672,0
66673,0
66674,1
66675,0
66676,1
66677,0
66678,0
66679,0
66680,0
66681,0
66682,0
66683,0
66684,0
66685,0
66686,0
66687,0
66688,0
66689,1
66690,1
66691,0
66692,1
66693,0
66694,0
66695,0
66696,1
66697,1
66698,0
66699,0
66700,0
66701,1
66702,0
66703,1
66704,0
66705,0
66706,0
66707,0
66708,0
66709,0
66710,1
66711,0
66712,1
66713,1
66714,0
66715,0
66716,0
66717,0
66718,1
66719,0
66720,1
66721,0
66722,0
66723,0
66724,0
66725,1
66726,0
66727,0
66728,0
66729,0
66730,0
66731,1
66732,0
66733,1
66734,0
66735,0
66736,1
66737,0
66738,0
66739,0
66740,1
66741,1
66742,1
66743,1
66744,1
66745,1
66746,1
66747,0
66748,0
66749,1
66750,0
66751,0
66752,0
66753,1
66754,0
66755,1
66756,1
66757,0
66758,1
66759,1
66760,0
66761,0
66762,1
66763,0
66764,0
66765,0
66766,0
66767,0
66768,0
66769,0
66770,0
66771,0
66772,0
66773,0
66774,0
66775,0
66776,1
66777,0
66778,0
66779,0
66780,0
66781,0
66782,1
66783,0
66784,1
66785,1
66786,0
66787,0
66788,0
66789,0
66790,0
66791,1
66792,0
66793,1
66794,0
66795,0
66796,0
66797,0
66798,0
66799,1
66800,1
66801,0
66802,0
66803,0
66804,1
66805,0
66806,0
66807,0
66808,0
66809,0
66810,1
66811,0
66812,0
66813,0
66814,1
66815,1
66816,0
66817,0
66818,0
66819,1
66820,0
66821,1
66822,0
66823,0
66824,0
66825,1
66826,0
66827,1
66828,0
66829,0
66830,0
66831,0
66832,1
66833,1
66834,1
66835,1
66836,0
66837,1
66838,1
66839,0
66840,0
66841,1
66842,1
66843,0
66844,1
66845,0
66846,1
66847,1
66848,1
66849,0
66850,0
66851,0
66852,0
66853,0
66854,0
66855,0
66856,0
66857,0
66858,1
66859,0
66860,0
66861,0
66862,0
66863,0
66864,0
66865,0
66866,0
66867,0
66868,0
66869,1
66870,1
66871,0
66872,1
66873,0
66874,1
66875,1
66876,0
66877,0
66878,1
66879,0
66880,1
66881,0
66882,0
66883,0
66884,0
66885,0
66886,1
66887,0
66888,1
66889,1
66890,1
66891,1
66892,0
66893,0
66894,0
66895,0
66896,0
66897,0
66898,0
66899,1
66900,0
66901,0
66902,0
66903,0
66904,1
66905,0
66906,1
66907,0
66908,1
66909,0
66910,0
66911,0
66912,0
66913,0
66914,1
66915,0
66916,1
66917,0
66918,0
66919,0
66920,1
66921,0
66922,1
66923,0
66924,0
66925,0
66926,1
66927,0
66928,0
66929,0
66930,0
66931,1
66932,0
66933,0
66934,1
66935,0
66936,0
66937,1
66938,1
66939,0
66940,1
66941,1
66942,1
66943,0
66944,0
66945,1
66946,0
66947,0
66948,1
66949,1
66950,0
66951,0
66952,0
66953,0
66954,0
66955,0
66956,0
66957,0
66958,1
66959,1
66960,0
66961,1
66962,0
66963,0
66964,0
66965,1
66966,0
66967,0
66968,1
66969,0
66970,0
66971,0
66972,0
66973,1
66974,0
66975,1
66976,1
66977,0
66978,0
66979,1
66980,0
66981,0
66982,0
66983,0
66984,0
66985,0
66986,1
66987,0
66988,0
66989,0
66990,0
66991,0
66992,0
66993,0
66994,0
66995,0
66996,0
66997,0
66998,0
66999,0
67000,0
67001,0
67002,0
67003,0
67004,0
67005,1
67006,0
67007,1
67008,0
67009,1
67010,1
67011,0
67012,0
67013,0
67014,1
67015,0
67016,0
67017,0
67018,0
67019,0
67020,0
67021,0
67022,0
67023,0
67024,0
67025,1
67026,0
67027,0
67028,0
67029,0
67030,0
67031,1
67032,0
67033,0
67034,1
67035,0
67036,0
67037,1
67038,0
67039,1
67040,1
67041,0
67042,0
67043,1
67044,0
67045,1
67046,1
67047,1
67048,0
67049,0
67050,0
67051,0
67052,0
67053,0
67054,1
67055,0
67056,0
67057,1
67058,0
67059,0
67060,0
67061,0
67062,0
67063,0
67064,1
67065,1
67066,0
67067,0
67068,0
67069,0
67070,0
67071,1
67072,1
67073,1
67074,0
67075,0
67076,1
67077,1
67078,0
67079,1
67080,0
67081,0
67082,0
67083,0
67084,0
67085,1
67086,0
67087,1
67088,0
67089,0
67090,0
67091,0
67092,0
67093,1
67094,0
67095,0
67096,0
67097,0
67098,1
67099,1
67100,0
67101,1
67102,0
67103,0
67104,0
67105,0
67106,0
67107,0
67108,1
67109,1
67110,0
67111,0
67112,1
67113,0
67114,0
67115,1
67116,0
67117,0
67118,1
67119,0
67120,0
67121,0
67122,0
67123,0
67124,0
67125,0
67126,1
67127,0
67128,1
67129,0
67130,0
67131,0
67132,0
67133,0
67134,1
67135,0
67136,1
67137,0
67138,0
67139,0
67140,0
67141,0
67142,0
67143,0
67144,0
67145,0
67146,0
67147,0
67148,1
67149,0
67150,0
67151,0
67152,0
67153,0
67154,1
67155,1
67156,1
67157,0
67158,1
67159,0
67160,0
67161,1
67162,0
67163,1
67164,0
67165,0
67166,1
67167,0
67168,0
67169,1
67170,1
67171,0
67172,1
67173,0
67174,1
67175,1
67176,0
67177,0
67178,0
67179,0
67180,0
67181,0
67182,0
67183,0
67184,0
67185,0
67186,0
67187,0
67188,0
67189,1
67190,0
67191,0
67192,0
67193,0
67194,0
67195,0
67196,0
67197,0
67198,0
67199,0
67200,0
67201,0
67202,1
67203,1
67204,0
67205,0
67206,0
67207,0
67208,1
67209,0
67210,1
67211,0
67212,1
67213,0
67214,0
67215,0
67216,0
67217,1
67218,1
67219,1
67220,0
67221,1
67222,1
67223,0
67224,0
67225,1
67226,0
67227,1
67228,0
67229,0
67230,1
67231,0
67232,0
67233,0
67234,1
67235,0
67236,1
67237,1
67238,0
67239,0
67240,0
67241,0
67242,0
67243,0
67244,0
67245,0
67246,1
67247,0
67248,1
67249,0
67250,0
67251,1
67252,0
67253,0
67254,1
67255,1
67256,0
67257,0
67258,0
67259,0
67260,1
67261,0
67262,0
67263,1
67264,0
67265,1
67266,0
67267,0
67268,1
67269,0
67270,0
67271,0
67272,0
67273,0
67274,0
67275,0
67276,1
67277,1
67278,1
67279,1
67280,0
67281,0
67282,0
67283,1
67284,0
67285,0
67286,1
67287,0
67288,0
67289,0
67290,0
67291,0
67292,0
67293,0
67294,1
67295,0
67296,1
67297,0
67298,0
67299,0
67300,0
67301,0
67302,0
67303,1
67304,0
67305,0
67306,1
67307,1
67308,1
67309,0
67310,1
67311,0
67312,1
67313,0
67314,0
67315,0
67316,0
67317,1
67318,1
67319,0
67320,0
67321,0
67322,0
67323,0
67324,0
67325,0
67326,0
67327,1
67328,0
67329,0
67330,0
67331,0
67332,0
67333,0
67334,0
67335,1
67336,1
67337,0
67338,1
67339,0
67340,0
67341,1
67342,0
67343,0
67344,0
67345,0
67346,0
67347,0
67348,0
67349,1
67350,0
67351,0
67352,1
67353,0
67354,0
67355,0
67356,0
67357,1
67358,0
67359,0
67360,0
67361,0
67362,0
67363,1
67364,0
67365,1
67366,0
67367,0
67368,0
67369,0
67370,0
67371,0
67372,0
67373,1
67374,1
67375,0
67376,0
67377,1
67378,0
67379,1
67380,0
67381,1
67382,1
67383,1
67384,0
67385,1
67386,0
67387,1
67388,0
67389,1
67390,1
67391,0
67392,1
67393,0
67394,0
67395,0
67396,0
67397,1
67398,0
67399,1
67400,0
67401,0
67402,1
67403,0
67404,0
67405,0
67406,0
67407,1
67408,0
67409,0
67410,0
67411,0
67412,1
67413,1
67414,0
67415,0
67416,0
67417,1
67418,0
67419,0
67420,0
67421,1
67422,0
67423,0
67424,1
67425,1
67426,1
67427,1
67428,0
67429,0
67430,0
67431,0
67432,0
67433,0
67434,1
67435,0
67436,0
67437,0
67438,0
67439,0
67440,1
67441,0
67442,0
67443,1
67444,0
67445,0
67446,0
67447,0
67448,0
67449,0
67450,0
67451,0
67452,0
67453,0
67454,0
67455,0
67456,0
67457,1
67458,0
67459,1
67460,1
67461,0
67462,1
67463,0
67464,1
67465,0
67466,1
67467,0
67468,0
67469,0
67470,0
67471,0
67472,1
67473,0
67474,0
67475,0
67476,1
67477,0
67478,0
67479,1
67480,1
67481,0
67482,1
67483,0
67484,0
67485,0
67486,0
67487,1
67488,0
67489,0
67490,0
67491,0
67492,1
67493,1
67494,0
67495,0
67496,0
67497,0
67498,0
67499,0
67500,0
67501,0
67502,1
67503,1
67504,0
67505,1
67506,0
67507,1
67508,1
67509,1
67510,0
67511,0
67512,1
67513,0
67514,0
67515,0
67516,0
67517,0
67518,1
67519,1
67520,0
67521,0
67522,0
67523,0
67524,0
67525,0
67526,1
67527,1
67528,0
67529,0
67530,0
67531,0
67532,0
67533,0
67534,0
67535,0
67536,1
67537,0
67538,1
67539,0
67540,0
67541,0
67542,1
67543,0
67544,1
67545,1
67546,0
67547,0
67548,1
67549,0
67550,0
67551,0
67552,0
67553,0
67554,1
67555,1
67556,0
67557,1
67558,1
67559,0
67560,1
67561,1
67562,0
67563,1
67564,0
67565,0
67566,1
67567,0
67568,1
67569,0
67570,1
67571,0
67572,0
67573,0
67574,0
67575,1
67576,0
67577,1
67578,0
67579,0
67580,1
67581,1
67582,0
67583,0
67584,0
67585,1
67586,0
67587,0
67588,1
67589,1
67590,0
67591,0
67592,0
67593,1
67594,0
67595,1
67596,0
67597,0
67598,1
67599,0
67600,1
67601,0
67602,0
67603,1
67604,1
67605,0
67606,1
67607,1
67608,0
67609,0
67610,0
67611,0
67612,0
67613,0
67614,0
67615,0
67616,0
67617,0
67618,0
67619,0
67620,0
67621,0
67622,1
67623,1
67624,1
67625,0
67626,1
67627,1
67628,1
67629,0
67630,0
67631,1
67632,0
67633,1
67634,0
67635,0
67636,0
67637,0
67638,0
67639,0
67640,0
67641,0
67642,0
67643,0
67644,1
67645,0
67646,0
67647,0
67648,0
67649,0
67650,0
67651,0
67652,0
67653,1
67654,0
67655,1
67656,1
67657,1
67658,0
67659,0
67660,1
67661,0
67662,0
67663,0
67664,1
67665,0
67666,0
67667,0
67668,1
67669,1
67670,0
67671,0
67672,0
67673,0
67674,1
67675,0
67676,1
67677,0
67678,0
67679,0
67680,1
67681,1
67682,0
67683,0
67684,0
67685,0
67686,0
67687,0
67688,0
67689,0
67690,0
67691,0
67692,0
67693,0
67694,0
67695,0
67696,0
67697,0
67698,0
67699,0
67700,0
67701,1
67702,1
67703,0
67704,1
67705,0
67706,1
67707,0
67708,0
67709,0
67710,0
67711,0
67712,0
67713,0
67714,0
67715,0
67716,1
67717,0
67718,1
67719,0
67720,1
67721,0
67722,0
67723,0
67724,1
67725,0
67726,0
67727,0
67728,1
67729,0
67730,1
67731,1
67732,1
67733,0
67734,1
67735,0
67736,0
67737,1
67738,0
67739,0
67740,0
67741,1
67742,0
67743,1
67744,1
67745,0
67746,0
67747,0
67748,1
67749,1
67750,0
67751,0
67752,0
67753,0
67754,0
67755,0
67756,1
67757,0
67758,1
67759,0
67760,1
67761,0
67762,0
67763,0
67764,0
67765,1
67766,0
67767,0
67768,0
67769,0
67770,0
67771,1
67772,0
67773,0
67774,0
67775,0
67776,0
67777,0
67778,1
67779,0
67780,1
67781,0
67782,0
67783,1
67784,0
67785,0
67786,1
67787,1
67788,0
67789,0
67790,0
67791,0
67792,0
67793,1
67794,0
67795,1
67796,1
67797,0
67798,0
67799,0
67800,0
67801,1
67802,1
67803,0
67804,0
67805,0
67806,0
67807,0
67808,0
67809,0
67810,0
67811,1
67812,0
67813,1
67814,0
67815,0
67816,0
67817,0
67818,0
67819,0
67820,0
67821,1
67822,0
67823,0
67824,0
67825,1
67826,0
67827,0
67828,0
67829,0
67830,0
67831,1
67832,1
67833,1
67834,1
67835,1
67836,0
67837,0
67838,1
67839,0
67840,0
67841,1
67842,1
67843,0
67844,0
67845,1
67846,1
67847,0
67848,0
67849,1
67850,0
67851,0
67852,0
67853,1
67854,0
67855,0
67856,0
67857,0
67858,0
67859,0
67860,0
67861,1
67862,1
67863,0
67864,0
67865,0
67866,0
67867,0
67868,0
67869,0
67870,1
67871,1
67872,0
67873,1
67874,0
67875,0
67876,1
67877,1
67878,0
67879,0
67880,0
67881,0
67882,0
67883,0
67884,0
67885,1
67886,0
67887,0
67888,0
67889,0
67890,1
67891,0
67892,1
67893,0
67894,0
67895,0
67896,0
67897,0
67898,1
67899,1
67900,0
67901,0
67902,0
67903,0
67904,0
67905,1
67906,1
67907,1
67908,0
67909,0
67910,0
67911,1
67912,0
67913,1
67914,1
67915,0
67916,1
67917,0
67918,0
67919,1
67920,1
67921,1
67922,1
67923,0
67924,0
67925,1
67926,1
67927,0
67928,0
67929,0
67930,1
67931,0
67932,0
67933,0
67934,0
67935,1
67936,1
67937,0
67938,0
67939,0
67940,0
67941,0
67942,0
67943,0
67944,0
67945,0
67946,0
67947,0
67948,0
67949,0
67950,0
67951,0
67952,0
67953,1
67954,0
67955,1
67956,1
67957,1
67958,1
67959,0
67960,0
67961,0
67962,1
67963,1
67964,0
67965,1
67966,0
67967,0
67968,0
67969,0
67970,0
67971,0
67972,0
67973,0
67974,0
67975,0
67976,0
67977,0
67978,0
67979,0
67980,1
67981,0
67982,1
67983,0
67984,0
67985,0
67986,0
67987,0
67988,0
67989,0
67990,0
67991,1
67992,0
67993,0
67994,0
67995,0
67996,0
67997,1
67998,1
67999,0
68000,1
68001,0
68002,0
68003,1
68004,1
68005,0
68006,0
68007,0
68008,1
68009,0
68010,1
68011,0
68012,0
68013,0
68014,0
68015,0
68016,0
68017,0
68018,0
68019,1
68020,0
68021,0
68022,0
68023,1
68024,1
68025,0
68026,0
68027,1
68028,1
68029,1
68030,1
68031,0
68032,0
68033,0
68034,0
68035,0
68036,0
68037,1
68038,1
68039,1
68040,1
68041,0
68042,1
68043,1
68044,0
68045,0
68046,0
68047,0
68048,0
68049,0
68050,0
68051,0
68052,0
68053,1
68054,0
68055,0
68056,1
68057,1
68058,0
68059,1
68060,0
68061,0
68062,0
68063,1
68064,0
68065,0
68066,0
68067,0
68068,0
68069,1
68070,0
68071,0
68072,0
68073,0
68074,0
68075,0
68076,0
68077,0
68078,1
68079,1
68080,0
68081,0
68082,0
68083,0
68084,0
68085,1
68086,0
68087,1
68088,0
68089,0
68090,0
68091,0
68092,1
68093,0
68094,1
68095,0
68096,0
68097,0
68098,1
68099,0
68100,0
68101,0
68102,0
68103,0
68104,0
68105,0
68106,0
68107,1
68108,1
68109,0
68110,0
68111,0
68112,0
68113,1
68114,0
68115,0
68116,1
68117,1
68118,0
68119,0
68120,0
68121,0
68122,0
68123,1
68124,1
68125,0
68126,0
68127,0
68128,0
68129,0
68130,0
68131,0
68132,0
68133,0
68134,0
68135,0
68136,0
68137,1
68138,0
68139,0
68140,0
68141,0
68142,0
68143,0
68144,1
68145,0
68146,0
68147,0
68148,0
68149,0
68150,1
68151,1
68152,0
68153,1
68154,1
68155,0
68156,0
68157,0
68158,1
68159,0
68160,1
68161,0
68162,0
68163,0
68164,1
68165,0
68166,0
68167,1
68168,1
68169,0
68170,0
68171,1
68172,0
68173,0
68174,0
68175,0
68176,0
68177,1
68178,0
68179,0
68180,0
68181,1
68182,0
68183,1
68184,1
68185,0
68186,1
68187,0
68188,0
68189,1
68190,0
68191,0
68192,0
68193,1
68194,0
68195,1
68196,0
68197,1
68198,0
68199,0
68200,1
68201,0
68202,0
68203,0
68204,0
68205,0
68206,0
68207,1
68208,0
68209,1
68210,1
68211,1
68212,0
68213,0
68214,1
68215,0
68216,0
68217,0
68218,1
68219,0
68220,0
68221,0
68222,0
68223,0
68224,0
68225,1
68226,0
68227,0
68228,1
68229,0
68230,1
68231,0
68232,0
68233,1
68234,0
68235,0
68236,0
68237,0
68238,1
68239,0
68240,0
68241,1
68242,0
68243,0
68244,1
68245,0
68246,0
68247,0
68248,0
68249,0
68250,0
68251,0
68252,0
68253,1
68254,0
68255,0
68256,0
68257,0
68258,1
68259,1
68260,1
68261,0
68262,1
68263,1
68264,1
68265,0
68266,1
68267,1
68268,0
68269,0
68270,1
68271,0
68272,0
68273,0
68274,0
68275,0
68276,1
68277,0
68278,0
68279,1
68280,0
68281,1
68282,1
68283,1
68284,0
68285,1
68286,0
68287,0
68288,0
68289,0
68290,0
68291,0
68292,1
68293,1
68294,0
68295,1
68296,0
68297,0
68298,1
68299,0
68300,0
68301,1
68302,0
68303,1
68304,0
68305,0
68306,0
68307,1
68308,0
68309,1
68310,1
68311,0
68312,1
68313,1
68314,0
68315,1
68316,0
68317,0
68318,0
68319,0
68320,0
68321,0
68322,0
68323,0
68324,1
68325,0
68326,1
68327,0
68328,0
68329,0
68330,1
68331,1
68332,0
68333,0
68334,0
68335,0
68336,1
68337,0
68338,0
68339,1
68340,1
68341,0
68342,0
68343,0
68344,0
68345,1
68346,1
68347,0
68348,1
68349,0
68350,1
68351,1
68352,1
68353,0
68354,1
68355,0
68356,0
68357,1
68358,0
68359,0
68360,1
68361,0
68362,1
68363,1
68364,0
68365,1
68366,0
68367,0
68368,0
68369,1
68370,0
68371,0
68372,0
68373,1
68374,0
68375,1
68376,1
68377,0
68378,0
68379,0
68380,1
68381,1
68382,1
68383,0
68384,0
68385,1
68386,1
68387,0
68388,0
68389,1
68390,0
68391,0
68392,0
68393,0
68394,0
68395,0
68396,1
68397,0
68398,0
68399,0
68400,0
68401,1
68402,0
68403,0
68404,0
68405,0
68406,0
68407,0
68408,0
68409,0
68410,1
68411,1
68412,0
68413,1
68414,1
68415,0
68416,1
68417,0
68418,0
68419,0
68420,1
68421,1
68422,1
68423,1
68424,0
68425,0
68426,1
68427,0
68428,0
68429,1
68430,0
68431,0
68432,1
68433,0
68434,0
68435,0
68436,0
68437,0
68438,0
68439,1
68440,0
68441,0
68442,0
68443,0
68444,0
68445,0
68446,0
68447,0
68448,0
68449,0
68450,1
68451,1
68452,0
68453,0
68454,0
68455,0
68456,0
68457,1
68458,0
68459,0
68460,0
68461,0
68462,0
68463,0
68464,0
68465,0
68466,0
68467,1
68468,0
68469,0
68470,0
68471,1
68472,0
68473,1
68474,0
68475,0
68476,1
68477,0
68478,0
68479,0
68480,0
68481,0
68482,0
68483,1
68484,0
68485,0
68486,1
68487,0
68488,0
68489,0
68490,0
68491,0
68492,0
68493,0
68494,0
68495,1
68496,0
68497,0
68498,0
68499,0
68500,0
68501,0
68502,0
68503,0
68504,0
68505,0
68506,1
68507,0
68508,0
68509,0
68510,0
68511,0
68512,1
68513,0
68514,1
68515,1
68516,1
68517,0
68518,0
68519,1
68520,1
68521,0
68522,0
68523,0
68524,1
68525,0
68526,1
68527,1
68528,1
68529,0
68530,0
68531,0
68532,0
68533,0
68534,1
68535,0
68536,0
68537,0
68538,1
68539,0
68540,1
68541,0
68542,1
68543,1
68544,1
68545,1
68546,1
68547,0
68548,1
68549,0
68550,1
68551,0
68552,0
68553,0
68554,0
68555,0
68556,0
68557,1
68558,0
68559,0
68560,0
68561,0
68562,0
68563,0
68564,0
68565,0
68566,0
68567,0
68568,0
68569,0
68570,1
68571,0
68572,0
68573,0
68574,1
68575,0
68576,0
68577,1
68578,0
68579,1
68580,1
68581,0
68582,0
68583,1
68584,0
68585,0
68586,0
68587,1
68588,0
68589,1
68590,1
68591,1
68592,0
68593,0
68594,0
68595,0
68596,1
68597,0
68598,0
68599,0
68600,0
68601,0
68602,0
68603,0
68604,1
68605,1
68606,1
68607,1
68608,0
68609,1
68610,0
68611,0
68612,0
68613,0
68614,0
68615,1
68616,0
68617,0
68618,1
68619,1
68620,0
68621,0
68622,0
68623,0
68624,0
68625,0
68626,0
68627,0
68628,1
68629,0
68630,0
68631,0
68632,0
68633,0
68634,0
68635,0
68636,1
68637,0
68638,0
68639,1
68640,0
68641,1
68642,0
68643,0
68644,0
68645,0
68646,0
68647,0
68648,0
68649,0
68650,0
68651,0
68652,1
68653,0
68654,0
68655,0
68656,0
68657,1
68658,0
68659,0
68660,1
68661,0
68662,0
68663,0
68664,0
68665,1
68666,1
68667,0
68668,1
68669,0
68670,0
68671,0
68672,0
68673,0
68674,0
68675,0
68676,1
68677,0
68678,0
68679,0
68680,0
68681,0
68682,0
68683,1
68684,0
68685,0
68686,0
68687,0
68688,0
68689,0
68690,1
68691,0
68692,0
68693,0
68694,1
68695,0
68696,0
68697,0
68698,0
68699,0
68700,1
68701,1
68702,1
68703,1
68704,0
68705,1
68706,0
68707,0
68708,0
68709,0
68710,1
68711,1
68712,0
68713,0
68714,0
68715,0
68716,0
68717,0
68718,0
68719,0
68720,1
68721,1
68722,0
68723,1
68724,0
68725,0
68726,0
68727,0
68728,0
68729,1
68730,0
68731,1
68732,0
68733,1
68734,0
68735,0
68736,0
68737,0
68738,0
68739,0
68740,0
68741,0
68742,0
68743,0
68744,1
68745,0
68746,1
68747,0
68748,0
68749,0
68750,1
68751,1
68752,0
68753,0
68754,0
68755,1
68756,1
68757,1
68758,1
68759,0
68760,0
68761,0
68762,1
68763,1
68764,0
68765,1
68766,0
68767,0
68768,1
68769,1
68770,0
68771,0
68772,0
68773,1
68774,0
68775,0
68776,0
68777,0
68778,0
68779,0
68780,1
68781,1
68782,0
68783,1
68784,0
68785,0
68786,0
68787,0
68788,0
68789,0
68790,0
68791,1
68792,1
68793,0
68794,0
68795,0
68796,0
68797,1
68798,0
68799,0
68800,0
68801,0
68802,0
68803,0
68804,1
68805,0
68806,0
68807,0
68808,0
68809,0
68810,0
68811,1
68812,0
68813,0
68814,0
68815,1
68816,1
68817,1
68818,0
68819,0
68820,0
68821,0
68822,0
68823,0
68824,1
68825,0
68826,0
68827,0
68828,0
68829,0
68830,0
68831,1
68832,0
68833,0
68834,0
68835,0
68836,0
68837,0
68838,0
68839,0
68840,0
68841,0
68842,1
68843,1
68844,1
68845,0
68846,0
68847,1
68848,0
68849,0
68850,0
68851,0
68852,1
68853,1
68854,0
68855,0
68856,0
68857,1
68858,0
68859,0
68860,0
68861,0
68862,0
68863,0
68864,1
68865,1
68866,0
68867,0
68868,0
68869,0
68870,0
68871,0
68872,0
68873,1
68874,0
68875,0
68876,1
68877,0
68878,0
68879,1
68880,0
68881,1
68882,0
68883,0
68884,0
68885,0
68886,1
68887,0
68888,1
68889,0
68890,1
68891,0
68892,0
68893,0
68894,0
68895,0
68896,1
68897,1
68898,0
68899,1
68900,0
68901,1
68902,1
68903,1
68904,0
68905,0
68906,0
68907,0
68908,0
68909,0
68910,0
68911,0
68912,0
68913,0
68914,0
68915,1
68916,0
68917,1
68918,1
68919,1
68920,0
68921,0
68922,1
68923,1
68924,0
68925,0
68926,0
68927,0
68928,0
68929,0
68930,0
68931,0
68932,1
68933,0
68934,1
68935,1
68936,0
68937,1
68938,0
68939,0
68940,0
68941,0
68942,0
68943,0
68944,0
68945,1
68946,0
68947,0
68948,0
68949,1
68950,1
68951,0
68952,0
68953,0
68954,1
68955,0
68956,0
68957,1
68958,1
68959,0
68960,0
68961,0
68962,0
68963,1
68964,0
68965,1
68966,0
68967,1
68968,1
68969,1
68970,0
68971,0
68972,0
68973,0
68974,0
68975,0
68976,0
68977,0
68978,0
68979,0
68980,0
68981,0
68982,0
68983,0
68984,1
68985,0
68986,0
68987,0
68988,1
68989,0
68990,0
68991,1
68992,0
68993,0
68994,1
68995,0
68996,0
68997,1
68998,0
68999,0
69000,1
69001,0
69002,0
69003,1
69004,1
69005,1
69006,0
69007,1
69008,1
69009,1
69010,0
69011,0
69012,0
69013,0
69014,0
69015,0
69016,0
69017,0
69018,1
69019,0
69020,0
69021,0
69022,0
69023,0
69024,0
69025,1
69026,0
69027,0
69028,0
69029,1
69030,0
69031,0
69032,0
69033,0
69034,1
69035,0
69036,1
69037,0
69038,1
69039,1
69040,0
69041,0
69042,0
69043,0
69044,0
69045,0
69046,1
69047,0
69048,1
69049,0
69050,1
69051,0
69052,0
69053,0
69054,0
69055,0
69056,1
69057,0
69058,0
69059,1
69060,1
69061,1
69062,0
69063,0
69064,1
69065,1
69066,1
69067,0
69068,0
69069,1
69070,1
69071,1
69072,0
69073,0
69074,0
69075,1
69076,0
69077,0
69078,0
69079,0
69080,0
69081,1
69082,0
69083,0
69084,0
69085,0
69086,0
69087,0
69088,0
69089,0
69090,0
69091,1
69092,0
69093,1
69094,0
69095,1
69096,1
69097,0
69098,1
69099,0
69100,1
69101,0
69102,0
69103,1
69104,1
69105,0
69106,0
69107,0
69108,0
69109,0
69110,0
69111,0
69112,0
69113,0
69114,1
69115,0
69116,0
69117,0
69118,0
69119,1
69120,0
69121,0
69122,0
69123,0
69124,0
69125,1
69126,0
69127,1
69128,0
69129,0
69130,1
69131,0
69132,0
69133,1
69134,0
69135,0
69136,0
69137,0
69138,0
69139,0
69140,0
69141,0
69142,0
69143,0
69144,0
69145,0
69146,0
69147,1
69148,0
69149,0
69150,0
69151,1
69152,0
69153,0
69154,0
69155,0
69156,1
69157,1
69158,0
69159,0
69160,0
69161,0
69162,0
69163,0
69164,0
69165,0
69166,0
69167,0
69168,1
69169,1
69170,0
69171,0
69172,0
69173,0
69174,0
69175,0
69176,1
69177,0
69178,1
69179,1
69180,0
69181,0
69182,0
69183,0
69184,0
69185,1
69186,1
69187,0
69188,0
69189,0
69190,0
69191,0
69192,0
69193,0
69194,0
69195,0
69196,0
69197,0
69198,0
69199,0
69200,1
69201,0
69202,0
69203,0
69204,1
69205,0
69206,0
69207,1
69208,1
69209,0
69210,0
69211,0
69212,1
69213,0
69214,1
69215,1
69216,1
69217,0
69218,0
69219,0
69220,0
69221,0
69222,0
69223,0
69224,0
69225,0
69226,0
69227,0
69228,0
69229,1
69230,0
69231,0
69232,0
69233,1
69234,0
69235,1
69236,0
69237,0
69238,1
69239,0
69240,1
69241,1
69242,0
69243,0
69244,0
69245,0
69246,0
69247,0
69248,1
69249,0
69250,0
69251,1
69252,0
69253,1
69254,0
69255,1
69256,0
69257,0
69258,0
69259,0
69260,0
69261,1
69262,0
69263,1
69264,0
69265,1
69266,0
69267,0
69268,0
69269,0
69270,0
69271,1
69272,1
69273,1
69274,0
69275,0
69276,1
69277,1
69278,0
69279,0
69280,0
69281,0
69282,0
69283,0
69284,1
69285,0
69286,0
69287,0
69288,0
69289,1
69290,0
69291,0
69292,0
69293,1
69294,1
69295,1
69296,0
69297,0
69298,0
69299,0
69300,0
69301,0
69302,0
69303,0
69304,1
69305,1
69306,0
69307,0
69308,0
69309,1
69310,0
69311,0
69312,0
69313,0
69314,0
69315,0
69316,0
69317,0
69318,0
69319,0
69320,0
69321,1
69322,0
69323,0
69324,0
69325,1
69326,1
69327,0
69328,0
69329,0
69330,1
69331,1
69332,0
69333,0
69334,1
69335,0
69336,0
69337,1
69338,1
69339,1
69340,0
69341,1
69342,1
69343,0
69344,1
69345,1
69346,0
69347,0
69348,0
69349,1
69350,1
69351,0
69352,0
69353,0
69354,1
69355,0
69356,0
69357,0
69358,0
69359,0
69360,0
69361,0
69362,1
69363,0
69364,0
69365,1
69366,0
69367,0
69368,0
69369,0
69370,1
69371,0
69372,0
69373,0
69374,0
69375,1
69376,0
69377,1
69378,0
69379,0
69380,0
69381,0
69382,0
69383,0
69384,0
69385,0
69386,0
69387,0
69388,1
69389,0
69390,1
69391,0
69392,0
69393,0
69394,1
69395,1
69396,0
69397,1
69398,1
69399,1
69400,0
69401,0
69402,0
69403,0
69404,0
69405,0
69406,0
69407,0
69408,1
69409,0
69410,0
69411,0
69412,1
69413,1
69414,1
69415,1
69416,0
69417,0
69418,0
69419,1
69420,1
69421,0
69422,1
69423,1
69424,0
69425,0
69426,0
69427,0
69428,0
69429,0
69430,0
69431,1
69432,0
69433,1
69434,0
69435,1
69436,0
69437,0
69438,0
69439,1
69440,1
69441,0
69442,0
69443,1
69444,0
69445,0
69446,0
69447,0
69448,0
69449,0
69450,0
69451,1
69452,1
69453,0
69454,0
69455,0
69456,0
69457,0
69458,0
69459,0
69460,0
69461,1
69462,1
69463,1
69464,0
69465,0
69466,0
69467,0
69468,1
69469,0
69470,0
69471,0
69472,0
69473,1
69474,1
69475,0
69476,0
69477,0
69478,0
69479,0
69480,0
69481,0
69482,0
69483,0
69484,0
69485,0
69486,0
69487,0
69488,0
69489,0
69490,0
69491,0
69492,0
69493,1
69494,0
69495,1
69496,1
69497,1
69498,0
69499,0
69500,0
69501,1
69502,0
69503,1
69504,0
69505,0
69506,1
69507,0
69508,0
69509,0
69510,0
69511,0
69512,1
69513,0
69514,1
69515,0
69516,0
69517,0
69518,1
69519,0
69520,1
69521,0
69522,1
69523,1
69524,0
69525,1
69526,0
69527,0
69528,0
69529,1
69530,0
69531,1
69532,0
69533,1
69534,0
69535,1
69536,1
69537,0
69538,0
69539,1
69540,1
69541,0
69542,1
69543,0
69544,0
69545,0
69546,0
69547,0
69548,0
69549,0
69550,1
69551,0
69552,1
69553,0
69554,1
69555,1
69556,0
69557,1
69558,0
69559,1
69560,1
69561,0
69562,0
69563,0
69564,0
69565,0
69566,0
69567,0
69568,1
69569,0
69570,1
69571,0
69572,1
69573,0
69574,0
69575,0
69576,0
69577,1
69578,1
69579,1
69580,1
69581,0
69582,0
69583,0
69584,0
69585,0
69586,1
69587,0
69588,0
69589,0
69590,0
69591,1
69592,1
69593,0
69594,0
69595,1
69596,0
69597,0
69598,0
69599,0
69600,0
69601,0
69602,0
69603,1
69604,0
69605,1
69606,1
69607,0
69608,0
69609,1
69610,0
69611,0
69612,1
69613,0
69614,0
69615,0
69616,1
69617,0
69618,1
69619,0
69620,0
69621,0
69622,0
69623,1
69624,0
69625,0
69626,0
69627,0
69628,0
69629,0
69630,0
69631,1
69632,0
69633,1
69634,1
69635,0
69636,0
69637,1
69638,1
69639,0
69640,0
69641,0
69642,0
69643,0
69644,1
69645,0
69646,0
69647,0
69648,0
69649,0
69650,1
69651,0
69652,1
69653,1
69654,0
69655,1
69656,1
69657,0
69658,0
69659,0
69660,0
69661,0
69662,0
69663,0
69664,1
69665,0
69666,0
69667,0
69668,0
69669,0
69670,1
69671,0
69672,0
69673,0
69674,1
69675,0
69676,0
69677,0
69678,1
69679,0
69680,1
69681,0
69682,1
69683,1
69684,0
69685,0
69686,0
69687,1
69688,0
69689,0
69690,0
69691,1
69692,1
69693,1
69694,1
69695,0
69696,0
69697,1
69698,1
69699,0
69700,0
69701,0
69702,0
69703,1
69704,0
69705,1
69706,0
69707,1
69708,0
69709,1
69710,1
69711,1
69712,0
69713,1
69714,0
69715,0
69716,1
69717,1
69718,1
69719,0
69720,1
69721,0
69722,0
69723,0
69724,0
69725,0
69726,0
69727,0
69728,0
69729,0
69730,0
69731,1
69732,1
69733,0
69734,0
69735,1
69736,0
69737,0
69738,1
69739,0
69740,1
69741,0
69742,0
69743,0
69744,0
69745,0
69746,0
69747,0
69748,1
69749,0
69750,1
69751,0
69752,0
69753,1
69754,0
69755,1
69756,0
69757,1
69758,0
69759,0
69760,1
69761,1
69762,1
69763,0
69764,1
69765,0
69766,0
69767,1
69768,0
69769,0
69770,0
69771,0
69772,0
69773,0
69774,1
69775,1
69776,0
69777,0
69778,1
69779,0
69780,0
69781,0
69782,0
69783,1
69784,0
69785,0
69786,0
69787,0
69788,0
69789,0
69790,0
69791,1
69792,1
69793,0
69794,0
69795,1
69796,0
69797,0
69798,0
69799,1
69800,0
69801,1
69802,0
69803,0
69804,0
69805,1
69806,1
69807,0
69808,1
69809,1
69810,0
69811,1
69812,0
69813,0
69814,0
69815,1
69816,0
69817,0
69818,0
69819,0
69820,0
69821,0
69822,0
69823,0
69824,0
69825,0
69826,0
69827,0
69828,1
69829,1
69830,1
69831,0
69832,0
69833,0
69834,0
69835,0
69836,0
69837,0
69838,0
69839,1
69840,1
69841,0
69842,0
69843,0
69844,0
69845,0
69846,0
69847,1
69848,1
69849,0
69850,0
69851,0
69852,0
69853,0
69854,0
69855,1
69856,0
69857,0
69858,0
69859,0
69860,1
69861,1
69862,1
69863,0
69864,0
69865,1
69866,1
69867,1
69868,0
69869,0
69870,0
69871,1
69872,1
69873,0
69874,0
69875,0
69876,0
69877,1
69878,0
69879,0
69880,0
69881,1
69882,0
69883,0
69884,1
69885,1
69886,1
69887,0
69888,1
69889,1
69890,1
69891,0
69892,0
69893,0
69894,0
69895,0
69896,0
69897,0
69898,0
69899,0
69900,0
69901,0
69902,1
69903,0
69904,0
69905,0
69906,1
69907,0
69908,0
69909,0
69910,0
69911,1
69912,0
69913,0
69914,0
69915,1
69916,0
69917,0
69918,0
69919,0
69920,1
69921,0
69922,0
69923,0
69924,0
69925,1
69926,1
69927,0
69928,0
69929,0
69930,0
69931,1
69932,0
69933,0
69934,0
69935,1
69936,0
69937,0
69938,0
69939,0
69940,0
69941,0
69942,0
69943,0
69944,0
69945,0
69946,0
69947,0
69948,0
69949,0
69950,0
69951,0
69952,0
69953,1
69954,1
69955,0
69956,1
69957,0
69958,1
69959,1
69960,1
69961,1
69962,0
69963,0
69964,1
69965,0
69966,1
69967,0
69968,0
69969,1
69970,0
69971,1
69972,0
69973,1
69974,1
69975,1
69976,0
69977,0
69978,0
69979,0
69980,1
69981,0
69982,1
69983,0
69984,1
69985,1
69986,0
69987,1
69988,0
69989,0
69990,0
69991,0
69992,0
69993,0
69994,0
69995,1
69996,1
69997,0
69998,0
69999,0
70000,0
70001,0
70002,0
70003,0
70004,1
70005,0
70006,1
70007,0
70008,1
70009,0
70010,0
70011,0
70012,0
70013,0
70014,0
70015,0
70016,0
70017,0
70018,0
70019,0
70020,0
70021,0
70022,1
70023,0
70024,0
70025,0
70026,0
70027,1
70028,0
70029,0
70030,1
70031,0
70032,0
70033,0
70034,1
70035,0
70036,0
70037,0
70038,0
70039,0
70040,0
70041,1
70042,1
70043,0
70044,0
70045,1
70046,1
70047,1
70048,1
70049,0
70050,0
70051,0
70052,0
70053,0
70054,0
70055,1
70056,0
70057,0
70058,0
70059,1
70060,0
70061,0
70062,1
70063,0
70064,0
70065,0
70066,1
70067,0
70068,0
70069,0
70070,0
70071,1
70072,0
70073,1
70074,0
70075,1
70076,1
70077,1
70078,0
70079,0
70080,1
70081,0
70082,1
70083,0
70084,0
70085,0
70086,1
70087,1
70088,1
70089,0
70090,0
70091,0
70092,1
70093,0
70094,0
70095,0
70096,0
70097,1
70098,0
70099,0
70100,0
70101,0
70102,1
70103,0
70104,1
70105,0
70106,1
70107,0
70108,0
70109,0
70110,0
70111,0
70112,1
70113,0
70114,0
70115,0
70116,0
70117,0
70118,0
70119,0
70120,0
70121,0
70122,0
70123,1
70124,0
70125,0
70126,0
70127,0
70128,1
70129,0
70130,0
70131,0
70132,0
70133,0
70134,0
70135,0
70136,0
70137,1
70138,0
70139,1
70140,0
70141,0
70142,0
70143,0
70144,0
70145,1
70146,0
70147,0
70148,0
70149,1
70150,1
70151,1
70152,0
70153,0
70154,0
70155,0
70156,1
70157,1
70158,0
70159,0
70160,1
70161,0
70162,1
70163,0
70164,0
70165,1
70166,1
70167,1
70168,0
70169,0
70170,1
70171,0
70172,0
70173,1
70174,1
70175,0
70176,0
70177,0
70178,0
70179,0
70180,0
70181,0
70182,0
70183,1
70184,0
70185,0
70186,0
70187,0
70188,0
70189,0
70190,0
70191,0
70192,0
70193,0
70194,1
70195,0
70196,0
70197,0
70198,0
70199,0
70200,0
70201,1
70202,0
70203,1
70204,0
70205,0
70206,0
70207,1
70208,0
70209,0
70210,1
70211,1
70212,1
70213,0
70214,1
70215,0
70216,0
70217,0
70218,0
70219,0
70220,0
70221,0
70222,0
70223,0
70224,0
70225,0
70226,0
70227,0
70228,0
70229,0
70230,0
70231,0
70232,0
70233,1
70234,0
70235,0
70236,1
70237,0
70238,0
70239,0
70240,0
70241,0
70242,0
70243,1
70244,1
70245,0
70246,0
70247,0
70248,0
70249,0
70250,0
70251,0
70252,0
70253,0
70254,0
70255,1
70256,0
70257,0
70258,0
70259,0
70260,0
70261,0
70262,0
70263,0
70264,1
70265,0
70266,0
70267,1
70268,1
70269,1
70270,1
70271,0
70272,1
70273,0
70274,0
70275,1
70276,1
70277,1
70278,1
70279,0
70280,1
70281,0
70282,0
70283,1
70284,0
70285,1
70286,1
70287,0
70288,0
70289,0
70290,1
70291,0
70292,1
70293,0
70294,0
70295,0
70296,0
70297,0
70298,1
70299,0
70300,1
70301,0
70302,1
70303,0
70304,0
70305,0
70306,0
70307,1
70308,0
70309,1
70310,0
70311,0
70312,0
70313,0
70314,0
70315,0
70316,0
70317,0
70318,0
70319,0
70320,1
70321,0
70322,0
70323,1
70324,0
70325,0
70326,0
70327,0
70328,0
70329,0
70330,0
70331,0
70332,0
70333,1
70334,0
70335,0
70336,0
70337,0
70338,0
70339,0
70340,0
70341,0
70342,0
70343,0
70344,1
70345,0
70346,0
70347,1
70348,0
70349,0
70350,0
70351,0
70352,1
70353,1
70354,1
70355,0
70356,0
70357,0
70358,0
70359,1
70360,0
70361,0
70362,1
70363,0
70364,0
70365,0
70366,0
70367,0
70368,1
70369,0
70370,1
70371,0
70372,0
70373,0
70374,0
70375,1
70376,0
70377,1
70378,0
70379,0
70380,0
70381,1
70382,1
70383,0
70384,0
70385,1
70386,0
70387,1
70388,1
70389,0
70390,0
70391,1
70392,1
70393,0
70394,1
70395,0
70396,0
70397,0
70398,1
70399,1
70400,0
70401,0
70402,1
70403,0
70404,1
70405,1
70406,0
70407,0
70408,1
70409,0
70410,0
70411,0
70412,1
70413,1
70414,0
70415,0
70416,0
70417,0
70418,1
70419,0
70420,0
70421,1
70422,0
70423,0
70424,1
70425,0
70426,1
70427,0
70428,1
70429,0
70430,0
70431,0
70432,0
70433,0
70434,0
70435,1
70436,1
70437,1
70438,0
70439,1
70440,0
70441,0
70442,0
70443,1
70444,1
70445,0
70446,0
70447,0
70448,0
70449,1
70450,0
70451,1
70452,0
70453,1
70454,1
70455,1
70456,0
70457,0
70458,0
70459,1
70460,1
70461,0
70462,0
70463,1
70464,0
70465,0
70466,0
70467,1
70468,1
70469,1
70470,1
70471,0
70472,1
70473,1
70474,1
70475,0
70476,0
70477,0
70478,1
70479,0
70480,1
70481,1
70482,0
70483,1
70484,0
70485,1
70486,0
70487,0
70488,1
70489,0
70490,0
70491,1
70492,0
70493,1
70494,0
70495,0
70496,1
70497,1
70498,0
70499,0
70500,0
70501,0
70502,0
70503,0
70504,0
70505,0
70506,0
70507,1
70508,0
70509,0
70510,1
70511,1
70512,0
70513,0
70514,1
70515,0
70516,0
70517,1
70518,0
70519,0
70520,1
70521,0
70522,0
70523,0
70524,1
70525,0
70526,0
70527,0
70528,0
70529,1
70530,0
70531,0
70532,1
70533,1
70534,1
70535,0
70536,0
70537,0
70538,1
70539,1
70540,0
70541,0
70542,1
70543,1
70544,0
70545,0
70546,1
70547,0
70548,0
70549,0
70550,0
70551,0
70552,1
70553,0
70554,0
70555,1
70556,0
70557,0
70558,0
70559,0
70560,1
70561,0
70562,0
70563,0
70564,0
70565,0
70566,1
70567,0
70568,0
70569,0
70570,0
70571,1
70572,0
70573,0
70574,0
70575,0
70576,0
70577,0
70578,0
70579,0
70580,0
70581,0
70582,0
70583,0
70584,1
70585,1
70586,0
70587,0
70588,0
70589,0
70590,1
70591,0
70592,0
70593,0
70594,0
70595,0
70596,0
70597,1
70598,0
70599,0
70600,0
70601,1
70602,0
70603,0
70604,1
70605,1
70606,0
70607,0
70608,1
70609,0
70610,0
70611,1
70612,0
70613,0
70614,1
70615,0
70616,1
70617,0
70618,1
70619,1
70620,0
70621,1
70622,0
70623,1
70624,0
70625,0
70626,1
70627,0
70628,1
70629,0
70630,1
70631,0
70632,0
70633,0
70634,0
70635,0
70636,0
70637,0
70638,0
70639,0
70640,0
70641,1
70642,0
70643,1
70644,1
70645,0
70646,0
70647,0
70648,1
70649,0
70650,0
70651,1
70652,0
70653,0
70654,0
70655,1
70656,1
70657,0
70658,0
70659,1
70660,0
70661,1
70662,0
70663,1
70664,1
70665,0
70666,1
70667,0
70668,0
70669,0
70670,0
70671,1
70672,1
70673,0
70674,1
70675,0
70676,0
70677,0
70678,0
70679,1
70680,0
70681,0
70682,0
70683,0
70684,1
70685,1
70686,1
70687,0
70688,1
70689,0
70690,0
70691,0
70692,0
70693,0
70694,0
70695,0
70696,0
70697,0
70698,0
70699,0
70700,1
70701,0
70702,0
70703,0
70704,0
70705,1
70706,1
70707,0
70708,1
70709,0
70710,0
70711,0
70712,0
70713,1
70714,0
70715,1
70716,0
70717,0
70718,1
70719,0
70720,0
70721,1
70722,0
70723,1
70724,0
70725,1
70726,1
70727,0
70728,0
70729,1
70730,0
70731,0
70732,1
70733,0
70734,0
70735,1
70736,1
70737,0
70738,1
70739,1
70740,0
70741,0
70742,0
70743,0
70744,0
70745,0
70746,0
70747,0
70748,1
70749,0
70750,1
70751,0
70752,1
70753,1
70754,0
70755,0
70756,0
70757,1
70758,1
70759,1
70760,1
70761,0
70762,0
70763,0
70764,0
70765,0
70766,0
70767,0
70768,0
70769,0
70770,0
70771,0
70772,0
70773,1
70774,0
70775,0
70776,1
70777,0
70778,0
70779,1
70780,0
70781,1
70782,0
70783,0
70784,0
70785,0
70786,0
70787,0
70788,0
70789,0
70790,0
70791,0
70792,0
70793,0
70794,0
70795,0
70796,1
70797,0
70798,0
70799,0
70800,0
70801,1
70802,0
70803,0
70804,0
70805,1
70806,0
70807,0
70808,1
70809,1
70810,1
70811,0
70812,0
70813,1
70814,0
70815,0
70816,0
70817,1
70818,0
70819,1
70820,0
70821,0
70822,0
70823,0
70824,0
70825,0
70826,1
70827,0
70828,0
70829,0
70830,0
70831,0
70832,0
70833,0
70834,0
70835,1
70836,0
70837,0
70838,1
70839,1
70840,0
70841,0
70842,0
70843,0
70844,0
70845,0
70846,0
70847,0
70848,1
70849,0
70850,0
70851,0
70852,0
70853,0
70854,1
70855,0
70856,0
70857,0
70858,0
70859,0
70860,0
70861,0
70862,0
70863,0
70864,0
70865,1
70866,1
70867,0
70868,0
70869,0
70870,1
70871,0
70872,1
70873,0
70874,0
70875,0
70876,0
70877,0
70878,0
70879,0
70880,0
70881,0
70882,1
70883,0
70884,0
70885,1
70886,0
70887,1
70888,1
70889,1
70890,1
70891,1
70892,0
70893,0
70894,1
70895,0
70896,0
70897,0
70898,0
70899,0
70900,1
70901,0
70902,0
70903,1
70904,1
70905,1
70906,0
70907,0
70908,0
70909,1
70910,1
70911,0
70912,0
70913,0
70914,0
70915,0
70916,0
70917,0
70918,0
70919,0
70920,1
70921,0
70922,0
70923,0
70924,0
70925,0
70926,1
70927,0
70928,0
70929,1
70930,1
70931,0
70932,0
70933,0
70934,1
70935,0
70936,1
70937,0
70938,0
70939,0
70940,0
70941,0
70942,1
70943,0
70944,1
70945,0
70946,0
70947,0
70948,0
70949,0
70950,0
70951,0
70952,0
70953,0
70954,0
70955,1
70956,1
70957,0
70958,0
70959,0
70960,0
70961,0
70962,0
70963,0
70964,0
70965,0
70966,0
70967,0
70968,1
70969,1
70970,1
70971,1
70972,0
70973,0
70974,0
70975,0
70976,1
70977,0
70978,0
70979,1
70980,0
70981,0
70982,1
70983,0
70984,0
70985,0
70986,0
70987,0
70988,0
70989,0
70990,0
70991,0
70992,0
70993,0
70994,0
70995,0
70996,1
70997,0
70998,0
70999,1
71000,0
71001,1
71002,1
71003,0
71004,0
71005,0
71006,0
71007,0
71008,0
71009,0
71010,1
71011,1
71012,0
71013,0
71014,1
71015,0
71016,0
71017,0
71018,1
71019,0
71020,0
71021,0
71022,0
71023,0
71024,1
71025,0
71026,0
71027,0
71028,0
71029,0
71030,1
71031,1
71032,1
71033,0
71034,1
71035,0
71036,1
71037,0
71038,1
71039,1
71040,0
71041,0
71042,0
71043,0
71044,0
71045,0
71046,0
71047,0
71048,1
71049,0
71050,1
71051,0
71052,0
71053,1
71054,0
71055,0
71056,1
71057,0
71058,0
71059,1
71060,0
71061,1
71062,0
71063,0
71064,0
71065,0
71066,0
71067,0
71068,1
71069,1
71070,1
71071,0
71072,0
71073,0
71074,1
71075,1
71076,1
71077,0
71078,0
71079,0
71080,1
71081,0
71082,1
71083,0
71084,0
71085,0
71086,0
71087,0
71088,1
71089,0
71090,1
71091,1
71092,1
71093,0
71094,0
71095,1
71096,1
71097,1
71098,0
71099,0
71100,0
71101,0
71102,0
71103,0
71104,1
71105,0
71106,1
71107,1
71108,0
71109,0
71110,0
71111,1
71112,0
71113,1
71114,0
71115,0
71116,0
71117,0
71118,0
71119,0
71120,0
71121,1
71122,0
71123,0
71124,1
71125,1
71126,0
71127,1
71128,0
71129,0
71130,1
71131,0
71132,0
71133,1
71134,0
71135,0
71136,0
71137,0
71138,0
71139,0
71140,0
71141,1
71142,0
71143,0
71144,0
71145,0
71146,1
71147,0
71148,0
71149,0
71150,1
71151,0
71152,0
71153,1
71154,0
71155,0
71156,1
71157,1
71158,0
71159,0
71160,1
71161,1
71162,0
71163,0
71164,0
71165,0
71166,1
71167,0
71168,0
71169,0
71170,0
71171,0
71172,0
71173,1
71174,1
71175,0
71176,0
71177,1
71178,0
71179,0
71180,1
71181,0
71182,0
71183,1
71184,0
71185,0
71186,1
71187,0
71188,0
71189,1
71190,0
71191,0
71192,0
71193,0
71194,1
71195,0
71196,1
71197,1
71198,1
71199,0
71200,1
71201,1
71202,0
71203,1
71204,0
71205,0
71206,0
71207,1
71208,1
71209,1
71210,1
71211,1
71212,0
71213,0
71214,0
71215,0
71216,0
71217,0
71218,0
71219,0
71220,0
71221,0
71222,1
71223,0
71224,0
71225,0
71226,0
71227,1
71228,1
71229,0
71230,1
71231,0
71232,0
71233,1
71234,0
71235,0
71236,0
71237,0
71238,0
71239,0
71240,1
71241,0
71242,0
71243,0
71244,0
71245,0
71246,0
71247,1
71248,0
71249,0
71250,1
71251,0
71252,0
71253,0
71254,0
71255,0
71256,0
71257,0
71258,0
71259,0
71260,1
71261,0
71262,0
71263,0
71264,0
71265,0
71266,0
71267,0
71268,1
71269,0
71270,0
71271,0
71272,0
71273,0
71274,0
71275,0
71276,0
71277,1
71278,1
71279,0
71280,1
71281,1
71282,1
71283,0
71284,0
71285,1
71286,0
71287,0
71288,1
71289,0
71290,0
71291,1
71292,1
71293,0
71294,1
71295,0
71296,0
71297,0
71298,0
71299,0
71300,1
71301,1
71302,1
71303,0
71304,0
71305,1
71306,0
71307,1
71308,1
71309,0
71310,1
71311,0
71312,1
71313,0
71314,1
71315,0
71316,0
71317,1
71318,0
71319,0
71320,0
71321,0
71322,0
71323,0
71324,0
71325,1
71326,1
71327,0
71328,1
71329,0
71330,0
71331,1
71332,0
71333,0
71334,0
71335,1
71336,1
71337,1
71338,0
71339,1
71340,1
71341,1
71342,1
71343,0
71344,0
71345,0
71346,0
71347,0
71348,1
71349,0
71350,1
71351,0
71352,1
71353,0
71354,1
71355,0
71356,0
71357,0
71358,1
71359,0
71360,1
71361,0
71362,0
71363,0
71364,1
71365,0
71366,0
71367,1
71368,0
71369,0
71370,0
71371,1
71372,0
71373,0
71374,0
71375,0
71376,0
71377,0
71378,0
71379,0
71380,0
71381,0
71382,1
71383,0
71384,1
71385,0
71386,1
71387,0
71388,0
71389,0
71390,1
71391,0
71392,0
71393,0
71394,0
71395,0
71396,1
71397,0
71398,0
71399,0
71400,0
71401,0
71402,0
71403,0
71404,1
71405,0
71406,1
71407,1
71408,0
71409,0
71410,0
71411,0
71412,0
71413,0
71414,0
71415,0
71416,0
71417,0
71418,0
71419,0
71420,0
71421,1
71422,0
71423,0
71424,1
71425,1
71426,1
71427,1
71428,1
71429,0
71430,1
71431,0
71432,0
71433,0
71434,0
71435,1
71436,1
71437,0
71438,1
71439,0
71440,0
71441,0
71442,0
71443,1
71444,0
71445,0
71446,0
71447,0
71448,0
71449,0
71450,1
71451,0
71452,0
71453,0
71454,1
71455,0
71456,0
71457,1
71458,0
71459,1
71460,0
71461,0
71462,0
71463,0
71464,0
71465,0
71466,0
71467,0
71468,0
71469,0
71470,0
71471,1
71472,1
71473,1
71474,1
71475,0
71476,1
71477,0
71478,1
71479,1
71480,1
71481,1
71482,0
71483,0
71484,1
71485,0
71486,0
71487,0
71488,0
71489,0
71490,1
71491,0
71492,0
71493,1
71494,1
71495,1
71496,0
71497,0
71498,1
71499,0
71500,0
71501,1
71502,0
71503,0
71504,0
71505,1
71506,0
71507,1
71508,0
71509,1
71510,1
71511,0
71512,1
71513,0
71514,0
71515,1
71516,0
71517,0
71518,0
71519,1
71520,1
71521,0
71522,0
71523,0
71524,1
71525,0
71526,0
71527,0
71528,0
71529,1
71530,1
71531,0
71532,0
71533,0
71534,0
71535,0
71536,1
71537,1
71538,0
71539,0
71540,1
71541,0
71542,0
71543,1
71544,1
71545,0
71546,0
71547,0
71548,0
71549,0
71550,1
71551,0
71552,1
71553,1
71554,0
71555,0
71556,1
71557,1
71558,0
71559,1
71560,1
71561,0
71562,0
71563,0
71564,0
71565,1
71566,0
71567,1
71568,1
71569,0
71570,0
71571,0
71572,0
71573,0
71574,1
71575,1
71576,0
71577,0
71578,1
71579,0
71580,0
71581,0
71582,0
71583,0
71584,0
71585,0
71586,0
71587,0
71588,1
71589,0
71590,0
71591,0
71592,0
71593,0
71594,0
71595,0
71596,1
71597,0
71598,0
71599,1
71600,1
71601,1
71602,0
71603,0
71604,1
71605,1
71606,0
71607,0
71608,1
71609,0
71610,0
71611,0
71612,0
71613,0
71614,0
71615,0
71616,0
71617,1
71618,0
71619,1
71620,1
71621,0
71622,1
71623,0
71624,1
71625,0
71626,0
71627,1
71628,1
71629,0
71630,1
71631,1
71632,1
71633,0
71634,0
71635,1
71636,0
71637,1
71638,0
71639,0
71640,0
71641,0
71642,0
71643,0
71644,1
71645,0
71646,1
71647,0
71648,0
71649,0
71650,1
71651,0
71652,0
71653,0
71654,0
71655,1
71656,0
71657,0
71658,0
71659,1
71660,0
71661,0
71662,0
71663,0
71664,0
71665,0
71666,0
71667,0
71668,0
71669,0
71670,1
71671,1
71672,0
71673,0
71674,0
71675,0
71676,0
71677,0
71678,0
71679,0
71680,0
71681,0
71682,1
71683,1
71684,0
71685,1
71686,0
71687,1
71688,0
71689,1
71690,0
71691,0
71692,1
71693,1
71694,0
71695,0
71696,0
71697,0
71698,0
71699,0
71700,0
71701,1
71702,0
71703,1
71704,1
71705,1
71706,0
71707,0
71708,0
71709,0
71710,0
71711,1
71712,0
71713,0
71714,0
71715,0
71716,0
71717,1
71718,1
71719,1
71720,1
71721,0
71722,0
71723,1
71724,0
71725,0
71726,0
71727,0
71728,1
71729,0
71730,0
71731,1
71732,0
71733,0
71734,1
71735,0
71736,0
71737,0
71738,0
71739,0
71740,0
71741,0
71742,1
71743,0
71744,0
71745,0
71746,1
71747,0
71748,0
71749,0
71750,0
71751,0
71752,1
71753,0
71754,1
71755,1
71756,0
71757,1
71758,0
71759,0
71760,0
71761,1
71762,0
71763,0
71764,0
71765,0
71766,0
71767,0
71768,0
71769,1
71770,1
71771,0
71772,0
71773,0
71774,0
71775,1
71776,0
71777,0
71778,0
71779,0
71780,0
71781,0
71782,0
71783,0
71784,1
71785,1
71786,1
71787,1
71788,1
71789,0
71790,0
71791,0
71792,0
71793,1
71794,1
71795,1
71796,0
71797,0
71798,1
71799,0
71800,1
71801,0
71802,1
71803,0
71804,1
71805,1
71806,0
71807,1
71808,0
71809,1
71810,0
71811,0
71812,0
71813,1
71814,0
71815,1
71816,1
71817,0
71818,0
71819,0
71820,0
71821,0
71822,0
71823,0
71824,1
71825,0
71826,0
71827,0
71828,0
71829,0
71830,0
71831,0
71832,0
71833,0
71834,0
71835,0
71836,0
71837,0
71838,0
71839,0
71840,1
71841,1
71842,1
71843,1
71844,0
71845,0
71846,0
71847,1
71848,1
71849,0
71850,1
71851,0
71852,1
71853,0
71854,1
71855,1
71856,1
71857,0
71858,0
71859,0
71860,1
71861,0
71862,0
71863,1
71864,1
71865,0
71866,0
71867,0
71868,0
71869,0
71870,1
71871,0
71872,0
71873,0
71874,0
71875,1
71876,1
71877,0
71878,1
71879,0
71880,1
71881,1
71882,0
71883,0
71884,1
71885,0
71886,0
71887,1
71888,1
71889,0
71890,0
71891,0
71892,0
71893,0
71894,0
71895,0
71896,0
71897,1
71898,1
71899,0
71900,1
71901,0
71902,1
71903,1
71904,0
71905,0
71906,0
71907,0
71908,1
71909,1
71910,1
71911,0
71912,1
71913,0
71914,1
71915,1
71916,0
71917,0
71918,0
71919,0
71920,0
71921,0
71922,1
71923,0
71924,0
71925,0
71926,0
71927,0
71928,0
71929,1
71930,0
71931,1
71932,0
71933,0
71934,0
71935,0
71936,1
71937,1
71938,1
71939,1
71940,0
71941,1
71942,0
71943,1
71944,1
71945,0
71946,1
71947,1
71948,0
71949,0
71950,0
71951,1
71952,1
71953,0
71954,1
71955,0
71956,0
71957,0
71958,0
71959,0
71960,1
71961,1
71962,0
71963,0
71964,0
71965,0
71966,1
71967,0
71968,0
71969,0
71970,0
71971,0
71972,0
71973,0
71974,1
71975,0
71976,1
71977,1
71978,0
71979,0
71980,0
71981,0
71982,1
71983,0
71984,0
71985,0
71986,0
71987,0
71988,1
71989,0
71990,0
71991,0
71992,1
71993,1
71994,0
71995,1
71996,0
71997,0
71998,0
71999,0
72000,0
72001,0
72002,0
72003,0
72004,0
72005,1
72006,0
72007,0
72008,0
72009,0
72010,0
72011,0
72012,0
72013,0
72014,0
72015,1
72016,0
72017,0
72018,0
72019,1
72020,0
72021,0
72022,0
72023,0
72024,0
72025,0
72026,1
72027,0
72028,1
72029,0
72030,0
72031,0
72032,0
72033,0
72034,0
72035,0
72036,0
72037,0
72038,0
72039,0
72040,0
72041,0
72042,0
72043,1
72044,0
72045,0
72046,0
72047,1
72048,1
72049,0
72050,1
72051,0
72052,0
72053,0
72054,0
72055,0
72056,0
72057,0
72058,0
72059,0
72060,0
72061,0
72062,0
72063,0
72064,1
72065,0
72066,0
72067,1
72068,0
72069,0
72070,0
72071,1
72072,1
72073,0
72074,0
72075,0
72076,0
72077,0
72078,0
72079,0
72080,0
72081,0
72082,0
72083,0
72084,1
72085,0
72086,0
72087,1
72088,1
72089,0
72090,0
72091,1
72092,1
72093,0
72094,0
72095,0
72096,1
72097,0
72098,0
72099,0
72100,0
72101,1
72102,0
72103,0
72104,0
72105,0
72106,1
72107,0
72108,0
72109,1
72110,0
72111,0
72112,0
72113,0
72114,1
72115,1
72116,1
72117,0
72118,0
72119,0
72120,0
72121,1
72122,0
72123,0
72124,0
72125,1
72126,0
72127,0
72128,0
72129,1
72130,0
72131,1
72132,1
72133,0
72134,1
72135,0
72136,1
72137,1
72138,1
72139,0
72140,0
72141,0
72142,0
72143,0
72144,0
72145,0
72146,0
72147,0
72148,1
72149,0
72150,0
72151,1
72152,0
72153,0
72154,0
72155,0
72156,0
72157,0
72158,1
72159,0
72160,1
72161,0
72162,0
72163,1
72164,0
72165,0
72166,1
72167,0
72168,0
72169,0
72170,0
72171,0
72172,0
72173,1
72174,0
72175,0
72176,0
72177,0
72178,0
72179,1
72180,1
72181,0
72182,0
72183,0
72184,1
72185,1
72186,0
72187,0
72188,1
72189,1
72190,1
72191,1
72192,1
72193,0
72194,0
72195,0
72196,0
72197,0
72198,1
72199,0
72200,0
72201,0
72202,0
72203,0
72204,0
72205,0
72206,1
72207,1
72208,0
72209,0
72210,0
72211,1
72212,1
72213,0
72214,0
72215,0
72216,1
72217,0
72218,1
72219,0
72220,0
72221,0
72222,0
72223,0
72224,1
72225,0
72226,0
72227,0
72228,0
72229,0
72230,0
72231,0
72232,0
72233,0
72234,0
72235,0
72236,0
72237,1
72238,1
72239,0
72240,1
72241,1
72242,1
72243,1
72244,1
72245,0
72246,0
72247,1
72248,0
72249,1
72250,0
72251,0
72252,0
72253,1
72254,0
72255,0
72256,1
72257,1
72258,0
72259,0
72260,0
72261,0
72262,1
72263,0
72264,1
72265,1
72266,0
72267,0
72268,1
72269,0
72270,0
72271,1
72272,0
72273,0
72274,0
72275,0
72276,0
72277,1
72278,0
72279,0
72280,1
72281,1
72282,0
72283,0
72284,1
72285,0
72286,0
72287,1
72288,0
72289,0
72290,0
72291,0
72292,0
72293,1
72294,0
72295,1
72296,0
72297,0
72298,0
72299,0
72300,0
72301,0
72302,0
72303,1
72304,0
72305,1
72306,0
72307,0
72308,0
72309,0
72310,0
72311,0
72312,0
72313,1
72314,1
72315,0
72316,1
72317,0
72318,0
72319,0
72320,1
72321,0
72322,0
72323,1
72324,0
72325,0
72326,0
72327,0
72328,1
72329,1
72330,0
72331,0
72332,1
72333,1
72334,0
72335,0
72336,0
72337,1
72338,0
72339,0
72340,0
72341,0
72342,0
72343,1
72344,0
72345,0
72346,0
72347,0
72348,1
72349,0
72350,0
72351,0
72352,0
72353,1
72354,1
72355,0
72356,0
72357,0
72358,0
72359,0
72360,0
72361,0
72362,1
72363,0
72364,0
72365,0
72366,1
72367,0
72368,0
72369,0
72370,0
72371,1
72372,0
72373,1
72374,1
72375,1
72376,1
72377,1
72378,0
72379,1
72380,0
72381,0
72382,0
72383,0
72384,0
72385,1
72386,0
72387,1
72388,0
72389,0
72390,0
72391,0
72392,0
72393,0
72394,0
72395,0
72396,0
72397,1
72398,1
72399,0
72400,0
72401,0
72402,0
72403,1
72404,1
72405,0
72406,0
72407,1
72408,1
72409,0
72410,0
72411,0
72412,0
72413,0
72414,1
72415,0
72416,1
72417,0
72418,0
72419,0
72420,0
72421,0
72422,0
72423,0
72424,0
72425,0
72426,0
72427,0
72428,0
72429,1
72430,1
72431,0
72432,0
72433,1
72434,0
72435,0
72436,0
72437,0
72438,1
72439,1
72440,0
72441,0
72442,0
72443,0
72444,1
72445,0
72446,0
72447,0
72448,1
72449,0
72450,0
72451,0
72452,1
72453,0
72454,0
72455,1
72456,1
72457,1
72458,0
72459,1
72460,0
72461,0
72462,0
72463,1
72464,1
72465,1
72466,0
72467,1
72468,0
72469,0
72470,0
72471,0
72472,0
72473,0
72474,0
72475,0
72476,1
72477,1
72478,0
72479,0
72480,0
72481,0
72482,0
72483,0
72484,1
72485,0
72486,0
72487,0
72488,0
72489,0
72490,1
72491,0
72492,1
72493,1
72494,0
72495,1
72496,1
72497,0
72498,1
72499,0
72500,0
72501,0
72502,0
72503,0
72504,0
72505,0
72506,0
72507,1
72508,1
72509,1
72510,0
72511,0
72512,1
72513,1
72514,0
72515,0
72516,0
72517,0
72518,0
72519,0
72520,0
72521,1
72522,0
72523,1
72524,0
72525,0
72526,0
72527,1
72528,1
72529,0
72530,0
72531,0
72532,0
72533,0
72534,0
72535,0
72536,0
72537,1
72538,0
72539,1
72540,1
72541,1
72542,0
72543,1
72544,0
72545,0
72546,0
72547,0
72548,0
72549,1
72550,0
72551,1
72552,1
72553,0
72554,0
72555,1
72556,0
72557,1
72558,0
72559,0
72560,0
72561,1
72562,0
72563,0
72564,0
72565,1
72566,0
72567,1
72568,0
72569,1
72570,1
72571,0
72572,0
72573,0
72574,0
72575,0
72576,0
72577,0
72578,0
72579,0
72580,1
72581,0
72582,1
72583,1
72584,0
72585,0
72586,0
72587,0
72588,0
72589,0
72590,0
72591,0
72592,0
72593,1
72594,0
72595,0
72596,1
72597,0
72598,0
72599,0
72600,1
72601,1
72602,0
72603,0
72604,0
72605,0
72606,1
72607,1
72608,0
72609,0
72610,0
72611,1
72612,0
72613,0
72614,1
72615,0
72616,0
72617,0
72618,0
72619,0
72620,0
72621,1
72622,0
72623,1
72624,1
72625,1
72626,0
72627,0
72628,0
72629,0
72630,0
72631,0
72632,1
72633,0
72634,0
72635,0
72636,0
72637,0
72638,1
72639,0
72640,0
72641,0
72642,0
72643,0
72644,0
72645,0
72646,0
72647,0
72648,1
72649,0
72650,0
72651,0
72652,0
72653,0
72654,1
72655,0
72656,0
72657,1
72658,0
72659,0
72660,1
72661,0
72662,0
72663,0
72664,1
72665,0
72666,1
72667,0
72668,0
72669,0
72670,1
72671,0
72672,0
72673,0
72674,0
72675,0
72676,0
72677,0
72678,0
72679,0
72680,0
72681,0
72682,0
72683,1
72684,1
72685,1
72686,0
72687,0
72688,1
72689,0
72690,0
72691,0
72692,0
72693,0
72694,0
72695,0
72696,0
72697,0
72698,0
72699,1
72700,1
72701,1
72702,1
72703,0
72704,0
72705,0
72706,0
72707,0
72708,0
72709,0
72710,1
72711,1
72712,0
72713,0
72714,0
72715,0
72716,0
72717,1
72718,0
72719,0
72720,1
72721,0
72722,0
72723,0
72724,1
72725,1
72726,0
72727,1
72728,0
72729,0
72730,0
72731,0
72732,0
72733,0
72734,1
72735,1
72736,0
72737,0
72738,0
72739,0
72740,0
72741,1
72742,0
72743,0
72744,0
72745,0
72746,1
72747,0
72748,0
72749,0
72750,0
72751,1
72752,0
72753,1
72754,1
72755,0
72756,1
72757,0
72758,0
72759,0
72760,0
72761,1
72762,1
72763,1
72764,0
72765,0
72766,0
72767,1
72768,1
72769,0
72770,1
72771,0
72772,0
72773,0
72774,1
72775,1
72776,1
72777,1
72778,0
72779,0
72780,0
72781,0
72782,1
72783,0
72784,0
72785,0
72786,1
72787,0
72788,0
72789,0
72790,0
72791,0
72792,0
72793,1
72794,0
72795,1
72796,0
72797,0
72798,0
72799,0
72800,0
72801,1
72802,0
72803,0
72804,0
72805,0
72806,0
72807,1
72808,0
72809,0
72810,1
72811,0
72812,0
72813,0
72814,1
72815,0
72816,0
72817,0
72818,0
72819,0
72820,0
72821,0
72822,0
72823,0
72824,0
72825,0
72826,0
72827,0
72828,0
72829,0
72830,0
72831,0
72832,0
72833,0
72834,0
72835,1
72836,0
72837,0
72838,1
72839,0
72840,0
72841,0
72842,0
72843,1
72844,0
72845,0
72846,1
72847,0
72848,0
72849,0
72850,0
72851,1
72852,0
72853,0
72854,0
72855,0
72856,0
72857,0
72858,0
72859,0
72860,1
72861,1
72862,0
72863,0
72864,0
72865,1
72866,0
72867,1
72868,0
72869,1
72870,0
72871,0
72872,0
72873,0
72874,0
72875,1
72876,0
72877,0
72878,1
72879,1
72880,0
72881,1
72882,0
72883,1
72884,0
72885,0
72886,0
72887,0
72888,0
72889,1
72890,1
72891,1
72892,1
72893,1
72894,0
72895,1
72896,0
72897,0
72898,1
72899,0
72900,0
72901,1
72902,0
72903,0
72904,0
72905,0
72906,0
72907,1
72908,1
72909,1
72910,1
72911,1
72912,1
72913,0
72914,1
72915,0
72916,0
72917,0
72918,0
72919,0
72920,0
72921,1
72922,0
72923,1
72924,1
72925,0
72926,0
72927,0
72928,1
72929,0
72930,0
72931,0
72932,0
72933,0
72934,0
72935,1
72936,0
72937,1
72938,0
72939,0
72940,0
72941,0
72942,0
72943,0
72944,0
72945,0
72946,0
72947,0
72948,0
72949,0
72950,0
72951,0
72952,0
72953,1
72954,1
72955,0
72956,0
72957,1
72958,0
72959,0
72960,0
72961,0
72962,0
72963,1
72964,0
72965,0
72966,0
72967,1
72968,0
72969,0
72970,0
72971,0
72972,1
72973,0
72974,0
72975,0
72976,0
72977,0
72978,0
72979,1
72980,1
72981,0
72982,1
72983,0
72984,0
72985,0
72986,0
72987,0
72988,1
72989,1
72990,1
72991,0
72992,0
72993,0
72994,0
72995,0
72996,0
72997,0
72998,1
72999,0
73000,0
73001,0
73002,0
73003,0
73004,0
73005,0
73006,1
73007,0
73008,1
73009,0
73010,0
73011,1
73012,0
73013,0
73014,0
73015,0
73016,0
73017,0
73018,1
73019,0
73020,1
73021,0
73022,0
73023,0
73024,0
73025,1
73026,1
73027,0
73028,0
73029,0
73030,0
73031,1
73032,0
73033,0
73034,1
73035,0
73036,0
73037,0
73038,0
73039,0
73040,1
73041,0
73042,0
73043,0
73044,0
73045,1
73046,1
73047,0
73048,0
73049,0
73050,0
73051,0
73052,0
73053,0
73054,0
73055,0
73056,1
73057,0
73058,0
73059,1
73060,0
73061,1
73062,0
73063,0
73064,0
73065,0
73066,0
73067,0
73068,0
73069,0
73070,0
73071,0
73072,0
73073,0
73074,0
73075,0
73076,0
73077,1
73078,0
73079,1
73080,1
73081,1
73082,1
73083,1
73084,0
73085,0
73086,0
73087,0
73088,0
73089,0
73090,0
73091,0
73092,0
73093,0
73094,1
73095,0
73096,1
73097,1
73098,0
73099,1
73100,1
73101,0
73102,1
73103,1
73104,0
73105,0
73106,0
73107,0
73108,0
73109,1
73110,0
73111,0
73112,0
73113,0
73114,0
73115,0
73116,0
73117,1
73118,0
73119,1
73120,0
73121,0
73122,1
73123,1
73124,0
73125,1
73126,1
73127,0
73128,0
73129,0
73130,0
73131,0
73132,0
73133,0
73134,1
73135,0
73136,0
73137,1
73138,0
73139,1
73140,1
73141,1
73142,1
73143,0
73144,0
73145,1
73146,1
73147,1
73148,1
73149,0
73150,0
73151,0
73152,1
73153,1
73154,0
73155,0
73156,0
73157,1
73158,0
73159,0
73160,0
73161,0
73162,0
73163,1
73164,1
73165,0
73166,0
73167,0
73168,0
73169,1
73170,0
73171,1
73172,1
73173,0
73174,0
73175,1
73176,1
73177,1
73178,0
73179,1
73180,0
73181,0
73182,1
73183,0
73184,1
73185,0
73186,0
73187,0
73188,0
73189,1
73190,0
73191,1
73192,0
73193,0
73194,1
73195,1
73196,0
73197,0
73198,0
73199,1
73200,0
73201,1
73202,0
73203,1
73204,0
73205,1
73206,1
73207,0
73208,0
73209,0
73210,0
73211,0
73212,0
73213,0
73214,0
73215,1
73216,0
73217,0
73218,1
73219,0
73220,1
73221,0
73222,0
73223,0
73224,0
73225,0
73226,1
73227,1
73228,0
73229,0
73230,0
73231,0
73232,1
73233,1
73234,0
73235,0
73236,0
73237,0
73238,1
73239,0
73240,1
73241,1
73242,0
73243,0
73244,0
73245,1
73246,0
73247,0
73248,0
73249,0
73250,0
73251,0
73252,0
73253,0
73254,1
73255,0
73256,0
73257,0
73258,0
73259,0
73260,0
73261,0
73262,0
73263,0
73264,0
73265,0
73266,0
73267,0
73268,0
73269,0
73270,0
73271,1
73272,1
73273,0
73274,0
73275,0
73276,0
73277,0
73278,1
73279,0
73280,0
73281,0
73282,0
73283,1
73284,0
73285,0
73286,0
73287,0
73288,0
73289,0
73290,0
73291,1
73292,1
73293,0
73294,0
73295,0
73296,0
73297,1
73298,0
73299,0
73300,1
73301,0
73302,0
73303,0
73304,0
73305,1
73306,0
73307,0
73308,0
73309,1
73310,0
73311,1
73312,0
73313,0
73314,1
73315,1
73316,0
73317,1
73318,0
73319,1
73320,0
73321,0
73322,0
73323,0
73324,0
73325,0
73326,0
73327,0
73328,1
73329,1
73330,0
73331,1
73332,1
73333,0
73334,0
73335,0
73336,0
73337,1
73338,0
73339,0
73340,1
73341,0
73342,1
73343,0
73344,1
73345,0
73346,0
73347,0
73348,0
73349,0
73350,1
73351,0
73352,0
73353,0
73354,0
73355,0
73356,1
73357,0
73358,1
73359,0
73360,0
73361,1
73362,1
73363,0
73364,1
73365,0
73366,1
73367,0
73368,1
73369,0
73370,1
73371,1
73372,0
73373,1
73374,0
73375,1
73376,0
73377,0
73378,0
73379,0
73380,1
73381,0
73382,0
73383,0
73384,0
73385,0
73386,1
73387,1
73388,1
73389,1
73390,0
73391,1
73392,1
73393,0
73394,0
73395,1
73396,0
73397,0
73398,1
73399,0
73400,0
73401,0
73402,0
73403,0
73404,0
73405,0
73406,0
73407,0
73408,0
73409,0
73410,1
73411,0
73412,0
73413,0
73414,1
73415,0
73416,0
73417,1
73418,1
73419,1
73420,0
73421,1
73422,0
73423,0
73424,0
73425,0
73426,0
73427,0
73428,1
73429,1
73430,1
73431,0
73432,1
73433,1
73434,1
73435,0
73436,0
73437,1
73438,0
73439,1
73440,0
73441,1
73442,0
73443,0
73444,0
73445,1
73446,0
73447,1
73448,0
73449,0
73450,1
73451,0
73452,0
73453,0
73454,0
73455,1
73456,1
73457,1
73458,0
73459,0
73460,0
73461,0
73462,0
73463,0
73464,1
73465,1
73466,0
73467,0
73468,1
73469,1
73470,0
73471,0
73472,0
73473,0
73474,1
73475,0
73476,0
73477,0
73478,0
73479,1
73480,0
73481,0
73482,0
73483,0
73484,0
73485,0
73486,1
73487,0
73488,0
73489,0
73490,0
73491,0
73492,0
73493,1
73494,0
73495,0
73496,0
73497,0
73498,1
73499,0
73500,0
73501,1
73502,0
73503,0
73504,1
73505,0
73506,1
73507,1
73508,0
73509,0
73510,0
73511,1
73512,0
73513,0
73514,0
73515,0
73516,0
73517,0
73518,0
73519,1
73520,0
73521,0
73522,1
73523,0
73524,0
73525,0
73526,1
73527,0
73528,1
73529,0
73530,0
73531,0
73532,0
73533,0
73534,1
73535,1
73536,1
73537,0
73538,0
73539,1
73540,0
73541,0
73542,0
73543,0
73544,1
73545,0
73546,1
73547,0
73548,1
73549,1
73550,1
73551,0
73552,0
73553,0
73554,0
73555,0
73556,0
73557,0
73558,0
73559,0
73560,0
73561,0
73562,0
73563,0
73564,1
73565,0
73566,0
73567,0
73568,1
73569,1
73570,0
73571,0
73572,0
73573,0
73574,1
73575,0
73576,0
73577,0
73578,0
73579,0
73580,0
73581,0
73582,0
73583,0
73584,0
73585,0
73586,0
73587,0
73588,0
73589,1
73590,1
73591,0
73592,0
73593,0
73594,0
73595,0
73596,0
73597,1
73598,0
73599,0
73600,0
73601,0
73602,1
73603,1
73604,0
73605,1
73606,1
73607,0
73608,0
73609,0
73610,1
73611,1
73612,1
73613,0
73614,0
73615,0
73616,0
73617,1
73618,1
73619,0
73620,0
73621,1
73622,0
73623,1
73624,0
73625,0
73626,1
73627,0
73628,0
73629,0
73630,1
73631,0
73632,0
73633,0
73634,0
73635,0
73636,0
73637,0
73638,0
73639,0
73640,0
73641,0
73642,0
73643,0
73644,0
73645,0
73646,0
73647,0
73648,0
73649,0
73650,0
73651,0
73652,0
73653,0
73654,0
73655,1
73656,1
73657,1
73658,0
73659,0
73660,0
73661,1
73662,0
73663,0
73664,0
73665,0
73666,0
73667,0
73668,0
73669,1
73670,0
73671,0
73672,0
73673,1
73674,0
73675,0
73676,0
73677,0
73678,0
73679,1
73680,1
73681,0
73682,1
73683,1
73684,0
73685,0
73686,0
73687,1
73688,0
73689,0
73690,0
73691,0
73692,1
73693,0
73694,0
73695,0
73696,0
73697,1
73698,1
73699,0
73700,0
73701,0
73702,1
73703,0
73704,0
73705,0
73706,0
73707,0
73708,0
73709,0
73710,0
73711,1
73712,1
73713,0
73714,0
73715,0
73716,0
73717,0
73718,1
73719,0
73720,0
73721,0
73722,1
73723,0
73724,0
73725,1
73726,0
73727,0
73728,1
73729,0
73730,0
73731,1
73732,0
73733,0
73734,0
73735,0
73736,1
73737,0
73738,0
73739,0
73740,0
73741,0
73742,0
73743,0
73744,0
73745,0
73746,0
73747,0
73748,0
73749,0
73750,0
73751,0
73752,0
73753,0
73754,0
73755,1
73756,0
73757,0
73758,1
73759,0
73760,0
73761,0
73762,0
73763,0
73764,0
73765,1
73766,0
73767,0
73768,0
73769,0
73770,0
73771,0
73772,0
73773,0
73774,0
73775,1
73776,1
73777,0
73778,0
73779,0
73780,0
73781,1
73782,1
73783,0
73784,0
73785,0
73786,1
73787,0
73788,0
73789,1
73790,1
73791,0
73792,0
73793,1
73794,0
73795,1
73796,1
73797,0
73798,0
73799,0
73800,1
73801,0
73802,0
73803,0
73804,1
73805,0
73806,1
73807,0
73808,0
73809,0
73810,0
73811,0
73812,1
73813,0
73814,0
73815,0
73816,0
73817,0
73818,0
73819,0
73820,0
73821,1
73822,1
73823,0
73824,0
73825,0
73826,0
73827,1
73828,0
73829,0
73830,0
73831,0
73832,0
73833,0
73834,1
73835,1
73836,0
73837,1
73838,0
73839,1
73840,0
73841,0
73842,0
73843,0
73844,1
73845,0
73846,1
73847,1
73848,0
73849,0
73850,1
73851,0
73852,0
73853,0
73854,0
73855,0
73856,0
73857,0
73858,0
73859,1
73860,1
73861,0
73862,0
73863,1
73864,0
73865,1
73866,0
73867,1
73868,0
73869,1
73870,0
73871,0
73872,0
73873,0
73874,0
73875,1
73876,0
73877,0
73878,0
73879,0
73880,1
73881,1
73882,0
73883,0
73884,0
73885,0
73886,0
73887,0
73888,0
73889,1
73890,0
73891,0
73892,1
73893,0
73894,1
73895,0
73896,0
73897,0
73898,0
73899,0
73900,0
73901,0
73902,0
73903,0
73904,0
73905,0
73906,0
73907,0
73908,0
73909,0
73910,1
73911,0
73912,0
73913,0
73914,0
73915,0
73916,0
73917,1
73918,1
73919,0
73920,0
73921,1
73922,0
73923,1
73924,1
73925,1
73926,0
73927,1
73928,1
73929,0
73930,0
73931,0
73932,0
73933,0
73934,0
73935,0
73936,0
73937,0
73938,1
73939,1
73940,0
73941,0
73942,0
73943,0
73944,0
73945,0
73946,1
73947,1
73948,0
73949,0
73950,0
73951,0
73952,0
73953,0
73954,1
73955,0
73956,0
73957,0
73958,1
73959,0
73960,0
73961,0
73962,0
73963,0
73964,0
73965,0
73966,0
73967,0
73968,0
73969,0
73970,0
73971,0
73972,0
73973,0
73974,0
73975,0
73976,0
73977,1
73978,0
73979,0
73980,0
73981,0
73982,1
73983,0
73984,0
73985,0
73986,1
73987,0
73988,1
73989,0
73990,0
73991,0
73992,1
73993,0
73994,0
73995,0
73996,1
73997,0
73998,0
73999,1
74000,0
74001,0
74002,0
74003,0
74004,0
74005,0
74006,0
74007,0
74008,0
74009,0
74010,0
74011,0
74012,0
74013,0
74014,0
74015,0
74016,0
74017,1
74018,1
74019,0
74020,1
74021,0
74022,0
74023,0
74024,0
74025,0
74026,0
74027,1
74028,1
74029,0
74030,0
74031,0
74032,0
74033,1
74034,0
74035,1
74036,0
74037,0
74038,0
74039,1
74040,0
74041,0
74042,0
74043,0
74044,0
74045,0
74046,0
74047,0
74048,0
74049,0
74050,0
74051,0
74052,1
74053,0
74054,1
74055,0
74056,0
74057,0
74058,0
74059,0
74060,0
74061,0
74062,0
74063,0
74064,1
74065,0
74066,1
74067,1
74068,1
74069,0
74070,0
74071,0
74072,0
74073,1
74074,0
74075,0
74076,0
74077,0
74078,0
74079,0
74080,0
74081,0
74082,0
74083,0
74084,0
74085,1
74086,0
74087,0
74088,0
74089,0
74090,0
74091,0
74092,0
74093,1
74094,0
74095,1
74096,0
74097,1
74098,0
74099,1
74100,0
74101,0
74102,0
74103,1
74104,0
74105,0
74106,0
74107,1
74108,0
74109,0
74110,0
74111,0
74112,1
74113,0
74114,0
74115,1
74116,0
74117,0
74118,0
74119,0
74120,0
74121,0
74122,0
74123,1
74124,0
74125,1
74126,0
74127,0
74128,0
74129,0
74130,0
74131,0
74132,0
74133,0
74134,1
74135,1
74136,0
74137,0
74138,1
74139,0
74140,0
74141,0
74142,0
74143,0
74144,0
74145,0
74146,0
74147,0
74148,1
74149,0
74150,1
74151,0
74152,0
74153,1
74154,0
74155,1
74156,0
74157,0
74158,0
74159,1
74160,0
74161,0
74162,1
74163,0
74164,0
74165,0
74166,0
74167,1
74168,0
74169,1
74170,1
74171,0
74172,1
74173,0
74174,0
74175,1
74176,0
74177,0
74178,0
74179,0
74180,0
74181,0
74182,1
74183,0
74184,0
74185,0
74186,1
74187,1
74188,1
74189,1
74190,0
74191,1
74192,0
74193,0
74194,0
74195,0
74196,1
74197,1
74198,0
74199,1
74200,1
74201,0
74202,1
74203,0
74204,0
74205,1
74206,0
74207,0
74208,1
74209,0
74210,0
74211,0
74212,1
74213,0
74214,0
74215,0
74216,0
74217,1
74218,0
74219,1
74220,0
74221,1
74222,1
74223,0
74224,1
74225,0
74226,1
74227,0
74228,0
74229,0
74230,0
74231,0
74232,0
74233,1
74234,0
74235,1
74236,0
74237,0
74238,1
74239,1
74240,0
74241,0
74242,0
74243,0
74244,0
74245,0
74246,0
74247,0
74248,0
74249,1
74250,0
74251,0
74252,1
74253,0
74254,0
74255,1
74256,0
74257,0
74258,1
74259,0
74260,0
74261,0
74262,1
74263,0
74264,0
74265,0
74266,0
74267,0
74268,0
74269,0
74270,0
74271,1
74272,0
74273,0
74274,1
74275,1
74276,0
74277,0
74278,0
74279,0
74280,0
74281,0
74282,0
74283,1
74284,0
74285,0
74286,1
74287,1
74288,0
74289,0
74290,1
74291,1
74292,1
74293,1
74294,0
74295,0
74296,0
74297,1
74298,0
74299,0
74300,0
74301,1
74302,0
74303,0
74304,0
74305,1
74306,0
74307,0
74308,1
74309,0
74310,0
74311,0
74312,1
74313,0
74314,0
74315,1
74316,0
74317,0
74318,0
74319,0
74320,0
74321,0
74322,1
74323,0
74324,0
74325,1
74326,0
74327,0
74328,1
74329,0
74330,0
74331,0
74332,1
74333,0
74334,1
74335,0
74336,0
74337,1
74338,0
74339,0
74340,0
74341,0
74342,0
74343,0
74344,0
74345,0
74346,1
74347,0
74348,0
74349,1
74350,0
74351,0
74352,0
74353,0
74354,1
74355,0
74356,0
74357,0
74358,0
74359,0
74360,1
74361,0
74362,0
74363,1
74364,0
74365,1
74366,0
74367,1
74368,0
74369,1
74370,0
74371,0
74372,0
74373,0
74374,0
74375,0
74376,0
74377,1
74378,0
74379,1
74380,0
74381,0
74382,0
74383,0
74384,1
74385,1
74386,0
74387,0
74388,1
74389,0
74390,0
74391,1
74392,0
74393,0
74394,0
74395,1
74396,0
74397,0
74398,1
74399,0
74400,0
74401,0
74402,0
74403,0
74404,0
74405,0
74406,0
74407,0
74408,0
74409,0
74410,0
74411,0
74412,1
74413,0
74414,0
74415,0
74416,0
74417,0
74418,0
74419,0
74420,0
74421,1
74422,0
74423,0
74424,0
74425,0
74426,0
74427,1
74428,1
74429,0
74430,0
74431,1
74432,1
74433,1
74434,0
74435,1
74436,1
74437,1
74438,1
74439,1
74440,1
74441,1
74442,1
74443,0
74444,1
74445,0
74446,0
74447,1
74448,0
74449,0
74450,0
74451,0
74452,0
74453,0
74454,1
74455,0
74456,0
74457,1
74458,0
74459,1
74460,0
74461,1
74462,0
74463,1
74464,0
74465,0
74466,1
74467,0
74468,0
74469,1
74470,0
74471,0
74472,1
74473,0
74474,1
74475,0
74476,0
74477,0
74478,0
74479,0
74480,1
74481,0
74482,0
74483,1
74484,0
74485,0
74486,0
74487,1
74488,1
74489,0
74490,0
74491,0
74492,0
74493,0
74494,0
74495,0
74496,1
74497,0
74498,0
74499,1
74500,0
74501,1
74502,1
74503,0
74504,0
74505,0
74506,0
74507,1
74508,0
74509,0
74510,0
74511,0
74512,0
74513,0
74514,0
74515,1
74516,1
74517,1
74518,1
74519,0
74520,0
74521,1
74522,0
74523,1
74524,1
74525,0
74526,0
74527,1
74528,0
74529,1
74530,0
74531,0
74532,1
74533,1
74534,1
74535,0
74536,1
74537,0
74538,1
74539,1
74540,0
74541,0
74542,0
74543,0
74544,0
74545,0
74546,0
74547,0
74548,1
74549,1
74550,0
74551,0
74552,0
74553,0
74554,0
74555,0
74556,1
74557,0
74558,0
74559,0
74560,0
74561,1
74562,0
74563,1
74564,0
74565,0
74566,0
74567,0
74568,0
74569,0
74570,1
74571,0
74572,1
74573,0
74574,0
74575,0
74576,0
74577,1
74578,0
74579,0
74580,0
74581,1
74582,1
74583,1
74584,1
74585,1
74586,0
74587,0
74588,0
74589,1
74590,1
74591,0
74592,0
74593,0
74594,0
74595,1
74596,1
74597,1
74598,0
74599,0
74600,1
74601,0
74602,0
74603,1
74604,0
74605,0
74606,0
74607,0
74608,0
74609,1
74610,1
74611,0
74612,0
74613,0
74614,0
74615,0
74616,0
74617,1
74618,1
74619,0
74620,1
74621,0
74622,0
74623,0
74624,0
74625,0
74626,0
74627,0
74628,1
74629,1
74630,0
74631,0
74632,0
74633,1
74634,0
74635,0
74636,1
74637,0
74638,0
74639,0
74640,1
74641,0
74642,0
74643,0
74644,1
74645,1
74646,1
74647,1
74648,1
74649,0
74650,0
74651,1
74652,0
74653,0
74654,1
74655,0
74656,1
74657,1
74658,0
74659,0
74660,0
74661,1
74662,0
74663,0
74664,0
74665,1
74666,1
74667,1
74668,1
74669,1
74670,0
74671,0
74672,0
74673,0
74674,0
74675,0
74676,0
74677,0
74678,0
74679,0
74680,1
74681,0
74682,0
74683,0
74684,0
74685,0
74686,0
74687,0
74688,0
74689,0
74690,0
74691,0
74692,0
74693,0
74694,1
74695,0
74696,0
74697,0
74698,0
74699,0
74700,0
74701,1
74702,1
74703,0
74704,1
74705,1
74706,1
74707,0
74708,0
74709,0
74710,0
74711,1
74712,0
74713,0
74714,0
74715,0
74716,1
74717,0
74718,1
74719,0
74720,1
74721,0
74722,0
74723,1
74724,0
74725,0
74726,0
74727,1
74728,0
74729,1
74730,0
74731,0
74732,1
74733,0
74734,1
74735,0
74736,1
74737,0
74738,1
74739,0
74740,0
74741,0
74742,0
74743,0
74744,0
74745,0
74746,0
74747,0
74748,1
74749,0
74750,1
74751,0
74752,0
74753,0
74754,1
74755,1
74756,0
74757,0
74758,0
74759,0
74760,0
74761,1
74762,0
74763,0
74764,0
74765,0
74766,0
74767,1
74768,0
74769,0
74770,1
74771,1
74772,0
74773,1
74774,0
74775,0
74776,0
74777,1
74778,0
74779,0
74780,0
74781,1
74782,0
74783,0
74784,1
74785,1
74786,1
74787,0
74788,0
74789,0
74790,1
74791,1
74792,1
74793,0
74794,0
74795,1
74796,0
74797,1
74798,1
74799,1
74800,0
74801,1
74802,1
74803,0
74804,0
74805,1
74806,1
74807,0
74808,1
74809,0
74810,0
74811,1
74812,0
74813,0
74814,1
74815,1
74816,1
74817,0
74818,0
74819,1
74820,1
74821,0
74822,1
74823,0
74824,0
74825,0
74826,0
74827,0
74828,1
74829,0
74830,0
74831,0
74832,0
74833,1
74834,1
74835,1
74836,0
74837,0
74838,0
74839,0
74840,1
74841,0
74842,0
74843,0
74844,0
74845,0
74846,0
74847,1
74848,0
74849,0
74850,0
74851,0
74852,0
74853,1
74854,0
74855,0
74856,0
74857,0
74858,1
74859,0
74860,1
74861,0
74862,0
74863,0
74864,1
74865,0
74866,1
74867,0
74868,0
74869,0
74870,0
74871,0
74872,1
74873,0
74874,1
74875,0
74876,1
74877,0
74878,0
74879,0
74880,1
74881,0
74882,0
74883,1
74884,0
74885,1
74886,1
74887,0
74888,0
74889,1
74890,0
74891,0
74892,0
74893,1
74894,1
74895,0
74896,0
74897,0
74898,0
74899,0
74900,0
74901,0
74902,0
74903,0
74904,0
74905,0
74906,0
74907,0
74908,1
74909,1
74910,0
74911,0
74912,0
74913,0
74914,0
74915,0
74916,1
74917,0
74918,0
74919,0
74920,1
74921,1
74922,0
74923,0
74924,0
74925,0
74926,1
74927,0
74928,0
74929,1
74930,0
74931,0
74932,0
74933,0
74934,1
74935,0
74936,0
74937,0
74938,0
74939,0
74940,0
74941,1
74942,0
74943,0
74944,0
74945,0
74946,0
74947,0
74948,1
74949,1
74950,0
74951,1
74952,0
74953,0
74954,0
74955,1
74956,0
74957,1
74958,0
74959,1
74960,0
74961,0
74962,1
74963,1
74964,0
74965,1
74966,1
74967,1
74968,0
74969,0
74970,0
74971,0
74972,1
74973,1
74974,0
74975,1
74976,0
74977,0
74978,1
74979,0
74980,1
74981,1
74982,0
74983,0
74984,0
74985,1
74986,0
74987,0
74988,0
74989,0
74990,0
74991,0
74992,1
74993,0
74994,0
74995,0
74996,0
74997,1
74998,0
74999,0
75000,0
75001,0
75002,0
75003,0
75004,1
75005,0
75006,1
75007,0
75008,0
75009,0
75010,0
75011,0
75012,0
75013,1
75014,0
75015,0
75016,1
75017,0
75018,1
75019,0
75020,1
75021,0
75022,0
75023,1
75024,0
75025,1
75026,0
75027,0
75028,0
75029,1
75030,0
75031,0
75032,0
75033,0
75034,1
75035,0
75036,1
75037,0
75038,1
75039,0
75040,0
75041,1
75042,0
75043,1
75044,1
75045,0
75046,1
75047,0
75048,1
75049,0
75050,0
75051,0
75052,0
75053,0
75054,1
75055,0
75056,0
75057,0
75058,0
75059,0
75060,1
75061,0
75062,1
75063,1
75064,0
75065,0
75066,0
75067,0
75068,1
75069,0
75070,1
75071,1
75072,1
75073,0
75074,0
75075,0
75076,0
75077,0
75078,0
75079,0
75080,0
75081,1
75082,1
75083,0
75084,1
75085,1
75086,0
75087,0
75088,0
75089,0
75090,0
75091,0
75092,1
75093,0
75094,1
75095,1
75096,0
75097,0
75098,1
75099,1
75100,1
75101,0
75102,0
75103,1
75104,0
75105,1
75106,0
75107,0
75108,1
75109,1
75110,0
75111,0
75112,0
75113,0
75114,0
75115,1
75116,0
75117,0
75118,0
75119,0
75120,0
75121,1
75122,1
75123,0
75124,1
75125,0
75126,0
75127,1
75128,0
75129,1
75130,0
75131,0
75132,0
75133,0
75134,0
75135,0
75136,1
75137,0
75138,0
75139,1
75140,1
75141,1
75142,1
75143,1
75144,0
75145,0
75146,1
75147,0
75148,1
75149,1
75150,0
75151,0
75152,0
75153,0
75154,1
75155,0
75156,0
75157,0
75158,0
75159,1
75160,0
75161,0
75162,0
75163,1
75164,0
75165,0
75166,0
75167,0
75168,1
75169,1
75170,0
75171,1
75172,0
75173,0
75174,1
75175,1
75176,0
75177,1
75178,0
75179,0
75180,0
75181,0
75182,0
75183,0
75184,0
75185,0
75186,0
75187,1
75188,0
75189,0
75190,0
75191,0
75192,1
75193,0
75194,0
75195,1
75196,1
75197,0
75198,0
75199,0
75200,0
75201,0
75202,1
75203,0
75204,1
75205,1
75206,1
75207,0
75208,0
75209,0
75210,0
75211,0
75212,0
75213,1
75214,0
75215,0
75216,0
75217,0
75218,1
75219,1
75220,0
75221,0
75222,0
75223,0
75224,1
75225,0
75226,0
75227,0
75228,0
75229,0
75230,1
75231,1
75232,0
75233,0
75234,0
75235,0
75236,0
75237,1
75238,0
75239,0
75240,0
75241,0
75242,0
75243,0
75244,1
75245,1
75246,1
75247,0
75248,0
75249,1
75250,0
75251,0
75252,1
75253,1
75254,0
75255,1
75256,0
75257,1
75258,0
75259,1
75260,0
75261,0
75262,0
75263,0
75264,0
75265,1
75266,0
75267,0
75268,0
75269,0
75270,0
75271,0
75272,1
75273,0
75274,0
75275,1
75276,0
75277,0
75278,1
75279,1
75280,0
75281,1
75282,1
75283,0
75284,0
75285,0
75286,0
75287,1
75288,1
75289,0
75290,0
75291,0
75292,0
75293,0
75294,1
75295,0
75296,0
75297,0
75298,0
75299,0
75300,0
75301,1
75302,0
75303,1
75304,0
75305,0
75306,0
75307,0
75308,0
75309,0
75310,0
75311,1
75312,0
75313,0
75314,0
75315,0
75316,0
75317,1
75318,1
75319,0
75320,0
75321,1
75322,0
75323,0
75324,0
75325,0
75326,0
75327,1
75328,1
75329,0
75330,0
75331,0
75332,0
75333,1
75334,1
75335,0
75336,1
75337,0
75338,0
75339,0
75340,0
75341,0
75342,1
75343,1
75344,1
75345,0
75346,0
75347,0
75348,0
75349,0
75350,0
75351,0
75352,1
75353,0
75354,0
75355,0
75356,0
75357,1
75358,0
75359,1
75360,0
75361,0
75362,0
75363,1
75364,0
75365,0
75366,0
75367,1
75368,1
75369,1
75370,0
75371,1
75372,1
75373,0
75374,0
75375,1
75376,0
75377,1
75378,0
75379,0
75380,1
75381,0
75382,0
75383,0
75384,0
75385,0
75386,0
75387,0
75388,0
75389,0
75390,0
75391,1
75392,0
75393,0
75394,0
75395,0
75396,1
75397,1
75398,0
75399,0
75400,0
75401,0
75402,0
75403,1
75404,0
75405,1
75406,0
75407,0
75408,1
75409,1
75410,1
75411,1
75412,0
75413,0
75414,1
75415,0
75416,0
75417,0
75418,0
75419,0
75420,1
75421,0
75422,0
75423,0
75424,0
75425,1
75426,1
75427,0
75428,0
75429,0
75430,1
75431,1
75432,0
75433,0
75434,0
75435,0
75436,0
75437,0
75438,1
75439,1
75440,0
75441,0
75442,0
75443,0
75444,0
75445,0
75446,0
75447,1
75448,0
75449,0
75450,0
75451,1
75452,1
75453,0
75454,0
75455,0
75456,0
75457,1
75458,0
75459,1
75460,0
75461,1
75462,0
75463,0
75464,1
75465,1
75466,0
75467,0
75468,0
75469,0
75470,0
75471,1
75472,0
75473,0
75474,0
75475,1
75476,0
75477,0
75478,0
75479,0
75480,1
75481,1
75482,0
75483,0
75484,0
75485,0
75486,1
75487,1
75488,0
75489,0
75490,0
75491,1
75492,1
75493,1
75494,0
75495,1
75496,1
75497,0
75498,1
75499,1
75500,1
75501,0
75502,0
75503,0
75504,1
75505,0
75506,0
75507,0
75508,0
75509,0
75510,0
75511,0
75512,0
75513,0
75514,0
75515,0
75516,0
75517,0
75518,0
75519,0
75520,0
75521,0
75522,0
75523,1
75524,1
75525,0
75526,0
75527,0
75528,1
75529,0
75530,1
75531,0
75532,1
75533,1
75534,0
75535,1
75536,0
75537,1
75538,0
75539,0
75540,1
75541,0
75542,0
75543,0
75544,1
75545,1
75546,1
75547,0
75548,1
75549,0
75550,0
75551,0
75552,0
75553,0
75554,0
75555,0
75556,0
75557,0
75558,1
75559,0
75560,0
75561,0
75562,0
75563,1
75564,0
75565,1
75566,0
75567,0
75568,0
75569,0
75570,0
75571,0
75572,1
75573,0
75574,0
75575,0
75576,1
75577,1
75578,1
75579,1
75580,0
75581,0
75582,1
75583,0
75584,0
75585,1
75586,1
75587,0
75588,0
75589,1
75590,0
75591,0
75592,0
75593,0
75594,0
75595,1
75596,1
75597,0
75598,0
75599,0
75600,1
75601,0
75602,0
75603,0
75604,0
75605,0
75606,0
75607,1
75608,0
75609,0
75610,0
75611,0
75612,0
75613,0
75614,1
75615,0
75616,1
75617,0
75618,0
75619,1
75620,0
75621,0
75622,0
75623,0
75624,0
75625,1
75626,1
75627,0
75628,0
75629,1
75630,1
75631,1
75632,0
75633,0
75634,1
75635,1
75636,0
75637,0
75638,0
75639,0
75640,0
75641,0
75642,0
75643,0
75644,0
75645,1
75646,1
75647,1
75648,0
75649,0
75650,1
75651,0
75652,1
75653,0
75654,1
75655,1
75656,0
75657,0
75658,1
75659,0
75660,0
75661,0
75662,1
75663,0
75664,1
75665,1
75666,1
75667,1
75668,0
75669,1
75670,1
75671,0
75672,0
75673,1
75674,0
75675,0
75676,0
75677,0
75678,0
75679,1
75680,1
75681,0
75682,1
75683,0
75684,0
75685,0
75686,0
75687,0
75688,0
75689,0
75690,1
75691,0
75692,0
75693,0
75694,0
75695,0
75696,0
75697,0
75698,0
75699,1
75700,0
75701,0
75702,0
75703,0
75704,1
75705,0
75706,0
75707,0
75708,0
75709,0
75710,1
75711,0
75712,0
75713,1
75714,1
75715,0
75716,0
75717,1
75718,1
75719,0
75720,0
75721,0
75722,0
75723,1
75724,0
75725,0
75726,0
75727,0
75728,1
75729,0
75730,0
75731,0
75732,0
75733,0
75734,0
75735,0
75736,0
75737,0
75738,0
75739,1
75740,0
75741,1
75742,0
75743,0
75744,0
75745,1
75746,0
75747,0
75748,1
75749,0
75750,0
75751,1
75752,0
75753,1
75754,1
75755,1
75756,0
75757,0
75758,1
75759,1
75760,0
75761,0
75762,0
75763,1
75764,0
75765,0
75766,1
75767,1
75768,0
75769,0
75770,1
75771,0
75772,0
75773,0
75774,0
75775,0
75776,0
75777,1
75778,1
75779,1
75780,0
75781,0
75782,1
75783,0
75784,0
75785,0
75786,0
75787,0
75788,1
75789,0
75790,1
75791,1
75792,0
75793,0
75794,0
75795,1
75796,0
75797,1
75798,1
75799,0
75800,0
75801,0
75802,0
75803,0
75804,0
75805,0
75806,1
75807,0
75808,0
75809,0
75810,0
75811,1
75812,0
75813,0
75814,0
75815,1
75816,1
75817,1
75818,0
75819,0
75820,1
75821,0
75822,1
75823,0
75824,0
75825,0
75826,1
75827,0
75828,0
75829,1
75830,0
75831,1
75832,0
75833,0
75834,0
75835,1
75836,0
75837,1
75838,1
75839,0
75840,0
75841,1
75842,1
75843,0
75844,0
75845,0
75846,0
75847,0
75848,1
75849,0
75850,0
75851,0
75852,1
75853,1
75854,0
75855,0
75856,1
75857,0
75858,0
75859,0
75860,0
75861,0
75862,1
75863,1
75864,1
75865,1
75866,0
75867,1
75868,0
75869,1
75870,0
75871,0
75872,0
75873,1
75874,0
75875,0
75876,0
75877,1
75878,0
75879,0
75880,1
75881,0
75882,0
75883,1
75884,1
75885,0
75886,0
75887,1
75888,0
75889,0
75890,0
75891,0
75892,0
75893,0
75894,1
75895,0
75896,1
75897,0
75898,0
75899,0
75900,0
75901,0
75902,0
75903,1
75904,1
75905,0
75906,0
75907,0
75908,0
75909,0
75910,0
75911,0
75912,0
75913,0
75914,0
75915,0
75916,0
75917,0
75918,0
75919,1
75920,1
75921,1
75922,0
75923,0
75924,1
75925,1
75926,0
75927,1
75928,0
75929,0
75930,0
75931,0
75932,0
75933,0
75934,0
75935,0
75936,0
75937,0
75938,1
75939,1
75940,0
75941,1
75942,0
75943,0
75944,1
75945,0
75946,0
75947,0
75948,0
75949,0
75950,0
75951,0
75952,0
75953,0
75954,0
75955,0
75956,0
75957,1
75958,0
75959,0
75960,0
75961,0
75962,0
75963,0
75964,1
75965,0
75966,1
75967,1
75968,1
75969,0
75970,1
75971,0
75972,1
75973,0
75974,1
75975,0
75976,0
75977,0
75978,1
75979,0
75980,0
75981,0
75982,0
75983,1
75984,1
75985,1
75986,0
75987,0
75988,0
75989,1
75990,0
75991,0
75992,0
75993,0
75994,0
75995,1
75996,0
75997,0
75998,0
75999,0
76000,0
76001,0
76002,0
76003,0
76004,1
76005,1
76006,0
76007,1
76008,1
76009,0
76010,0
76011,0
76012,0
76013,0
76014,0
76015,1
76016,1
76017,0
76018,1
76019,1
76020,1
76021,0
76022,0
76023,0
76024,0
76025,1
76026,0
76027,0
76028,0
76029,1
76030,0
76031,0
76032,0
76033,0
76034,1
76035,1
76036,1
76037,0
76038,1
76039,0
76040,0
76041,1
76042,1
76043,0
76044,0
76045,0
76046,1
76047,0
76048,0
76049,0
76050,0
76051,0
76052,1
76053,0
76054,0
76055,0
76056,0
76057,1
76058,1
76059,1
76060,0
76061,0
76062,0
76063,0
76064,0
76065,0
76066,0
76067,0
76068,1
76069,1
76070,1
76071,0
76072,0
76073,0
76074,0
76075,0
76076,0
76077,0
76078,0
76079,1
76080,0
76081,1
76082,0
76083,0
76084,0
76085,0
76086,1
76087,0
76088,1
76089,0
76090,0
76091,0
76092,0
76093,1
76094,0
76095,1
76096,0
76097,0
76098,1
76099,1
76100,1
76101,0
76102,1
76103,1
76104,0
76105,1
76106,0
76107,1
76108,0
76109,0
76110,1
76111,1
76112,1
76113,1
76114,1
76115,0
76116,0
76117,1
76118,0
76119,0
76120,0
76121,0
76122,0
76123,0
76124,0
76125,0
76126,0
76127,0
76128,0
76129,1
76130,1
76131,0
76132,0
76133,0
76134,1
76135,0
76136,0
76137,1
76138,1
76139,0
76140,0
76141,1
76142,1
76143,0
76144,1
76145,0
76146,0
76147,0
76148,0
76149,1
76150,0
76151,0
76152,0
76153,0
76154,0
76155,0
76156,0
76157,0
76158,0
76159,0
76160,0
76161,0
76162,0
76163,0
76164,1
76165,0
76166,0
76167,0
76168,0
76169,1
76170,0
76171,1
76172,0
76173,1
76174,0
76175,0
76176,1
76177,1
76178,1
76179,0
76180,1
76181,1
76182,0
76183,0
76184,0
76185,0
76186,0
76187,0
76188,1
76189,0
76190,1
76191,0
76192,1
76193,1
76194,1
76195,0
76196,0
76197,1
76198,1
76199,0
76200,0
76201,1
76202,0
76203,0
76204,0
76205,0
76206,1
76207,1
76208,0
76209,0
76210,0
76211,0
76212,0
76213,1
76214,0
76215,0
76216,0
76217,0
76218,0
76219,0
76220,0
76221,0
76222,0
76223,0
76224,1
76225,1
76226,0
76227,0
76228,1
76229,0
76230,1
76231,0
76232,0
76233,1
76234,1
76235,0
76236,0
76237,1
76238,1
76239,1
76240,0
76241,0
76242,0
76243,1
76244,1
76245,0
76246,0
76247,0
76248,0
76249,1
76250,1
76251,0
76252,0
76253,1
76254,1
76255,1
76256,0
76257,0
76258,1
76259,1
76260,0
76261,0
76262,0
76263,1
76264,0
76265,0
76266,0
76267,0
76268,0
76269,0
76270,0
76271,1
76272,0
76273,1
76274,0
76275,1
76276,0
76277,1
76278,0
76279,0
76280,1
76281,0
76282,1
76283,0
76284,0
76285,0
76286,0
76287,0
76288,0
76289,1
76290,1
76291,0
76292,1
76293,1
76294,0
76295,0
76296,0
76297,1
76298,1
76299,1
76300,0
76301,0
76302,0
76303,0
76304,0
76305,1
76306,0
76307,1
76308,1
76309,1
76310,1
76311,1
76312,0
76313,1
76314,1
76315,0
76316,1
76317,0
76318,0
76319,1
76320,0
76321,0
76322,0
76323,0
76324,0
76325,0
76326,0
76327,1
76328,0
76329,0
76330,0
76331,0
76332,1
76333,0
76334,1
76335,1
76336,1
76337,0
76338,0
76339,0
76340,0
76341,0
76342,1
76343,0
76344,0
76345,1
76346,0
76347,1
76348,0
76349,0
76350,0
76351,0
76352,0
76353,0
76354,0
76355,0
76356,1
76357,0
76358,0
76359,0
76360,0
76361,0
76362,0
76363,0
76364,1
76365,0
76366,1
76367,1
76368,1
76369,0
76370,0
76371,0
76372,0
76373,0
76374,0
76375,0
76376,0
76377,0
76378,0
76379,0
76380,0
76381,0
76382,0
76383,0
76384,1
76385,1
76386,0
76387,0
76388,0
76389,0
76390,0
76391,1
76392,1
76393,0
76394,1
76395,0
76396,1
76397,0
76398,0
76399,1
76400,0
76401,0
76402,0
76403,1
76404,0
76405,0
76406,0
76407,0
76408,0
76409,0
76410,1
76411,0
76412,1
76413,0
76414,0
76415,1
76416,0
76417,0
76418,0
76419,0
76420,1
76421,1
76422,0
76423,0
76424,1
76425,0
76426,1
76427,0
76428,1
76429,1
76430,1
76431,0
76432,0
76433,0
76434,0
76435,0
76436,0
76437,1
76438,1
76439,0
76440,0
76441,0
76442,0
76443,0
76444,1
76445,0
76446,0
76447,0
76448,0
76449,0
76450,0
76451,0
76452,0
76453,0
76454,0
76455,0
76456,0
76457,0
76458,1
76459,0
76460,0
76461,0
76462,0
76463,0
76464,0
76465,1
76466,0
76467,0
76468,0
76469,0
76470,1
76471,1
76472,1
76473,0
76474,0
76475,1
76476,0
76477,1
76478,0
76479,0
76480,0
76481,0
76482,0
76483,0
76484,1
76485,0
76486,1
76487,0
76488,0
76489,0
76490,0
76491,0
76492,0
76493,0
76494,0
76495,1
76496,0
76497,0
76498,0
76499,0
76500,0
76501,1
76502,0
76503,0
76504,0
76505,0
76506,0
76507,1
76508,1
76509,0
76510,0
76511,0
76512,1
76513,0
76514,1
76515,0
76516,1
76517,0
76518,0
76519,0
76520,0
76521,0
76522,1
76523,1
76524,0
76525,0
76526,0
76527,1
76528,0
76529,1
76530,0
76531,0
76532,0
76533,1
76534,0
76535,0
76536,0
76537,0
76538,0
76539,0
76540,0
76541,0
76542,0
76543,0
76544,1
76545,1
76546,1
76547,0
76548,0
76549,0
76550,1
76551,0
76552,0
76553,0
76554,1
76555,0
76556,1
76557,1
76558,0
76559,0
76560,0
76561,1
76562,1
76563,1
76564,0
76565,0
76566,0
76567,1
76568,0
76569,0
76570,0
76571,0
76572,0
76573,1
76574,0
76575,0
76576,0
76577,1
76578,0
76579,1
76580,0
76581,0
76582,0
76583,0
76584,0
76585,0
76586,0
76587,0
76588,0
76589,0
76590,0
76591,0
76592,1
76593,1
76594,1
76595,0
76596,0
76597,0
76598,0
76599,0
76600,0
76601,1
76602,0
76603,0
76604,0
76605,0
76606,0
76607,0
76608,0
76609,0
76610,1
76611,0
76612,0
76613,1
76614,0
76615,1
76616,0
76617,1
76618,0
76619,0
76620,1
76621,0
76622,1
76623,1
76624,0
76625,1
76626,0
76627,0
76628,0
76629,0
76630,0
76631,1
76632,1
76633,0
76634,1
76635,1
76636,1
76637,0
76638,0
76639,0
76640,0
76641,0
76642,1
76643,1
76644,0
76645,1
76646,0
76647,1
76648,0
76649,0
76650,1
76651,1
76652,0
76653,0
76654,0
76655,0
76656,1
76657,0
76658,0
76659,1
76660,0
76661,1
76662,0
76663,0
76664,0
76665,1
76666,1
76667,0
76668,0
76669,0
76670,0
76671,0
76672,1
76673,0
76674,0
76675,0
76676,0
76677,0
76678,0
76679,0
76680,1
76681,1
76682,1
76683,1
76684,0
76685,0
76686,1
76687,0
76688,1
76689,1
76690,0
76691,0
76692,0
76693,1
76694,0
76695,1
76696,0
76697,0
76698,0
76699,1
76700,0
76701,0
76702,0
76703,0
76704,0
76705,1
76706,1
76707,1
76708,0
76709,0
76710,1
76711,0
76712,1
76713,0
76714,0
76715,1
76716,0
76717,0
76718,0
76719,0
76720,0
76721,0
76722,0
76723,1
76724,0
76725,1
76726,0
76727,0
76728,0
76729,0
76730,0
76731,0
76732,1
76733,0
76734,1
76735,0
76736,0
76737,0
76738,0
76739,0
76740,0
76741,0
76742,0
76743,1
76744,1
76745,0
76746,0
76747,1
76748,1
76749,0
76750,0
76751,1
76752,0
76753,0
76754,1
76755,0
76756,0
76757,0
76758,0
76759,0
76760,0
76761,0
76762,0
76763,0
76764,0
76765,1
76766,0
76767,0
76768,0
76769,1
76770,0
76771,1
76772,1
76773,0
76774,1
76775,0
76776,0
76777,0
76778,0
76779,0
76780,1
76781,1
76782,1
76783,1
76784,1
76785,1
76786,0
76787,0
76788,1
76789,1
76790,0
76791,1
76792,0
76793,0
76794,0
76795,1
76796,1
76797,0
76798,0
76799,0
76800,0
76801,1
76802,0
76803,0
76804,0
76805,0
76806,0
76807,0
76808,1
76809,0
76810,1
76811,0
76812,0
76813,1
76814,0
76815,0
76816,0
76817,1
76818,0
76819,0
76820,1
76821,0
76822,0
76823,0
76824,0
76825,1
76826,0
76827,0
76828,0
76829,0
76830,0
76831,1
76832,0
76833,0
76834,1
76835,0
76836,0
76837,0
76838,1
76839,0
76840,0
76841,0
76842,0
76843,0
76844,1
76845,0
76846,1
76847,0
76848,0
76849,0
76850,0
76851,0
76852,0
76853,0
76854,0
76855,0
76856,0
76857,0
76858,1
76859,0
76860,0
76861,0
76862,0
76863,0
76864,1
76865,1
76866,0
76867,0
76868,1
76869,0
76870,0
76871,0
76872,0
76873,0
76874,0
76875,0
76876,0
76877,1
76878,0
76879,0
76880,0
76881,0
76882,0
76883,0
76884,0
76885,1
76886,1
76887,1
76888,0
76889,0
76890,0
76891,0
76892,0
76893,1
76894,0
76895,0
76896,0
76897,1
76898,0
76899,0
76900,0
76901,0
76902,0
76903,1
76904,0
76905,0
76906,1
76907,1
76908,1
76909,1
76910,0
76911,0
76912,1
76913,0
76914,0
76915,0
76916,1
76917,0
76918,0
76919,0
76920,0
76921,0
76922,1
76923,0
76924,0
76925,0
76926,0
76927,1
76928,0
76929,0
76930,1
76931,0
76932,0
76933,0
76934,0
76935,0
76936,1
76937,0
76938,1
76939,0
76940,0
76941,0
76942,1
76943,0
76944,0
76945,0
76946,1
76947,1
76948,1
76949,0
76950,1
76951,0
76952,0
76953,0
76954,1
76955,0
76956,0
76957,0
76958,0
76959,0
76960,0
76961,0
76962,1
76963,0
76964,0
76965,1
76966,1
76967,0
76968,1
76969,0
76970,0
76971,0
76972,1
76973,0
76974,0
76975,0
76976,0
76977,0
76978,0
76979,0
76980,0
76981,0
76982,0
76983,0
76984,1
76985,0
76986,1
76987,1
76988,0
76989,0
76990,1
76991,0
76992,0
76993,0
76994,0
76995,0
76996,1
76997,0
76998,1
76999,0
77000,0
77001,0
77002,1
77003,0
77004,1
77005,0
77006,0
77007,0
77008,0
77009,1
77010,1
77011,0
77012,0
77013,0
77014,0
77015,1
77016,1
77017,0
77018,0
77019,0
77020,1
77021,0
77022,1
77023,0
77024,0
77025,0
77026,0
77027,0
77028,0
77029,0
77030,0
77031,0
77032,1
77033,1
77034,0
77035,1
77036,0
77037,0
77038,0
77039,1
77040,1
77041,1
77042,0
77043,0
77044,0
77045,0
77046,1
77047,1
77048,1
77049,0
77050,0
77051,0
77052,0
77053,0
77054,0
77055,1
77056,0
77057,1
77058,0
77059,0
77060,1
77061,1
77062,1
77063,0
77064,1
77065,0
77066,1
77067,0
77068,0
77069,0
77070,1
77071,0
77072,0
77073,0
77074,0
77075,0
77076,1
77077,0
77078,1
77079,0
77080,0
77081,0
77082,0
77083,0
77084,0
77085,1
77086,0
77087,0
77088,1
77089,0
77090,0
77091,0
77092,0
77093,0
77094,1
77095,1
77096,1
77097,0
77098,1
77099,1
77100,1
77101,0
77102,0
77103,0
77104,0
77105,0
77106,0
77107,0
77108,0
77109,0
77110,0
77111,0
77112,0
77113,1
77114,0
77115,1
77116,0
77117,1
77118,0
77119,1
77120,0
77121,1
77122,0
77123,1
77124,1
77125,0
77126,1
77127,0
77128,0
77129,1
77130,0
77131,0
77132,0
77133,0
77134,1
77135,0
77136,0
77137,0
77138,0
77139,0
77140,0
77141,0
77142,0
77143,0
77144,0
77145,0
77146,0
77147,0
77148,0
77149,0
77150,0
77151,0
77152,0
77153,0
77154,0
77155,0
77156,0
77157,0
77158,1
77159,0
77160,0
77161,0
77162,0
77163,0
77164,0
77165,0
77166,0
77167,0
77168,1
77169,0
77170,0
77171,0
77172,1
77173,0
77174,0
77175,0
77176,1
77177,1
77178,0
77179,0
77180,0
77181,0
77182,0
77183,0
77184,1
77185,1
77186,0
77187,0
77188,0
77189,0
77190,0
77191,0
77192,0
77193,0
77194,0
77195,0
77196,0
77197,0
77198,0
77199,0
77200,1
77201,1
77202,0
77203,0
77204,0
77205,0
77206,0
77207,1
77208,1
77209,0
77210,0
77211,0
77212,0
77213,0
77214,0
77215,0
77216,1
77217,0
77218,0
77219,0
77220,0
77221,0
77222,1
77223,0
77224,0
77225,0
77226,0
77227,1
77228,0
77229,1
77230,0
77231,1
77232,0
77233,0
77234,0
77235,1
77236,1
77237,0
77238,0
77239,1
77240,0
77241,0
77242,1
77243,0
77244,0
77245,0
77246,0
77247,0
77248,0
77249,0
77250,0
77251,1
77252,0
77253,0
77254,0
77255,1
77256,0
77257,1
77258,0
77259,0
77260,0
77261,1
77262,0
77263,0
77264,0
77265,0
77266,0
77267,0
77268,1
77269,0
77270,0
77271,1
77272,0
77273,0
77274,0
77275,1
77276,1
77277,0
77278,0
77279,0
77280,0
77281,0
77282,0
77283,1
77284,0
77285,0
77286,0
77287,0
77288,1
77289,0
77290,1
77291,0
77292,0
77293,1
77294,0
77295,0
77296,0
77297,0
77298,0
77299,1
77300,1
77301,0
77302,1
77303,0
77304,0
77305,0
77306,0
77307,0
77308,1
77309,0
77310,0
77311,0
77312,0
77313,0
77314,1
77315,1
77316,0
77317,0
77318,1
77319,0
77320,1
77321,0
77322,0
77323,0
77324,0
77325,0
77326,0
77327,1
77328,1
77329,0
77330,0
77331,0
77332,0
77333,1
77334,0
77335,1
77336,0
77337,0
77338,0
77339,0
77340,1
77341,0
77342,1
77343,0
77344,0
77345,1
77346,1
77347,0
77348,1
77349,0
77350,1
77351,0
77352,1
77353,1
77354,0
77355,0
77356,0
77357,0
77358,0
77359,1
77360,1
77361,0
77362,0
77363,0
77364,0
77365,0
77366,0
77367,0
77368,0
77369,0
77370,1
77371,0
77372,0
77373,0
77374,0
77375,0
77376,0
77377,0
77378,0
77379,0
77380,0
77381,0
77382,0
77383,0
77384,0
77385,0
77386,0
77387,0
77388,1
77389,0
77390,1
77391,0
77392,0
77393,0
77394,0
77395,0
77396,0
77397,1
77398,0
77399,1
77400,0
77401,0
77402,0
77403,1
77404,0
77405,0
77406,0
77407,0
77408,0
77409,1
77410,0
77411,1
77412,0
77413,0
77414,0
77415,0
77416,1
77417,1
77418,0
77419,0
77420,1
77421,1
77422,1
77423,1
77424,1
77425,0
77426,1
77427,0
77428,0
77429,1
77430,0
77431,0
77432,0
77433,0
77434,0
77435,1
77436,1
77437,0
77438,0
77439,0
77440,0
77441,1
77442,1
77443,0
77444,1
77445,0
77446,0
77447,0
77448,1
77449,0
77450,0
77451,0
77452,0
77453,0
77454,1
77455,0
77456,1
77457,1
77458,0
77459,0
77460,0
77461,0
77462,0
77463,0
77464,0
77465,0
77466,0
77467,0
77468,1
77469,1
77470,1
77471,0
77472,1
77473,0
77474,0
77475,0
77476,0
77477,1
77478,0
77479,1
77480,1
77481,0
77482,0
77483,0
77484,1
77485,0
77486,0
77487,0
77488,0
77489,1
77490,0
77491,0
77492,0
77493,1
77494,1
77495,1
77496,0
77497,1
77498,1
77499,0
77500,1
77501,0
77502,0
77503,0
77504,0
77505,0
77506,0
77507,0
77508,1
77509,0
77510,0
77511,0
77512,0
77513,0
77514,0
77515,0
77516,0
77517,0
77518,0
77519,0
77520,1
77521,0
77522,0
77523,0
77524,0
77525,0
77526,0
77527,0
77528,0
77529,0
77530,0
77531,0
77532,1
77533,0
77534,0
77535,1
77536,1
77537,0
77538,0
77539,0
77540,0
77541,0
77542,1
77543,0
77544,1
77545,0
77546,0
77547,0
77548,0
77549,1
77550,1
77551,1
77552,0
77553,1
77554,0
77555,0
77556,0
77557,0
77558,0
77559,1
77560,0
77561,1
77562,0
77563,0
77564,1
77565,0
77566,1
77567,0
77568,0
77569,0
77570,0
77571,0
77572,1
77573,0
77574,0
77575,0
77576,0
77577,0
77578,0
77579,0
77580,1
77581,0
77582,0
77583,0
77584,0
77585,0
77586,0
77587,0
77588,0
77589,1
77590,0
77591,1
77592,0
77593,0
77594,0
77595,0
77596,0
77597,0
77598,1
77599,0
77600,0
77601,1
77602,0
77603,1
77604,1
77605,1
77606,0
77607,1
77608,1
77609,0
77610,0
77611,1
77612,0
77613,0
77614,1
77615,1
77616,0
77617,1
77618,0
77619,0
77620,0
77621,0
77622,0
77623,0
77624,0
77625,0
77626,0
77627,0
77628,0
77629,0
77630,0
77631,0
77632,0
77633,0
77634,1
77635,0
77636,1
77637,1
77638,1
77639,0
77640,0
77641,1
77642,0
77643,0
77644,0
77645,0
77646,0
77647,0
77648,0
77649,1
77650,0
77651,0
77652,0
77653,0
77654,0
77655,0
77656,1
77657,0
77658,1
77659,0
77660,0
77661,0
77662,1
77663,0
77664,0
77665,0
77666,0
77667,0
77668,1
77669,0
77670,0
77671,0
77672,0
77673,1
77674,1
77675,0
77676,0
77677,0
77678,0
77679,0
77680,0
77681,0
77682,0
77683,0
77684,0
77685,1
77686,0
77687,0
77688,0
77689,0
77690,0
77691,0
77692,0
77693,0
77694,0
77695,1
77696,0
77697,0
77698,0
77699,0
77700,1
77701,0
77702,0
77703,0
77704,0
77705,0
77706,0
77707,0
77708,0
77709,0
77710,0
77711,0
77712,1
77713,0
77714,0
77715,1
77716,0
77717,0
77718,0
77719,0
77720,1
77721,0
77722,0
77723,1
77724,0
77725,0
77726,0
77727,0
77728,0
77729,0
77730,0
77731,0
77732,1
77733,0
77734,0
77735,0
77736,1
77737,1
77738,0
77739,0
77740,0
77741,0
77742,1
77743,0
77744,0
77745,0
77746,0
77747,0
77748,0
77749,1
77750,0
77751,1
77752,0
77753,0
77754,1
77755,0
77756,0
77757,1
77758,0
77759,0
77760,1
77761,0
77762,1
77763,0
77764,0
77765,1
77766,0
77767,0
77768,0
77769,1
77770,0
77771,0
77772,0
77773,0
77774,0
77775,0
77776,0
77777,0
77778,0
77779,0
77780,1
77781,0
77782,0
77783,0
77784,0
77785,0
77786,1
77787,0
77788,0
77789,0
77790,0
77791,1
77792,0
77793,0
77794,0
77795,0
77796,0
77797,0
77798,1
77799,0
77800,0
77801,0
77802,0
77803,0
77804,1
77805,0
77806,0
77807,0
77808,0
77809,0
77810,1
77811,0
77812,0
77813,1
77814,0
77815,0
77816,0
77817,0
77818,0
77819,0
77820,0
77821,0
77822,0
77823,1
77824,0
77825,1
77826,0
77827,0
77828,0
77829,0
77830,0
77831,0
77832,0
77833,1
77834,0
77835,1
77836,0
77837,1
77838,1
77839,1
77840,0
77841,0
77842,0
77843,0
77844,1
77845,0
77846,1
77847,1
77848,0
77849,0
77850,0
77851,0
77852,1
77853,1
77854,1
77855,1
77856,1
77857,0
77858,0
77859,1
77860,0
77861,1
77862,0
77863,1
77864,0
77865,0
77866,1
77867,1
77868,0
77869,0
77870,0
77871,1
77872,0
77873,0
77874,1
77875,0
77876,0
77877,0
77878,1
77879,0
77880,0
77881,0
77882,0
77883,1
77884,0
77885,0
77886,0
77887,0
77888,0
77889,0
77890,0
77891,1
77892,1
77893,0
77894,1
77895,0
77896,0
77897,0
77898,0
77899,1
77900,0
77901,0
77902,0
77903,0
77904,0
77905,1
77906,0
77907,0
77908,0
77909,1
77910,0
77911,1
77912,1
77913,0
77914,1
77915,1
77916,0
77917,0
77918,0
77919,0
77920,1
77921,0
77922,0
77923,1
77924,0
77925,0
77926,1
77927,0
77928,1
77929,0
77930,0
77931,0
77932,1
77933,0
77934,0
77935,0
77936,0
77937,0
77938,1
77939,0
77940,0
77941,0
77942,0
77943,1
77944,0
77945,0
77946,0
77947,0
77948,0
77949,0
77950,0
77951,1
77952,0
77953,0
77954,1
77955,1
77956,0
77957,1
77958,0
77959,0
77960,0
77961,0
77962,0
77963,0
77964,0
77965,0
77966,0
77967,0
77968,0
77969,1
77970,0
77971,0
77972,0
77973,1
77974,0
77975,0
77976,0
77977,1
77978,0
77979,1
77980,0
77981,0
77982,0
77983,1
77984,0
77985,0
77986,0
77987,0
77988,0
77989,0
77990,0
77991,0
77992,1
77993,0
77994,0
77995,0
77996,0
77997,1
77998,0
77999,0
78000,0
78001,1
78002,0
78003,0
78004,0
78005,0
78006,0
78007,0
78008,1
78009,1
78010,0
78011,0
78012,1
78013,0
78014,1
78015,0
78016,0
78017,0
78018,0
78019,0
78020,0
78021,1
78022,1
78023,1
78024,0
78025,0
78026,0
78027,0
78028,0
78029,0
78030,1
78031,1
78032,1
78033,1
78034,0
78035,0
78036,0
78037,0
78038,0
78039,0
78040,0
78041,1
78042,0
78043,0
78044,0
78045,1
78046,0
78047,0
78048,0
78049,0
78050,0
78051,1
78052,1
78053,0
78054,0
78055,0
78056,0
78057,0
78058,1
78059,0
78060,0
78061,0
78062,1
78063,0
78064,1
78065,0
78066,1
78067,1
78068,1
78069,0
78070,0
78071,0
78072,1
78073,0
78074,1
78075,0
78076,1
78077,0
78078,0
78079,0
78080,1
78081,1
78082,1
78083,0
78084,1
78085,0
78086,0
78087,0
78088,0
78089,0
78090,1
78091,0
78092,0
78093,1
78094,0
78095,0
78096,0
78097,0
78098,0
78099,1
78100,1
78101,1
78102,1
78103,0
78104,0
78105,1
78106,0
78107,0
78108,0
78109,0
78110,0
78111,0
78112,1
78113,1
78114,0
78115,0
78116,0
78117,0
78118,0
78119,0
78120,0
78121,0
78122,0
78123,0
78124,0
78125,1
78126,0
78127,0
78128,0
78129,0
78130,0
78131,0
78132,0
78133,0
78134,0
78135,0
78136,0
78137,0
78138,0
78139,1
78140,0
78141,0
78142,0
78143,0
78144,0
78145,1
78146,0
78147,1
78148,1
78149,0
78150,0
78151,0
78152,1
78153,0
78154,0
78155,0
78156,0
78157,0
78158,1
78159,0
78160,1
78161,1
78162,0
78163,0
78164,0
78165,1
78166,0
78167,0
78168,0
78169,1
78170,0
78171,0
78172,0
78173,0
78174,0
78175,1
78176,0
78177,1
78178,1
78179,1
78180,1
78181,0
78182,0
78183,0
78184,0
78185,0
78186,1
78187,0
78188,0
78189,1
78190,0
78191,0
78192,1
78193,1
78194,0
78195,0
78196,1
78197,0
78198,0
78199,0
78200,0
78201,1
78202,0
78203,0
78204,0
78205,0
78206,0
78207,0
78208,0
78209,0
78210,0
78211,0
78212,0
78213,0
78214,1
78215,1
78216,1
78217,0
78218,0
78219,1
78220,0
78221,1
78222,1
78223,0
78224,1
78225,0
78226,0
78227,0
78228,0
78229,0
78230,1
78231,0
78232,0
78233,0
78234,1
78235,1
78236,1
78237,0
78238,1
78239,0
78240,1
78241,0
78242,0
78243,1
78244,0
78245,0
78246,0
78247,1
78248,1
78249,0
78250,1
78251,1
78252,0
78253,0
78254,0
78255,1
78256,1
78257,0
78258,1
78259,0
78260,0
78261,0
78262,0
78263,1
78264,0
78265,0
78266,1
78267,0
78268,1
78269,0
78270,0
78271,0
78272,0
78273,0
78274,0
78275,0
78276,0
78277,1
78278,0
78279,0
78280,1
78281,0
78282,1
78283,1
78284,0
78285,0
78286,0
78287,0
78288,0
78289,0
78290,0
78291,1
78292,1
78293,0
78294,0
78295,0
78296,1
78297,0
78298,0
78299,0
78300,0
78301,1
78302,0
78303,0
78304,0
78305,0
78306,0
78307,0
78308,0
78309,0
78310,0
78311,0
78312,1
78313,0
78314,0
78315,0
78316,1
78317,0
78318,1
78319,0
78320,0
78321,1
78322,0
78323,1
78324,0
78325,1
78326,0
78327,0
78328,0
78329,0
78330,0
78331,0
78332,1
78333,1
78334,0
78335,0
78336,0
78337,0
78338,1
78339,0
78340,0
78341,0
78342,0
78343,0
78344,0
78345,1
78346,0
78347,0
78348,0
78349,1
78350,0
78351,0
78352,0
78353,1
78354,1
78355,0
78356,0
78357,1
78358,1
78359,0
78360,0
78361,0
78362,0
78363,0
78364,0
78365,0
78366,0
78367,1
78368,0
78369,1
78370,0
78371,1
78372,0
78373,1
78374,1
78375,1
78376,1
78377,1
78378,1
78379,1
78380,1
78381,0
78382,0
78383,0
78384,0
78385,0
78386,1
78387,1
78388,0
78389,1
78390,0
78391,0
78392,0
78393,0
78394,0
78395,1
78396,0
78397,1
78398,1
78399,0
78400,0
78401,0
78402,1
78403,0
78404,0
78405,1
78406,0
78407,0
78408,0
78409,1
78410,0
78411,0
78412,0
78413,1
78414,1
78415,0
78416,0
78417,1
78418,0
78419,0
78420,1
78421,0
78422,1
78423,0
78424,0
78425,1
78426,0
78427,0
78428,1
78429,0
78430,0
78431,0
78432,1
78433,1
78434,0
78435,0
78436,0
78437,0
78438,0
78439,0
78440,0
78441,1
78442,1
78443,0
78444,0
78445,0
78446,0
78447,0
78448,1
78449,0
78450,0
78451,0
78452,0
78453,0
78454,0
78455,1
78456,0
78457,0
78458,1
78459,0
78460,0
78461,1
78462,0
78463,0
78464,0
78465,0
78466,0
78467,0
78468,0
78469,0
78470,0
78471,0
78472,0
78473,0
78474,0
78475,0
78476,0
78477,0
78478,1
78479,0
78480,1
78481,1
78482,0
78483,0
78484,0
78485,0
78486,1
78487,0
78488,0
78489,0
78490,1
78491,0
78492,1
78493,0
78494,1
78495,0
78496,0
78497,1
78498,0
78499,1
78500,0
78501,1
78502,0
78503,0
78504,0
78505,0
78506,0
78507,0
78508,0
78509,0
78510,1
78511,1
78512,0
78513,0
78514,0
78515,0
78516,0
78517,0
78518,0
78519,0
78520,0
78521,0
78522,0
78523,0
78524,0
78525,0
78526,0
78527,1
78528,1
78529,0
78530,0
78531,0
78532,1
78533,0
78534,0
78535,0
78536,0
78537,0
78538,0
78539,0
78540,0
78541,0
78542,0
78543,1
78544,1
78545,1
78546,0
78547,1
78548,0
78549,0
78550,0
78551,0
78552,0
78553,0
78554,0
78555,0
78556,0
78557,0
78558,0
78559,0
78560,0
78561,0
78562,0
78563,1
78564,1
78565,1
78566,0
78567,0
78568,0
78569,0
78570,0
78571,0
78572,1
78573,1
78574,0
78575,0
78576,0
78577,1
78578,0
78579,0
78580,0
78581,0
78582,0
78583,0
78584,0
78585,0
78586,1
78587,0
78588,1
78589,0
78590,1
78591,0
78592,0
78593,0
78594,0
78595,0
78596,1
78597,0
78598,1
78599,0
78600,0
78601,1
78602,0
78603,0
78604,1
78605,0
78606,0
78607,0
78608,0
78609,0
78610,0
78611,0
78612,1
78613,0
78614,0
78615,0
78616,0
78617,0
78618,0
78619,1
78620,0
78621,1
78622,1
78623,1
78624,0
78625,0
78626,0
78627,0
78628,0
78629,0
78630,0
78631,1
78632,0
78633,0
78634,0
78635,0
78636,1
78637,0
78638,1
78639,0
78640,0
78641,0
78642,1
78643,0
78644,0
78645,0
78646,1
78647,0
78648,1
78649,0
78650,1
78651,0
78652,1
78653,1
78654,0
78655,0
78656,0
78657,0
78658,0
78659,0
78660,0
78661,1
78662,0
78663,0
78664,1
78665,0
78666,1
78667,0
78668,0
78669,1
78670,0
78671,0
78672,0
78673,0
78674,1
78675,0
78676,0
78677,0
78678,1
78679,0
78680,0
78681,0
78682,0
78683,1
78684,0
78685,0
78686,0
78687,1
78688,0
78689,0
78690,0
78691,1
78692,1
78693,0
78694,0
78695,0
78696,0
78697,0
78698,0
78699,1
78700,1
78701,0
78702,0
78703,0
78704,0
78705,0
78706,0
78707,1
78708,1
78709,0
78710,1
78711,1
78712,0
78713,0
78714,0
78715,0
78716,0
78717,0
78718,0
78719,0
78720,0
78721,0
78722,0
78723,0
78724,1
78725,0
78726,1
78727,1
78728,0
78729,0
78730,0
78731,0
78732,0
78733,1
78734,0
78735,0
78736,0
78737,1
78738,1
78739,0
78740,0
78741,1
78742,1
78743,1
78744,1
78745,0
78746,0
78747,1
78748,0
78749,0
78750,0
78751,0
78752,1
78753,0
78754,0
78755,0
78756,1
78757,0
78758,0
78759,0
78760,1
78761,0
78762,1
78763,0
78764,1
78765,0
78766,0
78767,1
78768,1
78769,1
78770,0
78771,0
78772,0
78773,0
78774,0
78775,0
78776,0
78777,1
78778,0
78779,0
78780,0
78781,1
78782,0
78783,0
78784,0
78785,0
78786,1
78787,0
78788,1
78789,0
78790,0
78791,1
78792,0
78793,1
78794,0
78795,0
78796,1
78797,1
78798,0
78799,0
78800,0
78801,1
78802,1
78803,0
78804,1
78805,1
78806,0
78807,0
78808,0
78809,0
78810,0
78811,0
78812,1
78813,0
78814,0
78815,0
78816,0
78817,1
78818,0
78819,0
78820,0
78821,1
78822,0
78823,0
78824,0
78825,0
78826,0
78827,0
78828,1
78829,0
78830,1
78831,0
78832,1
78833,0
78834,0
78835,1
78836,0
78837,0
78838,0
78839,1
78840,0
78841,0
78842,0
78843,0
78844,0
78845,1
78846,0
78847,0
78848,0
78849,1
78850,0
78851,1
78852,0
78853,1
78854,0
78855,0
78856,0
78857,0
78858,0
78859,1
78860,0
78861,0
78862,1
78863,1
78864,0
78865,0
78866,1
78867,0
78868,0
78869,1
78870,0
78871,1
78872,1
78873,0
78874,1
78875,0
78876,0
78877,0
78878,0
78879,0
78880,1
78881,0
78882,0
78883,0
78884,0
78885,1
78886,1
78887,1
78888,0
78889,1
78890,0
78891,0
78892,1
78893,0
78894,1
78895,1
78896,0
78897,0
78898,1
78899,1
78900,1
78901,0
78902,0
78903,0
78904,0
78905,0
78906,0
78907,1
78908,0
78909,0
78910,0
78911,0
78912,1
78913,0
78914,0
78915,1
78916,1
78917,0
78918,0
78919,0
78920,1
78921,1
78922,1
78923,0
78924,1
78925,0
78926,0
78927,1
78928,0
78929,0
78930,1
78931,0
78932,1
78933,1
78934,0
78935,1
78936,0
78937,0
78938,0
78939,0
78940,0
78941,0
78942,0
78943,0
78944,1
78945,0
78946,0
78947,1
78948,0
78949,1
78950,0
78951,0
78952,0
78953,1
78954,1
78955,0
78956,0
78957,0
78958,1
78959,0
78960,0
78961,0
78962,0
78963,1
78964,1
78965,0
78966,0
78967,0
78968,0
78969,1
78970,1
78971,1
78972,1
78973,0
78974,1
78975,1
78976,0
78977,0
78978,0
78979,0
78980,0
78981,0
78982,0
78983,0
78984,0
78985,0
78986,0
78987,0
78988,0
78989,0
78990,1
78991,0
78992,1
78993,1
78994,0
78995,0
78996,0
78997,0
78998,0
78999,1
79000,0
79001,1
79002,0
79003,0
79004,0
79005,1
79006,1
79007,0
79008,0
79009,0
79010,0
79011,0
79012,0
79013,1
79014,0
79015,0
79016,0
79017,0
79018,0
79019,0
79020,0
79021,0
79022,1
79023,1
79024,0
79025,0
79026,1
79027,0
79028,1
79029,0
79030,0
79031,1
79032,1
79033,0
79034,0
79035,0
79036,0
79037,0
79038,1
79039,0
79040,1
79041,0
79042,0
79043,0
79044,0
79045,0
79046,0
79047,0
79048,0
79049,0
79050,0
79051,1
79052,1
79053,0
79054,0
79055,1
79056,1
79057,1
79058,0
79059,0
79060,0
79061,0
79062,0
79063,0
79064,1
79065,0
79066,0
79067,0
79068,0
79069,0
79070,1
79071,1
79072,1
79073,0
79074,1
79075,1
79076,1
79077,0
79078,0
79079,1
79080,1
79081,0
79082,0
79083,1
79084,0
79085,0
79086,0
79087,1
79088,1
79089,1
79090,0
79091,1
79092,0
79093,0
79094,0
79095,0
79096,0
79097,1
79098,0
79099,0
79100,0
79101,0
79102,1
79103,0
79104,0
79105,0
79106,0
79107,1
79108,0
79109,0
79110,0
79111,0
79112,0
79113,0
79114,0
79115,0
79116,1
79117,0
79118,1
79119,0
79120,1
79121,0
79122,1
79123,0
79124,1
79125,0
79126,1
79127,0
79128,0
79129,0
79130,0
79131,0
79132,0
79133,0
79134,0
79135,1
79136,0
79137,0
79138,1
79139,0
79140,1
79141,0
79142,0
79143,1
79144,1
79145,0
79146,0
79147,1
79148,0
79149,0
79150,0
79151,0
79152,0
79153,0
79154,0
79155,0
79156,1
79157,0
79158,0
79159,1
79160,0
79161,0
79162,1
79163,1
79164,1
79165,0
79166,1
79167,1
79168,0
79169,0
79170,0
79171,0
79172,1
79173,0
79174,1
79175,0
79176,0
79177,0
79178,0
79179,1
79180,0
79181,1
79182,0
79183,1
79184,1
79185,0
79186,0
79187,0
79188,0
79189,0
79190,0
79191,0
79192,1
79193,0
79194,0
79195,1
79196,1
79197,0
79198,1
79199,1
79200,0
79201,0
79202,1
79203,0
79204,0
79205,0
79206,0
79207,0
79208,0
79209,1
79210,1
79211,0
79212,0
79213,1
79214,0
79215,1
79216,0
79217,0
79218,0
79219,0
79220,0
79221,0
79222,0
79223,1
79224,0
79225,0
79226,1
79227,0
79228,0
79229,0
79230,0
79231,0
79232,0
79233,0
79234,0
79235,0
79236,0
79237,1
79238,1
79239,0
79240,1
79241,0
79242,0
79243,0
79244,1
79245,0
79246,0
79247,0
79248,1
79249,0
79250,1
79251,1
79252,0
79253,0
79254,1
79255,0
79256,0
79257,0
79258,0
79259,0
79260,1
79261,1
79262,0
79263,0
79264,0
79265,0
79266,0
79267,0
79268,0
79269,0
79270,0
79271,0
79272,0
79273,0
79274,1
79275,0
79276,0
79277,0
79278,0
79279,0
79280,0
79281,0
79282,0
79283,1
79284,0
79285,1
79286,0
79287,0
79288,0
79289,0
79290,1
79291,1
79292,0
79293,0
79294,0
79295,0
79296,1
79297,0
79298,1
79299,0
79300,0
79301,0
79302,1
79303,0
79304,1
79305,0
79306,1
79307,0
79308,0
79309,1
79310,0
79311,0
79312,0
79313,0
79314,1
79315,1
79316,1
79317,0
79318,0
79319,0
79320,1
79321,0
79322,0
79323,0
79324,0
79325,1
79326,0
79327,0
79328,0
79329,0
79330,0
79331,1
79332,0
79333,0
79334,1
79335,1
79336,1
79337,0
79338,1
79339,0
79340,1
79341,0
79342,0
79343,0
79344,1
79345,0
79346,0
79347,1
79348,1
79349,1
79350,0
79351,0
79352,0
79353,0
79354,0
79355,0
79356,0
79357,0
79358,0
79359,1
79360,0
79361,0
79362,1
79363,0
79364,1
79365,0
79366,1
79367,0
79368,1
79369,0
79370,0
79371,0
79372,0
79373,0
79374,0
79375,1
79376,0
79377,0
79378,1
79379,0
79380,1
79381,0
79382,0
79383,0
79384,0
79385,0
79386,0
79387,1
79388,1
79389,0
79390,0
79391,1
79392,0
79393,0
79394,0
79395,0
79396,0
79397,0
79398,1
79399,0
79400,0
79401,0
79402,1
79403,1
79404,0
79405,1
79406,0
79407,0
79408,0
79409,0
79410,0
79411,0
79412,0
79413,1
79414,0
79415,0
79416,0
79417,1
79418,1
79419,1
79420,1
79421,1
79422,0
79423,1
79424,0
79425,1
79426,0
79427,0
79428,1
79429,0
79430,1
79431,0
79432,1
79433,1
79434,0
79435,0
79436,0
79437,0
79438,1
79439,1
79440,1
79441,0
79442,0
79443,0
79444,1
79445,1
79446,0
79447,0
79448,0
79449,1
79450,0
79451,0
79452,1
79453,0
79454,1
79455,0
79456,0
79457,0
79458,0
79459,0
79460,1
79461,1
79462,1
79463,1
79464,0
79465,1
79466,0
79467,0
79468,1
79469,0
79470,0
79471,0
79472,1
79473,0
79474,0
79475,0
79476,1
79477,0
79478,1
79479,0
79480,0
79481,0
79482,0
79483,0
79484,0
79485,0
79486,0
79487,0
79488,0
79489,0
79490,1
79491,0
79492,0
79493,1
79494,0
79495,0
79496,0
79497,1
79498,0
79499,1
79500,0
79501,0
79502,1
79503,0
79504,0
79505,0
79506,1
79507,0
79508,1
79509,1
79510,1
79511,0
79512,1
79513,0
79514,0
79515,0
79516,0
79517,0
79518,1
79519,1
79520,0
79521,1
79522,0
79523,1
79524,0
79525,0
79526,0
79527,1
79528,0
79529,0
79530,0
79531,1
79532,1
79533,0
79534,1
79535,0
79536,0
79537,1
79538,0
79539,0
79540,1
79541,0
79542,0
79543,0
79544,0
79545,0
79546,0
79547,0
79548,0
79549,0
79550,0
79551,0
79552,0
79553,1
79554,1
79555,0
79556,0
79557,0
79558,0
79559,1
79560,0
79561,0
79562,1
79563,0
79564,1
79565,0
79566,0
79567,0
79568,0
79569,0
79570,1
79571,1
79572,0
79573,1
79574,1
79575,0
79576,1
79577,0
79578,1
79579,1
79580,0
79581,0
79582,1
79583,0
79584,0
79585,0
79586,0
79587,0
79588,0
79589,0
79590,1
79591,0
79592,0
79593,0
79594,0
79595,0
79596,0
79597,0
79598,0
79599,0
79600,0
79601,0
79602,0
79603,1
79604,0
79605,1
79606,0
79607,0
79608,0
79609,0
79610,0
79611,0
79612,0
79613,0
79614,0
79615,0
79616,0
79617,0
79618,1
79619,0
79620,1
79621,0
79622,0
79623,1
79624,1
79625,0
79626,0
79627,0
79628,0
79629,0
79630,0
79631,0
79632,0
79633,0
79634,0
79635,0
79636,0
79637,0
79638,0
79639,0
79640,0
79641,1
79642,0
79643,1
79644,0
79645,0
79646,0
79647,0
79648,0
79649,0
79650,0
79651,0
79652,0
79653,1
79654,0
79655,1
79656,0
79657,0
79658,1
79659,0
79660,0
79661,0
79662,0
79663,0
79664,0
79665,0
79666,0
79667,0
79668,0
79669,0
79670,1
79671,0
79672,0
79673,0
79674,1
79675,0
79676,0
79677,0
79678,0
79679,0
79680,0
79681,0
79682,0
79683,0
79684,1
79685,1
79686,0
79687,0
79688,0
79689,0
79690,0
79691,0
79692,0
79693,0
79694,0
79695,1
79696,1
79697,0
79698,1
79699,1
79700,0
79701,0
79702,0
79703,0
79704,1
79705,0
79706,0
79707,0
79708,0
79709,0
79710,0
79711,0
79712,0
79713,0
79714,1
79715,0
79716,1
79717,0
79718,0
79719,0
79720,1
79721,0
79722,0
79723,0
79724,0
79725,1
79726,1
79727,0
79728,0
79729,0
79730,0
79731,0
79732,0
79733,0
79734,0
79735,1
79736,1
79737,0
79738,0
79739,0
79740,1
79741,0
79742,0
79743,0
79744,0
79745,0
79746,0
79747,0
79748,1
79749,1
79750,0
79751,0
79752,1
79753,0
79754,0
79755,0
79756,0
79757,1
79758,0
79759,1
79760,1
79761,0
79762,1
79763,0
79764,0
79765,0
79766,1
79767,0
79768,1
79769,0
79770,0
79771,1
79772,0
79773,0
79774,0
79775,1
79776,1
79777,1
79778,0
79779,1
79780,1
79781,1
79782,0
79783,0
79784,0
79785,0
79786,0
79787,1
79788,0
79789,0
79790,0
79791,0
79792,1
79793,0
79794,1
79795,0
79796,0
79797,1
79798,0
79799,0
79800,0
79801,0
79802,1
79803,0
79804,0
79805,0
79806,0
79807,0
79808,0
79809,1
79810,0
79811,0
79812,0
79813,0
79814,0
79815,0
79816,0
79817,0
79818,0
79819,0
79820,0
79821,0
79822,0
79823,1
79824,0
79825,0
79826,0
79827,0
79828,1
79829,0
79830,0
79831,0
79832,0
79833,0
79834,0
79835,0
79836,1
79837,0
79838,0
79839,0
79840,0
79841,0
79842,0
79843,0
79844,0
79845,0
79846,1
79847,1
79848,0
79849,0
79850,0
79851,1
79852,0
79853,0
79854,1
79855,0
79856,1
79857,1
79858,1
79859,0
79860,1
79861,0
79862,1
79863,1
79864,0
79865,1
79866,0
79867,0
79868,0
79869,0
79870,1
79871,0
79872,0
79873,0
79874,1
79875,0
79876,0
79877,1
79878,0
79879,0
79880,0
79881,1
79882,0
79883,1
79884,0
79885,0
79886,1
79887,0
79888,0
79889,1
79890,0
79891,1
79892,1
79893,1
79894,1
79895,0
79896,1
79897,0
79898,1
79899,1
79900,0
79901,1
79902,0
79903,0
79904,0
79905,1
79906,1
79907,0
79908,0
79909,0
79910,0
79911,0
79912,0
79913,0
79914,0
79915,0
79916,1
79917,0
79918,0
79919,0
79920,0
79921,0
79922,0
79923,1
79924,0
79925,0
79926,1
79927,0
79928,0
79929,0
79930,0
79931,0
79932,0
79933,0
79934,0
79935,1
79936,0
79937,0
79938,1
79939,0
79940,0
79941,0
79942,1
79943,1
79944,1
79945,0
79946,0
79947,0
79948,1
79949,0
79950,0
79951,0
79952,1
79953,0
79954,0
79955,0
79956,0
79957,0
79958,0
79959,0
79960,0
79961,0
79962,0
79963,1
79964,1
79965,1
79966,0
79967,0
79968,0
79969,0
79970,0
79971,0
79972,0
79973,0
79974,0
79975,0
79976,0
79977,0
79978,0
79979,1
79980,0
79981,0
79982,1
79983,0
79984,0
79985,0
79986,0
79987,1
79988,0
79989,0
79990,0
79991,0
79992,0
79993,1
79994,0
79995,0
79996,1
79997,0
79998,0
79999,0
80000,1
80001,1
80002,0
80003,0
80004,0
80005,0
80006,0
80007,0
80008,0
80009,0
80010,0
80011,0
80012,0
80013,0
80014,0
80015,0
80016,1
80017,1
80018,0
80019,1
80020,0
80021,0
80022,0
80023,0
80024,0
80025,1
80026,0
80027,0
80028,0
80029,0
80030,0
80031,0
80032,0
80033,0
80034,0
80035,0
80036,0
80037,0
80038,0
80039,0
80040,0
80041,0
80042,0
80043,0
80044,1
80045,0
80046,1
80047,0
80048,0
80049,0
80050,1
80051,1
80052,1
80053,0
80054,0
80055,1
80056,0
80057,0
80058,0
80059,1
80060,0
80061,0
80062,0
80063,0
80064,0
80065,0
80066,0
80067,0
80068,0
80069,0
80070,1
80071,0
80072,1
80073,0
80074,0
80075,0
80076,0
80077,0
80078,0
80079,0
80080,0
80081,1
80082,0
80083,1
80084,1
80085,0
80086,0
80087,0
80088,0
80089,0
80090,1
80091,0
80092,0
80093,1
80094,0
80095,1
80096,0
80097,1
80098,1
80099,0
80100,1
80101,0
80102,0
80103,1
80104,0
80105,0
80106,1
80107,0
80108,0
80109,0
80110,0
80111,0
80112,1
80113,1
80114,1
80115,0
80116,0
80117,1
80118,0
80119,1
80120,1
80121,0
80122,0
80123,0
80124,0
80125,1
80126,1
80127,0
80128,0
80129,0
80130,0
80131,1
80132,0
80133,0
80134,0
80135,1
80136,1
80137,0
80138,0
80139,0
80140,0
80141,0
80142,0
80143,1
80144,1
80145,0
80146,0
80147,0
80148,0
80149,0
80150,1
80151,1
80152,1
80153,0
80154,0
80155,0
80156,0
80157,1
80158,0
80159,1
80160,0
80161,1
80162,0
80163,0
80164,0
80165,0
80166,0
80167,0
80168,0
80169,1
80170,0
80171,0
80172,1
80173,0
80174,1
80175,1
80176,1
80177,1
80178,0
80179,0
80180,0
80181,0
80182,1
80183,0
80184,0
80185,0
80186,0
80187,0
80188,0
80189,0
80190,0
80191,0
80192,1
80193,1
80194,0
80195,0
80196,0
80197,0
80198,0
80199,0
80200,1
80201,1
80202,0
80203,0
80204,0
80205,0
80206,0
80207,0
80208,0
80209,0
80210,1
80211,0
80212,1
80213,0
80214,0
80215,0
80216,1
80217,1
80218,0
80219,0
80220,0
80221,0
80222,0
80223,0
80224,0
80225,0
80226,0
80227,0
80228,1
80229,1
80230,1
80231,0
80232,0
80233,0
80234,0
80235,1
80236,0
80237,0
80238,1
80239,0
80240,0
80241,0
80242,1
80243,0
80244,0
80245,1
80246,0
80247,0
80248,0
80249,0
80250,0
80251,0
80252,0
80253,0
80254,1
80255,1
80256,0
80257,0
80258,1
80259,1
80260,0
80261,0
80262,0
80263,0
80264,0
80265,0
80266,1
80267,1
80268,0
80269,0
80270,0
80271,0
80272,0
80273,1
80274,1
80275,0
80276,0
80277,0
80278,0
80279,1
80280,1
80281,0
80282,0
80283,1
80284,1
80285,1
80286,1
80287,1
80288,1
80289,0
80290,0
80291,0
80292,0
80293,0
80294,1
80295,1
80296,0
80297,0
80298,0
80299,1
80300,0
80301,0
80302,0
80303,0
80304,1
80305,0
80306,1
80307,0
80308,0
80309,0
80310,0
80311,1
80312,0
80313,0
80314,0
80315,0
80316,1
80317,1
80318,0
80319,0
80320,0
80321,1
80322,0
80323,0
80324,0
80325,0
80326,0
80327,0
80328,1
80329,1
80330,0
80331,0
80332,1
80333,0
80334,0
80335,1
80336,1
80337,0
80338,0
80339,0
80340,0
80341,0
80342,0
80343,0
80344,1
80345,0
80346,0
80347,0
80348,0
80349,0
80350,0
80351,0
80352,0
80353,0
80354,0
80355,1
80356,1
80357,0
80358,0
80359,1
80360,0
80361,0
80362,1
80363,0
80364,1
80365,0
80366,0
80367,1
80368,1
80369,0
80370,0
80371,0
80372,0
80373,1
80374,0
80375,0
80376,0
80377,0
80378,1
80379,0
80380,0
80381,0
80382,1
80383,0
80384,0
80385,0
80386,0
80387,0
80388,0
80389,0
80390,0
80391,0
80392,0
80393,0
80394,0
80395,0
80396,1
80397,1
80398,0
80399,0
80400,0
80401,0
80402,1
80403,0
80404,0
80405,0
80406,0
80407,0
80408,0
80409,0
80410,1
80411,0
80412,1
80413,0
80414,1
80415,0
80416,0
80417,0
80418,0
80419,0
80420,0
80421,1
80422,0
80423,0
80424,0
80425,0
80426,0
80427,0
80428,0
80429,1
80430,0
80431,0
80432,0
80433,1
80434,0
80435,0
80436,1
80437,1
80438,0
80439,0
80440,0
80441,1
80442,1
80443,0
80444,0
80445,1
80446,0
80447,0
80448,0
80449,1
80450,0
80451,0
80452,0
80453,0
80454,1
80455,0
80456,1
80457,0
80458,0
80459,0
80460,0
80461,1
80462,0
80463,0
80464,1
80465,0
80466,0
80467,0
80468,0
80469,1
80470,0
80471,0
80472,0
80473,1
80474,0
80475,0
80476,0
80477,1
80478,0
80479,0
80480,0
80481,0
80482,0
80483,0
80484,0
80485,0
80486,0
80487,0
80488,1
80489,1
80490,1
80491,1
80492,0
80493,0
80494,1
80495,0
80496,0
80497,0
80498,0
80499,0
80500,0
80501,1
80502,0
80503,0
80504,0
80505,0
80506,0
80507,1
80508,0
80509,0
80510,1
80511,0
80512,1
80513,1
80514,1
80515,0
80516,0
80517,0
80518,0
80519,0
80520,0
80521,1
80522,1
80523,0
80524,1
80525,0
80526,0
80527,0
80528,0
80529,0
80530,0
80531,0
80532,1
80533,1
80534,0
80535,0
80536,0
80537,0
80538,0
80539,1
80540,0
80541,0
80542,0
80543,0
80544,0
80545,0
80546,1
80547,0
80548,0
80549,1
80550,0
80551,1
80552,1
80553,0
80554,0
80555,0
80556,0
80557,0
80558,1
80559,0
80560,1
80561,0
80562,0
80563,1
80564,0
80565,0
80566,0
80567,1
80568,0
80569,1
80570,0
80571,0
80572,1
80573,0
80574,0
80575,0
80576,0
80577,0
80578,0
80579,0
80580,0
80581,0
80582,0
80583,0
80584,1
80585,0
80586,0
80587,1
80588,0
80589,0
80590,0
80591,0
80592,1
80593,0
80594,0
80595,1
80596,0
80597,1
80598,0
80599,0
80600,1
80601,0
80602,0
80603,0
80604,1
80605,1
80606,0
80607,0
80608,1
80609,0
80610,1
80611,1
80612,0
80613,0
80614,1
80615,1
80616,0
80617,0
80618,0
80619,0
80620,1
80621,0
80622,0
80623,0
80624,0
80625,0
80626,1
80627,1
80628,0
80629,1
80630,0
80631,0
80632,0
80633,0
80634,0
80635,0
80636,1
80637,1
80638,0
80639,0
80640,0
80641,0
80642,1
80643,0
80644,1
80645,1
80646,0
80647,0
80648,0
80649,0
80650,0
80651,0
80652,0
80653,1
80654,0
80655,0
80656,0
80657,0
80658,0
80659,0
80660,0
80661,0
80662,1
80663,1
80664,0
80665,0
80666,0
80667,0
80668,1
80669,0
80670,0
80671,0
80672,1
80673,0
80674,1
80675,0
80676,0
80677,0
80678,1
80679,0
80680,0
80681,0
80682,0
80683,0
80684,1
80685,1
80686,0
80687,0
80688,0
80689,0
80690,1
80691,1
80692,1
80693,0
80694,0
80695,0
80696,0
80697,1
80698,0
80699,0
80700,0
80701,0
80702,0
80703,0
80704,1
80705,0
80706,0
80707,0
80708,0
80709,1
80710,0
80711,1
80712,1
80713,0
80714,1
80715,0
80716,0
80717,0
80718,0
80719,0
80720,1
80721,0
80722,1
80723,0
80724,0
80725,1
80726,0
80727,0
80728,0
80729,0
80730,0
80731,0
80732,0
80733,0
80734,1
80735,0
80736,0
80737,1
80738,0
80739,1
80740,0
80741,0
80742,0
80743,0
80744,0
80745,1
80746,0
80747,0
80748,1
80749,0
80750,1
80751,0
80752,0
80753,0
80754,0
80755,0
80756,0
80757,0
80758,0
80759,0
80760,0
80761,1
80762,0
80763,0
80764,0
80765,1
80766,1
80767,0
80768,0
80769,1
80770,1
80771,0
80772,0
80773,0
80774,1
80775,0
80776,0
80777,1
80778,0
80779,1
80780,0
80781,0
80782,0
80783,0
80784,1
80785,1
80786,1
80787,0
80788,0
80789,0
80790,0
80791,0
80792,1
80793,0
80794,1
80795,1
80796,0
80797,0
80798,0
80799,1
80800,0
80801,1
80802,0
80803,0
80804,1
80805,0
80806,1
80807,0
80808,0
80809,1
80810,0
80811,0
80812,1
80813,0
80814,0
80815,1
80816,0
80817,0
80818,0
80819,1
80820,0
80821,0
80822,0
80823,0
80824,0
80825,0
80826,1
80827,0
80828,0
80829,1
80830,0
80831,1
80832,1
80833,1
80834,0
80835,1
80836,1
80837,1
80838,1
80839,0
80840,0
80841,0
80842,0
80843,0
80844,0
80845,0
80846,0
80847,0
80848,0
80849,0
80850,0
80851,0
80852,0
80853,0
80854,1
80855,0
80856,0
80857,1
80858,0
80859,0
80860,0
80861,0
80862,1
80863,0
80864,0
80865,0
80866,0
80867,0
80868,0
80869,1
80870,0
80871,0
80872,0
80873,0
80874,0
80875,0
80876,1
80877,0
80878,1
80879,0
80880,0
80881,1
80882,1
80883,0
80884,0
80885,1
80886,0
80887,0
80888,0
80889,0
80890,0
80891,1
80892,0
80893,0
80894,0
80895,1
80896,1
80897,0
80898,0
80899,0
80900,0
80901,0
80902,0
80903,0
80904,0
80905,0
80906,1
80907,1
80908,0
80909,0
80910,1
80911,1
80912,0
80913,1
80914,1
80915,0
80916,1
80917,0
80918,1
80919,0
80920,0
80921,0
80922,0
80923,1
80924,0
80925,0
80926,0
80927,0
80928,0
80929,0
80930,0
80931,0
80932,0
80933,1
80934,0
80935,0
80936,0
80937,0
80938,1
80939,0
80940,0
80941,0
80942,0
80943,0
80944,0
80945,1
80946,0
80947,1
80948,1
80949,0
80950,1
80951,0
80952,1
80953,0
80954,0
80955,0
80956,1
80957,0
80958,1
80959,0
80960,0
80961,0
80962,0
80963,0
80964,0
80965,1
80966,0
80967,0
80968,0
80969,1
80970,0
80971,0
80972,1
80973,0
80974,0
80975,0
80976,1
80977,0
80978,0
80979,0
80980,1
80981,0
80982,0
80983,0
80984,0
80985,0
80986,0
80987,0
80988,1
80989,0
80990,0
80991,1
80992,0
80993,0
80994,0
80995,0
80996,0
80997,0
80998,0
80999,0
81000,0
81001,0
81002,0
81003,1
81004,1
81005,1
81006,1
81007,1
81008,1
81009,0
81010,0
81011,0
81012,1
81013,0
81014,0
81015,1
81016,0
81017,0
81018,0
81019,0
81020,0
81021,0
81022,0
81023,0
81024,0
81025,0
81026,1
81027,1
81028,0
81029,0
81030,0
81031,0
81032,1
81033,0
81034,0
81035,0
81036,0
81037,0
81038,1
81039,0
81040,0
81041,1
81042,0
81043,0
81044,0
81045,1
81046,0
81047,0
81048,0
81049,0
81050,0
81051,1
81052,1
81053,0
81054,1
81055,0
81056,0
81057,0
81058,0
81059,0
81060,0
81061,1
81062,0
81063,1
81064,0
81065,1
81066,1
81067,1
81068,0
81069,0
81070,1
81071,1
81072,0
81073,1
81074,0
81075,0
81076,1
81077,0
81078,0
81079,0
81080,0
81081,0
81082,0
81083,1
81084,1
81085,0
81086,0
81087,0
81088,0
81089,0
81090,0
81091,0
81092,0
81093,1
81094,0
81095,1
81096,0
81097,0
81098,0
81099,0
81100,0
81101,0
81102,0
81103,0
81104,0
81105,0
81106,1
81107,0
81108,1
81109,0
81110,0
81111,0
81112,1
81113,0
81114,1
81115,0
81116,0
81117,0
81118,0
81119,0
81120,1
81121,1
81122,0
81123,0
81124,0
81125,0
81126,0
81127,1
81128,0
81129,0
81130,0
81131,0
81132,0
81133,0
81134,1
81135,0
81136,1
81137,0
81138,1
81139,0
81140,1
81141,1
81142,0
81143,0
81144,0
81145,0
81146,1
81147,0
81148,1
81149,0
81150,0
81151,0
81152,0
81153,1
81154,0
81155,0
81156,0
81157,0
81158,0
81159,0
81160,1
81161,0
81162,0
81163,1
81164,1
81165,1
81166,0
81167,0
81168,0
81169,0
81170,1
81171,0
81172,0
81173,1
81174,0
81175,0
81176,0
81177,0
81178,0
81179,0
81180,1
81181,0
81182,0
81183,0
81184,0
81185,0
81186,0
81187,0
81188,1
81189,1
81190,1
81191,0
81192,0
81193,0
81194,0
81195,0
81196,0
81197,0
81198,1
81199,1
81200,0
81201,1
81202,0
81203,0
81204,0
81205,1
81206,1
81207,0
81208,0
81209,1
81210,1
81211,0
81212,0
81213,0
81214,0
81215,0
81216,0
81217,0
81218,1
81219,0
81220,1
81221,0
81222,0
81223,1
81224,0
81225,1
81226,0
81227,0
81228,0
81229,1
81230,0
81231,0
81232,0
81233,0
81234,0
81235,0
81236,1
81237,0
81238,0
81239,1
81240,0
81241,0
81242,0
81243,0
81244,1
81245,0
81246,0
81247,0
81248,0
81249,0
81250,0
81251,0
81252,0
81253,1
81254,1
81255,0
81256,0
81257,1
81258,1
81259,0
81260,0
81261,0
81262,1
81263,0
81264,0
81265,0
81266,0
81267,0
81268,0
81269,0
81270,0
81271,1
81272,0
81273,0
81274,0
81275,0
81276,0
81277,1
81278,0
81279,0
81280,1
81281,0
81282,1
81283,0
81284,0
81285,0
81286,1
81287,0
81288,1
81289,0
81290,1
81291,0
81292,1
81293,1
81294,1
81295,0
81296,0
81297,0
81298,0
81299,0
81300,0
81301,0
81302,0
81303,0
81304,0
81305,0
81306,1
81307,0
81308,1
81309,1
81310,0
81311,0
81312,1
81313,1
81314,0
81315,0
81316,1
81317,0
81318,1
81319,0
81320,0
81321,1
81322,0
81323,0
81324,1
81325,0
81326,0
81327,0
81328,0
81329,0
81330,1
81331,0
81332,1
81333,0
81334,0
81335,0
81336,0
81337,1
81338,0
81339,1
81340,1
81341,1
81342,1
81343,0
81344,0
81345,0
81346,0
81347,0
81348,0
81349,0
81350,1
81351,1
81352,0
81353,0
81354,0
81355,0
81356,0
81357,0
81358,1
81359,1
81360,0
81361,1
81362,0
81363,1
81364,1
81365,0
81366,0
81367,1
81368,1
81369,0
81370,1
81371,0
81372,1
81373,1
81374,0
81375,0
81376,0
81377,0
81378,0
81379,0
81380,0
81381,0
81382,0
81383,1
81384,0
81385,0
81386,1
81387,0
81388,0
81389,0
81390,0
81391,0
81392,1
81393,0
81394,1
81395,0
81396,0
81397,0
81398,0
81399,0
81400,0
81401,0
81402,1
81403,0
81404,0
81405,1
81406,0
81407,0
81408,0
81409,0
81410,1
81411,1
81412,1
81413,0
81414,0
81415,0
81416,0
81417,0
81418,0
81419,1
81420,1
81421,0
81422,0
81423,0
81424,0
81425,0
81426,0
81427,1
81428,0
81429,0
81430,0
81431,0
81432,1
81433,0
81434,1
81435,0
81436,0
81437,0
81438,1
81439,0
81440,0
81441,0
81442,0
81443,0
81444,0
81445,1
81446,0
81447,0
81448,1
81449,0
81450,0
81451,1
81452,0
81453,0
81454,0
81455,0
81456,1
81457,0
81458,0
81459,0
81460,1
81461,0
81462,1
81463,0
81464,0
81465,0
81466,0
81467,1
81468,0
81469,0
81470,0
81471,0
81472,1
81473,0
81474,0
81475,0
81476,0
81477,0
81478,0
81479,0
81480,0
81481,0
81482,0
81483,0
81484,0
81485,1
81486,0
81487,0
81488,0
81489,0
81490,0
81491,0
81492,1
81493,0
81494,0
81495,0
81496,0
81497,0
81498,1
81499,0
81500,1
81501,1
81502,0
81503,0
81504,0
81505,1
81506,0
81507,1
81508,0
81509,0
81510,0
81511,0
81512,1
81513,1
81514,1
81515,0
81516,0
81517,0
81518,0
81519,0
81520,0
81521,0
81522,1
81523,1
81524,0
81525,1
81526,1
81527,0
81528,1
81529,1
81530,0
81531,1
81532,0
81533,0
81534,0
81535,0
81536,0
81537,0
81538,0
81539,0
81540,0
81541,0
81542,1
81543,0
81544,0
81545,0
81546,1
81547,0
81548,1
81549,0
81550,0
81551,0
81552,1
81553,0
81554,1
81555,0
81556,1
81557,0
81558,1
81559,1
81560,0
81561,0
81562,0
81563,1
81564,0
81565,0
81566,0
81567,0
81568,0
81569,1
81570,0
81571,0
81572,0
81573,0
81574,1
81575,1
81576,0
81577,1
81578,1
81579,0
81580,1
81581,0
81582,0
81583,0
81584,1
81585,0
81586,0
81587,1
81588,0
81589,0
81590,1
81591,1
81592,0
81593,0
81594,0
81595,0
81596,0
81597,1
81598,0
81599,0
81600,0
81601,0
81602,0
81603,0
81604,0
81605,0
81606,1
81607,0
81608,0
81609,1
81610,0
81611,0
81612,1
81613,0
81614,0
81615,0
81616,1
81617,0
81618,0
81619,0
81620,0
81621,0
81622,0
81623,0
81624,1
81625,0
81626,1
81627,0
81628,0
81629,0
81630,0
81631,0
81632,0
81633,1
81634,0
81635,0
81636,0
81637,0
81638,1
81639,0
81640,0
81641,0
81642,0
81643,0
81644,1
81645,0
81646,0
81647,0
81648,1
81649,0
81650,1
81651,0
81652,1
81653,0
81654,1
81655,0
81656,1
81657,0
81658,0
81659,1
81660,0
81661,1
81662,0
81663,0
81664,0
81665,1
81666,0
81667,0
81668,0
81669,0
81670,0
81671,1
81672,0
81673,0
81674,0
81675,0
81676,0
81677,0
81678,0
81679,1
81680,0
81681,1
81682,0
81683,0
81684,0
81685,0
81686,0
81687,0
81688,0
81689,1
81690,0
81691,1
81692,0
81693,0
81694,0
81695,0
81696,1
81697,0
81698,0
81699,0
81700,0
81701,0
81702,0
81703,0
81704,0
81705,0
81706,0
81707,1
81708,0
81709,0
81710,1
81711,0
81712,0
81713,1
81714,0
81715,1
81716,1
81717,0
81718,1
81719,0
81720,0
81721,0
81722,0
81723,0
81724,0
81725,0
81726,1
81727,1
81728,0
81729,0
81730,1
81731,0
81732,0
81733,1
81734,0
81735,0
81736,1
81737,0
81738,0
81739,0
81740,1
81741,0
81742,1
81743,0
81744,0
81745,0
81746,1
81747,0
81748,0
81749,0
81750,0
81751,0
81752,0
81753,1
81754,1
81755,0
81756,0
81757,1
81758,1
81759,0
81760,0
81761,1
81762,0
81763,1
81764,1
81765,1
81766,0
81767,0
81768,0
81769,0
81770,1
81771,0
81772,0
81773,0
81774,1
81775,0
81776,0
81777,0
81778,0
81779,0
81780,0
81781,1
81782,0
81783,0
81784,0
81785,1
81786,0
81787,0
81788,1
81789,0
81790,1
81791,0
81792,0
81793,1
81794,1
81795,0
81796,0
81797,0
81798,0
81799,0
81800,0
81801,1
81802,1
81803,0
81804,0
81805,1
81806,0
81807,0
81808,0
81809,0
81810,0
81811,0
81812,0
81813,0
81814,0
81815,0
81816,1
81817,1
81818,0
81819,0
81820,1
81821,0
81822,0
81823,0
81824,1
81825,0
81826,1
81827,0
81828,0
81829,0
81830,1
81831,0
81832,1
81833,0
81834,0
81835,0
81836,0
81837,0
81838,1
81839,0
81840,0
81841,0
81842,0
81843,1
81844,0
81845,0
81846,0
81847,0
81848,1
81849,0
81850,0
81851,1
81852,0
81853,0
81854,0
81855,0
81856,0
81857,1
81858,1
81859,0
81860,0
81861,0
81862,1
81863,1
81864,1
81865,0
81866,1
81867,1
81868,0
81869,1
81870,0
81871,1
81872,0
81873,0
81874,1
81875,0
81876,0
81877,0
81878,1
81879,1
81880,0
81881,0
81882,0
81883,0
81884,0
81885,0
81886,1
81887,0
81888,0
81889,0
81890,0
81891,0
81892,0
81893,1
81894,1
81895,0
81896,0
81897,0
81898,0
81899,0
81900,0
81901,0
81902,0
81903,1
81904,0
81905,1
81906,1
81907,0
81908,1
81909,0
81910,0
81911,0
81912,1
81913,0
81914,0
81915,0
81916,1
81917,0
81918,1
81919,0
81920,0
81921,0
81922,0
81923,1
81924,0
81925,0
81926,0
81927,0
81928,1
81929,1
81930,0
81931,0
81932,0
81933,0
81934,0
81935,0
81936,1
81937,0
81938,0
81939,0
81940,1
81941,0
81942,0
81943,0
81944,0
81945,0
81946,0
81947,0
81948,1
81949,0
81950,0
81951,0
81952,0
81953,0
81954,0
81955,1
81956,1
81957,0
81958,0
81959,0
81960,0
81961,0
81962,0
81963,0
81964,1
81965,0
81966,1
81967,0
81968,0
81969,1
81970,0
81971,0
81972,0
81973,1
81974,0
81975,1
81976,0
81977,0
81978,1
81979,0
81980,1
81981,0
81982,1
81983,0
81984,0
81985,0
81986,1
81987,0
81988,0
81989,1
81990,0
81991,0
81992,1
81993,0
81994,0
81995,1
81996,0
81997,1
81998,0
81999,0
82000,0
82001,0
82002,0
82003,0
82004,0
82005,0
82006,0
82007,0
82008,0
82009,0
82010,1
82011,1
82012,0
82013,0
82014,0
82015,1
82016,0
82017,0
82018,0
82019,0
82020,0
82021,0
82022,0
82023,0
82024,0
82025,0
82026,0
82027,0
82028,0
82029,0
82030,0
82031,0
82032,0
82033,0
82034,1
82035,0
82036,0
82037,0
82038,0
82039,1
82040,0
82041,1
82042,0
82043,0
82044,1
82045,0
82046,1
82047,0
82048,0
82049,1
82050,0
82051,1
82052,1
82053,0
82054,0
82055,0
82056,0
82057,0
82058,0
82059,0
82060,0
82061,1
82062,1
82063,1
82064,0
82065,1
82066,0
82067,0
82068,1
82069,0
82070,1
82071,0
82072,0
82073,0
82074,0
82075,0
82076,0
82077,0
82078,0
82079,1
82080,1
82081,1
82082,0
82083,1
82084,0
82085,1
82086,1
82087,1
82088,1
82089,1
82090,0
82091,0
82092,0
82093,1
82094,0
82095,0
82096,1
82097,1
82098,0
82099,0
82100,0
82101,0
82102,1
82103,0
82104,0
82105,1
82106,0
82107,0
82108,1
82109,0
82110,1
82111,0
82112,1
82113,1
82114,0
82115,1
82116,1
82117,0
82118,0
82119,0
82120,0
82121,1
82122,1
82123,0
82124,0
82125,0
82126,0
82127,0
82128,1
82129,0
82130,0
82131,0
82132,0
82133,1
82134,0
82135,0
82136,0
82137,0
82138,1
82139,0
82140,1
82141,0
82142,1
82143,1
82144,1
82145,0
82146,1
82147,0
82148,1
82149,0
82150,0
82151,1
82152,1
82153,1
82154,0
82155,0
82156,0
82157,0
82158,0
82159,1
82160,0
82161,0
82162,1
82163,0
82164,0
82165,0
82166,0
82167,0
82168,0
82169,0
82170,1
82171,0
82172,0
82173,0
82174,0
82175,0
82176,1
82177,0
82178,0
82179,1
82180,0
82181,0
82182,0
82183,0
82184,1
82185,0
82186,0
82187,1
82188,1
82189,0
82190,1
82191,0
82192,0
82193,1
82194,1
82195,1
82196,1
82197,0
82198,0
82199,0
82200,0
82201,0
82202,0
82203,1
82204,1
82205,0
82206,0
82207,1
82208,0
82209,0
82210,0
82211,0
82212,0
82213,0
82214,1
82215,1
82216,0
82217,1
82218,0
82219,0
82220,0
82221,1
82222,0
82223,0
82224,0
82225,0
82226,1
82227,0
82228,1
82229,0
82230,1
82231,0
82232,1
82233,0
82234,0
82235,1
82236,0
82237,0
82238,0
82239,0
82240,0
82241,0
82242,0
82243,0
82244,1
82245,1
82246,0
82247,0
82248,0
82249,1
82250,0
82251,1
82252,1
82253,1
82254,0
82255,1
82256,0
82257,0
82258,0
82259,0
82260,1
82261,0
82262,0
82263,0
82264,1
82265,1
82266,0
82267,0
82268,0
82269,0
82270,1
82271,1
82272,1
82273,0
82274,0
82275,0
82276,0
82277,0
82278,0
82279,1
82280,0
82281,0
82282,0
82283,1
82284,1
82285,0
82286,0
82287,0
82288,1
82289,0
82290,0
82291,0
82292,0
82293,0
82294,0
82295,0
82296,0
82297,1
82298,0
82299,0
82300,0
82301,1
82302,1
82303,1
82304,0
82305,0
82306,0
82307,0
82308,0
82309,0
82310,0
82311,0
82312,0
82313,1
82314,0
82315,1
82316,0
82317,0
82318,0
82319,0
82320,1
82321,1
82322,0
82323,1
82324,0
82325,0
82326,1
82327,0
82328,0
82329,0
82330,0
82331,0
82332,0
82333,1
82334,0
82335,1
82336,1
82337,1
82338,0
82339,0
82340,1
82341,0
82342,0
82343,1
82344,0
82345,0
82346,1
82347,0
82348,0
82349,0
82350,0
82351,1
82352,0
82353,0
82354,0
82355,0
82356,0
82357,0
82358,0
82359,0
82360,0
82361,1
82362,0
82363,1
82364,0
82365,0
82366,1
82367,0
82368,0
82369,0
82370,1
82371,0
82372,0
82373,0
82374,1
82375,0
82376,0
82377,0
82378,1
82379,1
82380,0
82381,0
82382,0
82383,0
82384,0
82385,0
82386,0
82387,0
82388,0
82389,0
82390,0
82391,0
82392,0
82393,0
82394,0
82395,0
82396,0
82397,0
82398,1
82399,1
82400,1
82401,0
82402,0
82403,0
82404,1
82405,0
82406,0
82407,0
82408,0
82409,0
82410,0
82411,0
82412,0
82413,0
82414,1
82415,0
82416,0
82417,0
82418,0
82419,0
82420,1
82421,0
82422,1
82423,0
82424,0
82425,0
82426,0
82427,0
82428,0
82429,0
82430,0
82431,0
82432,0
82433,1
82434,1
82435,0
82436,0
82437,0
82438,0
82439,1
82440,0
82441,0
82442,0
82443,0
82444,1
82445,0
82446,1
82447,0
82448,1
82449,1
82450,0
82451,0
82452,0
82453,0
82454,0
82455,0
82456,0
82457,0
82458,1
82459,1
82460,0
82461,0
82462,0
82463,1
82464,0
82465,0
82466,0
82467,0
82468,0
82469,0
82470,0
82471,1
82472,1
82473,0
82474,0
82475,0
82476,0
82477,1
82478,0
82479,0
82480,1
82481,1
82482,0
82483,1
82484,0
82485,0
82486,0
82487,0
82488,0
82489,1
82490,0
82491,0
82492,0
82493,0
82494,0
82495,1
82496,0
82497,0
82498,1
82499,0
82500,1
82501,1
82502,1
82503,1
82504,0
82505,0
82506,1
82507,0
82508,0
82509,0
82510,0
82511,0
82512,0
82513,0
82514,0
82515,0
82516,0
82517,0
82518,0
82519,0
82520,0
82521,1
82522,0
82523,0
82524,0
82525,0
82526,1
82527,0
82528,1
82529,0
82530,0
82531,0
82532,0
82533,1
82534,1
82535,0
82536,1
82537,0
82538,0
82539,0
82540,0
82541,0
82542,0
82543,0
82544,0
82545,0
82546,0
82547,0
82548,0
82549,0
82550,0
82551,0
82552,1
82553,0
82554,0
82555,1
82556,0
82557,0
82558,0
82559,1
82560,0
82561,0
82562,0
82563,0
82564,0
82565,0
82566,1
82567,0
82568,0
82569,0
82570,0
82571,0
82572,0
82573,0
82574,0
82575,0
82576,0
82577,0
82578,1
82579,1
82580,0
82581,0
82582,0
82583,1
82584,1
82585,0
82586,0
82587,1
82588,0
82589,0
82590,0
82591,0
82592,0
82593,0
82594,0
82595,0
82596,0
82597,0
82598,0
82599,0
82600,0
82601,1
82602,0
82603,0
82604,0
82605,1
82606,0
82607,0
82608,1
82609,0
82610,0
82611,1
82612,1
82613,0
82614,0
82615,0
82616,0
82617,0
82618,0
82619,0
82620,0
82621,1
82622,0
82623,0
82624,0
82625,0
82626,0
82627,0
82628,1
82629,0
82630,0
82631,0
82632,0
82633,0
82634,1
82635,1
82636,1
82637,0
82638,0
82639,1
82640,0
82641,0
82642,1
82643,0
82644,0
82645,1
82646,0
82647,1
82648,0
82649,1
82650,0
82651,0
82652,0
82653,1
82654,0
82655,0
82656,0
82657,0
82658,0
82659,0
82660,0
82661,1
82662,0
82663,0
82664,0
82665,1
82666,0
82667,0
82668,0
82669,1
82670,0
82671,1
82672,0
82673,1
82674,0
82675,0
82676,0
82677,1
82678,1
82679,0
82680,0
82681,1
82682,0
82683,0
82684,0
82685,0
82686,0
82687,0
82688,0
82689,0
82690,0
82691,0
82692,0
82693,0
82694,0
82695,1
82696,0
82697,0
82698,1
82699,1
82700,0
82701,0
82702,0
82703,1
82704,0
82705,0
82706,0
82707,0
82708,0
82709,0
82710,1
82711,0
82712,0
82713,0
82714,1
82715,1
82716,1
82717,0
82718,0
82719,0
82720,0
82721,0
82722,0
82723,1
82724,0
82725,0
82726,0
82727,0
82728,0
82729,0
82730,0
82731,0
82732,0
82733,0
82734,0
82735,1
82736,0
82737,0
82738,0
82739,0
82740,0
82741,0
82742,0
82743,0
82744,0
82745,1
82746,0
82747,0
82748,1
82749,0
82750,0
82751,0
82752,0
82753,0
82754,0
82755,0
82756,0
82757,0
82758,0
82759,1
82760,0
82761,1
82762,1
82763,0
82764,0
82765,1
82766,0
82767,1
82768,0
82769,0
82770,0
82771,0
82772,0
82773,0
82774,0
82775,0
82776,0
82777,0
82778,1
82779,0
82780,0
82781,0
82782,0
82783,1
82784,1
82785,1
82786,1
82787,1
82788,0
82789,1
82790,0
82791,0
82792,0
82793,0
82794,0
82795,1
82796,0
82797,0
82798,1
82799,0
82800,0
82801,1
82802,1
82803,0
82804,0
82805,0
82806,0
82807,0
82808,1
82809,0
82810,1
82811,1
82812,0
82813,1
82814,1
82815,0
82816,0
82817,0
82818,0
82819,0
82820,0
82821,0
82822,1
82823,0
82824,1
82825,0
82826,1
82827,0
82828,0
82829,1
82830,0
82831,0
82832,0
82833,1
82834,0
82835,0
82836,0
82837,0
82838,0
82839,0
82840,0
82841,0
82842,1
82843,0
82844,0
82845,0
82846,0
82847,1
82848,0
82849,0
82850,0
82851,0
82852,0
82853,0
82854,0
82855,1
82856,0
82857,0
82858,1
82859,1
82860,0
82861,0
82862,0
82863,0
82864,0
82865,0
82866,0
82867,1
82868,0
82869,0
82870,0
82871,0
82872,0
82873,0
82874,0
82875,1
82876,1
82877,0
82878,0
82879,0
82880,0
82881,1
82882,0
82883,1
82884,0
82885,0
82886,0
82887,0
82888,1
82889,0
82890,1
82891,0
82892,0
82893,1
82894,0
82895,1
82896,0
82897,0
82898,1
82899,0
82900,1
82901,0
82902,0
82903,0
82904,1
82905,0
82906,0
82907,0
82908,0
82909,1
82910,1
82911,1
82912,0
82913,0
82914,1
82915,0
82916,0
82917,0
82918,1
82919,1
82920,0
82921,0
82922,1
82923,0
82924,0
82925,0
82926,0
82927,0
82928,0
82929,0
82930,0
82931,0
82932,0
82933,0
82934,1
82935,0
82936,0
82937,0
82938,0
82939,0
82940,1
82941,1
82942,0
82943,1
82944,0
82945,1
82946,0
82947,0
82948,1
82949,0
82950,1
82951,0
82952,0
82953,0
82954,0
82955,0
82956,0
82957,0
82958,1
82959,0
82960,1
82961,0
82962,0
82963,0
82964,1
82965,0
82966,1
82967,0
82968,0
82969,0
82970,1
82971,1
82972,0
82973,1
82974,0
82975,0
82976,0
82977,0
82978,1
82979,0
82980,0
82981,0
82982,1
82983,0
82984,0
82985,0
82986,0
82987,0
82988,0
82989,0
82990,0
82991,0
82992,1
82993,1
82994,0
82995,1
82996,1
82997,0
82998,0
82999,0
83000,0
83001,1
83002,0
83003,0
83004,1
83005,0
83006,0
83007,0
83008,0
83009,0
83010,0
83011,1
83012,0
83013,1
83014,0
83015,1
83016,1
83017,0
83018,1
83019,0
83020,1
83021,1
83022,0
83023,1
83024,1
83025,0
83026,1
83027,0
83028,0
83029,1
83030,1
83031,0
83032,0
83033,0
83034,0
83035,1
83036,0
83037,0
83038,1
83039,1
83040,1
83041,0
83042,0
83043,0
83044,0
83045,0
83046,1
83047,1
83048,0
83049,1
83050,0
83051,1
83052,0
83053,1
83054,0
83055,0
83056,0
83057,0
83058,1
83059,1
83060,1
83061,0
83062,1
83063,1
83064,0
83065,0
83066,0
83067,0
83068,0
83069,1
83070,1
83071,0
83072,0
83073,1
83074,0
83075,0
83076,0
83077,0
83078,0
83079,0
83080,0
83081,1
83082,1
83083,1
83084,0
83085,0
83086,0
83087,0
83088,0
83089,1
83090,1
83091,0
83092,0
83093,0
83094,0
83095,1
83096,1
83097,0
83098,0
83099,0
83100,0
83101,0
83102,0
83103,0
83104,0
83105,0
83106,0
83107,1
83108,0
83109,0
83110,0
83111,0
83112,1
83113,1
83114,1
83115,1
83116,1
83117,0
83118,1
83119,0
83120,0
83121,0
83122,0
83123,0
83124,0
83125,0
83126,1
83127,1
83128,0
83129,0
83130,0
83131,0
83132,1
83133,0
83134,0
83135,0
83136,1
83137,1
83138,0
83139,1
83140,0
83141,1
83142,1
83143,0
83144,1
83145,0
83146,0
83147,0
83148,0
83149,0
83150,1
83151,0
83152,1
83153,0
83154,0
83155,0
83156,0
83157,0
83158,0
83159,0
83160,0
83161,1
83162,0
83163,1
83164,1
83165,1
83166,0
83167,0
83168,0
83169,0
83170,1
83171,0
83172,0
83173,0
83174,0
83175,0
83176,0
83177,1
83178,0
83179,0
83180,0
83181,0
83182,0
83183,0
83184,1
83185,1
83186,1
83187,0
83188,0
83189,1
83190,0
83191,1
83192,0
83193,0
83194,1
83195,1
83196,0
83197,0
83198,0
83199,0
83200,0
83201,0
83202,0
83203,0
83204,0
83205,0
83206,1
83207,0
83208,1
83209,0
83210,0
83211,1
83212,0
83213,1
83214,0
83215,0
83216,0
83217,0
83218,0
83219,0
83220,0
83221,1
83222,1
83223,0
83224,0
83225,1
83226,0
83227,0
83228,0
83229,0
83230,1
83231,1
83232,0
83233,0
83234,0
83235,1
83236,0
83237,0
83238,1
83239,0
83240,1
83241,0
83242,1
83243,1
83244,0
83245,0
83246,0
83247,0
83248,0
83249,1
83250,1
83251,0
83252,0
83253,0
83254,0
83255,0
83256,0
83257,0
83258,1
83259,0
83260,0
83261,0
83262,0
83263,0
83264,0
83265,0
83266,0
83267,0
83268,0
83269,1
83270,0
83271,1
83272,1
83273,1
83274,1
83275,1
83276,0
83277,0
83278,0
83279,0
83280,1
83281,0
83282,0
83283,0
83284,0
83285,0
83286,0
83287,0
83288,0
83289,0
83290,0
83291,0
83292,1
83293,1
83294,0
83295,0
83296,1
83297,1
83298,0
83299,1
83300,0
83301,0
83302,1
83303,0
83304,0
83305,0
83306,0
83307,0
83308,0
83309,0
83310,1
83311,0
83312,0
83313,0
83314,0
83315,0
83316,0
83317,1
83318,0
83319,0
83320,1
83321,1
83322,0
83323,0
83324,0
83325,0
83326,0
83327,1
83328,1
83329,0
83330,1
83331,1
83332,0
83333,0
83334,0
83335,0
83336,1
83337,0
83338,0
83339,0
83340,0
83341,0
83342,0
83343,0
83344,1
83345,0
83346,0
83347,0
83348,0
83349,0
83350,0
83351,0
83352,0
83353,1
83354,0
83355,1
83356,0
83357,0
83358,0
83359,0
83360,0
83361,0
83362,0
83363,0
83364,0
83365,0
83366,0
83367,1
83368,0
83369,0
83370,1
83371,1
83372,0
83373,0
83374,0
83375,0
83376,0
83377,1
83378,0
83379,1
83380,0
83381,0
83382,0
83383,0
83384,0
83385,0
83386,0
83387,0
83388,0
83389,1
83390,1
83391,0
83392,1
83393,0
83394,1
83395,0
83396,0
83397,0
83398,0
83399,0
83400,0
83401,0
83402,0
83403,1
83404,0
83405,1
83406,0
83407,0
83408,0
83409,1
83410,0
83411,0
83412,0
83413,0
83414,0
83415,0
83416,1
83417,1
83418,1
83419,0
83420,1
83421,1
83422,0
83423,0
83424,0
83425,1
83426,0
83427,0
83428,1
83429,1
83430,0
83431,0
83432,1
83433,0
83434,1
83435,1
83436,0
83437,0
83438,0
83439,0
83440,0
83441,1
83442,1
83443,1
83444,0
83445,1
83446,0
83447,1
83448,1
83449,1
83450,0
83451,0
83452,0
83453,0
83454,0
83455,1
83456,0
83457,1
83458,0
83459,0
83460,0
83461,0
83462,0
83463,1
83464,0
83465,0
83466,0
83467,0
83468,0
83469,0
83470,1
83471,0
83472,0
83473,1
83474,1
83475,0
83476,0
83477,0
83478,1
83479,0
83480,0
83481,0
83482,0
83483,0
83484,1
83485,0
83486,0
83487,0
83488,0
83489,0
83490,0
83491,0
83492,0
83493,0
83494,1
83495,0
83496,0
83497,0
83498,0
83499,1
83500,0
83501,1
83502,0
83503,1
83504,0
83505,0
83506,1
83507,0
83508,0
83509,0
83510,0
83511,1
83512,1
83513,0
83514,0
83515,1
83516,1
83517,0
83518,0
83519,0
83520,0
83521,1
83522,0
83523,0
83524,0
83525,0
83526,0
83527,0
83528,1
83529,0
83530,1
83531,0
83532,1
83533,1
83534,0
83535,0
83536,0
83537,1
83538,0
83539,0
83540,0
83541,1
83542,1
83543,1
83544,0
83545,0
83546,0
83547,1
83548,0
83549,0
83550,1
83551,0
83552,0
83553,0
83554,0
83555,0
83556,0
83557,0
83558,0
83559,1
83560,1
83561,0
83562,1
83563,0
83564,0
83565,0
83566,0
83567,0
83568,0
83569,0
83570,0
83571,1
83572,0
83573,0
83574,0
83575,0
83576,1
83577,0
83578,0
83579,1
83580,1
83581,1
83582,0
83583,0
83584,0
83585,0
83586,0
83587,1
83588,1
83589,0
83590,0
83591,0
83592,0
83593,1
83594,0
83595,0
83596,0
83597,0
83598,1
83599,0
83600,0
83601,0
83602,0
83603,0
83604,0
83605,0
83606,0
83607,0
83608,0
83609,1
83610,0
83611,0
83612,0
83613,1
83614,1
83615,0
83616,0
83617,0
83618,1
83619,0
83620,0
83621,1
83622,0
83623,0
83624,1
83625,0
83626,0
83627,1
83628,0
83629,0
83630,0
83631,0
83632,0
83633,0
83634,0
83635,1
83636,1
83637,0
83638,0
83639,0
83640,1
83641,0
83642,0
83643,1
83644,0
83645,1
83646,1
83647,1
83648,0
83649,1
83650,0
83651,0
83652,0
83653,0
83654,0
83655,0
83656,0
83657,0
83658,1
83659,1
83660,0
83661,0
83662,0
83663,0
83664,0
83665,0
83666,0
83667,0
83668,0
83669,0
83670,1
83671,0
83672,0
83673,0
83674,0
83675,1
83676,0
83677,0
83678,0
83679,0
83680,1
83681,0
83682,0
83683,0
83684,0
83685,1
83686,0
83687,0
83688,1
83689,0
83690,0
83691,1
83692,0
83693,0
83694,0
83695,1
83696,0
83697,0
83698,0
83699,0
83700,1
83701,0
83702,0
83703,0
83704,1
83705,1
83706,1
83707,0
83708,0
83709,0
83710,0
83711,0
83712,1
83713,0
83714,1
83715,1
83716,1
83717,0
83718,0
83719,0
83720,0
83721,1
83722,0
83723,0
83724,0
83725,0
83726,1
83727,1
83728,0
83729,0
83730,0
83731,1
83732,0
83733,0
83734,1
83735,0
83736,0
83737,0
83738,0
83739,0
83740,1
83741,1
83742,0
83743,0
83744,0
83745,1
83746,0
83747,0
83748,0
83749,1
83750,0
83751,0
83752,1
83753,0
83754,0
83755,0
83756,1
83757,0
83758,0
83759,0
83760,0
83761,0
83762,0
83763,1
83764,0
83765,0
83766,0
83767,0
83768,0
83769,1
83770,1
83771,0
83772,0
83773,0
83774,0
83775,1
83776,0
83777,0
83778,1
83779,0
83780,1
83781,1
83782,0
83783,0
83784,0
83785,0
83786,0
83787,1
83788,0
83789,0
83790,0
83791,1
83792,0
83793,0
83794,1
83795,0
83796,1
83797,1
83798,1
83799,0
83800,0
83801,1
83802,0
83803,0
83804,1
83805,1
83806,0
83807,1
83808,0
83809,0
83810,0
83811,0
83812,0
83813,0
83814,0
83815,0
83816,0
83817,0
83818,0
83819,1
83820,0
83821,0
83822,0
83823,0
83824,0
83825,0
83826,0
83827,0
83828,0
83829,0
83830,1
83831,0
83832,1
83833,1
83834,0
83835,0
83836,1
83837,1
83838,0
83839,1
83840,1
83841,1
83842,1
83843,0
83844,0
83845,1
83846,1
83847,0
83848,1
83849,0
83850,1
83851,1
83852,0
83853,1
83854,0
83855,1
83856,0
83857,0
83858,0
83859,1
83860,0
83861,1
83862,0
83863,1
83864,1
83865,0
83866,1
83867,0
83868,1
83869,0
83870,0
83871,0
83872,0
83873,1
83874,0
83875,0
83876,1
83877,0
83878,0
83879,0
83880,1
83881,0
83882,0
83883,0
83884,0
83885,1
83886,1
83887,0
83888,0
83889,0
83890,0
83891,0
83892,0
83893,0
83894,0
83895,0
83896,0
83897,0
83898,0
83899,0
83900,0
83901,0
83902,1
83903,0
83904,0
83905,0
83906,0
83907,0
83908,0
83909,0
83910,0
83911,0
83912,0
83913,0
83914,0
83915,1
83916,1
83917,0
83918,1
83919,1
83920,0
83921,0
83922,1
83923,1
83924,0
83925,0
83926,0
83927,0
83928,0
83929,0
83930,0
83931,1
83932,0
83933,0
83934,1
83935,1
83936,0
83937,0
83938,0
83939,0
83940,0
83941,0
83942,1
83943,0
83944,0
83945,0
83946,0
83947,0
83948,0
83949,0
83950,0
83951,1
83952,0
83953,0
83954,0
83955,1
83956,0
83957,1
83958,1
83959,1
83960,0
83961,0
83962,1
83963,0
83964,0
83965,0
83966,0
83967,1
83968,0
83969,1
83970,0
83971,0
83972,1
83973,1
83974,0
83975,0
83976,0
83977,1
83978,0
83979,0
83980,0
83981,0
83982,1
83983,0
83984,0
83985,0
83986,0
83987,1
83988,1
83989,0
83990,1
83991,0
83992,0
83993,1
83994,0
83995,0
83996,0
83997,0
83998,0
83999,0
84000,0
84001,1
84002,0
84003,0
84004,0
84005,1
84006,0
84007,0
84008,1
84009,1
84010,1
84011,0
84012,0
84013,0
84014,1
84015,1
84016,1
84017,0
84018,0
84019,0
84020,0
84021,0
84022,0
84023,0
84024,1
84025,0
84026,0
84027,1
84028,0
84029,0
84030,0
84031,1
84032,0
84033,1
84034,0
84035,0
84036,0
84037,0
84038,1
84039,0
84040,1
84041,1
84042,0
84043,0
84044,0
84045,0
84046,0
84047,1
84048,0
84049,0
84050,0
84051,0
84052,0
84053,0
84054,0
84055,0
84056,0
84057,0
84058,1
84059,0
84060,0
84061,1
84062,0
84063,0
84064,0
84065,1
84066,0
84067,0
84068,0
84069,0
84070,1
84071,0
84072,0
84073,0
84074,1
84075,0
84076,1
84077,0
84078,0
84079,1
84080,0
84081,0
84082,1
84083,1
84084,0
84085,0
84086,1
84087,0
84088,0
84089,0
84090,0
84091,0
84092,0
84093,0
84094,1
84095,0
84096,0
84097,0
84098,1
84099,0
84100,0
84101,1
84102,0
84103,1
84104,0
84105,1
84106,0
84107,0
84108,0
84109,0
84110,1
84111,0
84112,0
84113,1
84114,0
84115,0
84116,1
84117,0
84118,0
84119,1
84120,1
84121,0
84122,0
84123,0
84124,0
84125,0
84126,0
84127,0
84128,0
84129,0
84130,1
84131,1
84132,0
84133,0
84134,1
84135,0
84136,1
84137,0
84138,0
84139,0
84140,0
84141,0
84142,0
84143,0
84144,1
84145,0
84146,0
84147,0
84148,1
84149,0
84150,0
84151,1
84152,0
84153,0
84154,0
84155,0
84156,0
84157,0
84158,0
84159,0
84160,0
84161,1
84162,0
84163,0
84164,0
84165,0
84166,0
84167,0
84168,1
84169,1
84170,0
84171,0
84172,1
84173,0
84174,1
84175,1
84176,0
84177,0
84178,1
84179,0
84180,0
84181,1
84182,0
84183,1
84184,0
84185,0
84186,0
84187,0
84188,0
84189,0
84190,0
84191,1
84192,0
84193,0
84194,0
84195,0
84196,0
84197,1
84198,0
84199,0
84200,0
84201,0
84202,0
84203,0
84204,0
84205,0
84206,0
84207,0
84208,1
84209,1
84210,0
84211,0
84212,1
84213,0
84214,1
84215,0
84216,1
84217,0
84218,0
84219,0
84220,0
84221,0
84222,0
84223,0
84224,1
84225,0
84226,0
84227,0
84228,0
84229,1
84230,0
84231,0
84232,0
84233,0
84234,1
84235,0
84236,0
84237,0
84238,0
84239,0
84240,0
84241,1
84242,0
84243,0
84244,0
84245,1
84246,0
84247,0
84248,0
84249,0
84250,0
84251,1
84252,1
84253,0
84254,0
84255,0
84256,0
84257,0
84258,0
84259,1
84260,0
84261,0
84262,0
84263,1
84264,0
84265,0
84266,0
84267,0
84268,0
84269,0
84270,0
84271,0
84272,0
84273,1
84274,0
84275,0
84276,1
84277,0
84278,0
84279,0
84280,1
84281,0
84282,1
84283,1
84284,0
84285,0
84286,0
84287,0
84288,0
84289,1
84290,1
84291,0
84292,0
84293,0
84294,0
84295,0
84296,1
84297,0
84298,0
84299,1
84300,1
84301,0
84302,0
84303,0
84304,0
84305,0
84306,0
84307,0
84308,0
84309,0
84310,0
84311,0
84312,0
84313,0
84314,0
84315,0
84316,0
84317,0
84318,0
84319,0
84320,0
84321,0
84322,0
84323,0
84324,0
84325,0
84326,0
84327,0
84328,0
84329,0
84330,0
84331,0
84332,1
84333,1
84334,0
84335,1
84336,0
84337,0
84338,0
84339,0
84340,0
84341,0
84342,0
84343,0
84344,0
84345,0
84346,1
84347,0
84348,0
84349,0
84350,1
84351,0
84352,1
84353,0
84354,0
84355,0
84356,0
84357,1
84358,0
84359,0
84360,0
84361,1
84362,1
84363,1
84364,0
84365,1
84366,0
84367,0
84368,0
84369,0
84370,0
84371,1
84372,0
84373,0
84374,0
84375,0
84376,0
84377,1
84378,1
84379,0
84380,0
84381,0
84382,1
84383,0
84384,1
84385,1
84386,0
84387,0
84388,0
84389,0
84390,0
84391,0
84392,0
84393,0
84394,0
84395,0
84396,0
84397,1
84398,0
84399,0
84400,0
84401,1
84402,0
84403,1
84404,1
84405,0
84406,0
84407,1
84408,0
84409,0
84410,1
84411,0
84412,0
84413,1
84414,0
84415,0
84416,0
84417,0
84418,1
84419,0
84420,0
84421,0
84422,0
84423,1
84424,0
84425,1
84426,0
84427,1
84428,1
84429,0
84430,1
84431,0
84432,0
84433,0
84434,0
84435,0
84436,1
84437,0
84438,1
84439,0
84440,1
84441,0
84442,1
84443,1
84444,0
84445,0
84446,1
84447,0
84448,0
84449,0
84450,0
84451,0
84452,0
84453,1
84454,0
84455,0
84456,0
84457,1
84458,1
84459,0
84460,1
84461,0
84462,1
84463,0
84464,0
84465,1
84466,0
84467,1
84468,0
84469,1
84470,0
84471,0
84472,0
84473,0
84474,1
84475,0
84476,0
84477,0
84478,0
84479,0
84480,0
84481,0
84482,0
84483,0
84484,1
84485,0
84486,1
84487,1
84488,0
84489,0
84490,1
84491,1
84492,0
84493,0
84494,0
84495,1
84496,0
84497,0
84498,0
84499,0
84500,1
84501,0
84502,1
84503,0
84504,0
84505,1
84506,0
84507,1
84508,0
84509,0
84510,0
84511,0
84512,0
84513,0
84514,1
84515,0
84516,1
84517,0
84518,1
84519,1
84520,1
84521,0
84522,0
84523,0
84524,0
84525,1
84526,0
84527,0
84528,1
84529,0
84530,0
84531,0
84532,0
84533,0
84534,1
84535,0
84536,0
84537,0
84538,1
84539,0
84540,0
84541,0
84542,0
84543,0
84544,0
84545,0
84546,0
84547,1
84548,1
84549,0
84550,0
84551,0
84552,0
84553,1
84554,0
84555,0
84556,0
84557,0
84558,0
84559,1
84560,1
84561,0
84562,1
84563,0
84564,0
84565,0
84566,0
84567,0
84568,0
84569,0
84570,0
84571,0
84572,0
84573,1
84574,0
84575,0
84576,0
84577,0
84578,1
84579,0
84580,0
84581,0
84582,0
84583,0
84584,0
84585,1
84586,1
84587,0
84588,0
84589,1
84590,0
84591,0
84592,0
84593,1
84594,0
84595,0
84596,1
84597,0
84598,0
84599,0
84600,1
84601,0
84602,1
84603,1
84604,1
84605,0
84606,0
84607,0
84608,0
84609,0
84610,1
84611,1
84612,1
84613,1
84614,0
84615,1
84616,0
84617,1
84618,1
84619,0
84620,0
84621,0
84622,0
84623,0
84624,0
84625,1
84626,0
84627,0
84628,1
84629,1
84630,0
84631,0
84632,0
84633,1
84634,0
84635,0
84636,0
84637,0
84638,0
84639,0
84640,0
84641,0
84642,0
84643,0
84644,0
84645,1
84646,0
84647,1
84648,0
84649,0
84650,0
84651,0
84652,0
84653,1
84654,0
84655,0
84656,1
84657,0
84658,0
84659,1
84660,0
84661,0
84662,0
84663,0
84664,0
84665,0
84666,1
84667,0
84668,0
84669,0
84670,0
84671,0
84672,0
84673,0
84674,0
84675,0
84676,0
84677,0
84678,0
84679,1
84680,0
84681,1
84682,0
84683,0
84684,1
84685,0
84686,1
84687,0
84688,1
84689,0
84690,1
84691,0
84692,0
84693,0
84694,1
84695,0
84696,1
84697,0
84698,0
84699,0
84700,0
84701,1
84702,1
84703,1
84704,0
84705,0
84706,1
84707,0
84708,0
84709,0
84710,0
84711,0
84712,0
84713,0
84714,0
84715,0
84716,0
84717,0
84718,1
84719,1
84720,1
84721,0
84722,1
84723,0
84724,0
84725,0
84726,0
84727,0
84728,0
84729,0
84730,0
84731,0
84732,0
84733,0
84734,0
84735,0
84736,1
84737,0
84738,0
84739,0
84740,1
84741,1
84742,0
84743,0
84744,1
84745,0
84746,0
84747,1
84748,0
84749,0
84750,0
84751,0
84752,0
84753,0
84754,1
84755,0
84756,1
84757,0
84758,0
84759,0
84760,0
84761,0
84762,0
84763,0
84764,0
84765,0
84766,0
84767,1
84768,0
84769,0
84770,1
84771,0
84772,0
84773,0
84774,0
84775,1
84776,0
84777,0
84778,1
84779,0
84780,0
84781,1
84782,0
84783,0
84784,0
84785,1
84786,0
84787,1
84788,0
84789,1
84790,1
84791,1
84792,0
84793,0
84794,1
84795,0
84796,1
84797,0
84798,0
84799,0
84800,0
84801,0
84802,0
84803,0
84804,0
84805,1
84806,1
84807,1
84808,1
84809,0
84810,0
84811,0
84812,1
84813,0
84814,0
84815,0
84816,0
84817,1
84818,0
84819,1
84820,0
84821,1
84822,0
84823,0
84824,1
84825,0
84826,0
84827,0
84828,0
84829,0
84830,0
84831,0
84832,0
84833,0
84834,1
84835,0
84836,0
84837,0
84838,1
84839,0
84840,0
84841,0
84842,1
84843,1
84844,0
84845,0
84846,0
84847,0
84848,1
84849,0
84850,0
84851,0
84852,1
84853,0
84854,0
84855,1
84856,0
84857,0
84858,0
84859,0
84860,0
84861,0
84862,0
84863,0
84864,0
84865,1
84866,0
84867,0
84868,1
84869,1
84870,0
84871,1
84872,0
84873,0
84874,0
84875,0
84876,1
84877,0
84878,0
84879,1
84880,0
84881,1
84882,0
84883,0
84884,0
84885,1
84886,0
84887,0
84888,1
84889,0
84890,1
84891,0
84892,0
84893,1
84894,0
84895,0
84896,0
84897,1
84898,1
84899,1
84900,0
84901,1
84902,0
84903,0
84904,0
84905,0
84906,1
84907,0
84908,0
84909,0
84910,0
84911,0
84912,0
84913,0
84914,1
84915,0
84916,1
84917,0
84918,0
84919,0
84920,0
84921,0
84922,0
84923,1
84924,1
84925,0
84926,0
84927,0
84928,0
84929,0
84930,1
84931,1
84932,0
84933,1
84934,0
84935,0
84936,0
84937,1
84938,1
84939,0
84940,0
84941,0
84942,0
84943,0
84944,1
84945,1
84946,0
84947,0
84948,0
84949,1
84950,0
84951,1
84952,1
84953,0
84954,0
84955,0
84956,0
84957,0
84958,0
84959,0
84960,0
84961,0
84962,1
84963,0
84964,0
84965,0
84966,0
84967,0
84968,0
84969,1
84970,0
84971,0
84972,0
84973,0
84974,1
84975,0
84976,0
84977,0
84978,0
84979,0
84980,0
84981,0
84982,0
84983,1
84984,0
84985,0
84986,0
84987,0
84988,1
84989,0
84990,1
84991,0
84992,1
84993,0
84994,0
84995,0
84996,0
84997,0
84998,0
84999,1
85000,0
85001,0
85002,0
85003,0
85004,1
85005,1
85006,1
85007,0
85008,1
85009,0
85010,0
85011,0
85012,0
85013,0
85014,1
85015,1
85016,0
85017,0
85018,0
85019,1
85020,1
85021,1
85022,0
85023,0
85024,0
85025,1
85026,0
85027,1
85028,0
85029,1
85030,0
85031,1
85032,0
85033,1
85034,0
85035,1
85036,0
85037,0
85038,1
85039,1
85040,0
85041,0
85042,0
85043,0
85044,0
85045,0
85046,1
85047,1
85048,1
85049,0
85050,0
85051,1
85052,1
85053,0
85054,0
85055,0
85056,1
85057,1
85058,0
85059,1
85060,0
85061,0
85062,0
85063,0
85064,0
85065,0
85066,1
85067,0
85068,0
85069,0
85070,0
85071,0
85072,0
85073,0
85074,1
85075,0
85076,0
85077,0
85078,0
85079,1
85080,0
85081,0
85082,0
85083,1
85084,0
85085,1
85086,1
85087,0
85088,0
85089,1
85090,1
85091,0
85092,1
85093,1
85094,0
85095,0
85096,1
85097,0
85098,0
85099,0
85100,0
85101,0
85102,0
85103,0
85104,0
85105,1
85106,0
85107,1
85108,1
85109,1
85110,0
85111,0
85112,0
85113,0
85114,1
85115,1
85116,0
85117,1
85118,0
85119,0
85120,1
85121,0
85122,0
85123,1
85124,0
85125,1
85126,0
85127,1
85128,0
85129,0
85130,1
85131,0
85132,1
85133,0
85134,1
85135,0
85136,0
85137,0
85138,1
85139,0
85140,1
85141,1
85142,0
85143,0
85144,1
85145,0
85146,0
85147,1
85148,0
85149,1
85150,0
85151,1
85152,1
85153,0
85154,0
85155,1
85156,1
85157,0
85158,0
85159,0
85160,0
85161,0
85162,0
85163,1
85164,1
85165,0
85166,0
85167,1
85168,0
85169,1
85170,0
85171,0
85172,0
85173,1
85174,0
85175,0
85176,0
85177,0
85178,1
85179,0
85180,0
85181,0
85182,0
85183,1
85184,1
85185,1
85186,0
85187,0
85188,0
85189,0
85190,1
85191,0
85192,1
85193,0
85194,0
85195,1
85196,0
85197,0
85198,0
85199,1
85200,0
85201,1
85202,0
85203,0
85204,0
85205,1
85206,1
85207,0
85208,0
85209,0
85210,1
85211,0
85212,0
85213,0
85214,0
85215,0
85216,0
85217,0
85218,1
85219,0
85220,0
85221,0
85222,0
85223,1
85224,0
85225,1
85226,1
85227,0
85228,0
85229,0
85230,0
85231,0
85232,1
85233,1
85234,1
85235,0
85236,0
85237,0
85238,0
85239,1
85240,1
85241,0
85242,1
85243,0
85244,0
85245,1
85246,0
85247,1
85248,0
85249,0
85250,0
85251,1
85252,1
85253,1
85254,0
85255,0
85256,1
85257,0
85258,1
85259,0
85260,1
85261,0
85262,0
85263,0
85264,1
85265,0
85266,0
85267,1
85268,1
85269,0
85270,0
85271,0
85272,0
85273,0
85274,0
85275,0
85276,0
85277,1
85278,0
85279,1
85280,1
85281,0
85282,0
85283,1
85284,1
85285,0
85286,1
85287,0
85288,0
85289,1
85290,0
85291,1
85292,0
85293,0
85294,1
85295,0
85296,0
85297,0
85298,1
85299,1
85300,0
85301,1
85302,1
85303,0
85304,0
85305,1
85306,0
85307,1
85308,1
85309,0
85310,1
85311,0
85312,1
85313,1
85314,0
85315,0
85316,0
85317,0
85318,0
85319,0
85320,1
85321,0
85322,0
85323,0
85324,0
85325,0
85326,0
85327,0
85328,0
85329,0
85330,0
85331,0
85332,1
85333,1
85334,0
85335,0
85336,0
85337,0
85338,0
85339,0
85340,0
85341,1
85342,1
85343,0
85344,0
85345,1
85346,1
85347,0
85348,0
85349,0
85350,1
85351,0
85352,1
85353,0
85354,1
85355,0
85356,0
85357,0
85358,0
85359,0
85360,0
85361,0
85362,0
85363,1
85364,0
85365,0
85366,1
85367,1
85368,0
85369,0
85370,1
85371,1
85372,0
85373,0
85374,0
85375,0
85376,0
85377,0
85378,0
85379,0
85380,0
85381,0
85382,0
85383,0
85384,0
85385,1
85386,1
85387,1
85388,0
85389,0
85390,0
85391,0
85392,1
85393,1
85394,1
85395,1
85396,1
85397,1
85398,0
85399,1
85400,0
85401,0
85402,1
85403,0
85404,0
85405,0
85406,0
85407,1
85408,0
85409,1
85410,1
85411,0
85412,0
85413,0
85414,1
85415,0
85416,0
85417,0
85418,0
85419,0
85420,0
85421,0
85422,1
85423,0
85424,0
85425,0
85426,0
85427,1
85428,0
85429,0
85430,0
85431,1
85432,0
85433,1
85434,0
85435,0
85436,0
85437,0
85438,1
85439,0
85440,0
85441,0
85442,0
85443,1
85444,1
85445,0
85446,1
85447,0
85448,1
85449,0
85450,0
85451,1
85452,0
85453,1
85454,0
85455,0
85456,0
85457,1
85458,1
85459,0
85460,0
85461,0
85462,0
85463,1
85464,0
85465,1
85466,0
85467,0
85468,0
85469,0
85470,1
85471,0
85472,0
85473,1
85474,0
85475,0
85476,0
85477,0
85478,1
85479,0
85480,0
85481,0
85482,0
85483,1
85484,1
85485,1
85486,0
85487,0
85488,1
85489,0
85490,1
85491,1
85492,0
85493,0
85494,1
85495,0
85496,1
85497,1
85498,0
85499,1
85500,0
85501,0
85502,1
85503,0
85504,1
85505,0
85506,1
85507,0
85508,0
85509,0
85510,0
85511,1
85512,0
85513,1
85514,0
85515,0
85516,0
85517,1
85518,0
85519,0
85520,1
85521,0
85522,0
85523,0
85524,0
85525,0
85526,0
85527,0
85528,0
85529,0
85530,0
85531,1
85532,0
85533,0
85534,0
85535,1
85536,0
85537,0
85538,1
85539,1
85540,0
85541,0
85542,0
85543,0
85544,1
85545,0
85546,0
85547,0
85548,0
85549,0
85550,0
85551,0
85552,0
85553,0
85554,0
85555,1
85556,0
85557,1
85558,0
85559,0
85560,0
85561,0
85562,0
85563,0
85564,0
85565,0
85566,0
85567,0
85568,0
85569,0
85570,1
85571,0
85572,0
85573,0
85574,1
85575,0
85576,1
85577,0
85578,0
85579,0
85580,0
85581,0
85582,1
85583,0
85584,0
85585,0
85586,0
85587,0
85588,1
85589,0
85590,1
85591,0
85592,0
85593,0
85594,0
85595,0
85596,0
85597,1
85598,0
85599,0
85600,0
85601,1
85602,0
85603,0
85604,0
85605,0
85606,1
85607,1
85608,0
85609,0
85610,0
85611,1
85612,0
85613,0
85614,0
85615,0
85616,0
85617,0
85618,0
85619,0
85620,1
85621,1
85622,1
85623,1
85624,0
85625,0
85626,1
85627,0
85628,0
85629,0
85630,1
85631,0
85632,0
85633,0
85634,0
85635,0
85636,0
85637,0
85638,1
85639,0
85640,0
85641,0
85642,0
85643,0
85644,1
85645,0
85646,0
85647,0
85648,0
85649,1
85650,1
85651,0
85652,0
85653,1
85654,1
85655,0
85656,1
85657,0
85658,0
85659,0
85660,0
85661,1
85662,0
85663,1
85664,0
85665,0
85666,1
85667,0
85668,0
85669,0
85670,0
85671,0
85672,0
85673,0
85674,0
85675,0
85676,0
85677,0
85678,0
85679,0
85680,0
85681,0
85682,0
85683,0
85684,0
85685,1
85686,0
85687,0
85688,1
85689,0
85690,1
85691,0
85692,0
85693,0
85694,0
85695,0
85696,0
85697,0
85698,0
85699,0
85700,0
85701,1
85702,1
85703,0
85704,1
85705,0
85706,0
85707,0
85708,0
85709,0
85710,1
85711,1
85712,0
85713,0
85714,0
85715,1
85716,0
85717,0
85718,0
85719,0
85720,0
85721,0
85722,0
85723,1
85724,0
85725,1
85726,0
85727,1
85728,1
85729,0
85730,0
85731,1
85732,1
85733,0
85734,0
85735,0
85736,0
85737,0
85738,0
85739,0
85740,1
85741,0
85742,0
85743,1
85744,1
85745,0
85746,0
85747,1
85748,0
85749,0
85750,0
85751,1
85752,0
85753,0
85754,0
85755,0
85756,0
85757,0
85758,0
85759,0
85760,1
85761,0
85762,0
85763,0
85764,0
85765,0
85766,0
85767,0
85768,0
85769,0
85770,0
85771,0
85772,0
85773,0
85774,0
85775,0
85776,0
85777,0
85778,0
85779,0
85780,1
85781,0
85782,0
85783,0
85784,1
85785,0
85786,0
85787,0
85788,0
85789,0
85790,1
85791,0
85792,1
85793,0
85794,1
85795,0
85796,0
85797,1
85798,0
85799,0
85800,0
85801,0
85802,1
85803,0
85804,0
85805,1
85806,0
85807,0
85808,0
85809,0
85810,0
85811,0
85812,0
85813,0
85814,1
85815,1
85816,0
85817,0
85818,1
85819,0
85820,0
85821,0
85822,1
85823,1
85824,0
85825,1
85826,1
85827,1
85828,1
85829,0
85830,0
85831,1
85832,0
85833,0
85834,0
85835,0
85836,0
85837,0
85838,0
85839,0
85840,0
85841,0
85842,0
85843,0
85844,1
85845,1
85846,0
85847,1
85848,0
85849,0
85850,0
85851,1
85852,0
85853,0
85854,0
85855,0
85856,0
85857,0
85858,1
85859,0
85860,0
85861,0
85862,0
85863,1
85864,0
85865,0
85866,0
85867,0
85868,0
85869,0
85870,0
85871,0
85872,0
85873,0
85874,0
85875,0
85876,0
85877,0
85878,0
85879,1
85880,1
85881,1
85882,0
85883,0
85884,0
85885,1
85886,1
85887,0
85888,0
85889,1
85890,0
85891,0
85892,0
85893,0
85894,1
85895,0
85896,1
85897,0
85898,0
85899,1
85900,0
85901,0
85902,1
85903,0
85904,1
85905,1
85906,0
85907,0
85908,0
85909,0
85910,0
85911,0
85912,0
85913,1
85914,0
85915,1
85916,1
85917,0
85918,0
85919,1
85920,1
85921,0
85922,0
85923,0
85924,0
85925,1
85926,1
85927,0
85928,1
85929,0
85930,0
85931,0
85932,1
85933,1
85934,0
85935,1
85936,0
85937,0
85938,0
85939,1
85940,0
85941,1
85942,0
85943,1
85944,0
85945,0
85946,0
85947,1
85948,0
85949,0
85950,0
85951,0
85952,0
85953,1
85954,0
85955,0
85956,0
85957,0
85958,0
85959,0
85960,0
85961,0
85962,0
85963,0
85964,1
85965,1
85966,0
85967,0
85968,0
85969,1
85970,0
85971,0
85972,0
85973,1
85974,0
85975,0
85976,0
85977,0
85978,0
85979,0
85980,0
85981,0
85982,1
85983,0
85984,0
85985,0
85986,1
85987,0
85988,0
85989,0
85990,0
85991,0
85992,0
85993,0
85994,0
85995,0
85996,1
85997,0
85998,0
85999,0
86000,0
86001,0
86002,0
86003,0
86004,0
86005,0
86006,1
86007,0
86008,1
86009,0
86010,1
86011,0
86012,1
86013,0
86014,0
86015,0
86016,0
86017,0
86018,0
86019,0
86020,0
86021,0
86022,1
86023,0
86024,0
86025,0
86026,0
86027,1
86028,0
86029,0
86030,1
86031,1
86032,0
86033,0
86034,0
86035,0
86036,0
86037,0
86038,0
86039,0
86040,0
86041,1
86042,0
86043,0
86044,0
86045,0
86046,0
86047,1
86048,0
86049,1
86050,0
86051,0
86052,1
86053,0
86054,0
86055,0
86056,0
86057,0
86058,0
86059,1
86060,1
86061,0
86062,0
86063,1
86064,0
86065,0
86066,0
86067,1
86068,0
86069,0
86070,0
86071,1
86072,1
86073,0
86074,1
86075,0
86076,0
86077,0
86078,1
86079,0
86080,0
86081,1
86082,0
86083,1
86084,0
86085,0
86086,0
86087,0
86088,1
86089,0
86090,0
86091,1
86092,0
86093,0
86094,1
86095,1
86096,0
86097,0
86098,0
86099,1
86100,0
86101,0
86102,0
86103,0
86104,0
86105,0
86106,0
86107,0
86108,0
86109,0
86110,1
86111,0
86112,0
86113,0
86114,0
86115,1
86116,0
86117,0
86118,0
86119,1
86120,0
86121,0
86122,1
86123,0
86124,0
86125,0
86126,0
86127,1
86128,0
86129,0
86130,0
86131,0
86132,1
86133,0
86134,1
86135,0
86136,0
86137,0
86138,0
86139,1
86140,1
86141,0
86142,1
86143,1
86144,1
86145,0
86146,0
86147,0
86148,1
86149,1
86150,1
86151,0
86152,1
86153,1
86154,0
86155,1
86156,0
86157,0
86158,1
86159,1
86160,0
86161,1
86162,0
86163,0
86164,0
86165,0
86166,0
86167,0
86168,1
86169,0
86170,1
86171,1
86172,0
86173,1
86174,0
86175,0
86176,1
86177,1
86178,0
86179,1
86180,1
86181,0
86182,0
86183,1
86184,0
86185,0
86186,0
86187,1
86188,0
86189,0
86190,1
86191,1
86192,1
86193,0
86194,0
86195,0
86196,0
86197,0
86198,1
86199,0
86200,0
86201,1
86202,1
86203,0
86204,0
86205,0
86206,1
86207,0
86208,0
86209,0
86210,0
86211,0
86212,0
86213,0
86214,1
86215,0
86216,0
86217,1
86218,0
86219,0
86220,1
86221,0
86222,1
86223,0
86224,0
86225,0
86226,0
86227,0
86228,0
86229,1
86230,1
86231,1
86232,1
86233,0
86234,0
86235,0
86236,0
86237,0
86238,0
86239,0
86240,0
86241,0
86242,0
86243,1
86244,0
86245,0
86246,1
86247,0
86248,0
86249,0
86250,0
86251,1
86252,0
86253,1
86254,0
86255,0
86256,0
86257,0
86258,0
86259,0
86260,0
86261,1
86262,0
86263,0
86264,0
86265,0
86266,0
86267,0
86268,0
86269,1
86270,0
86271,1
86272,0
86273,0
86274,0
86275,1
86276,0
86277,0
86278,0
86279,1
86280,1
86281,1
86282,0
86283,1
86284,0
86285,0
86286,0
86287,0
86288,0
86289,0
86290,0
86291,0
86292,0
86293,0
86294,1
86295,0
86296,0
86297,1
86298,0
86299,0
86300,0
86301,0
86302,0
86303,0
86304,1
86305,1
86306,0
86307,0
86308,0
86309,0
86310,1
86311,0
86312,0
86313,1
86314,1
86315,0
86316,0
86317,0
86318,0
86319,0
86320,0
86321,0
86322,0
86323,0
86324,0
86325,0
86326,1
86327,0
86328,0
86329,0
86330,1
86331,0
86332,0
86333,0
86334,0
86335,0
86336,0
86337,0
86338,0
86339,0
86340,0
86341,0
86342,0
86343,0
86344,0
86345,0
86346,0
86347,0
86348,0
86349,0
86350,0
86351,0
86352,0
86353,0
86354,0
86355,0
86356,0
86357,0
86358,0
86359,0
86360,0
86361,1
86362,0
86363,0
86364,0
86365,0
86366,1
86367,0
86368,0
86369,0
86370,0
86371,0
86372,0
86373,1
86374,1
86375,1
86376,1
86377,0
86378,0
86379,0
86380,0
86381,0
86382,0
86383,0
86384,0
86385,0
86386,0
86387,0
86388,0
86389,1
86390,0
86391,0
86392,0
86393,0
86394,0
86395,0
86396,0
86397,1
86398,1
86399,0
86400,1
86401,1
86402,1
86403,0
86404,0
86405,0
86406,0
86407,1
86408,0
86409,0
86410,0
86411,0
86412,0
86413,0
86414,0
86415,0
86416,0
86417,1
86418,0
86419,0
86420,1
86421,0
86422,1
86423,0
86424,0
86425,0
86426,0
86427,0
86428,0
86429,0
86430,0
86431,1
86432,0
86433,0
86434,1
86435,0
86436,0
86437,1
86438,0
86439,0
86440,1
86441,0
86442,0
86443,0
86444,1
86445,0
86446,0
86447,0
86448,1
86449,0
86450,0
86451,0
86452,0
86453,0
86454,1
86455,0
86456,0
86457,0
86458,0
86459,0
86460,0
86461,0
86462,0
86463,0
86464,0
86465,0
86466,0
86467,0
86468,0
86469,0
86470,0
86471,0
86472,0
86473,1
86474,1
86475,0
86476,0
86477,1
86478,0
86479,1
86480,0
86481,0
86482,0
86483,0
86484,0
86485,1
86486,1
86487,0
86488,1
86489,0
86490,0
86491,0
86492,0
86493,0
86494,0
86495,0
86496,0
86497,0
86498,0
86499,0
86500,0
86501,1
86502,1
86503,0
86504,1
86505,1
86506,0
86507,0
86508,0
86509,0
86510,1
86511,0
86512,0
86513,0
86514,0
86515,1
86516,0
86517,1
86518,1
86519,1
86520,0
86521,0
86522,0
86523,1
86524,1
86525,1
86526,0
86527,1
86528,0
86529,1
86530,0
86531,1
86532,0
86533,0
86534,0
86535,0
86536,1
86537,0
86538,0
86539,1
86540,0
86541,0
86542,0
86543,0
86544,0
86545,1
86546,0
86547,0
86548,1
86549,0
86550,1
86551,1
86552,0
86553,0
86554,0
86555,0
86556,1
86557,0
86558,0
86559,1
86560,1
86561,0
86562,0
86563,0
86564,0
86565,1
86566,1
86567,1
86568,0
86569,0
86570,1
86571,0
86572,1
86573,0
86574,0
86575,0
86576,1
86577,0
86578,0
86579,0
86580,0
86581,1
86582,0
86583,1
86584,0
86585,1
86586,0
86587,0
86588,0
86589,0
86590,0
86591,0
86592,0
86593,1
86594,0
86595,0
86596,0
86597,1
86598,1
86599,0
86600,1
86601,1
86602,0
86603,1
86604,0
86605,1
86606,1
86607,0
86608,1
86609,0
86610,1
86611,0
86612,0
86613,1
86614,1
86615,1
86616,0
86617,0
86618,1
86619,0
86620,0
86621,0
86622,1
86623,1
86624,0
86625,0
86626,1
86627,0
86628,1
86629,0
86630,0
86631,0
86632,1
86633,0
86634,0
86635,0
86636,0
86637,0
86638,0
86639,0
86640,1
86641,0
86642,1
86643,1
86644,0
86645,0
86646,0
86647,1
86648,0
86649,0
86650,0
86651,0
86652,1
86653,1
86654,0
86655,0
86656,1
86657,0
86658,0
86659,1
86660,1
86661,0
86662,0
86663,0
86664,0
86665,1
86666,0
86667,1
86668,1
86669,0
86670,0
86671,0
86672,0
86673,1
86674,1
86675,0
86676,1
86677,0
86678,0
86679,0
86680,0
86681,1
86682,0
86683,1
86684,0
86685,0
86686,0
86687,0
86688,1
86689,1
86690,1
86691,1
86692,0
86693,0
86694,1
86695,0
86696,1
86697,1
86698,0
86699,0
86700,1
86701,0
86702,0
86703,0
86704,0
86705,0
86706,0
86707,0
86708,1
86709,0
86710,1
86711,1
86712,0
86713,0
86714,1
86715,0
86716,1
86717,0
86718,0
86719,0
86720,1
86721,0
86722,0
86723,0
86724,1
86725,0
86726,0
86727,1
86728,1
86729,0
86730,0
86731,0
86732,0
86733,0
86734,1
86735,0
86736,0
86737,0
86738,1
86739,1
86740,0
86741,0
86742,0
86743,0
86744,0
86745,0
86746,1
86747,1
86748,1
86749,0
86750,1
86751,0
86752,0
86753,0
86754,1
86755,0
86756,1
86757,0
86758,1
86759,0
86760,0
86761,0
86762,0
86763,0
86764,0
86765,1
86766,1
86767,0
86768,1
86769,0
86770,0
86771,0
86772,0
86773,0
86774,0
86775,0
86776,0
86777,1
86778,0
86779,0
86780,0
86781,0
86782,0
86783,1
86784,0
86785,0
86786,0
86787,0
86788,0
86789,0
86790,0
86791,1
86792,0
86793,1
86794,0
86795,0
86796,0
86797,0
86798,0
86799,1
86800,1
86801,0
86802,1
86803,1
86804,0
86805,1
86806,1
86807,0
86808,0
86809,1
86810,0
86811,0
86812,0
86813,0
86814,1
86815,0
86816,0
86817,0
86818,1
86819,0
86820,0
86821,0
86822,0
86823,0
86824,0
86825,1
86826,0
86827,0
86828,1
86829,0
86830,1
86831,1
86832,0
86833,1
86834,0
86835,0
86836,0
86837,0
86838,0
86839,0
86840,0
86841,0
86842,0
86843,1
86844,0
86845,0
86846,0
86847,0
86848,0
86849,0
86850,1
86851,0
86852,0
86853,0
86854,1
86855,0
86856,0
86857,0
86858,0
86859,1
86860,0
86861,1
86862,1
86863,0
86864,0
86865,0
86866,1
86867,0
86868,1
86869,0
86870,0
86871,0
86872,0
86873,1
86874,1
86875,0
86876,0
86877,0
86878,0
86879,0
86880,1
86881,1
86882,1
86883,0
86884,0
86885,1
86886,0
86887,0
86888,0
86889,0
86890,0
86891,0
86892,1
86893,0
86894,0
86895,0
86896,1
86897,1
86898,0
86899,0
86900,0
86901,0
86902,0
86903,0
86904,1
86905,0
86906,0
86907,0
86908,0
86909,0
86910,1
86911,1
86912,0
86913,1
86914,0
86915,0
86916,1
86917,0
86918,0
86919,0
86920,0
86921,0
86922,0
86923,0
86924,0
86925,0
86926,0
86927,0
86928,0
86929,0
86930,0
86931,0
86932,1
86933,0
86934,0
86935,1
86936,0
86937,0
86938,1
86939,0
86940,1
86941,0
86942,0
86943,0
86944,0
86945,1
86946,0
86947,0
86948,0
86949,1
86950,0
86951,1
86952,0
86953,0
86954,0
86955,0
86956,0
86957,1
86958,0
86959,0
86960,0
86961,0
86962,0
86963,0
86964,0
86965,0
86966,0
86967,0
86968,0
86969,0
86970,0
86971,1
86972,0
86973,1
86974,1
86975,0
86976,1
86977,0
86978,1
86979,0
86980,1
86981,0
86982,1
86983,0
86984,1
86985,0
86986,1
86987,0
86988,0
86989,1
86990,0
86991,0
86992,0
86993,1
86994,1
86995,1
86996,1
86997,0
86998,1
86999,0
87000,1
87001,1
87002,0
87003,0
87004,1
87005,0
87006,1
87007,0
87008,1
87009,0
87010,0
87011,0
87012,0
87013,0
87014,0
87015,0
87016,0
87017,0
87018,0
87019,0
87020,1
87021,0
87022,0
87023,1
87024,1
87025,0
87026,0
87027,0
87028,0
87029,0
87030,0
87031,0
87032,0
87033,0
87034,0
87035,1
87036,1
87037,0
87038,0
87039,1
87040,1
87041,1
87042,0
87043,0
87044,0
87045,0
87046,1
87047,1
87048,0
87049,0
87050,1
87051,0
87052,0
87053,0
87054,1
87055,0
87056,0
87057,0
87058,1
87059,1
87060,1
87061,1
87062,1
87063,0
87064,0
87065,0
87066,0
87067,0
87068,0
87069,0
87070,1
87071,1
87072,0
87073,0
87074,1
87075,0
87076,0
87077,0
87078,0
87079,0
87080,0
87081,0
87082,0
87083,0
87084,0
87085,0
87086,1
87087,1
87088,0
87089,0
87090,0
87091,1
87092,0
87093,0
87094,0
87095,0
87096,0
87097,0
87098,0
87099,0
87100,1
87101,0
87102,0
87103,1
87104,0
87105,0
87106,0
87107,0
87108,0
87109,0
87110,1
87111,0
87112,0
87113,1
87114,0
87115,1
87116,1
87117,0
87118,1
87119,1
87120,0
87121,0
87122,0
87123,0
87124,1
87125,0
87126,0
87127,0
87128,1
87129,0
87130,0
87131,0
87132,0
87133,0
87134,0
87135,0
87136,0
87137,1
87138,0
87139,1
87140,0
87141,0
87142,1
87143,1
87144,0
87145,1
87146,0
87147,0
87148,1
87149,1
87150,0
87151,0
87152,0
87153,1
87154,0
87155,0
87156,1
87157,0
87158,1
87159,0
87160,1
87161,0
87162,0
87163,1
87164,0
87165,0
87166,0
87167,0
87168,0
87169,1
87170,1
87171,0
87172,0
87173,0
87174,0
87175,1
87176,1
87177,0
87178,1
87179,1
87180,1
87181,0
87182,0
87183,0
87184,1
87185,0
87186,0
87187,0
87188,1
87189,0
87190,0
87191,0
87192,0
87193,0
87194,0
87195,0
87196,0
87197,0
87198,0
87199,1
87200,1
87201,0
87202,1
87203,0
87204,0
87205,1
87206,0
87207,0
87208,0
87209,0
87210,0
87211,1
87212,0
87213,1
87214,1
87215,0
87216,0
87217,0
87218,0
87219,0
87220,1
87221,0
87222,1
87223,1
87224,1
87225,1
87226,0
87227,0
87228,0
87229,0
87230,0
87231,1
87232,0
87233,0
87234,0
87235,0
87236,0
87237,0
87238,0
87239,1
87240,0
87241,0
87242,0
87243,0
87244,0
87245,0
87246,0
87247,0
87248,0
87249,0
87250,1
87251,0
87252,0
87253,0
87254,0
87255,1
87256,1
87257,0
87258,0
87259,0
87260,1
87261,1
87262,0
87263,1
87264,1
87265,0
87266,0
87267,1
87268,1
87269,0
87270,1
87271,1
87272,0
87273,1
87274,0
87275,1
87276,0
87277,0
87278,1
87279,0
87280,1
87281,0
87282,0
87283,0
87284,0
87285,1
87286,0
87287,1
87288,0
87289,1
87290,1
87291,0
87292,1
87293,0
87294,0
87295,0
87296,0
87297,0
87298,0
87299,0
87300,0
87301,0
87302,0
87303,0
87304,0
87305,0
87306,0
87307,0
87308,0
87309,1
87310,0
87311,0
87312,0
87313,1
87314,1
87315,1
87316,0
87317,0
87318,1
87319,0
87320,0
87321,0
87322,0
87323,0
87324,0
87325,0
87326,0
87327,0
87328,0
87329,0
87330,0
87331,0
87332,1
87333,0
87334,0
87335,0
87336,1
87337,0
87338,1
87339,0
87340,1
87341,1
87342,0
87343,0
87344,0
87345,1
87346,1
87347,0
87348,0
87349,0
87350,1
87351,0
87352,1
87353,0
87354,0
87355,0
87356,0
87357,0
87358,0
87359,0
87360,1
87361,0
87362,0
87363,0
87364,0
87365,1
87366,0
87367,0
87368,0
87369,0
87370,0
87371,1
87372,0
87373,0
87374,0
87375,0
87376,0
87377,1
87378,0
87379,0
87380,0
87381,0
87382,1
87383,0
87384,0
87385,1
87386,0
87387,0
87388,0
87389,0
87390,1
87391,1
87392,0
87393,0
87394,0
87395,0
87396,0
87397,0
87398,0
87399,1
87400,1
87401,1
87402,1
87403,0
87404,0
87405,0
87406,0
87407,0
87408,0
87409,0
87410,1
87411,1
87412,0
87413,0
87414,0
87415,1
87416,1
87417,0
87418,0
87419,0
87420,0
87421,0
87422,0
87423,0
87424,1
87425,0
87426,0
87427,0
87428,0
87429,1
87430,1
87431,0
87432,1
87433,0
87434,0
87435,1
87436,0
87437,0
87438,0
87439,0
87440,1
87441,0
87442,0
87443,1
87444,0
87445,0
87446,1
87447,1
87448,1
87449,1
87450,0
87451,0
87452,0
87453,1
87454,1
87455,0
87456,0
87457,1
87458,0
87459,0
87460,0
87461,0
87462,0
87463,1
87464,0
87465,0
87466,1
87467,0
87468,0
87469,0
87470,1
87471,0
87472,0
87473,0
87474,0
87475,0
87476,0
87477,1
87478,1
87479,0
87480,0
87481,0
87482,0
87483,1
87484,0
87485,0
87486,0
87487,0
87488,1
87489,0
87490,0
87491,0
87492,1
87493,1
87494,1
87495,0
87496,1
87497,0
87498,0
87499,0
87500,0
87501,0
87502,0
87503,0
87504,1
87505,1
87506,0
87507,1
87508,0
87509,1
87510,1
87511,0
87512,0
87513,0
87514,0
87515,1
87516,0
87517,0
87518,0
87519,0
87520,0
87521,0
87522,1
87523,1
87524,0
87525,0
87526,1
87527,0
87528,0
87529,0
87530,0
87531,0
87532,0
87533,0
87534,0
87535,1
87536,0
87537,0
87538,0
87539,0
87540,0
87541,0
87542,0
87543,0
87544,1
87545,1
87546,0
87547,0
87548,0
87549,1
87550,1
87551,1
87552,0
87553,1
87554,0
87555,0
87556,0
87557,0
87558,0
87559,0
87560,0
87561,1
87562,0
87563,0
87564,1
87565,0
87566,1
87567,0
87568,0
87569,0
87570,0
87571,1
87572,0
87573,0
87574,0
87575,0
87576,1
87577,0
87578,1
87579,0
87580,1
87581,0
87582,0
87583,0
87584,1
87585,0
87586,0
87587,1
87588,0
87589,1
87590,0
87591,0
87592,0
87593,0
87594,0
87595,0
87596,0
87597,0
87598,0
87599,0
87600,0
87601,1
87602,0
87603,1
87604,0
87605,1
87606,1
87607,0
87608,0
87609,1
87610,0
87611,0
87612,0
87613,0
87614,0
87615,1
87616,0
87617,0
87618,0
87619,1
87620,0
87621,0
87622,0
87623,0
87624,0
87625,0
87626,0
87627,1
87628,0
87629,1
87630,0
87631,1
87632,1
87633,0
87634,0
87635,0
87636,0
87637,0
87638,1
87639,0
87640,0
87641,0
87642,0
87643,0
87644,0
87645,0
87646,0
87647,0
87648,1
87649,1
87650,0
87651,1
87652,1
87653,0
87654,0
87655,0
87656,0
87657,0
87658,0
87659,1
87660,0
87661,1
87662,0
87663,0
87664,0
87665,0
87666,0
87667,0
87668,0
87669,0
87670,0
87671,0
87672,0
87673,0
87674,1
87675,0
87676,1
87677,1
87678,1
87679,0
87680,0
87681,0
87682,0
87683,0
87684,0
87685,0
87686,1
87687,0
87688,0
87689,1
87690,0
87691,0
87692,0
87693,0
87694,1
87695,0
87696,1
87697,0
87698,0
87699,0
87700,0
87701,1
87702,1
87703,0
87704,1
87705,1
87706,1
87707,1
87708,0
87709,0
87710,1
87711,0
87712,0
87713,1
87714,0
87715,1
87716,0
87717,1
87718,0
87719,0
87720,0
87721,1
87722,0
87723,0
87724,0
87725,0
87726,0
87727,1
87728,1
87729,1
87730,1
87731,0
87732,0
87733,0
87734,0
87735,1
87736,1
87737,0
87738,0
87739,0
87740,0
87741,1
87742,1
87743,1
87744,1
87745,0
87746,0
87747,0
87748,1
87749,0
87750,1
87751,1
87752,0
87753,0
87754,0
87755,0
87756,0
87757,1
87758,0
87759,1
87760,1
87761,0
87762,0
87763,0
87764,0
87765,1
87766,0
87767,0
87768,1
87769,0
87770,0
87771,1
87772,0
87773,0
87774,0
87775,1
87776,0
87777,1
87778,1
87779,0
87780,1
87781,0
87782,1
87783,0
87784,0
87785,1
87786,0
87787,0
87788,0
87789,0
87790,0
87791,1
87792,0
87793,0
87794,0
87795,1
87796,0
87797,0
87798,0
87799,0
87800,0
87801,0
87802,0
87803,1
87804,0
87805,0
87806,0
87807,0
87808,0
87809,0
87810,0
87811,0
87812,0
87813,0
87814,1
87815,0
87816,1
87817,1
87818,0
87819,0
87820,0
87821,0
87822,0
87823,0
87824,1
87825,0
87826,0
87827,0
87828,0
87829,1
87830,0
87831,0
87832,1
87833,1
87834,0
87835,0
87836,0
87837,0
87838,1
87839,0
87840,0
87841,0
87842,1
87843,0
87844,0
87845,1
87846,0
87847,0
87848,0
87849,0
87850,0
87851,0
87852,1
87853,1
87854,0
87855,0
87856,0
87857,1
87858,0
87859,0
87860,1
87861,0
87862,1
87863,0
87864,0
87865,0
87866,1
87867,1
87868,0
87869,1
87870,1
87871,0
87872,0
87873,1
87874,0
87875,0
87876,0
87877,1
87878,0
87879,1
87880,0
87881,0
87882,1
87883,0
87884,0
87885,0
87886,1
87887,0
87888,0
87889,0
87890,0
87891,0
87892,1
87893,1
87894,0
87895,0
87896,1
87897,0
87898,1
87899,0
87900,0
87901,0
87902,0
87903,0
87904,1
87905,0
87906,0
87907,1
87908,0
87909,0
87910,0
87911,1
87912,0
87913,0
87914,0
87915,0
87916,0
87917,0
87918,0
87919,0
87920,0
87921,0
87922,0
87923,0
87924,0
87925,0
87926,0
87927,1
87928,0
87929,0
87930,1
87931,0
87932,0
87933,0
87934,0
87935,1
87936,0
87937,1
87938,1
87939,0
87940,0
87941,0
87942,1
87943,0
87944,1
87945,1
87946,0
87947,0
87948,0
87949,0
87950,0
87951,0
87952,0
87953,0
87954,1
87955,1
87956,1
87957,0
87958,0
87959,0
87960,0
87961,0
87962,1
87963,0
87964,1
87965,0
87966,1
87967,0
87968,0
87969,0
87970,1
87971,1
87972,0
87973,0
87974,1
87975,0
87976,0
87977,1
87978,1
87979,1
87980,0
87981,0
87982,1
87983,1
87984,0
87985,0
87986,0
87987,0
87988,0
87989,0
87990,0
87991,0
87992,1
87993,0
87994,0
87995,0
87996,1
87997,0
87998,0
87999,0
88000,1
88001,0
88002,0
88003,0
88004,0
88005,1
88006,1
88007,0
88008,1
88009,0
88010,0
88011,0
88012,0
88013,1
88014,0
88015,1
88016,1
88017,0
88018,0
88019,0
88020,1
88021,0
88022,0
88023,0
88024,1
88025,0
88026,1
88027,0
88028,0
88029,0
88030,0
88031,1
88032,0
88033,0
88034,0
88035,0
88036,0
88037,1
88038,0
88039,1
88040,0
88041,1
88042,0
88043,0
88044,0
88045,1
88046,1
88047,1
88048,1
88049,0
88050,0
88051,1
88052,0
88053,0
88054,0
88055,0
88056,1
88057,1
88058,0
88059,1
88060,0
88061,0
88062,0
88063,0
88064,0
88065,1
88066,1
88067,0
88068,1
88069,0
88070,1
88071,0
88072,0
88073,1
88074,1
88075,0
88076,0
88077,1
88078,0
88079,1
88080,0
88081,0
88082,0
88083,1
88084,0
88085,1
88086,0
88087,0
88088,0
88089,0
88090,0
88091,1
88092,1
88093,0
88094,0
88095,1
88096,0
88097,1
88098,0
88099,0
88100,0
88101,0
88102,1
88103,0
88104,0
88105,0
88106,0
88107,0
88108,1
88109,0
88110,0
88111,0
88112,0
88113,1
88114,1
88115,1
88116,0
88117,1
88118,0
88119,0
88120,1
88121,0
88122,0
88123,1
88124,0
88125,0
88126,0
88127,0
88128,0
88129,1
88130,1
88131,0
88132,0
88133,0
88134,0
88135,0
88136,0
88137,0
88138,0
88139,0
88140,0
88141,1
88142,0
88143,0
88144,0
88145,1
88146,0
88147,1
88148,1
88149,0
88150,1
88151,0
88152,0
88153,0
88154,0
88155,1
88156,1
88157,1
88158,1
88159,0
88160,1
88161,1
88162,0
88163,0
88164,0
88165,1
88166,0
88167,1
88168,0
88169,0
88170,0
88171,0
88172,1
88173,0
88174,0
88175,0
88176,1
88177,0
88178,0
88179,0
88180,0
88181,0
88182,0
88183,0
88184,1
88185,1
88186,0
88187,0
88188,0
88189,0
88190,0
88191,0
88192,0
88193,1
88194,0
88195,1
88196,0
88197,1
88198,1
88199,0
88200,0
88201,1
88202,0
88203,0
88204,0
88205,1
88206,0
88207,0
88208,0
88209,0
88210,0
88211,1
88212,1
88213,1
88214,0
88215,0
88216,0
88217,0
88218,0
88219,0
88220,0
88221,1
88222,0
88223,0
88224,1
88225,0
88226,1
88227,1
88228,0
88229,0
88230,0
88231,0
88232,1
88233,0
88234,0
88235,1
88236,1
88237,1
88238,0
88239,0
88240,0
88241,0
88242,0
88243,1
88244,0
88245,1
88246,0
88247,0
88248,0
88249,1
88250,0
88251,0
88252,0
88253,1
88254,0
88255,1
88256,0
88257,0
88258,0
88259,1
88260,0
88261,0
88262,1
88263,1
88264,0
88265,0
88266,0
88267,0
88268,0
88269,0
88270,1
88271,0
88272,0
88273,0
88274,0
88275,0
88276,0
88277,0
88278,0
88279,0
88280,0
88281,0
88282,0
88283,0
88284,0
88285,0
88286,0
88287,0
88288,0
88289,0
88290,0
88291,0
88292,0
88293,0
88294,0
88295,0
88296,0
88297,0
88298,1
88299,0
88300,0
88301,0
88302,0
88303,0
88304,0
88305,1
88306,0
88307,0
88308,0
88309,0
88310,1
88311,0
88312,1
88313,0
88314,0
88315,0
88316,0
88317,0
88318,0
88319,0
88320,0
88321,0
88322,1
88323,0
88324,0
88325,0
88326,1
88327,1
88328,0
88329,0
88330,0
88331,0
88332,0
88333,0
88334,0
88335,1
88336,1
88337,1
88338,1
88339,0
88340,0
88341,0
88342,0
88343,0
88344,0
88345,0
88346,0
88347,0
88348,1
88349,0
88350,1
88351,0
88352,0
88353,0
88354,0
88355,0
88356,1
88357,1
88358,1
88359,1
88360,0
88361,0
88362,1
88363,1
88364,0
88365,0
88366,1
88367,0
88368,0
88369,0
88370,0
88371,0
88372,0
88373,0
88374,1
88375,0
88376,0
88377,1
88378,1
88379,0
88380,1
88381,0
88382,1
88383,1
88384,1
88385,1
88386,1
88387,0
88388,0
88389,0
88390,0
88391,1
88392,1
88393,0
88394,0
88395,0
88396,1
88397,0
88398,0
88399,1
88400,1
88401,0
88402,0
88403,0
88404,0
88405,1
88406,1
88407,1
88408,0
88409,0
88410,1
88411,0
88412,0
88413,0
88414,0
88415,1
88416,0
88417,0
88418,0
88419,0
88420,0
88421,0
88422,0
88423,0
88424,0
88425,0
88426,0
88427,0
88428,0
88429,1
88430,0
88431,0
88432,0
88433,1
88434,1
88435,1
88436,0
88437,0
88438,0
88439,0
88440,0
88441,0
88442,0
88443,0
88444,0
88445,1
88446,0
88447,1
88448,0
88449,0
88450,0
88451,0
88452,1
88453,0
88454,0
88455,0
88456,1
88457,0
88458,0
88459,1
88460,0
88461,0
88462,0
88463,0
88464,0
88465,1
88466,0
88467,1
88468,0
88469,0
88470,1
88471,0
88472,0
88473,1
88474,1
88475,0
88476,1
88477,0
88478,1
88479,0
88480,1
88481,0
88482,0
88483,0
88484,0
88485,0
88486,1
88487,0
88488,0
88489,1
88490,0
88491,1
88492,1
88493,0
88494,0
88495,0
88496,0
88497,0
88498,1
88499,1
88500,0
88501,0
88502,0
88503,0
88504,0
88505,0
88506,1
88507,0
88508,0
88509,0
88510,0
88511,0
88512,1
88513,0
88514,0
88515,0
88516,0
88517,0
88518,1
88519,0
88520,0
88521,0
88522,0
88523,0
88524,0
88525,0
88526,0
88527,0
88528,1
88529,0
88530,0
88531,1
88532,1
88533,0
88534,1
88535,0
88536,0
88537,0
88538,0
88539,0
88540,0
88541,0
88542,0
88543,0
88544,0
88545,0
88546,1
88547,0
88548,0
88549,0
88550,0
88551,1
88552,1
88553,0
88554,0
88555,1
88556,0
88557,0
88558,0
88559,0
88560,0
88561,0
88562,0
88563,0
88564,0
88565,0
88566,0
88567,1
88568,1
88569,0
88570,0
88571,0
88572,0
88573,1
88574,1
88575,1
88576,0
88577,0
88578,0
88579,1
88580,0
88581,0
88582,0
88583,0
88584,0
88585,0
88586,0
88587,1
88588,0
88589,0
88590,0
88591,0
88592,0
88593,0
88594,1
88595,1
88596,1
88597,0
88598,1
88599,0
88600,1
88601,0
88602,0
88603,0
88604,0
88605,0
88606,0
88607,0
88608,0
88609,0
88610,0
88611,0
88612,1
88613,0
88614,1
88615,0
88616,0
88617,0
88618,0
88619,0
88620,1
88621,0
88622,0
88623,0
88624,0
88625,0
88626,0
88627,0
88628,1
88629,0
88630,0
88631,0
88632,1
88633,0
88634,1
88635,1
88636,0
88637,0
88638,0
88639,1
88640,0
88641,0
88642,0
88643,0
88644,0
88645,1
88646,0
88647,0
88648,0
88649,1
88650,0
88651,0
88652,0
88653,0
88654,0
88655,1
88656,0
88657,0
88658,0
88659,0
88660,0
88661,0
88662,1
88663,0
88664,0
88665,1
88666,0
88667,1
88668,0
88669,0
88670,0
88671,0
88672,0
88673,0
88674,1
88675,1
88676,0
88677,0
88678,0
88679,0
88680,0
88681,0
88682,0
88683,1
88684,0
88685,0
88686,1
88687,0
88688,1
88689,1
88690,0
88691,0
88692,0
88693,1
88694,0
88695,0
88696,0
88697,1
88698,0
88699,0
88700,0
88701,0
88702,0
88703,1
88704,0
88705,1
88706,0
88707,0
88708,0
88709,0
88710,0
88711,1
88712,0
88713,0
88714,0
88715,0
88716,0
88717,0
88718,1
88719,0
88720,1
88721,0
88722,1
88723,0
88724,1
88725,0
88726,1
88727,1
88728,1
88729,0
88730,1
88731,0
88732,0
88733,0
88734,1
88735,1
88736,0
88737,0
88738,0
88739,0
88740,0
88741,0
88742,0
88743,0
88744,0
88745,1
88746,1
88747,0
88748,0
88749,0
88750,0
88751,0
88752,1
88753,0
88754,0
88755,0
88756,0
88757,0
88758,0
88759,0
88760,0
88761,0
88762,1
88763,0
88764,0
88765,0
88766,0
88767,0
88768,0
88769,1
88770,1
88771,1
88772,1
88773,1
88774,0
88775,1
88776,0
88777,0
88778,0
88779,0
88780,1
88781,0
88782,0
88783,0
88784,0
88785,0
88786,1
88787,0
88788,1
88789,0
88790,0
88791,1
88792,1
88793,0
88794,0
88795,0
88796,0
88797,1
88798,0
88799,1
88800,0
88801,1
88802,0
88803,0
88804,0
88805,0
88806,0
88807,0
88808,0
88809,0
88810,1
88811,0
88812,0
88813,0
88814,0
88815,0
88816,0
88817,1
88818,0
88819,1
88820,1
88821,0
88822,0
88823,0
88824,0
88825,0
88826,0
88827,0
88828,0
88829,1
88830,1
88831,0
88832,1
88833,1
88834,0
88835,0
88836,0
88837,0
88838,0
88839,0
88840,1
88841,0
88842,0
88843,0
88844,1
88845,0
88846,0
88847,1
88848,0
88849,0
88850,0
88851,1
88852,1
88853,0
88854,0
88855,0
88856,0
88857,0
88858,0
88859,0
88860,1
88861,0
88862,1
88863,0
88864,0
88865,1
88866,0
88867,0
88868,1
88869,0
88870,0
88871,0
88872,0
88873,1
88874,0
88875,0
88876,1
88877,1
88878,1
88879,0
88880,0
88881,1
88882,1
88883,0
88884,0
88885,0
88886,0
88887,0
88888,0
88889,1
88890,0
88891,0
88892,0
88893,0
88894,0
88895,0
88896,0
88897,0
88898,1
88899,0
88900,0
88901,0
88902,0
88903,1
88904,1
88905,0
88906,0
88907,0
88908,1
88909,0
88910,1
88911,1
88912,0
88913,1
88914,0
88915,0
88916,0
88917,1
88918,0
88919,0
88920,0
88921,0
88922,0
88923,0
88924,0
88925,0
88926,0
88927,0
88928,0
88929,1
88930,0
88931,0
88932,0
88933,1
88934,0
88935,0
88936,1
88937,0
88938,0
88939,0
88940,1
88941,1
88942,0
88943,0
88944,0
88945,0
88946,0
88947,0
88948,0
88949,0
88950,0
88951,0
88952,0
88953,1
88954,0
88955,0
88956,0
88957,0
88958,0
88959,0
88960,0
88961,1
88962,1
88963,1
88964,1
88965,0
88966,0
88967,0
88968,1
88969,0
88970,0
88971,0
88972,0
88973,0
88974,0
88975,0
88976,0
88977,0
88978,0
88979,0
88980,1
88981,0
88982,1
88983,1
88984,0
88985,0
88986,0
88987,0
88988,0
88989,0
88990,1
88991,0
88992,0
88993,0
88994,1
88995,0
88996,0
88997,0
88998,0
88999,0
89000,1
89001,0
89002,0
89003,0
89004,0
89005,0
89006,0
89007,0
89008,0
89009,0
89010,0
89011,0
89012,1
89013,0
89014,0
89015,1
89016,0
89017,0
89018,0
89019,0
89020,0
89021,0
89022,0
89023,0
89024,0
89025,0
89026,0
89027,0
89028,0
89029,0
89030,1
89031,1
89032,0
89033,0
89034,0
89035,1
89036,0
89037,0
89038,0
89039,1
89040,0
89041,0
89042,1
89043,0
89044,1
89045,0
89046,1
89047,0
89048,0
89049,0
89050,0
89051,1
89052,0
89053,0
89054,1
89055,1
89056,1
89057,0
89058,0
89059,0
89060,0
89061,0
89062,0
89063,0
89064,0
89065,1
89066,0
89067,0
89068,0
89069,0
89070,1
89071,1
89072,1
89073,0
89074,0
89075,0
89076,0
89077,0
89078,0
89079,0
89080,0
89081,0
89082,0
89083,0
89084,0
89085,0
89086,0
89087,1
89088,0
89089,0
89090,1
89091,0
89092,1
89093,0
89094,0
89095,1
89096,1
89097,0
89098,0
89099,0
89100,0
89101,0
89102,0
89103,0
89104,0
89105,0
89106,0
89107,1
89108,0
89109,0
89110,1
89111,1
89112,0
89113,1
89114,0
89115,1
89116,0
89117,1
89118,0
89119,1
89120,0
89121,0
89122,0
89123,0
89124,0
89125,0
89126,1
89127,0
89128,0
89129,0
89130,0
89131,0
89132,1
89133,1
89134,0
89135,0
89136,0
89137,1
89138,0
89139,1
89140,0
89141,0
89142,1
89143,0
89144,0
89145,0
89146,0
89147,0
89148,0
89149,1
89150,0
89151,0
89152,0
89153,1
89154,0
89155,0
89156,1
89157,0
89158,1
89159,0
89160,0
89161,1
89162,0
89163,0
89164,0
89165,1
89166,1
89167,0
89168,0
89169,0
89170,0
89171,0
89172,0
89173,0
89174,0
89175,1
89176,1
89177,0
89178,0
89179,0
89180,1
89181,1
89182,0
89183,0
89184,0
89185,0
89186,0
89187,0
89188,0
89189,0
89190,0
89191,0
89192,1
89193,0
89194,0
89195,0
89196,0
89197,1
89198,0
89199,0
89200,0
89201,0
89202,0
89203,0
89204,0
89205,0
89206,0
89207,1
89208,0
89209,1
89210,1
89211,0
89212,0
89213,0
89214,1
89215,0
89216,1
89217,0
89218,0
89219,0
89220,0
89221,0
89222,0
89223,0
89224,1
89225,1
89226,0
89227,1
89228,0
89229,0
89230,1
89231,0
89232,1
89233,1
89234,0
89235,1
89236,1
89237,0
89238,0
89239,0
89240,0
89241,0
89242,0
89243,1
89244,0
89245,1
89246,0
89247,0
89248,1
89249,0
89250,0
89251,1
89252,0
89253,1
89254,0
89255,0
89256,0
89257,0
89258,0
89259,0
89260,0
89261,0
89262,0
89263,0
89264,0
89265,0
89266,0
89267,0
89268,1
89269,0
89270,0
89271,1
89272,0
89273,1
89274,0
89275,0
89276,0
89277,1
89278,1
89279,0
89280,0
89281,0
89282,0
89283,0
89284,0
89285,0
89286,0
89287,0
89288,0
89289,0
89290,0
89291,0
89292,0
89293,1
89294,0
89295,0
89296,0
89297,0
89298,0
89299,0
89300,0
89301,1
89302,0
89303,0
89304,0
89305,0
89306,0
89307,0
89308,1
89309,0
89310,0
89311,0
89312,0
89313,1
89314,0
89315,0
89316,0
89317,0
89318,0
89319,0
89320,1
89321,0
89322,0
89323,0
89324,0
89325,0
89326,0
89327,0
89328,0
89329,0
89330,1
89331,0
89332,0
89333,0
89334,0
89335,0
89336,1
89337,0
89338,0
89339,1
89340,1
89341,0
89342,1
89343,0
89344,1
89345,0
89346,0
89347,0
89348,0
89349,1
89350,0
89351,0
89352,1
89353,1
89354,1
89355,0
89356,0
89357,1
89358,1
89359,0
89360,0
89361,1
89362,0
89363,0
89364,0
89365,0
89366,1
89367,1
89368,0
89369,0
89370,1
89371,1
89372,0
89373,0
89374,0
89375,1
89376,0
89377,0
89378,0
89379,1
89380,0
89381,1
89382,1
89383,0
89384,0
89385,0
89386,0
89387,0
89388,0
89389,0
89390,0
89391,0
89392,1
89393,0
89394,0
89395,0
89396,1
89397,1
89398,0
89399,0
89400,0
89401,0
89402,0
89403,0
89404,0
89405,0
89406,1
89407,1
89408,1
89409,0
89410,0
89411,0
89412,1
89413,1
89414,1
89415,0
89416,0
89417,0
89418,0
89419,0
89420,1
89421,1
89422,0
89423,0
89424,0
89425,0
89426,1
89427,0
89428,0
89429,1
89430,0
89431,1
89432,0
89433,1
89434,1
89435,0
89436,0
89437,0
89438,1
89439,1
89440,0
89441,0
89442,1
89443,1
89444,1
89445,1
89446,0
89447,1
89448,0
89449,0
89450,0
89451,0
89452,0
89453,0
89454,0
89455,0
89456,0
89457,1
89458,0
89459,0
89460,0
89461,1
89462,0
89463,0
89464,0
89465,0
89466,1
89467,0
89468,0
89469,0
89470,1
89471,0
89472,1
89473,0
89474,0
89475,0
89476,0
89477,0
89478,0
89479,0
89480,0
89481,0
89482,0
89483,0
89484,1
89485,0
89486,1
89487,0
89488,0
89489,0
89490,0
89491,0
89492,0
89493,1
89494,0
89495,0
89496,1
89497,1
89498,1
89499,0
89500,0
89501,1
89502,0
89503,0
89504,1
89505,0
89506,0
89507,0
89508,1
89509,0
89510,1
89511,1
89512,0
89513,0
89514,0
89515,1
89516,0
89517,0
89518,0
89519,0
89520,0
89521,1
89522,1
89523,1
89524,0
89525,1
89526,0
89527,0
89528,1
89529,1
89530,0
89531,0
89532,0
89533,0
89534,1
89535,0
89536,0
89537,0
89538,0
89539,0
89540,0
89541,0
89542,0
89543,0
89544,0
89545,0
89546,0
89547,0
89548,0
89549,0
89550,0
89551,0
89552,0
89553,0
89554,1
89555,0
89556,0
89557,0
89558,0
89559,1
89560,1
89561,1
89562,1
89563,0
89564,0
89565,0
89566,1
89567,0
89568,1
89569,0
89570,0
89571,0
89572,0
89573,0
89574,0
89575,0
89576,1
89577,0
89578,0
89579,1
89580,1
89581,0
89582,1
89583,1
89584,0
89585,0
89586,0
89587,0
89588,0
89589,0
89590,0
89591,0
89592,0
89593,0
89594,0
89595,0
89596,0
89597,0
89598,0
89599,0
89600,1
89601,0
89602,1
89603,0
89604,0
89605,0
89606,0
89607,0
89608,0
89609,0
89610,0
89611,0
89612,1
89613,0
89614,0
89615,0
89616,0
89617,0
89618,0
89619,1
89620,1
89621,0
89622,0
89623,1
89624,0
89625,1
89626,0
89627,0
89628,0
89629,0
89630,0
89631,1
89632,0
89633,0
89634,0
89635,0
89636,0
89637,0
89638,0
89639,1
89640,0
89641,0
89642,0
89643,0
89644,0
89645,0
89646,0
89647,1
89648,0
89649,1
89650,0
89651,1
89652,1
89653,0
89654,1
89655,0
89656,0
89657,0
89658,0
89659,0
89660,0
89661,0
89662,0
89663,0
89664,0
89665,1
89666,0
89667,1
89668,0
89669,1
89670,1
89671,1
89672,0
89673,0
89674,1
89675,0
89676,0
89677,1
89678,0
89679,0
89680,1
89681,0
89682,0
89683,0
89684,0
89685,1
89686,1
89687,0
89688,0
89689,0
89690,0
89691,1
89692,0
89693,1
89694,1
89695,0
89696,0
89697,0
89698,0
89699,0
89700,0
89701,0
89702,1
89703,1
89704,0
89705,0
89706,0
89707,0
89708,0
89709,1
89710,0
89711,1
89712,1
89713,0
89714,0
89715,0
89716,0
89717,0
89718,1
89719,0
89720,0
89721,0
89722,0
89723,1
89724,1
89725,0
89726,1
89727,0
89728,0
89729,1
89730,1
89731,0
89732,0
89733,0
89734,0
89735,0
89736,1
89737,0
89738,0
89739,0
89740,1
89741,0
89742,1
89743,0
89744,0
89745,1
89746,0
89747,1
89748,0
89749,0
89750,1
89751,0
89752,0
89753,0
89754,1
89755,0
89756,0
89757,1
89758,0
89759,1
89760,0
89761,0
89762,0
89763,1
89764,0
89765,1
89766,0
89767,0
89768,0
89769,0
89770,1
89771,1
89772,0
89773,0
89774,0
89775,0
89776,1
89777,0
89778,1
89779,0
89780,0
89781,0
89782,0
89783,1
89784,0
89785,0
89786,1
89787,0
89788,0
89789,0
89790,0
89791,0
89792,0
89793,0
89794,1
89795,1
89796,0
89797,0
89798,0
89799,1
89800,0
89801,1
89802,0
89803,0
89804,0
89805,0
89806,0
89807,0
89808,0
89809,0
89810,0
89811,1
89812,0
89813,1
89814,1
89815,0
89816,0
89817,0
89818,1
89819,1
89820,0
89821,1
89822,0
89823,0
89824,0
89825,0
89826,0
89827,1
89828,1
89829,0
89830,0
89831,0
89832,1
89833,0
89834,0
89835,1
89836,0
89837,0
89838,0
89839,0
89840,0
89841,0
89842,0
89843,1
89844,1
89845,1
89846,1
89847,0
89848,0
89849,0
89850,1
89851,0
89852,0
89853,0
89854,0
89855,1
89856,1
89857,1
89858,0
89859,0
89860,0
89861,1
89862,0
89863,0
89864,0
89865,0
89866,0
89867,0
89868,1
89869,1
89870,1
89871,0
89872,0
89873,0
89874,1
89875,0
89876,0
89877,1
89878,0
89879,0
89880,0
89881,0
89882,1
89883,0
89884,0
89885,0
89886,0
89887,0
89888,1
89889,0
89890,0
89891,0
89892,0
89893,0
89894,1
89895,0
89896,0
89897,1
89898,1
89899,0
89900,0
89901,0
89902,0
89903,0
89904,0
89905,0
89906,0
89907,0
89908,0
89909,1
89910,0
89911,0
89912,0
89913,0
89914,0
89915,0
89916,0
89917,0
89918,1
89919,0
89920,1
89921,0
89922,0
89923,0
89924,0
89925,0
89926,0
89927,0
89928,1
89929,1
89930,1
89931,0
89932,0
89933,0
89934,0
89935,0
89936,0
89937,0
89938,0
89939,0
89940,0
89941,0
89942,0
89943,0
89944,0
89945,1
89946,0
89947,0
89948,1
89949,0
89950,1
89951,0
89952,0
89953,0
89954,0
89955,0
89956,0
89957,0
89958,0
89959,1
89960,0
89961,0
89962,0
89963,0
89964,0
89965,1
89966,1
89967,0
89968,0
89969,1
89970,1
89971,0
89972,1
89973,0
89974,1
89975,0
89976,1
89977,0
89978,0
89979,0
89980,0
89981,0
89982,0
89983,0
89984,0
89985,0
89986,0
89987,1
89988,0
89989,0
89990,0
89991,0
89992,0
89993,0
89994,0
89995,0
89996,1
89997,0
89998,1
89999,0
90000,1
90001,1
90002,1
90003,1
90004,0
90005,0
90006,0
90007,0
90008,0
90009,0
90010,0
90011,1
90012,0
90013,0
90014,0
90015,0
90016,1
90017,0
90018,0
90019,0
90020,1
90021,0
90022,1
90023,0
90024,0
90025,0
90026,0
90027,0
90028,1
90029,0
90030,0
90031,0
90032,1
90033,0
90034,1
90035,1
90036,0
90037,1
90038,0
90039,0
90040,0
90041,0
90042,0
90043,0
90044,0
90045,0
90046,1
90047,0
90048,0
90049,0
90050,0
90051,0
90052,0
90053,0
90054,0
90055,1
90056,0
90057,0
90058,0
90059,0
90060,0
90061,1
90062,1
90063,0
90064,0
90065,0
90066,0
90067,0
90068,0
90069,1
90070,0
90071,1
90072,0
90073,1
90074,0
90075,1
90076,1
90077,0
90078,0
90079,0
90080,1
90081,1
90082,0
90083,1
90084,0
90085,0
90086,1
90087,0
90088,0
90089,0
90090,0
90091,0
90092,0
90093,0
90094,0
90095,0
90096,1
90097,0
90098,0
90099,0
90100,1
90101,0
90102,0
90103,1
90104,0
90105,0
90106,1
90107,0
90108,1
90109,0
90110,0
90111,0
90112,0
90113,1
90114,1
90115,0
90116,1
90117,0
90118,0
90119,0
90120,1
90121,0
90122,0
90123,1
90124,0
90125,0
90126,1
90127,1
90128,0
90129,0
90130,1
90131,0
90132,1
90133,0
90134,0
90135,1
90136,0
90137,0
90138,0
90139,0
90140,0
90141,1
90142,1
90143,0
90144,0
90145,0
90146,0
90147,0
90148,0
90149,0
90150,0
90151,0
90152,0
90153,0
90154,1
90155,0
90156,0
90157,0
90158,0
90159,0
90160,1
90161,0
90162,1
90163,1
90164,0
90165,0
90166,0
90167,0
90168,0
90169,0
90170,0
90171,0
90172,1
90173,0
90174,1
90175,0
90176,1
90177,0
90178,0
90179,0
90180,0
90181,0
90182,0
90183,0
90184,1
90185,0
90186,0
90187,0
90188,0
90189,0
90190,1
90191,0
90192,0
90193,0
90194,0
90195,0
90196,0
90197,0
90198,0
90199,0
90200,0
90201,0
90202,0
90203,0
90204,1
90205,0
90206,1
90207,0
90208,1
90209,0
90210,0
90211,0
90212,0
90213,1
90214,0
90215,0
90216,0
90217,1
90218,0
90219,0
90220,1
90221,0
90222,0
90223,0
90224,1
90225,1
90226,1
90227,0
90228,0
90229,0
90230,1
90231,0
90232,0
90233,1
90234,0
90235,1
90236,1
90237,0
90238,0
90239,0
90240,1
90241,0
90242,1
90243,0
90244,0
90245,0
90246,1
90247,1
90248,0
90249,0
90250,1
90251,0
90252,0
90253,0
90254,0
90255,0
90256,1
90257,0
90258,1
90259,0
90260,0
90261,0
90262,1
90263,0
90264,1
90265,0
90266,0
90267,1
90268,1
90269,0
90270,0
90271,0
90272,0
90273,1
90274,1
90275,0
90276,1
90277,0
90278,0
90279,1
90280,0
90281,0
90282,0
90283,0
90284,0
90285,0
90286,0
90287,0
90288,0
90289,0
90290,1
90291,0
90292,0
90293,1
90294,1
90295,0
90296,0
90297,0
90298,0
90299,0
90300,0
90301,0
90302,0
90303,1
90304,0
90305,0
90306,0
90307,0
90308,0
90309,0
90310,0
90311,0
90312,0
90313,0
90314,0
90315,1
90316,0
90317,0
90318,0
90319,0
90320,1
90321,0
90322,1
90323,0
90324,0
90325,1
90326,1
90327,1
90328,1
90329,0
90330,1
90331,0
90332,0
90333,0
90334,0
90335,0
90336,0
90337,0
90338,0
90339,0
90340,0
90341,1
90342,1
90343,0
90344,0
90345,0
90346,0
90347,0
90348,0
90349,0
90350,0
90351,0
90352,1
90353,1
90354,0
90355,0
90356,0
90357,0
90358,1
90359,1
90360,0
90361,0
90362,0
90363,0
90364,0
90365,1
90366,1
90367,0
90368,0
90369,0
90370,0
90371,0
90372,0
90373,0
90374,1
90375,1
90376,0
90377,0
90378,0
90379,1
90380,0
90381,1
90382,0
90383,0
90384,0
90385,1
90386,1
90387,1
90388,0
90389,1
90390,1
90391,1
90392,0
90393,0
90394,1
90395,1
90396,0
90397,0
90398,0
90399,0
90400,0
90401,0
90402,0
90403,0
90404,0
90405,0
90406,0
90407,0
90408,0
90409,0
90410,0
90411,0
90412,0
90413,0
90414,1
90415,0
90416,0
90417,0
90418,1
90419,0
90420,1
90421,0
90422,0
90423,0
90424,0
90425,1
90426,0
90427,0
90428,0
90429,0
90430,0
90431,0
90432,0
90433,0
90434,1
90435,1
90436,1
90437,1
90438,0
90439,1
90440,1
90441,0
90442,1
90443,0
90444,0
90445,0
90446,0
90447,1
90448,0
90449,0
90450,0
90451,0
90452,1
90453,0
90454,0
90455,0
90456,0
90457,0
90458,0
90459,0
90460,1
90461,1
90462,0
90463,0
90464,1
90465,0
90466,1
90467,0
90468,0
90469,0
90470,1
90471,0
90472,0
90473,1
90474,0
90475,1
90476,0
90477,1
90478,1
90479,1
90480,0
90481,0
90482,0
90483,0
90484,0
90485,0
90486,0
90487,1
90488,0
90489,1
90490,0
90491,1
90492,1
90493,0
90494,0
90495,0
90496,0
90497,0
90498,0
90499,0
90500,0
90501,0
90502,1
90503,0
90504,1
90505,0
90506,0
90507,0
90508,0
90509,0
90510,1
90511,0
90512,1
90513,0
90514,0
90515,0
90516,0
90517,0
90518,0
90519,1
90520,1
90521,0
90522,0
90523,0
90524,0
90525,0
90526,0
90527,0
90528,0
90529,1
90530,1
90531,0
90532,0
90533,0
90534,0
90535,0
90536,0
90537,0
90538,0
90539,0
90540,0
90541,0
90542,1
90543,0
90544,0
90545,0
90546,1
90547,0
90548,1
90549,0
90550,1
90551,0
90552,0
90553,0
90554,1
90555,0
90556,0
90557,0
90558,0
90559,0
90560,0
90561,0
90562,1
90563,0
90564,0
90565,0
90566,0
90567,0
90568,1
90569,0
90570,0
90571,1
90572,1
90573,0
90574,0
90575,0
90576,1
90577,0
90578,0
90579,1
90580,1
90581,1
90582,1
90583,0
90584,1
90585,0
90586,0
90587,0
90588,1
90589,1
90590,1
90591,1
90592,0
90593,1
90594,0
90595,0
90596,0
90597,0
90598,1
90599,1
90600,0
90601,0
90602,0
90603,1
90604,0
90605,0
90606,0
90607,1
90608,0
90609,0
90610,0
90611,0
90612,0
90613,1
90614,1
90615,0
90616,0
90617,0
90618,0
90619,0
90620,0
90621,0
90622,1
90623,1
90624,0
90625,1
90626,0
90627,0
90628,0
90629,0
90630,1
90631,0
90632,0
90633,0
90634,0
90635,1
90636,0
90637,0
90638,0
90639,0
90640,0
90641,0
90642,0
90643,1
90644,0
90645,0
90646,0
90647,0
90648,0
90649,1
90650,0
90651,1
90652,0
90653,0
90654,0
90655,1
90656,1
90657,0
90658,1
90659,0
90660,0
90661,0
90662,0
90663,0
90664,0
90665,1
90666,0
90667,1
90668,0
90669,0
90670,0
90671,0
90672,0
90673,0
90674,0
90675,0
90676,1
90677,0
90678,0
90679,1
90680,0
90681,1
90682,0
90683,1
90684,1
90685,0
90686,0
90687,0
90688,0
90689,0
90690,1
90691,1
90692,0
90693,0
90694,0
90695,0
90696,0
90697,0
90698,0
90699,0
90700,1
90701,0
90702,0
90703,1
90704,0
90705,0
90706,0
90707,0
90708,0
90709,1
90710,0
90711,1
90712,0
90713,0
90714,0
90715,0
90716,1
90717,0
90718,1
90719,0
90720,0
90721,0
90722,0
90723,1
90724,0
90725,1
90726,0
90727,0
90728,1
90729,1
90730,0
90731,0
90732,0
90733,0
90734,0
90735,0
90736,0
90737,0
90738,0
90739,0
90740,0
90741,0
90742,0
90743,0
90744,1
90745,1
90746,0
90747,1
90748,1
90749,0
90750,0
90751,1
90752,1
90753,0
90754,0
90755,1
90756,1
90757,1
90758,0
90759,0
90760,0
90761,0
90762,1
90763,0
90764,1
90765,0
90766,1
90767,0
90768,1
90769,0
90770,0
90771,0
90772,1
90773,1
90774,0
90775,0
90776,0
90777,0
90778,0
90779,1
90780,0
90781,1
90782,1
90783,0
90784,1
90785,0
90786,0
90787,0
90788,0
90789,0
90790,1
90791,1
90792,0
90793,0
90794,0
90795,0
90796,0
90797,1
90798,0
90799,0
90800,0
90801,0
90802,1
90803,1
90804,0
90805,0
90806,1
90807,0
90808,0
90809,1
90810,1
90811,0
90812,0
90813,0
90814,1
90815,0
90816,1
90817,0
90818,1
90819,1
90820,0
90821,0
90822,0
90823,0
90824,0
90825,1
90826,0
90827,0
90828,0
90829,0
90830,0
90831,1
90832,0
90833,0
90834,1
90835,0
90836,0
90837,0
90838,0
90839,0
90840,0
90841,0
90842,1
90843,0
90844,0
90845,0
90846,0
90847,0
90848,1
90849,1
90850,0
90851,1
90852,0
90853,0
90854,0
90855,0
90856,0
90857,1
90858,1
90859,0
90860,0
90861,0
90862,0
90863,0
90864,0
90865,0
90866,0
90867,1
90868,1
90869,0
90870,0
90871,0
90872,0
90873,1
90874,0
90875,0
90876,0
90877,1
90878,1
90879,1
90880,0
90881,0
90882,0
90883,0
90884,0
90885,0
90886,0
90887,0
90888,1
90889,0
90890,0
90891,1
90892,1
90893,0
90894,0
90895,0
90896,1
90897,0
90898,0
90899,1
90900,0
90901,1
90902,0
90903,0
90904,1
90905,0
90906,0
90907,0
90908,0
90909,0
90910,0
90911,0
90912,0
90913,0
90914,1
90915,0
90916,1
90917,1
90918,0
90919,0
90920,1
90921,0
90922,0
90923,0
90924,0
90925,1
90926,0
90927,1
90928,0
90929,0
90930,0
90931,0
90932,1
90933,0
90934,0
90935,0
90936,1
90937,0
90938,1
90939,0
90940,1
90941,1
90942,1
90943,0
90944,0
90945,0
90946,0
90947,0
90948,0
90949,0
90950,0
90951,1
90952,0
90953,0
90954,1
90955,0
90956,0
90957,1
90958,1
90959,1
90960,1
90961,0
90962,0
90963,1
90964,1
90965,0
90966,1
90967,0
90968,1
90969,0
90970,1
90971,0
90972,0
90973,0
90974,1
90975,0
90976,1
90977,1
90978,0
90979,0
90980,0
90981,0
90982,1
90983,0
90984,1
90985,0
90986,1
90987,0
90988,0
90989,1
90990,0
90991,1
90992,0
90993,0
90994,0
90995,0
90996,1
90997,1
90998,0
90999,0
91000,0
91001,0
91002,1
91003,1
91004,0
91005,0
91006,1
91007,0
91008,0
91009,0
91010,0
91011,0
91012,1
91013,0
91014,0
91015,0
91016,1
91017,0
91018,0
91019,0
91020,0
91021,0
91022,0
91023,1
91024,1
91025,1
91026,0
91027,0
91028,0
91029,0
91030,1
91031,0
91032,1
91033,0
91034,0
91035,1
91036,1
91037,0
91038,1
91039,0
91040,0
91041,0
91042,0
91043,0
91044,0
91045,0
91046,0
91047,1
91048,0
91049,1
91050,1
91051,0
91052,1
91053,0
91054,0
91055,0
91056,1
91057,0
91058,0
91059,0
91060,1
91061,0
91062,1
91063,1
91064,0
91065,1
91066,0
91067,1
91068,1
91069,0
91070,0
91071,0
91072,1
91073,0
91074,0
91075,1
91076,1
91077,0
91078,1
91079,0
91080,1
91081,0
91082,0
91083,1
91084,0
91085,0
91086,1
91087,0
91088,0
91089,0
91090,0
91091,0
91092,0
91093,0
91094,0
91095,0
91096,0
91097,0
91098,1
91099,0
91100,0
91101,0
91102,0
91103,0
91104,1
91105,0
91106,0
91107,0
91108,0
91109,0
91110,0
91111,1
91112,0
91113,0
91114,0
91115,0
91116,0
91117,0
91118,0
91119,0
91120,0
91121,0
91122,1
91123,0
91124,1
91125,0
91126,1
91127,1
91128,0
91129,1
91130,0
91131,1
91132,0
91133,0
91134,1
91135,0
91136,0
91137,1
91138,0
91139,0
91140,1
91141,0
91142,0
91143,0
91144,0
91145,1
91146,1
91147,0
91148,1
91149,0
91150,1
91151,1
91152,1
91153,1
91154,0
91155,0
91156,0
91157,1
91158,0
91159,0
91160,1
91161,1
91162,0
91163,0
91164,0
91165,0
91166,0
91167,1
91168,0
91169,0
91170,1
91171,0
91172,1
91173,0
91174,0
91175,0
91176,1
91177,0
91178,0
91179,0
91180,1
91181,0
91182,0
91183,0
91184,0
91185,0
91186,1
91187,1
91188,0
91189,0
91190,0
91191,0
91192,1
91193,0
91194,1
91195,0
91196,1
91197,0
91198,1
91199,0
91200,0
91201,0
91202,0
91203,1
91204,1
91205,0
91206,0
91207,0
91208,0
91209,0
91210,0
91211,1
91212,0
91213,0
91214,0
91215,1
91216,0
91217,1
91218,1
91219,0
91220,0
91221,0
91222,0
91223,0
91224,0
91225,0
91226,0
91227,1
91228,0
91229,0
91230,1
91231,0
91232,0
91233,0
91234,1
91235,0
91236,0
91237,0
91238,0
91239,0
91240,0
91241,0
91242,0
91243,0
91244,1
91245,1
91246,1
91247,1
91248,0
91249,0
91250,0
91251,1
91252,1
91253,0
91254,1
91255,0
91256,0
91257,0
91258,1
91259,0
91260,0
91261,0
91262,0
91263,0
91264,0
91265,0
91266,1
91267,0
91268,1
91269,0
91270,0
91271,0
91272,0
91273,0
91274,0
91275,0
91276,0
91277,0
91278,0
91279,0
91280,0
91281,1
91282,1
91283,1
91284,1
91285,1
91286,0
91287,0
91288,0
91289,0
91290,0
91291,1
91292,0
91293,0
91294,0
91295,1
91296,1
91297,1
91298,0
91299,0
91300,0
91301,0
91302,0
91303,1
91304,0
91305,0
91306,0
91307,0
91308,0
91309,0
91310,1
91311,1
91312,1
91313,0
91314,0
91315,0
91316,1
91317,0
91318,0
91319,1
91320,0
91321,0
91322,0
91323,1
91324,0
91325,1
91326,0
91327,0
91328,0
91329,1
91330,0
91331,0
91332,0
91333,0
91334,0
91335,1
91336,0
91337,0
91338,0
91339,0
91340,0
91341,0
91342,1
91343,0
91344,1
91345,0
91346,0
91347,0
91348,0
91349,1
91350,0
91351,1
91352,0
91353,1
91354,0
91355,0
91356,0
91357,0
91358,1
91359,0
91360,1
91361,1
91362,1
91363,1
91364,0
91365,1
91366,0
91367,0
91368,0
91369,0
91370,0
91371,0
91372,1
91373,0
91374,0
91375,0
91376,1
91377,0
91378,0
91379,0
91380,0
91381,0
91382,0
91383,0
91384,0
91385,0
91386,0
91387,0
91388,1
91389,1
91390,0
91391,0
91392,0
91393,0
91394,1
91395,0
91396,1
91397,1
91398,1
91399,1
91400,0
91401,0
91402,0
91403,1
91404,0
91405,1
91406,1
91407,0
91408,1
91409,0
91410,1
91411,0
91412,1
91413,0
91414,0
91415,1
91416,0
91417,0
91418,1
91419,0
91420,1
91421,0
91422,1
91423,0
91424,0
91425,0
91426,0
91427,0
91428,0
91429,1
91430,0
91431,0
91432,1
91433,0
91434,0
91435,0
91436,0
91437,1
91438,0
91439,0
91440,0
91441,0
91442,0
91443,0
91444,1
91445,1
91446,0
91447,0
91448,0
91449,0
91450,0
91451,1
91452,0
91453,1
91454,0
91455,0
91456,0
91457,0
91458,1
91459,1
91460,0
91461,1
91462,0
91463,0
91464,1
91465,0
91466,0
91467,0
91468,1
91469,1
91470,0
91471,1
91472,1
91473,1
91474,0
91475,1
91476,0
91477,0
91478,0
91479,1
91480,0
91481,0
91482,0
91483,0
91484,0
91485,0
91486,0
91487,1
91488,1
91489,1
91490,0
91491,0
91492,1
91493,0
91494,0
91495,1
91496,1
91497,0
91498,0
91499,0
91500,0
91501,0
91502,0
91503,0
91504,1
91505,1
91506,0
91507,1
91508,0
91509,1
91510,0
91511,1
91512,1
91513,0
91514,1
91515,0
91516,0
91517,0
91518,1
91519,0
91520,0
91521,0
91522,0
91523,1
91524,0
91525,1
91526,0
91527,0
91528,1
91529,0
91530,0
91531,1
91532,1
91533,1
91534,1
91535,1
91536,0
91537,1
91538,0
91539,0
91540,0
91541,0
91542,1
91543,0
91544,1
91545,0
91546,1
91547,1
91548,0
91549,0
91550,0
91551,1
91552,0
91553,0
91554,0
91555,1
91556,0
91557,1
91558,1
91559,0
91560,0
91561,0
91562,0
91563,0
91564,0
91565,0
91566,0
91567,1
91568,1
91569,1
91570,0
91571,0
91572,1
91573,1
91574,0
91575,1
91576,0
91577,1
91578,0
91579,0
91580,1
91581,0
91582,0
91583,0
91584,1
91585,0
91586,0
91587,1
91588,0
91589,1
91590,0
91591,0
91592,0
91593,1
91594,0
91595,0
91596,0
91597,0
91598,1
91599,0
91600,0
91601,0
91602,1
91603,0
91604,0
91605,0
91606,0
91607,1
91608,0
91609,0
91610,0
91611,0
91612,0
91613,0
91614,0
91615,0
91616,1
91617,1
91618,0
91619,1
91620,0
91621,0
91622,1
91623,1
91624,1
91625,1
91626,1
91627,1
91628,0
91629,1
91630,0
91631,1
91632,0
91633,0
91634,0
91635,0
91636,0
91637,0
91638,1
91639,1
91640,1
91641,1
91642,0
91643,0
91644,0
91645,0
91646,1
91647,0
91648,1
91649,0
91650,0
91651,0
91652,1
91653,1
91654,0
91655,0
91656,1
91657,1
91658,0
91659,1
91660,1
91661,0
91662,0
91663,0
91664,1
91665,0
91666,1
91667,0
91668,0
91669,0
91670,0
91671,0
91672,0
91673,0
91674,0
91675,0
91676,1
91677,0
91678,0
91679,0
91680,0
91681,0
91682,0
91683,0
91684,0
91685,0
91686,1
91687,0
91688,0
91689,1
91690,0
91691,0
91692,0
91693,0
91694,0
91695,1
91696,0
91697,1
91698,0
91699,0
91700,0
91701,0
91702,0
91703,1
91704,1
91705,1
91706,0
91707,0
91708,1
91709,0
91710,1
91711,1
91712,0
91713,0
91714,0
91715,1
91716,0
91717,1
91718,1
91719,0
91720,0
91721,0
91722,0
91723,0
91724,0
91725,0
91726,0
91727,0
91728,0
91729,0
91730,1
91731,0
91732,1
91733,1
91734,0
91735,0
91736,0
91737,0
91738,1
91739,0
91740,0
91741,1
91742,0
91743,0
91744,1
91745,0
91746,0
91747,1
91748,0
91749,0
91750,0
91751,1
91752,1
91753,0
91754,0
91755,1
91756,1
91757,0
91758,0
91759,0
91760,1
91761,0
91762,0
91763,0
91764,1
91765,0
91766,0
91767,0
91768,1
91769,1
91770,0
91771,1
91772,0
91773,1
91774,0
91775,0
91776,0
91777,1
91778,1
91779,0
91780,0
91781,0
91782,0
91783,0
91784,0
91785,0
91786,0
91787,1
91788,0
91789,0
91790,0
91791,0
91792,1
91793,1
91794,0
91795,0
91796,0
91797,1
91798,0
91799,0
91800,0
91801,0
91802,0
91803,0
91804,0
91805,1
91806,1
91807,0
91808,0
91809,1
91810,0
91811,1
91812,1
91813,0
91814,0
91815,0
91816,1
91817,0
91818,0
91819,1
91820,0
91821,0
91822,0
91823,1
91824,0
91825,0
91826,0
91827,1
91828,1
91829,0
91830,1
91831,1
91832,0
91833,0
91834,1
91835,1
91836,0
91837,1
91838,0
91839,0
91840,0
91841,0
91842,0
91843,0
91844,0
91845,0
91846,0
91847,1
91848,0
91849,0
91850,0
91851,1
91852,1
91853,0
91854,0
91855,0
91856,0
91857,0
91858,0
91859,0
91860,0
91861,1
91862,1
91863,0
91864,0
91865,0
91866,1
91867,1
91868,0
91869,0
91870,1
91871,0
91872,0
91873,0
91874,1
91875,1
91876,0
91877,0
91878,1
91879,0
91880,0
91881,0
91882,0
91883,0
91884,0
91885,0
91886,1
91887,0
91888,0
91889,1
91890,0
91891,1
91892,0
91893,0
91894,0
91895,0
91896,1
91897,1
91898,0
91899,0
91900,1
91901,0
91902,0
91903,0
91904,0
91905,0
91906,0
91907,0
91908,1
91909,0
91910,1
91911,0
91912,0
91913,1
91914,1
91915,0
91916,0
91917,0
91918,1
91919,0
91920,0
91921,1
91922,1
91923,0
91924,0
91925,0
91926,0
91927,0
91928,0
91929,1
91930,1
91931,0
91932,1
91933,0
91934,0
91935,0
91936,0
91937,1
91938,0
91939,0
91940,1
91941,0
91942,0
91943,0
91944,0
91945,1
91946,0
91947,1
91948,0
91949,1
91950,1
91951,0
91952,0
91953,1
91954,0
91955,1
91956,1
91957,0
91958,0
91959,0
91960,1
91961,0
91962,0
91963,0
91964,1
91965,1
91966,0
91967,0
91968,1
91969,0
91970,0
91971,0
91972,0
91973,0
91974,0
91975,1
91976,0
91977,0
91978,0
91979,0
91980,1
91981,0
91982,0
91983,0
91984,0
91985,1
91986,1
91987,0
91988,0
91989,0
91990,0
91991,0
91992,1
91993,0
91994,0
91995,1
91996,0
91997,0
91998,1
91999,1
92000,1
92001,1
92002,0
92003,0
92004,0
92005,1
92006,1
92007,0
92008,0
92009,0
92010,1
92011,0
92012,0
92013,0
92014,0
92015,1
92016,0
92017,1
92018,1
92019,0
92020,1
92021,0
92022,0
92023,1
92024,0
92025,1
92026,1
92027,1
92028,0
92029,0
92030,0
92031,0
92032,1
92033,0
92034,0
92035,0
92036,1
92037,0
92038,0
92039,0
92040,1
92041,0
92042,0
92043,0
92044,0
92045,0
92046,0
92047,0
92048,0
92049,1
92050,0
92051,0
92052,0
92053,1
92054,0
92055,0
92056,1
92057,0
92058,0
92059,0
92060,0
92061,0
92062,0
92063,0
92064,1
92065,0
92066,0
92067,0
92068,0
92069,1
92070,0
92071,0
92072,0
92073,1
92074,1
92075,1
92076,0
92077,0
92078,0
92079,1
92080,1
92081,1
92082,0
92083,1
92084,0
92085,1
92086,1
92087,1
92088,0
92089,1
92090,1
92091,0
92092,1
92093,0
92094,0
92095,0
92096,1
92097,0
92098,0
92099,0
92100,0
92101,0
92102,0
92103,0
92104,0
92105,0
92106,0
92107,0
92108,1
92109,0
92110,0
92111,1
92112,0
92113,0
92114,1
92115,1
92116,0
92117,1
92118,1
92119,0
92120,0
92121,0
92122,0
92123,0
92124,0
92125,0
92126,0
92127,0
92128,1
92129,0
92130,0
92131,0
92132,0
92133,0
92134,1
92135,1
92136,1
92137,0
92138,0
92139,0
92140,0
92141,1
92142,0
92143,1
92144,0
92145,0
92146,0
92147,0
92148,0
92149,1
92150,0
92151,0
92152,0
92153,0
92154,1
92155,1
92156,1
92157,0
92158,0
92159,0
92160,1
92161,1
92162,0
92163,0
92164,0
92165,0
92166,0
92167,0
92168,0
92169,1
92170,1
92171,1
92172,0
92173,0
92174,0
92175,0
92176,0
92177,0
92178,0
92179,0
92180,1
92181,1
92182,0
92183,0
92184,1
92185,0
92186,0
92187,0
92188,0
92189,0
92190,0
92191,1
92192,0
92193,0
92194,0
92195,0
92196,0
92197,0
92198,1
92199,1
92200,0
92201,1
92202,0
92203,0
92204,0
92205,0
92206,1
92207,0
92208,1
92209,0
92210,0
92211,0
92212,0
92213,0
92214,0
92215,1
92216,0
92217,0
92218,1
92219,0
92220,1
92221,1
92222,0
92223,1
92224,1
92225,0
92226,1
92227,0
92228,0
92229,0
92230,0
92231,1
92232,0
92233,0
92234,1
92235,1
92236,0
92237,0
92238,0
92239,0
92240,0
92241,1
92242,0
92243,0
92244,0
92245,0
92246,0
92247,0
92248,1
92249,0
92250,1
92251,0
92252,0
92253,0
92254,0
92255,0
92256,0
92257,1
92258,0
92259,1
92260,0
92261,0
92262,0
92263,0
92264,0
92265,0
92266,0
92267,1
92268,0
92269,0
92270,0
92271,0
92272,0
92273,1
92274,0
92275,0
92276,0
92277,0
92278,0
92279,0
92280,0
92281,1
92282,1
92283,0
92284,0
92285,0
92286,0
92287,1
92288,1
92289,0
92290,0
92291,0
92292,0
92293,1
92294,0
92295,1
92296,0
92297,0
92298,0
92299,0
92300,0
92301,1
92302,1
92303,0
92304,1
92305,1
92306,0
92307,1
92308,1
92309,1
92310,0
92311,1
92312,0
92313,0
92314,0
92315,0
92316,0
92317,0
92318,0
92319,0
92320,0
92321,1
92322,0
92323,1
92324,0
92325,0
92326,0
92327,1
92328,1
92329,0
92330,0
92331,0
92332,0
92333,0
92334,0
92335,0
92336,1
92337,1
92338,0
92339,0
92340,1
92341,0
92342,0
92343,0
92344,0
92345,0
92346,1
92347,1
92348,0
92349,0
92350,0
92351,1
92352,0
92353,0
92354,0
92355,0
92356,0
92357,1
92358,0
92359,0
92360,1
92361,0
92362,0
92363,0
92364,0
92365,0
92366,1
92367,0
92368,1
92369,0
92370,0
92371,0
92372,0
92373,0
92374,1
92375,0
92376,0
92377,0
92378,0
92379,0
92380,0
92381,0
92382,1
92383,1
92384,0
92385,0
92386,0
92387,0
92388,0
92389,0
92390,0
92391,0
92392,1
92393,0
92394,0
92395,1
92396,1
92397,1
92398,1
92399,0
92400,0
92401,1
92402,1
92403,0
92404,0
92405,0
92406,0
92407,0
92408,1
92409,0
92410,1
92411,0
92412,0
92413,1
92414,0
92415,0
92416,0
92417,0
92418,0
92419,1
92420,0
92421,0
92422,0
92423,0
92424,0
92425,0
92426,0
92427,0
92428,0
92429,1
92430,0
92431,1
92432,0
92433,0
92434,0
92435,0
92436,1
92437,1
92438,1
92439,0
92440,1
92441,1
92442,1
92443,0
92444,1
92445,0
92446,1
92447,0
92448,0
92449,0
92450,0
92451,1
92452,1
92453,0
92454,0
92455,0
92456,1
92457,0
92458,0
92459,0
92460,0
92461,0
92462,0
92463,0
92464,0
92465,0
92466,0
92467,1
92468,0
92469,1
92470,0
92471,0
92472,0
92473,0
92474,1
92475,1
92476,0
92477,1
92478,0
92479,1
92480,1
92481,1
92482,0
92483,0
92484,0
92485,0
92486,0
92487,0
92488,0
92489,0
92490,0
92491,0
92492,1
92493,0
92494,0
92495,1
92496,0
92497,1
92498,0
92499,0
92500,0
92501,1
92502,0
92503,0
92504,0
92505,0
92506,0
92507,0
92508,0
92509,0
92510,0
92511,1
92512,0
92513,1
92514,0
92515,0
92516,0
92517,1
92518,0
92519,1
92520,0
92521,0
92522,0
92523,0
92524,0
92525,1
92526,0
92527,0
92528,0
92529,1
92530,1
92531,1
92532,0
92533,1
92534,1
92535,0
92536,0
92537,0
92538,0
92539,1
92540,0
92541,0
92542,1
92543,1
92544,0
92545,0
92546,1
92547,0
92548,0
92549,0
92550,0
92551,1
92552,1
92553,0
92554,0
92555,0
92556,0
92557,0
92558,1
92559,1
92560,0
92561,1
92562,0
92563,0
92564,1
92565,0
92566,1
92567,0
92568,0
92569,0
92570,0
92571,0
92572,0
92573,0
92574,0
92575,0
92576,0
92577,0
92578,0
92579,1
92580,0
92581,0
92582,1
92583,0
92584,0
92585,0
92586,0
92587,1
92588,0
92589,0
92590,0
92591,0
92592,0
92593,1
92594,0
92595,0
92596,1
92597,0
92598,0
92599,0
92600,0
92601,0
92602,0
92603,0
92604,0
92605,0
92606,0
92607,0
92608,0
92609,0
92610,1
92611,0
92612,0
92613,1
92614,0
92615,0
92616,1
92617,0
92618,0
92619,1
92620,0
92621,0
92622,0
92623,0
92624,0
92625,0
92626,0
92627,0
92628,1
92629,1
92630,1
92631,0
92632,0
92633,0
92634,0
92635,0
92636,0
92637,1
92638,0
92639,1
92640,0
92641,0
92642,0
92643,0
92644,1
92645,0
92646,0
92647,0
92648,0
92649,1
92650,0
92651,0
92652,0
92653,0
92654,0
92655,0
92656,1
92657,0
92658,1
92659,1
92660,1
92661,0
92662,0
92663,0
92664,0
92665,0
92666,0
92667,1
92668,0
92669,0
92670,0
92671,0
92672,1
92673,0
92674,0
92675,1
92676,0
92677,0
92678,1
92679,1
92680,0
92681,0
92682,0
92683,1
92684,1
92685,0
92686,1
92687,0
92688,0
92689,1
92690,0
92691,0
92692,0
92693,1
92694,0
92695,0
92696,1
92697,0
92698,0
92699,1
92700,0
92701,0
92702,0
92703,0
92704,1
92705,0
92706,0
92707,1
92708,1
92709,0
92710,0
92711,1
92712,0
92713,0
92714,0
92715,1
92716,0
92717,1
92718,1
92719,1
92720,1
92721,1
92722,0
92723,0
92724,0
92725,0
92726,0
92727,1
92728,0
92729,0
92730,0
92731,0
92732,0
92733,1
92734,0
92735,0
92736,0
92737,0
92738,1
92739,0
92740,0
92741,0
92742,0
92743,0
92744,0
92745,0
92746,0
92747,0
92748,0
92749,1
92750,0
92751,0
92752,0
92753,1
92754,0
92755,0
92756,0
92757,0
92758,0
92759,0
92760,0
92761,0
92762,0
92763,0
92764,0
92765,1
92766,0
92767,0
92768,0
92769,0
92770,0
92771,0
92772,0
92773,0
92774,0
92775,0
92776,0
92777,1
92778,1
92779,0
92780,1
92781,1
92782,0
92783,0
92784,1
92785,1
92786,0
92787,1
92788,1
92789,0
92790,0
92791,0
92792,1
92793,0
92794,1
92795,0
92796,0
92797,0
92798,0
92799,1
92800,0
92801,0
92802,0
92803,0
92804,1
92805,0
92806,0
92807,0
92808,0
92809,0
92810,0
92811,0
92812,0
92813,0
92814,0
92815,0
92816,1
92817,0
92818,0
92819,0
92820,0
92821,0
92822,0
92823,0
92824,0
92825,1
92826,0
92827,1
92828,0
92829,0
92830,0
92831,1
92832,1
92833,0
92834,0
92835,0
92836,1
92837,1
92838,0
92839,0
92840,1
92841,0
92842,1
92843,0
92844,1
92845,1
92846,0
92847,1
92848,1
92849,0
92850,0
92851,1
92852,1
92853,1
92854,1
92855,0
92856,1
92857,0
92858,1
92859,1
92860,0
92861,0
92862,0
92863,1
92864,0
92865,0
92866,0
92867,0
92868,1
92869,0
92870,0
92871,0
92872,1
92873,0
92874,0
92875,0
92876,0
92877,0
92878,0
92879,1
92880,0
92881,0
92882,0
92883,0
92884,0
92885,0
92886,0
92887,0
92888,0
92889,1
92890,1
92891,1
92892,0
92893,1
92894,0
92895,0
92896,1
92897,1
92898,1
92899,0
92900,0
92901,0
92902,0
92903,0
92904,0
92905,0
92906,1
92907,0
92908,1
92909,0
92910,0
92911,0
92912,1
92913,1
92914,1
92915,0
92916,0
92917,0
92918,0
92919,0
92920,0
92921,1
92922,0
92923,0
92924,1
92925,1
92926,1
92927,0
92928,1
92929,0
92930,0
92931,1
92932,0
92933,1
92934,0
92935,0
92936,0
92937,1
92938,0
92939,1
92940,0
92941,0
92942,0
92943,1
92944,0
92945,0
92946,0
92947,0
92948,0
92949,0
92950,0
92951,1
92952,0
92953,0
92954,0
92955,0
92956,0
92957,1
92958,1
92959,0
92960,0
92961,0
92962,1
92963,1
92964,0
92965,0
92966,0
92967,1
92968,0
92969,0
92970,0
92971,0
92972,0
92973,1
92974,1
92975,0
92976,1
92977,0
92978,0
92979,0
92980,0
92981,0
92982,1
92983,1
92984,0
92985,0
92986,0
92987,1
92988,0
92989,0
92990,0
92991,1
92992,0
92993,0
92994,1
92995,0
92996,0
92997,1
92998,1
92999,0
93000,0
93001,0
93002,0
93003,0
93004,0
93005,0
93006,0
93007,1
93008,1
93009,0
93010,0
93011,1
93012,1
93013,1
93014,0
93015,1
93016,0
93017,0
93018,0
93019,1
93020,0
93021,0
93022,0
93023,0
93024,0
93025,0
93026,1
93027,0
93028,0
93029,0
93030,1
93031,0
93032,0
93033,0
93034,0
93035,0
93036,0
93037,0
93038,1
93039,0
93040,0
93041,0
93042,0
93043,0
93044,0
93045,0
93046,0
93047,0
93048,1
93049,0
93050,0
93051,0
93052,0
93053,0
93054,1
93055,0
93056,0
93057,0
93058,1
93059,0
93060,0
93061,0
93062,0
93063,0
93064,0
93065,1
93066,1
93067,1
93068,0
93069,1
93070,0
93071,1
93072,0
93073,0
93074,0
93075,0
93076,0
93077,0
93078,0
93079,0
93080,0
93081,1
93082,1
93083,0
93084,0
93085,0
93086,0
93087,1
93088,0
93089,0
93090,0
93091,1
93092,0
93093,0
93094,1
93095,0
93096,0
93097,0
93098,0
93099,0
93100,1
93101,0
93102,1
93103,0
93104,0
93105,0
93106,0
93107,1
93108,0
93109,1
93110,1
93111,0
93112,0
93113,1
93114,0
93115,1
93116,0
93117,0
93118,0
93119,1
93120,0
93121,0
93122,0
93123,1
93124,1
93125,0
93126,0
93127,1
93128,0
93129,0
93130,0
93131,1
93132,0
93133,1
93134,1
93135,0
93136,0
93137,0
93138,1
93139,0
93140,0
93141,1
93142,1
93143,0
93144,1
93145,0
93146,0
93147,1
93148,0
93149,0
93150,0
93151,0
93152,0
93153,0
93154,1
93155,0
93156,0
93157,1
93158,1
93159,0
93160,1
93161,0
93162,0
93163,1
93164,0
93165,0
93166,1
93167,0
93168,0
93169,1
93170,0
93171,0
93172,0
93173,0
93174,0
93175,0
93176,0
93177,0
93178,0
93179,0
93180,0
93181,1
93182,0
93183,0
93184,0
93185,1
93186,0
93187,0
93188,0
93189,0
93190,0
93191,0
93192,0
93193,0
93194,0
93195,0
93196,0
93197,0
93198,0
93199,1
93200,0
93201,1
93202,1
93203,0
93204,0
93205,0
93206,0
93207,0
93208,0
93209,0
93210,0
93211,1
93212,1
93213,0
93214,1
93215,0
93216,1
93217,0
93218,0
93219,0
93220,0
93221,0
93222,0
93223,0
93224,0
93225,0
93226,0
93227,1
93228,0
93229,1
93230,0
93231,0
93232,0
93233,1
93234,0
93235,0
93236,0
93237,0
93238,1
93239,1
93240,1
93241,1
93242,0
93243,1
93244,0
93245,1
93246,0
93247,0
93248,1
93249,0
93250,0
93251,0
93252,0
93253,1
93254,0
93255,0
93256,0
93257,0
93258,1
93259,1
93260,0
93261,0
93262,0
93263,0
93264,0
93265,0
93266,0
93267,1
93268,0
93269,0
93270,0
93271,0
93272,0
93273,0
93274,0
93275,0
93276,0
93277,0
93278,0
93279,0
93280,0
93281,0
93282,0
93283,0
93284,1
93285,1
93286,1
93287,0
93288,0
93289,0
93290,0
93291,0
93292,0
93293,0
93294,0
93295,0
93296,0
93297,1
93298,0
93299,0
93300,0
93301,0
93302,0
93303,1
93304,0
93305,1
93306,0
93307,0
93308,1
93309,0
93310,1
93311,0
93312,0
93313,0
93314,0
93315,1
93316,0
93317,0
93318,0
93319,0
93320,1
93321,0
93322,0
93323,1
93324,0
93325,0
93326,1
93327,1
93328,0
93329,0
93330,0
93331,0
93332,0
93333,0
93334,0
93335,0
93336,0
93337,0
93338,0
93339,0
93340,1
93341,0
93342,0
93343,0
93344,1
93345,0
93346,0
93347,1
93348,0
93349,0
93350,1
93351,1
93352,1
93353,0
93354,1
93355,0
93356,0
93357,0
93358,0
93359,0
93360,1
93361,1
93362,0
93363,1
93364,0
93365,1
93366,0
93367,0
93368,1
93369,0
93370,0
93371,1
93372,0
93373,1
93374,1
93375,1
93376,0
93377,0
93378,0
93379,1
93380,0
93381,0
93382,1
93383,1
93384,1
93385,0
93386,0
93387,1
93388,0
93389,0
93390,1
93391,0
93392,0
93393,0
93394,0
93395,1
93396,0
93397,1
93398,0
93399,0
93400,0
93401,0
93402,1
93403,0
93404,0
93405,0
93406,0
93407,1
93408,1
93409,0
93410,0
93411,0
93412,1
93413,0
93414,0
93415,0
93416,1
93417,0
93418,1
93419,0
93420,0
93421,0
93422,1
93423,1
93424,0
93425,0
93426,1
93427,0
93428,0
93429,0
93430,1
93431,1
93432,0
93433,0
93434,0
93435,0
93436,0
93437,0
93438,0
93439,0
93440,1
93441,1
93442,0
93443,0
93444,0
93445,0
93446,0
93447,0
93448,0
93449,0
93450,0
93451,0
93452,0
93453,0
93454,0
93455,0
93456,1
93457,0
93458,0
93459,0
93460,0
93461,1
93462,0
93463,0
93464,0
93465,0
93466,0
93467,0
93468,1
93469,0
93470,1
93471,0
93472,1
93473,1
93474,1
93475,0
93476,1
93477,0
93478,0
93479,1
93480,0
93481,0
93482,1
93483,0
93484,1
93485,0
93486,0
93487,0
93488,0
93489,1
93490,0
93491,0
93492,0
93493,0
93494,0
93495,0
93496,0
93497,0
93498,1
93499,1
93500,0
93501,1
93502,1
93503,0
93504,0
93505,0
93506,0
93507,0
93508,1
93509,1
93510,0
93511,0
93512,0
93513,1
93514,0
93515,0
93516,0
93517,1
93518,1
93519,0
93520,1
93521,1
93522,1
93523,0
93524,1
93525,0
93526,0
93527,0
93528,0
93529,1
93530,1
93531,1
93532,0
93533,1
93534,0
93535,0
93536,0
93537,0
93538,0
93539,0
93540,0
93541,1
93542,0
93543,0
93544,0
93545,0
93546,1
93547,1
93548,0
93549,0
93550,0
93551,0
93552,0
93553,0
93554,0
93555,1
93556,0
93557,0
93558,0
93559,0
93560,1
93561,0
93562,1
93563,0
93564,1
93565,0
93566,1
93567,0
93568,0
93569,1
93570,0
93571,0
93572,0
93573,0
93574,0
93575,0
93576,1
93577,0
93578,1
93579,1
93580,0
93581,0
93582,1
93583,0
93584,0
93585,0
93586,1
93587,0
93588,0
93589,0
93590,0
93591,0
93592,1
93593,0
93594,0
93595,1
93596,0
93597,0
93598,0
93599,0
93600,0
93601,1
93602,0
93603,0
93604,0
93605,0
93606,0
93607,0
93608,0
93609,0
93610,0
93611,0
93612,0
93613,0
93614,0
93615,0
93616,0
93617,0
93618,1
93619,1
93620,0
93621,0
93622,0
93623,0
93624,0
93625,0
93626,0
93627,0
93628,0
93629,1
93630,0
93631,0
93632,0
93633,1
93634,1
93635,1
93636,1
93637,0
93638,0
93639,1
93640,0
93641,0
93642,0
93643,0
93644,0
93645,0
93646,0
93647,1
93648,1
93649,0
93650,1
93651,0
93652,0
93653,1
93654,0
93655,1
93656,0
93657,0
93658,1
93659,1
93660,1
93661,1
93662,0
93663,0
93664,0
93665,0
93666,0
93667,1
93668,0
93669,0
93670,0
93671,0
93672,1
93673,0
93674,1
93675,1
93676,1
93677,0
93678,1
93679,0
93680,1
93681,1
93682,0
93683,1
93684,0
93685,0
93686,1
93687,0
93688,0
93689,0
93690,0
93691,1
93692,0
93693,0
93694,0
93695,0
93696,0
93697,1
93698,1
93699,0
93700,0
93701,0
93702,1
93703,0
93704,1
93705,0
93706,0
93707,0
93708,0
93709,0
93710,0
93711,0
93712,0
93713,0
93714,1
93715,0
93716,0
93717,0
93718,0
93719,1
93720,0
93721,0
93722,1
93723,0
93724,1
93725,1
93726,1
93727,0
93728,0
93729,0
93730,1
93731,1
93732,0
93733,1
93734,0
93735,1
93736,0
93737,0
93738,1
93739,0
93740,0
93741,0
93742,0
93743,0
93744,1
93745,0
93746,0
93747,1
93748,0
93749,1
93750,0
93751,0
93752,1
93753,1
93754,0
93755,0
93756,0
93757,0
93758,0
93759,0
93760,1
93761,0
93762,0
93763,0
93764,0
93765,0
93766,1
93767,0
93768,0
93769,0
93770,0
93771,1
93772,1
93773,1
93774,0
93775,1
93776,1
93777,1
93778,0
93779,0
93780,0
93781,0
93782,0
93783,1
93784,1
93785,1
93786,1
93787,0
93788,0
93789,0
93790,0
93791,1
93792,0
93793,0
93794,0
93795,0
93796,1
93797,0
93798,0
93799,0
93800,0
93801,1
93802,0
93803,0
93804,0
93805,0
93806,1
93807,0
93808,0
93809,0
93810,0
93811,0
93812,0
93813,0
93814,1
93815,1
93816,1
93817,0
93818,1
93819,1
93820,0
93821,0
93822,1
93823,1
93824,1
93825,1
93826,0
93827,0
93828,0
93829,0
93830,1
93831,0
93832,0
93833,0
93834,0
93835,0
93836,1
93837,0
93838,1
93839,0
93840,1
93841,0
93842,0
93843,0
93844,1
93845,0
93846,0
93847,0
93848,0
93849,0
93850,0
93851,0
93852,0
93853,0
93854,0
93855,0
93856,0
93857,0
93858,0
93859,0
93860,0
93861,1
93862,0
93863,0
93864,1
93865,0
93866,0
93867,0
93868,0
93869,0
93870,0
93871,1
93872,0
93873,0
93874,0
93875,1
93876,1
93877,1
93878,0
93879,0
93880,1
93881,0
93882,0
93883,0
93884,0
93885,0
93886,0
93887,0
93888,1
93889,0
93890,0
93891,0
93892,0
93893,0
93894,0
93895,1
93896,0
93897,0
93898,0
93899,0
93900,0
93901,0
93902,1
93903,0
93904,0
93905,0
93906,0
93907,1
93908,0
93909,0
93910,1
93911,0
93912,1
93913,0
93914,1
93915,0
93916,0
93917,0
93918,0
93919,0
93920,0
93921,0
93922,0
93923,0
93924,0
93925,0
93926,0
93927,0
93928,0
93929,0
93930,1
93931,0
93932,0
93933,0
93934,0
93935,0
93936,1
93937,1
93938,1
93939,0
93940,1
93941,0
93942,1
93943,1
93944,0
93945,0
93946,0
93947,0
93948,1
93949,0
93950,0
93951,0
93952,1
93953,0
93954,0
93955,1
93956,0
93957,0
93958,0
93959,0
93960,1
93961,0
93962,0
93963,0
93964,0
93965,0
93966,0
93967,0
93968,1
93969,1
93970,0
93971,0
93972,1
93973,1
93974,0
93975,1
93976,1
93977,0
93978,0
93979,0
93980,0
93981,0
93982,1
93983,0
93984,1
93985,1
93986,0
93987,0
93988,0
93989,0
93990,1
93991,0
93992,0
93993,0
93994,0
93995,1
93996,0
93997,0
93998,0
93999,0
94000,1
94001,1
94002,1
94003,0
94004,0
94005,0
94006,0
94007,1
94008,0
94009,0
94010,0
94011,0
94012,0
94013,0
94014,1
94015,1
94016,1
94017,0
94018,0
94019,0
94020,1
94021,0
94022,0
94023,0
94024,1
94025,1
94026,0
94027,1
94028,0
94029,1
94030,0
94031,0
94032,0
94033,0
94034,0
94035,0
94036,0
94037,0
94038,0
94039,0
94040,0
94041,1
94042,1
94043,0
94044,0
94045,0
94046,0
94047,0
94048,0
94049,0
94050,1
94051,0
94052,0
94053,0
94054,1
94055,1
94056,0
94057,0
94058,0
94059,0
94060,0
94061,0
94062,1
94063,1
94064,1
94065,0
94066,0
94067,0
94068,0
94069,0
94070,0
94071,0
94072,0
94073,0
94074,1
94075,0
94076,0
94077,0
94078,0
94079,0
94080,1
94081,1
94082,1
94083,0
94084,1
94085,0
94086,0
94087,0
94088,1
94089,1
94090,1
94091,1
94092,0
94093,0
94094,1
94095,0
94096,0
94097,0
94098,0
94099,1
94100,1
94101,0
94102,1
94103,0
94104,0
94105,0
94106,1
94107,0
94108,1
94109,0
94110,0
94111,0
94112,0
94113,1
94114,0
94115,0
94116,0
94117,0
94118,1
94119,1
94120,1
94121,0
94122,0
94123,1
94124,1
94125,0
94126,1
94127,0
94128,1
94129,0
94130,0
94131,1
94132,0
94133,0
94134,0
94135,0
94136,0
94137,1
94138,0
94139,1
94140,0
94141,0
94142,0
94143,1
94144,1
94145,1
94146,1
94147,1
94148,0
94149,1
94150,0
94151,0
94152,1
94153,0
94154,1
94155,0
94156,0
94157,0
94158,0
94159,1
94160,0
94161,0
94162,0
94163,0
94164,0
94165,0
94166,0
94167,1
94168,0
94169,0
94170,0
94171,0
94172,0
94173,0
94174,0
94175,0
94176,1
94177,0
94178,0
94179,0
94180,0
94181,0
94182,1
94183,0
94184,0
94185,1
94186,0
94187,0
94188,0
94189,0
94190,0
94191,0
94192,0
94193,1
94194,1
94195,0
94196,0
94197,0
94198,0
94199,1
94200,0
94201,0
94202,0
94203,0
94204,0
94205,0
94206,1
94207,0
94208,0
94209,0
94210,1
94211,0
94212,1
94213,0
94214,0
94215,1
94216,0
94217,1
94218,1
94219,0
94220,1
94221,1
94222,1
94223,0
94224,0
94225,0
94226,1
94227,1
94228,1
94229,1
94230,0
94231,1
94232,0
94233,0
94234,0
94235,1
94236,0
94237,0
94238,1
94239,0
94240,0
94241,0
94242,0
94243,0
94244,1
94245,0
94246,0
94247,0
94248,0
94249,1
94250,0
94251,0
94252,1
94253,0
94254,0
94255,1
94256,0
94257,1
94258,0
94259,1
94260,0
94261,0
94262,1
94263,0
94264,0
94265,1
94266,1
94267,0
94268,1
94269,1
94270,0
94271,0
94272,0
94273,1
94274,0
94275,0
94276,0
94277,1
94278,0
94279,0
94280,0
94281,0
94282,0
94283,1
94284,1
94285,1
94286,0
94287,0
94288,0
94289,0
94290,0
94291,1
94292,0
94293,0
94294,0
94295,1
94296,0
94297,1
94298,1
94299,0
94300,0
94301,0
94302,1
94303,0
94304,0
94305,0
94306,0
94307,1
94308,0
94309,0
94310,0
94311,0
94312,0
94313,0
94314,1
94315,0
94316,0
94317,0
94318,0
94319,0
94320,1
94321,0
94322,0
94323,1
94324,0
94325,1
94326,0
94327,0
94328,0
94329,1
94330,1
94331,1
94332,0
94333,0
94334,0
94335,0
94336,0
94337,0
94338,0
94339,0
94340,0
94341,0
94342,0
94343,0
94344,0
94345,0
94346,0
94347,1
94348,0
94349,0
94350,0
94351,1
94352,0
94353,1
94354,1
94355,0
94356,1
94357,1
94358,0
94359,1
94360,1
94361,0
94362,1
94363,0
94364,1
94365,1
94366,0
94367,1
94368,1
94369,1
94370,1
94371,1
94372,0
94373,0
94374,0
94375,1
94376,1
94377,0
94378,0
94379,0
94380,0
94381,1
94382,0
94383,0
94384,0
94385,1
94386,0
94387,0
94388,0
94389,1
94390,1
94391,0
94392,0
94393,0
94394,1
94395,0
94396,1
94397,0
94398,0
94399,1
94400,0
94401,0
94402,0
94403,0
94404,0
94405,0
94406,0
94407,0
94408,0
94409,0
94410,0
94411,0
94412,1
94413,0
94414,1
94415,1
94416,1
94417,0
94418,1
94419,1
94420,1
94421,0
94422,0
94423,0
94424,1
94425,1
94426,0
94427,0
94428,0
94429,0
94430,0
94431,0
94432,0
94433,0
94434,1
94435,0
94436,1
94437,0
94438,0
94439,1
94440,0
94441,0
94442,0
94443,0
94444,0
94445,0
94446,0
94447,0
94448,0
94449,1
94450,0
94451,0
94452,1
94453,0
94454,0
94455,1
94456,0
94457,0
94458,1
94459,1
94460,0
94461,0
94462,0
94463,0
94464,0
94465,0
94466,1
94467,0
94468,1
94469,0
94470,1
94471,1
94472,0
94473,0
94474,0
94475,0
94476,1
94477,0
94478,0
94479,0
94480,0
94481,0
94482,0
94483,0
94484,0
94485,0
94486,1
94487,0
94488,1
94489,0
94490,0
94491,1
94492,1
94493,0
94494,0
94495,1
94496,0
94497,0
94498,0
94499,1
94500,1
94501,1
94502,1
94503,1
94504,1
94505,1
94506,0
94507,0
94508,1
94509,0
94510,0
94511,1
94512,0
94513,0
94514,0
94515,0
94516,0
94517,1
94518,0
94519,0
94520,0
94521,1
94522,0
94523,0
94524,0
94525,0
94526,0
94527,0
94528,0
94529,0
94530,1
94531,0
94532,0
94533,1
94534,0
94535,1
94536,0
94537,0
94538,1
94539,0
94540,0
94541,0
94542,0
94543,0
94544,0
94545,1
94546,0
94547,1
94548,0
94549,0
94550,1
94551,0
94552,0
94553,0
94554,0
94555,0
94556,1
94557,0
94558,0
94559,1
94560,1
94561,1
94562,0
94563,0
94564,0
94565,0
94566,0
94567,0
94568,0
94569,0
94570,1
94571,0
94572,0
94573,1
94574,0
94575,0
94576,0
94577,0
94578,0
94579,0
94580,1
94581,0
94582,0
94583,0
94584,0
94585,1
94586,0
94587,1
94588,0
94589,1
94590,1
94591,0
94592,1
94593,1
94594,0
94595,0
94596,1
94597,0
94598,1
94599,0
94600,0
94601,0
94602,0
94603,0
94604,0
94605,0
94606,1
94607,1
94608,0
94609,1
94610,1
94611,0
94612,0
94613,1
94614,0
94615,1
94616,1
94617,0
94618,0
94619,0
94620,0
94621,0
94622,0
94623,1
94624,0
94625,0
94626,0
94627,0
94628,1
94629,0
94630,0
94631,1
94632,0
94633,0
94634,0
94635,1
94636,0
94637,0
94638,1
94639,1
94640,0
94641,0
94642,0
94643,0
94644,0
94645,1
94646,0
94647,0
94648,1
94649,0
94650,0
94651,0
94652,0
94653,0
94654,1
94655,0
94656,1
94657,0
94658,0
94659,1
94660,1
94661,0
94662,0
94663,1
94664,1
94665,0
94666,1
94667,1
94668,0
94669,0
94670,0
94671,1
94672,0
94673,0
94674,0
94675,0
94676,1
94677,0
94678,0
94679,0
94680,1
94681,0
94682,1
94683,0
94684,0
94685,0
94686,0
94687,0
94688,0
94689,0
94690,0
94691,0
94692,1
94693,0
94694,0
94695,1
94696,1
94697,0
94698,0
94699,1
94700,1
94701,0
94702,0
94703,0
94704,0
94705,1
94706,1
94707,0
94708,0
94709,1
94710,0
94711,1
94712,0
94713,0
94714,0
94715,0
94716,0
94717,0
94718,0
94719,0
94720,0
94721,1
94722,1
94723,0
94724,1
94725,0
94726,1
94727,0
94728,0
94729,0
94730,0
94731,0
94732,0
94733,0
94734,1
94735,0
94736,0
94737,0
94738,0
94739,1
94740,0
94741,0
94742,0
94743,1
94744,0
94745,0
94746,0
94747,0
94748,0
94749,0
94750,0
94751,1
94752,0
94753,0
94754,0
94755,0
94756,0
94757,1
94758,0
94759,0
94760,0
94761,0
94762,0
94763,0
94764,1
94765,0
94766,0
94767,0
94768,1
94769,0
94770,0
94771,0
94772,0
94773,0
94774,0
94775,0
94776,0
94777,0
94778,0
94779,1
94780,0
94781,0
94782,0
94783,1
94784,0
94785,0
94786,0
94787,0
94788,0
94789,0
94790,0
94791,0
94792,1
94793,1
94794,0
94795,0
94796,0
94797,0
94798,1
94799,0
94800,0
94801,0
94802,0
94803,0
94804,1
94805,0
94806,1
94807,0
94808,0
94809,1
94810,0
94811,1
94812,0
94813,1
94814,0
94815,0
94816,0
94817,0
94818,0
94819,0
94820,0
94821,0
94822,1
94823,1
94824,0
94825,1
94826,0
94827,0
94828,0
94829,0
94830,0
94831,0
94832,0
94833,0
94834,0
94835,0
94836,0
94837,0
94838,0
94839,1
94840,0
94841,0
94842,1
94843,0
94844,0
94845,0
94846,0
94847,0
94848,0
94849,0
94850,0
94851,0
94852,0
94853,1
94854,1
94855,0
94856,0
94857,0
94858,1
94859,1
94860,0
94861,0
94862,0
94863,1
94864,1
94865,1
94866,1
94867,1
94868,0
94869,0
94870,0
94871,0
94872,1
94873,1
94874,0
94875,1
94876,0
94877,0
94878,0
94879,0
94880,0
94881,1
94882,0
94883,0
94884,0
94885,0
94886,0
94887,0
94888,0
94889,0
94890,0
94891,0
94892,1
94893,0
94894,0
94895,0
94896,1
94897,0
94898,1
94899,1
94900,0
94901,0
94902,0
94903,0
94904,0
94905,1
94906,0
94907,0
94908,0
94909,1
94910,0
94911,0
94912,0
94913,0
94914,0
94915,0
94916,1
94917,0
94918,0
94919,0
94920,1
94921,1
94922,1
94923,0
94924,0
94925,0
94926,1
94927,0
94928,0
94929,0
94930,0
94931,0
94932,0
94933,1
94934,0
94935,1
94936,0
94937,1
94938,0
94939,0
94940,0
94941,1
94942,1
94943,1
94944,0
94945,0
94946,0
94947,0
94948,0
94949,1
94950,1
94951,1
94952,0
94953,0
94954,0
94955,0
94956,0
94957,0
94958,0
94959,0
94960,0
94961,0
94962,0
94963,0
94964,1
94965,0
94966,1
94967,0
94968,0
94969,0
94970,0
94971,0
94972,1
94973,0
94974,1
94975,1
94976,1
94977,0
94978,0
94979,0
94980,0
94981,0
94982,1
94983,0
94984,0
94985,0
94986,1
94987,1
94988,0
94989,0
94990,1
94991,1
94992,0
94993,0
94994,0
94995,0
94996,0
94997,0
94998,0
94999,1
95000,0
95001,0
95002,0
95003,1
95004,1
95005,0
95006,0
95007,1
95008,1
95009,1
95010,0
95011,1
95012,1
95013,0
95014,0
95015,0
95016,0
95017,0
95018,1
95019,0
95020,0
95021,0
95022,0
95023,0
95024,0
95025,1
95026,0
95027,0
95028,0
95029,1
95030,0
95031,0
95032,0
95033,0
95034,0
95035,0
95036,1
95037,1
95038,1
95039,1
95040,0
95041,0
95042,1
95043,0
95044,0
95045,0
95046,1
95047,0
95048,1
95049,0
95050,1
95051,1
95052,0
95053,1
95054,0
95055,0
95056,0
95057,0
95058,0
95059,0
95060,0
95061,1
95062,0
95063,0
95064,1
95065,0
95066,0
95067,0
95068,0
95069,0
95070,0
95071,0
95072,1
95073,1
95074,1
95075,1
95076,1
95077,1
95078,1
95079,0
95080,1
95081,0
95082,0
95083,0
95084,1
95085,0
95086,1
95087,0
95088,0
95089,1
95090,0
95091,0
95092,1
95093,0
95094,0
95095,0
95096,0
95097,0
95098,0
95099,0
95100,0
95101,0
95102,0
95103,0
95104,0
95105,1
95106,0
95107,0
95108,0
95109,1
95110,0
95111,1
95112,0
95113,0
95114,1
95115,0
95116,0
95117,0
95118,0
95119,1
95120,0
95121,0
95122,0
95123,1
95124,0
95125,1
95126,0
95127,0
95128,0
95129,1
95130,1
95131,0
95132,0
95133,0
95134,0
95135,0
95136,0
95137,0
95138,0
95139,0
95140,0
95141,0
95142,0
95143,1
95144,1
95145,0
95146,0
95147,0
95148,0
95149,0
95150,0
95151,1
95152,0
95153,0
95154,0
95155,0
95156,1
95157,1
95158,0
95159,1
95160,0
95161,0
95162,0
95163,0
95164,0
95165,0
95166,0
95167,0
95168,0
95169,1
95170,0
95171,1
95172,1
95173,1
95174,0
95175,0
95176,0
95177,0
95178,0
95179,1
95180,1
95181,0
95182,1
95183,0
95184,0
95185,0
95186,1
95187,0
95188,1
95189,0
95190,1
95191,1
95192,0
95193,0
95194,0
95195,0
95196,1
95197,0
95198,0
95199,1
95200,0
95201,0
95202,0
95203,1
95204,1
95205,0
95206,0
95207,0
95208,0
95209,1
95210,1
95211,1
95212,0
95213,0
95214,0
95215,1
95216,0
95217,0
95218,1
95219,0
95220,0
95221,0
95222,0
95223,1
95224,0
95225,0
95226,0
95227,1
95228,0
95229,1
95230,0
95231,0
95232,0
95233,1
95234,0
95235,1
95236,0
95237,1
95238,0
95239,0
95240,1
95241,0
95242,0
95243,0
95244,0
95245,0
95246,0
95247,0
95248,1
95249,1
95250,0
95251,0
95252,0
95253,1
95254,0
95255,1
95256,0
95257,0
95258,0
95259,0
95260,0
95261,0
95262,1
95263,0
95264,0
95265,1
95266,0
95267,0
95268,0
95269,1
95270,1
95271,0
95272,0
95273,0
95274,1
95275,1
95276,0
95277,0
95278,1
95279,0
95280,1
95281,0
95282,0
95283,0
95284,1
95285,0
95286,0
95287,0
95288,0
95289,0
95290,0
95291,1
95292,0
95293,0
95294,0
95295,0
95296,0
95297,0
95298,0
95299,0
95300,0
95301,0
95302,0
95303,0
95304,1
95305,0
95306,0
95307,1
95308,0
95309,1
95310,1
95311,0
95312,1
95313,0
95314,1
95315,1
95316,0
95317,1
95318,1
95319,0
95320,0
95321,0
95322,0
95323,0
95324,0
95325,1
95326,0
95327,0
95328,0
95329,0
95330,1
95331,0
95332,1
95333,1
95334,1
95335,1
95336,0
95337,1
95338,1
95339,1
95340,0
95341,0
95342,0
95343,1
95344,0
95345,1
95346,0
95347,0
95348,1
95349,0
95350,1
95351,0
95352,0
95353,1
95354,0
95355,0
95356,0
95357,0
95358,0
95359,0
95360,0
95361,1
95362,0
95363,0
95364,0
95365,1
95366,1
95367,0
95368,0
95369,1
95370,1
95371,0
95372,0
95373,0
95374,0
95375,0
95376,1
95377,0
95378,1
95379,0
95380,1
95381,0
95382,0
95383,1
95384,0
95385,0
95386,0
95387,1
95388,0
95389,0
95390,1
95391,0
95392,0
95393,0
95394,1
95395,0
95396,1
95397,0
95398,1
95399,0
95400,0
95401,1
95402,0
95403,0
95404,0
95405,0
95406,0
95407,0
95408,0
95409,0
95410,1
95411,1
95412,1
95413,0
95414,1
95415,1
95416,0
95417,1
95418,0
95419,0
95420,0
95421,0
95422,1
95423,0
95424,1
95425,1
95426,1
95427,0
95428,1
95429,1
95430,0
95431,0
95432,0
95433,0
95434,0
95435,0
95436,0
95437,0
95438,0
95439,0
95440,1
95441,0
95442,0
95443,0
95444,1
95445,0
95446,1
95447,1
95448,0
95449,0
95450,1
95451,0
95452,1
95453,0
95454,0
95455,0
95456,0
95457,0
95458,0
95459,0
95460,0
95461,0
95462,0
95463,1
95464,0
95465,1
95466,0
95467,1
95468,0
95469,0
95470,0
95471,0
95472,0
95473,0
95474,1
95475,0
95476,1
95477,1
95478,0
95479,0
95480,0
95481,0
95482,0
95483,1
95484,1
95485,0
95486,0
95487,1
95488,1
95489,0
95490,0
95491,0
95492,0
95493,1
95494,1
95495,0
95496,0
95497,0
95498,0
95499,0
95500,0
95501,1
95502,1
95503,0
95504,0
95505,1
95506,1
95507,0
95508,0
95509,0
95510,0
95511,1
95512,0
95513,0
95514,0
95515,0
95516,0
95517,0
95518,1
95519,0
95520,0
95521,0
95522,0
95523,1
95524,0
95525,0
95526,0
95527,0
95528,0
95529,0
95530,0
95531,0
95532,1
95533,0
95534,0
95535,1
95536,0
95537,0
95538,1
95539,0
95540,0
95541,0
95542,1
95543,0
95544,0
95545,1
95546,1
95547,0
95548,0
95549,0
95550,0
95551,1
95552,0
95553,0
95554,0
95555,1
95556,0
95557,0
95558,1
95559,1
95560,0
95561,1
95562,0
95563,1
95564,0
95565,0
95566,0
95567,0
95568,1
95569,0
95570,0
95571,0
95572,0
95573,0
95574,0
95575,1
95576,1
95577,1
95578,0
95579,0
95580,0
95581,0
95582,1
95583,0
95584,1
95585,0
95586,0
95587,1
95588,0
95589,0
95590,0
95591,1
95592,1
95593,0
95594,0
95595,1
95596,0
95597,0
95598,0
95599,0
95600,0
95601,1
95602,0
95603,0
95604,0
95605,0
95606,1
95607,0
95608,0
95609,0
95610,0
95611,0
95612,1
95613,0
95614,0
95615,0
95616,0
95617,0
95618,0
95619,1
95620,0
95621,1
95622,0
95623,0
95624,0
95625,1
95626,0
95627,0
95628,0
95629,0
95630,1
95631,1
95632,0
95633,0
95634,0
95635,0
95636,0
95637,0
95638,1
95639,0
95640,1
95641,0
95642,1
95643,0
95644,0
95645,0
95646,0
95647,0
95648,0
95649,0
95650,0
95651,0
95652,0
95653,0
95654,0
95655,1
95656,0
95657,0
95658,0
95659,0
95660,0
95661,1
95662,0
95663,1
95664,0
95665,0
95666,1
95667,0
95668,1
95669,1
95670,1
95671,0
95672,0
95673,0
95674,0
95675,0
95676,0
95677,0
95678,0
95679,0
95680,1
95681,0
95682,0
95683,0
95684,0
95685,1
95686,1
95687,0
95688,1
95689,1
95690,0
95691,0
95692,0
95693,0
95694,0
95695,0
95696,0
95697,0
95698,0
95699,0
95700,1
95701,1
95702,1
95703,0
95704,0
95705,1
95706,1
95707,0
95708,0
95709,0
95710,1
95711,0
95712,0
95713,0
95714,0
95715,0
95716,1
95717,0
95718,0
95719,1
95720,0
95721,1
95722,0
95723,0
95724,0
95725,1
95726,1
95727,0
95728,0
95729,1
95730,0
95731,0
95732,0
95733,0
95734,0
95735,0
95736,0
95737,1
95738,0
95739,1
95740,0
95741,1
95742,0
95743,1
95744,0
95745,0
95746,0
95747,0
95748,0
95749,0
95750,0
95751,1
95752,0
95753,0
95754,1
95755,1
95756,0
95757,0
95758,1
95759,0
95760,1
95761,1
95762,1
95763,0
95764,0
95765,1
95766,0
95767,0
95768,0
95769,1
95770,0
95771,0
95772,1
95773,0
95774,0
95775,0
95776,0
95777,1
95778,1
95779,0
95780,1
95781,0
95782,1
95783,1
95784,0
95785,1
95786,0
95787,0
95788,0
95789,0
95790,1
95791,1
95792,0
95793,0
95794,1
95795,0
95796,0
95797,0
95798,0
95799,0
95800,1
95801,0
95802,0
95803,1
95804,0
95805,0
95806,1
95807,0
95808,0
95809,1
95810,0
95811,1
95812,0
95813,1
95814,0
95815,0
95816,0
95817,0
95818,0
95819,0
95820,0
95821,0
95822,0
95823,0
95824,1
95825,0
95826,0
95827,0
95828,1
95829,0
95830,0
95831,0
95832,1
95833,0
95834,0
95835,0
95836,0
95837,0
95838,1
95839,0
95840,0
95841,0
95842,0
95843,0
95844,0
95845,0
95846,0
95847,0
95848,0
95849,0
95850,0
95851,0
95852,0
95853,0
95854,0
95855,0
95856,0
95857,0
95858,1
95859,0
95860,0
95861,1
95862,0
95863,0
95864,0
95865,0
95866,0
95867,0
95868,0
95869,0
95870,0
95871,1
95872,1
95873,1
95874,0
95875,0
95876,1
95877,0
95878,1
95879,0
95880,1
95881,0
95882,1
95883,1
95884,0
95885,0
95886,0
95887,0
95888,0
95889,0
95890,0
95891,1
95892,1
95893,0
95894,0
95895,0
95896,0
95897,0
95898,0
95899,0
95900,0
95901,0
95902,0
95903,1
95904,0
95905,1
95906,1
95907,1
95908,1
95909,0
95910,0
95911,0
95912,1
95913,0
95914,0
95915,0
95916,0
95917,0
95918,0
95919,0
95920,0
95921,0
95922,0
95923,1
95924,0
95925,0
95926,0
95927,1
95928,0
95929,1
95930,0
95931,0
95932,0
95933,0
95934,1
95935,1
95936,0
95937,1
95938,1
95939,0
95940,0
95941,0
95942,1
95943,0
95944,0
95945,1
95946,0
95947,1
95948,0
95949,0
95950,0
95951,0
95952,0
95953,0
95954,1
95955,0
95956,1
95957,0
95958,1
95959,1
95960,0
95961,0
95962,1
95963,0
95964,0
95965,1
95966,0
95967,0
95968,1
95969,1
95970,0
95971,0
95972,0
95973,0
95974,1
95975,0
95976,0
95977,0
95978,1
95979,1
95980,1
95981,0
95982,0
95983,0
95984,0
95985,0
95986,0
95987,1
95988,1
95989,0
95990,0
95991,0
95992,1
95993,0
95994,0
95995,0
95996,0
95997,0
95998,0
95999,1
96000,0
96001,0
96002,1
96003,0
96004,0
96005,1
96006,0
96007,1
96008,1
96009,0
96010,1
96011,0
96012,1
96013,1
96014,0
96015,0
96016,0
96017,0
96018,1
96019,0
96020,1
96021,1
96022,0
96023,0
96024,0
96025,1
96026,0
96027,0
96028,1
96029,1
96030,0
96031,0
96032,0
96033,0
96034,1
96035,1
96036,0
96037,0
96038,0
96039,0
96040,0
96041,0
96042,1
96043,1
96044,0
96045,0
96046,0
96047,0
96048,1
96049,1
96050,1
96051,1
96052,0
96053,0
96054,0
96055,0
96056,1
96057,0
96058,1
96059,0
96060,1
96061,0
96062,0
96063,0
96064,0
96065,0
96066,0
96067,0
96068,0
96069,0
96070,0
96071,1
96072,1
96073,0
96074,0
96075,0
96076,0
96077,1
96078,0
96079,0
96080,1
96081,0
96082,0
96083,0
96084,1
96085,1
96086,0
96087,0
96088,0
96089,0
96090,0
96091,1
96092,1
96093,1
96094,1
96095,1
96096,0
96097,0
96098,0
96099,0
96100,0
96101,0
96102,0
96103,1
96104,0
96105,0
96106,1
96107,0
96108,0
96109,0
96110,0
96111,0
96112,0
96113,1
96114,0
96115,0
96116,0
96117,1
96118,0
96119,0
96120,0
96121,0
96122,0
96123,0
96124,0
96125,0
96126,0
96127,0
96128,0
96129,0
96130,0
96131,1
96132,0
96133,0
96134,0
96135,0
96136,0
96137,0
96138,0
96139,1
96140,0
96141,1
96142,0
96143,0
96144,0
96145,0
96146,0
96147,1
96148,1
96149,0
96150,0
96151,0
96152,0
96153,0
96154,0
96155,1
96156,0
96157,0
96158,0
96159,0
96160,1
96161,0
96162,1
96163,1
96164,0
96165,0
96166,1
96167,0
96168,0
96169,0
96170,0
96171,1
96172,0
96173,0
96174,1
96175,0
96176,0
96177,0
96178,1
96179,0
96180,0
96181,0
96182,0
96183,0
96184,0
96185,0
96186,0
96187,0
96188,0
96189,0
96190,0
96191,0
96192,0
96193,1
96194,0
96195,1
96196,0
96197,0
96198,1
96199,1
96200,0
96201,0
96202,0
96203,0
96204,0
96205,0
96206,1
96207,0
96208,0
96209,1
96210,0
96211,0
96212,1
96213,0
96214,0
96215,0
96216,0
96217,0
96218,1
96219,0
96220,1
96221,1
96222,0
96223,1
96224,0
96225,1
96226,1
96227,1
96228,0
96229,1
96230,0
96231,0
96232,1
96233,1
96234,0
96235,0
96236,0
96237,1
96238,0
96239,0
96240,1
96241,0
96242,0
96243,0
96244,0
96245,0
96246,0
96247,1
96248,0
96249,0
96250,0
96251,0
96252,0
96253,1
96254,0
96255,1
96256,0
96257,1
96258,1
96259,0
96260,1
96261,0
96262,1
96263,0
96264,0
96265,1
96266,0
96267,0
96268,0
96269,1
96270,0
96271,1
96272,0
96273,1
96274,1
96275,1
96276,0
96277,0
96278,0
96279,0
96280,0
96281,1
96282,1
96283,0
96284,1
96285,0
96286,0
96287,0
96288,0
96289,1
96290,0
96291,0
96292,0
96293,0
96294,0
96295,0
96296,1
96297,1
96298,0
96299,0
96300,0
96301,0
96302,0
96303,0
96304,0
96305,0
96306,1
96307,1
96308,0
96309,0
96310,0
96311,0
96312,0
96313,0
96314,0
96315,0
96316,0
96317,1
96318,1
96319,0
96320,0
96321,1
96322,0
96323,0
96324,0
96325,1
96326,0
96327,1
96328,0
96329,1
96330,0
96331,0
96332,0
96333,0
96334,1
96335,1
96336,0
96337,0
96338,0
96339,1
96340,1
96341,0
96342,0
96343,0
96344,1
96345,0
96346,1
96347,1
96348,1
96349,0
96350,1
96351,1
96352,0
96353,1
96354,0
96355,0
96356,0
96357,0
96358,1
96359,0
96360,0
96361,1
96362,0
96363,0
96364,0
96365,0
96366,1
96367,0
96368,0
96369,1
96370,0
96371,0
96372,0
96373,1
96374,1
96375,0
96376,0
96377,0
96378,0
96379,1
96380,0
96381,1
96382,0
96383,0
96384,0
96385,0
96386,0
96387,1
96388,0
96389,0
96390,0
96391,0
96392,0
96393,0
96394,0
96395,0
96396,0
96397,0
96398,0
96399,0
96400,0
96401,1
96402,0
96403,1
96404,0
96405,0
96406,0
96407,1
96408,0
96409,0
96410,1
96411,0
96412,0
96413,0
96414,0
96415,0
96416,0
96417,0
96418,0
96419,0
96420,1
96421,1
96422,0
96423,1
96424,0
96425,0
96426,0
96427,1
96428,0
96429,0
96430,0
96431,0
96432,0
96433,0
96434,0
96435,0
96436,0
96437,1
96438,0
96439,0
96440,1
96441,0
96442,0
96443,0
96444,0
96445,0
96446,0
96447,0
96448,1
96449,0
96450,1
96451,0
96452,0
96453,0
96454,1
96455,1
96456,1
96457,0
96458,0
96459,0
96460,1
96461,0
96462,0
96463,0
96464,1
96465,0
96466,1
96467,1
96468,0
96469,1
96470,0
96471,0
96472,1
96473,0
96474,1
96475,0
96476,0
96477,1
96478,0
96479,1
96480,0
96481,0
96482,0
96483,0
96484,0
96485,0
96486,1
96487,0
96488,1
96489,0
96490,1
96491,0
96492,0
96493,0
96494,0
96495,0
96496,0
96497,0
96498,0
96499,1
96500,1
96501,0
96502,1
96503,0
96504,1
96505,0
96506,0
96507,0
96508,1
96509,0
96510,1
96511,0
96512,1
96513,0
96514,0
96515,0
96516,0
96517,1
96518,1
96519,0
96520,0
96521,0
96522,0
96523,0
96524,1
96525,0
96526,0
96527,1
96528,0
96529,0
96530,0
96531,1
96532,0
96533,1
96534,0
96535,1
96536,0
96537,1
96538,1
96539,0
96540,0
96541,1
96542,0
96543,0
96544,0
96545,0
96546,0
96547,0
96548,0
96549,0
96550,0
96551,0
96552,1
96553,0
96554,0
96555,0
96556,0
96557,1
96558,0
96559,0
96560,1
96561,0
96562,0
96563,0
96564,0
96565,0
96566,0
96567,0
96568,1
96569,0
96570,1
96571,1
96572,0
96573,0
96574,1
96575,1
96576,1
96577,0
96578,0
96579,0
96580,1
96581,1
96582,0
96583,1
96584,0
96585,0
96586,0
96587,0
96588,0
96589,1
96590,1
96591,0
96592,0
96593,0
96594,1
96595,1
96596,1
96597,1
96598,0
96599,1
96600,0
96601,1
96602,0
96603,0
96604,0
96605,0
96606,0
96607,0
96608,1
96609,0
96610,0
96611,0
96612,1
96613,1
96614,1
96615,1
96616,1
96617,0
96618,0
96619,1
96620,1
96621,0
96622,0
96623,0
96624,1
96625,0
96626,0
96627,0
96628,0
96629,0
96630,0
96631,0
96632,1
96633,0
96634,0
96635,0
96636,0
96637,0
96638,1
96639,0
96640,0
96641,0
96642,1
96643,0
96644,0
96645,0
96646,1
96647,0
96648,0
96649,0
96650,0
96651,0
96652,0
96653,1
96654,1
96655,0
96656,0
96657,0
96658,0
96659,0
96660,0
96661,0
96662,1
96663,0
96664,0
96665,0
96666,0
96667,0
96668,1
96669,0
96670,1
96671,0
96672,0
96673,0
96674,0
96675,1
96676,0
96677,0
96678,0
96679,1
96680,1
96681,1
96682,0
96683,0
96684,0
96685,1
96686,1
96687,0
96688,0
96689,0
96690,1
96691,0
96692,0
96693,0
96694,0
96695,0
96696,0
96697,0
96698,0
96699,0
96700,0
96701,0
96702,1
96703,1
96704,0
96705,1
96706,1
96707,1
96708,0
96709,1
96710,0
96711,1
96712,0
96713,0
96714,0
96715,0
96716,0
96717,0
96718,0
96719,0
96720,0
96721,0
96722,0
96723,1
96724,0
96725,1
96726,0
96727,0
96728,0
96729,0
96730,1
96731,0
96732,0
96733,1
96734,1
96735,0
96736,1
96737,1
96738,0
96739,0
96740,0
96741,0
96742,0
96743,0
96744,1
96745,1
96746,0
96747,0
96748,0
96749,0
96750,0
96751,1
96752,1
96753,0
96754,0
96755,0
96756,0
96757,1
96758,0
96759,0
96760,0
96761,1
96762,1
96763,0
96764,0
96765,1
96766,1
96767,0
96768,0
96769,1
96770,0
96771,0
96772,0
96773,0
96774,0
96775,0
96776,1
96777,0
96778,0
96779,0
96780,0
96781,0
96782,0
96783,1
96784,1
96785,0
96786,1
96787,0
96788,0
96789,1
96790,0
96791,1
96792,0
96793,1
96794,0
96795,1
96796,1
96797,1
96798,0
96799,1
96800,0
96801,0
96802,0
96803,0
96804,0
96805,0
96806,1
96807,0
96808,1
96809,1
96810,0
96811,0
96812,0
96813,0
96814,0
96815,0
96816,0
96817,0
96818,0
96819,1
96820,1
96821,0
96822,0
96823,0
96824,1
96825,0
96826,0
96827,1
96828,1
96829,0
96830,0
96831,0
96832,1
96833,0
96834,0
96835,0
96836,1
96837,0
96838,0
96839,0
96840,0
96841,0
96842,0
96843,0
96844,0
96845,0
96846,1
96847,1
96848,0
96849,0
96850,0
96851,1
96852,1
96853,0
96854,0
96855,1
96856,1
96857,1
96858,1
96859,0
96860,1
96861,0
96862,0
96863,0
96864,1
96865,0
96866,0
96867,0
96868,0
96869,0
96870,0
96871,0
96872,0
96873,0
96874,1
96875,1
96876,1
96877,0
96878,0
96879,0
96880,0
96881,0
96882,1
96883,0
96884,0
96885,0
96886,0
96887,1
96888,1
96889,0
96890,0
96891,0
96892,0
96893,0
96894,0
96895,0
96896,1
96897,0
96898,0
96899,1
96900,0
96901,0
96902,0
96903,1
96904,0
96905,0
96906,0
96907,1
96908,1
96909,1
96910,0
96911,0
96912,0
96913,1
96914,0
96915,0
96916,1
96917,0
96918,0
96919,1
96920,1
96921,1
96922,0
96923,0
96924,1
96925,1
96926,0
96927,0
96928,0
96929,0
96930,0
96931,0
96932,1
96933,0
96934,0
96935,0
96936,1
96937,1
96938,0
96939,0
96940,1
96941,0
96942,1
96943,0
96944,0
96945,0
96946,1
96947,0
96948,0
96949,0
96950,1
96951,0
96952,0
96953,0
96954,1
96955,0
96956,0
96957,0
96958,1
96959,1
96960,0
96961,0
96962,0
96963,0
96964,1
96965,1
96966,0
96967,0
96968,0
96969,0
96970,0
96971,0
96972,0
96973,1
96974,0
96975,0
96976,1
96977,0
96978,0
96979,0
96980,1
96981,0
96982,1
96983,1
96984,0
96985,0
96986,0
96987,1
96988,1
96989,0
96990,0
96991,0
96992,0
96993,0
96994,1
96995,1
96996,0
96997,0
96998,1
96999,0
97000,1
97001,1
97002,0
97003,1
97004,0
97005,0
97006,0
97007,0
97008,0
97009,0
97010,0
97011,1
97012,0
97013,0
97014,0
97015,0
97016,0
97017,0
97018,1
97019,1
97020,0
97021,0
97022,1
97023,1
97024,1
97025,0
97026,0
97027,0
97028,0
97029,0
97030,0
97031,1
97032,0
97033,0
97034,0
97035,1
97036,0
97037,0
97038,0
97039,0
97040,0
97041,1
97042,0
97043,1
97044,0
97045,0
97046,0
97047,0
97048,0
97049,1
97050,0
97051,0
97052,0
97053,0
97054,0
97055,1
97056,0
97057,0
97058,0
97059,0
97060,0
97061,0
97062,0
97063,0
97064,0
97065,0
97066,1
97067,0
97068,1
97069,0
97070,1
97071,0
97072,0
97073,0
97074,0
97075,0
97076,1
97077,0
97078,1
97079,1
97080,1
97081,0
97082,1
97083,0
97084,0
97085,0
97086,0
97087,0
97088,0
97089,1
97090,0
97091,0
97092,0
97093,1
97094,1
97095,1
97096,1
97097,1
97098,0
97099,0
97100,0
97101,0
97102,0
97103,1
97104,0
97105,0
97106,0
97107,0
97108,0
97109,0
97110,1
97111,1
97112,0
97113,0
97114,0
97115,0
97116,0
97117,0
97118,1
97119,1
97120,0
97121,0
97122,0
97123,0
97124,1
97125,1
97126,0
97127,0
97128,0
97129,0
97130,0
97131,0
97132,0
97133,0
97134,0
97135,1
97136,1
97137,0
97138,1
97139,0
97140,0
97141,0
97142,0
97143,0
97144,1
97145,0
97146,1
97147,0
97148,1
97149,1
97150,0
97151,1
97152,0
97153,0
97154,0
97155,1
97156,0
97157,0
97158,0
97159,0
97160,0
97161,0
97162,0
97163,1
97164,0
97165,1
97166,0
97167,0
97168,0
97169,0
97170,1
97171,0
97172,1
97173,0
97174,0
97175,0
97176,0
97177,1
97178,0
97179,1
97180,1
97181,1
97182,1
97183,1
97184,1
97185,0
97186,0
97187,1
97188,0
97189,0
97190,0
97191,0
97192,0
97193,0
97194,0
97195,1
97196,1
97197,1
97198,0
97199,1
97200,0
97201,1
97202,1
97203,0
97204,1
97205,0
97206,0
97207,0
97208,0
97209,1
97210,0
97211,1
97212,0
97213,1
97214,0
97215,1
97216,0
97217,0
97218,0
97219,0
97220,0
97221,1
97222,1
97223,0
97224,0
97225,0
97226,0
97227,0
97228,0
97229,1
97230,0
97231,0
97232,0
97233,0
97234,1
97235,0
97236,1
97237,0
97238,0
97239,0
97240,0
97241,1
97242,0
97243,1
97244,1
97245,0
97246,1
97247,0
97248,0
97249,0
97250,0
97251,0
97252,1
97253,0
97254,0
97255,0
97256,1
97257,1
97258,0
97259,0
97260,0
97261,0
97262,0
97263,0
97264,1
97265,0
97266,1
97267,0
97268,1
97269,0
97270,1
97271,0
97272,0
97273,1
97274,0
97275,0
97276,0
97277,1
97278,0
97279,1
97280,0
97281,0
97282,1
97283,0
97284,0
97285,1
97286,0
97287,1
97288,0
97289,1
97290,1
97291,0
97292,0
97293,1
97294,1
97295,1
97296,0
97297,0
97298,0
97299,0
97300,0
97301,0
97302,0
97303,1
97304,0
97305,1
97306,0
97307,0
97308,0
97309,1
97310,0
97311,0
97312,0
97313,0
97314,0
97315,1
97316,0
97317,1
97318,1
97319,0
97320,0
97321,0
97322,0
97323,1
97324,0
97325,0
97326,0
97327,0
97328,0
97329,1
97330,1
97331,1
97332,0
97333,0
97334,0
97335,1
97336,0
97337,0
97338,0
97339,0
97340,0
97341,0
97342,0
97343,0
97344,1
97345,0
97346,0
97347,0
97348,0
97349,0
97350,0
97351,1
97352,0
97353,0
97354,0
97355,0
97356,0
97357,0
97358,0
97359,1
97360,0
97361,1
97362,0
97363,0
97364,0
97365,0
97366,1
97367,0
97368,0
97369,0
97370,0
97371,1
97372,0
97373,0
97374,0
97375,1
97376,0
97377,0
97378,1
97379,1
97380,1
97381,1
97382,1
97383,0
97384,0
97385,0
97386,1
97387,0
97388,1
97389,0
97390,0
97391,0
97392,0
97393,1
97394,0
97395,0
97396,0
97397,0
97398,1
97399,0
97400,0
97401,0
97402,0
97403,1
97404,0
97405,1
97406,0
97407,0
97408,1
97409,1
97410,1
97411,0
97412,1
97413,1
97414,0
97415,1
97416,0
97417,0
97418,1
97419,0
97420,1
97421,0
97422,1
97423,0
97424,0
97425,0
97426,0
97427,0
97428,0
97429,0
97430,0
97431,0
97432,0
97433,0
97434,0
97435,0
97436,0
97437,1
97438,0
97439,0
97440,1
97441,1
97442,0
97443,1
97444,0
97445,0
97446,0
97447,1
97448,1
97449,0
97450,1
97451,0
97452,1
97453,1
97454,0
97455,0
97456,0
97457,0
97458,0
97459,0
97460,0
97461,0
97462,1
97463,0
97464,0
97465,0
97466,1
97467,0
97468,0
97469,0
97470,1
97471,1
97472,0
97473,0
97474,1
97475,0
97476,0
97477,0
97478,1
97479,1
97480,0
97481,0
97482,0
97483,0
97484,0
97485,1
97486,0
97487,1
97488,0
97489,0
97490,0
97491,0
97492,1
97493,0
97494,0
97495,1
97496,0
97497,0
97498,0
97499,1
97500,0
97501,0
97502,0
97503,0
97504,1
97505,1
97506,0
97507,0
97508,1
97509,0
97510,0
97511,0
97512,1
97513,0
97514,0
97515,1
97516,0
97517,0
97518,0
97519,0
97520,0
97521,1
97522,0
97523,0
97524,1
97525,0
97526,0
97527,0
97528,0
97529,1
97530,0
97531,0
97532,0
97533,1
97534,0
97535,0
97536,1
97537,1
97538,0
97539,1
97540,0
97541,1
97542,1
97543,0
97544,0
97545,0
97546,0
97547,1
97548,0
97549,1
97550,0
97551,1
97552,0
97553,0
97554,0
97555,0
97556,0
97557,0
97558,0
97559,0
97560,1
97561,1
97562,0
97563,0
97564,0
97565,0
97566,1
97567,0
97568,0
97569,0
97570,1
97571,0
97572,1
97573,1
97574,0
97575,0
97576,0
97577,0
97578,0
97579,0
97580,0
97581,0
97582,1
97583,0
97584,0
97585,0
97586,0
97587,0
97588,0
97589,0
97590,0
97591,1
97592,1
97593,1
97594,1
97595,0
97596,0
97597,0
97598,0
97599,1
97600,0
97601,1
97602,1
97603,1
97604,1
97605,0
97606,1
97607,1
97608,0
97609,1
97610,0
97611,0
97612,1
97613,0
97614,0
97615,0
97616,0
97617,0
97618,0
97619,1
97620,0
97621,0
97622,0
97623,0
97624,1
97625,0
97626,0
97627,1
97628,1
97629,0
97630,1
97631,1
97632,0
97633,0
97634,0
97635,1
97636,0
97637,0
97638,0
97639,0
97640,1
97641,0
97642,0
97643,1
97644,0
97645,0
97646,0
97647,0
97648,0
97649,0
97650,0
97651,0
97652,0
97653,0
97654,0
97655,1
97656,0
97657,0
97658,1
97659,0
97660,0
97661,0
97662,0
97663,1
97664,0
97665,0
97666,1
97667,0
97668,0
97669,0
97670,0
97671,0
97672,1
97673,1
97674,0
97675,0
97676,1
97677,1
97678,0
97679,0
97680,0
97681,0
97682,1
97683,0
97684,0
97685,0
97686,0
97687,1
97688,0
97689,1
97690,1
97691,0
97692,0
97693,0
97694,0
97695,0
97696,0
97697,0
97698,1
97699,0
97700,0
97701,1
97702,1
97703,0
97704,0
97705,1
97706,1
97707,0
97708,1
97709,1
97710,0
97711,0
97712,0
97713,0
97714,0
97715,1
97716,0
97717,0
97718,0
97719,0
97720,1
97721,1
97722,0
97723,0
97724,1
97725,0
97726,0
97727,0
97728,0
97729,1
97730,1
97731,1
97732,0
97733,0
97734,1
97735,0
97736,0
97737,0
97738,1
97739,1
97740,0
97741,0
97742,0
97743,0
97744,0
97745,0
97746,1
97747,1
97748,1
97749,0
97750,1
97751,0
97752,0
97753,0
97754,0
97755,0
97756,1
97757,0
97758,1
97759,0
97760,1
97761,0
97762,1
97763,0
97764,0
97765,0
97766,0
97767,1
97768,0
97769,1
97770,0
97771,0
97772,0
97773,0
97774,1
97775,0
97776,0
97777,0
97778,0
97779,0
97780,1
97781,0
97782,1
97783,1
97784,0
97785,0
97786,0
97787,1
97788,1
97789,0
97790,0
97791,1
97792,0
97793,1
97794,1
97795,1
97796,0
97797,0
97798,0
97799,0
97800,0
97801,0
97802,1
97803,1
97804,0
97805,0
97806,1
97807,0
97808,1
97809,0
97810,1
97811,0
97812,1
97813,0
97814,0
97815,0
97816,1
97817,0
97818,0
97819,0
97820,0
97821,0
97822,1
97823,0
97824,0
97825,0
97826,0
97827,0
97828,0
97829,0
97830,0
97831,0
97832,0
97833,0
97834,1
97835,0
97836,0
97837,1
97838,1
97839,0
97840,0
97841,1
97842,0
97843,0
97844,0
97845,1
97846,0
97847,1
97848,1
97849,0
97850,1
97851,1
97852,0
97853,0
97854,1
97855,1
97856,0
97857,0
97858,0
97859,1
97860,0
97861,1
97862,0
97863,0
97864,0
97865,1
97866,1
97867,0
97868,1
97869,0
97870,0
97871,1
97872,0
97873,0
97874,0
97875,0
97876,0
97877,0
97878,0
97879,0
97880,1
97881,0
97882,0
97883,1
97884,0
97885,1
97886,0
97887,0
97888,0
97889,1
97890,0
97891,0
97892,1
97893,1
97894,1
97895,0
97896,0
97897,0
97898,0
97899,0
97900,0
97901,1
97902,1
97903,1
97904,0
97905,0
97906,1
97907,1
97908,0
97909,1
97910,0
97911,0
97912,0
97913,1
97914,0
97915,1
97916,0
97917,1
97918,0
97919,1
97920,1
97921,1
97922,0
97923,0
97924,0
97925,0
97926,0
97927,0
97928,0
97929,0
97930,0
97931,0
97932,1
97933,0
97934,1
97935,1
97936,0
97937,0
97938,1
97939,0
97940,0
97941,1
97942,1
97943,0
97944,0
97945,1
97946,0
97947,0
97948,0
97949,1
97950,0
97951,0
97952,0
97953,0
97954,0
97955,0
97956,1
97957,0
97958,0
97959,0
97960,0
97961,0
97962,0
97963,0
97964,1
97965,0
97966,0
97967,1
97968,1
97969,0
97970,0
97971,0
97972,0
97973,0
97974,0
97975,0
97976,0
97977,0
97978,0
97979,1
97980,0
97981,0
97982,0
97983,0
97984,0
97985,0
97986,0
97987,0
97988,1
97989,0
97990,0
97991,1
97992,1
97993,0
97994,1
97995,0
97996,0
97997,0
97998,0
97999,0
98000,1
98001,0
98002,0
98003,0
98004,1
98005,1
98006,1
98007,0
98008,0
98009,0
98010,0
98011,0
98012,0
98013,0
98014,1
98015,0
98016,1
98017,0
98018,1
98019,1
98020,1
98021,1
98022,0
98023,0
98024,0
98025,0
98026,0
98027,0
98028,0
98029,1
98030,0
98031,1
98032,0
98033,0
98034,0
98035,0
98036,0
98037,1
98038,0
98039,0
98040,0
98041,0
98042,0
98043,1
98044,0
98045,0
98046,1
98047,0
98048,0
98049,0
98050,0
98051,0
98052,1
98053,1
98054,0
98055,1
98056,1
98057,0
98058,0
98059,0
98060,0
98061,0
98062,0
98063,0
98064,0
98065,0
98066,0
98067,0
98068,1
98069,0
98070,0
98071,0
98072,0
98073,0
98074,0
98075,1
98076,0
98077,0
98078,0
98079,0
98080,0
98081,0
98082,0
98083,0
98084,1
98085,0
98086,0
98087,1
98088,0
98089,0
98090,0
98091,0
98092,1
98093,1
98094,0
98095,0
98096,0
98097,0
98098,1
98099,0
98100,0
98101,0
98102,0
98103,0
98104,1
98105,0
98106,1
98107,1
98108,0
98109,0
98110,0
98111,0
98112,0
98113,0
98114,0
98115,1
98116,0
98117,0
98118,0
98119,1
98120,0
98121,1
98122,0
98123,0
98124,0
98125,0
98126,0
98127,1
98128,1
98129,1
98130,0
98131,0
98132,0
98133,0
98134,0
98135,0
98136,1
98137,0
98138,1
98139,0
98140,0
98141,1
98142,0
98143,0
98144,0
98145,0
98146,0
98147,0
98148,0
98149,0
98150,1
98151,0
98152,0
98153,0
98154,0
98155,0
98156,0
98157,0
98158,0
98159,0
98160,1
98161,1
98162,0
98163,0
98164,0
98165,1
98166,1
98167,0
98168,1
98169,0
98170,0
98171,0
98172,0
98173,0
98174,1
98175,1
98176,0
98177,0
98178,1
98179,1
98180,1
98181,1
98182,0
98183,0
98184,0
98185,0
98186,0
98187,0
98188,0
98189,1
98190,0
98191,1
98192,0
98193,0
98194,1
98195,0
98196,0
98197,1
98198,1
98199,0
98200,0
98201,0
98202,0
98203,0
98204,0
98205,1
98206,0
98207,0
98208,0
98209,0
98210,0
98211,0
98212,0
98213,0
98214,0
98215,1
98216,0
98217,0
98218,0
98219,0
98220,0
98221,1
98222,0
98223,0
98224,0
98225,0
98226,0
98227,0
98228,0
98229,1
98230,1
98231,0
98232,1
98233,0
98234,0
98235,0
98236,0
98237,1
98238,0
98239,1
98240,0
98241,0
98242,1
98243,0
98244,1
98245,1
98246,0
98247,1
98248,0
98249,1
98250,1
98251,0
98252,0
98253,0
98254,0
98255,1
98256,1
98257,0
98258,0
98259,0
98260,0
98261,0
98262,0
98263,1
98264,0
98265,1
98266,1
98267,0
98268,0
98269,1
98270,0
98271,1
98272,0
98273,0
98274,0
98275,0
98276,1
98277,0
98278,0
98279,1
98280,0
98281,1
98282,0
98283,0
98284,1
98285,0
98286,1
98287,1
98288,0
98289,0
98290,1
98291,0
98292,0
98293,0
98294,0
98295,0
98296,1
98297,1
98298,0
98299,1
98300,1
98301,1
98302,0
98303,0
98304,0
98305,0
98306,0
98307,0
98308,0
98309,1
98310,1
98311,0
98312,0
98313,1
98314,0
98315,1
98316,0
98317,0
98318,0
98319,0
98320,1
98321,0
98322,0
98323,0
98324,1
98325,0
98326,0
98327,0
98328,1
98329,0
98330,0
98331,1
98332,1
98333,0
98334,0
98335,0
98336,1
98337,0
98338,1
98339,0
98340,0
98341,0
98342,1
98343,0
98344,0
98345,0
98346,1
98347,0
98348,1
98349,1
98350,0
98351,1
98352,0
98353,0
98354,0
98355,1
98356,0
98357,0
98358,0
98359,1
98360,0
98361,1
98362,0
98363,0
98364,1
98365,1
98366,0
98367,1
98368,1
98369,0
98370,0
98371,0
98372,1
98373,0
98374,0
98375,0
98376,0
98377,1
98378,0
98379,1
98380,0
98381,0
98382,0
98383,1
98384,0
98385,0
98386,1
98387,0
98388,1
98389,1
98390,0
98391,1
98392,0
98393,0
98394,0
98395,0
98396,0
98397,1
98398,1
98399,0
98400,0
98401,0
98402,0
98403,0
98404,1
98405,1
98406,0
98407,0
98408,0
98409,0
98410,0
98411,0
98412,1
98413,1
98414,0
98415,0
98416,1
98417,1
98418,0
98419,0
98420,0
98421,1
98422,1
98423,0
98424,0
98425,0
98426,1
98427,0
98428,0
98429,1
98430,0
98431,0
98432,0
98433,0
98434,1
98435,0
98436,1
98437,0
98438,0
98439,1
98440,0
98441,0
98442,0
98443,0
98444,0
98445,0
98446,0
98447,1
98448,0
98449,0
98450,1
98451,1
98452,1
98453,1
98454,0
98455,0
98456,1
98457,1
98458,0
98459,0
98460,1
98461,0
98462,0
98463,0
98464,0
98465,0
98466,0
98467,0
98468,0
98469,0
98470,0
98471,1
98472,0
98473,0
98474,1
98475,1
98476,0
98477,0
98478,1
98479,0
98480,0
98481,0
98482,1
98483,0
98484,0
98485,1
98486,1
98487,1
98488,0
98489,0
98490,0
98491,0
98492,1
98493,1
98494,0
98495,0
98496,1
98497,0
98498,0
98499,0
98500,0
98501,0
98502,1
98503,1
98504,0
98505,0
98506,1
98507,0
98508,0
98509,0
98510,0
98511,0
98512,0
98513,1
98514,0
98515,0
98516,0
98517,0
98518,0
98519,0
98520,1
98521,1
98522,0
98523,0
98524,0
98525,0
98526,0
98527,1
98528,0
98529,1
98530,1
98531,0
98532,0
98533,0
98534,1
98535,0
98536,0
98537,1
98538,1
98539,0
98540,0
98541,0
98542,0
98543,1
98544,0
98545,1
98546,0
98547,0
98548,0
98549,0
98550,0
98551,0
98552,0
98553,1
98554,0
98555,0
98556,0
98557,0
98558,0
98559,0
98560,0
98561,0
98562,0
98563,1
98564,1
98565,1
98566,0
98567,1
98568,1
98569,0
98570,0
98571,0
98572,0
98573,0
98574,0
98575,0
98576,0
98577,0
98578,1
98579,0
98580,1
98581,1
98582,0
98583,0
98584,1
98585,0
98586,0
98587,1
98588,0
98589,0
98590,0
98591,0
98592,0
98593,0
98594,1
98595,0
98596,0
98597,0
98598,1
98599,1
98600,0
98601,0
98602,1
98603,1
98604,0
98605,1
98606,0
98607,0
98608,1
98609,0
98610,0
98611,0
98612,0
98613,0
98614,1
98615,0
98616,1
98617,0
98618,0
98619,0
98620,1
98621,0
98622,1
98623,0
98624,0
98625,0
98626,0
98627,0
98628,0
98629,1
98630,0
98631,0
98632,1
98633,0
98634,0
98635,0
98636,1
98637,0
98638,0
98639,0
98640,1
98641,0
98642,0
98643,0
98644,1
98645,1
98646,1
98647,0
98648,1
98649,0
98650,1
98651,1
98652,0
98653,0
98654,1
98655,0
98656,0
98657,0
98658,0
98659,0
98660,0
98661,0
98662,0
98663,1
98664,0
98665,0
98666,0
98667,1
98668,0
98669,1
98670,0
98671,0
98672,0
98673,0
98674,0
98675,1
98676,0
98677,0
98678,0
98679,0
98680,0
98681,0
98682,0
98683,1
98684,1
98685,0
98686,0
98687,1
98688,0
98689,0
98690,0
98691,0
98692,1
98693,0
98694,0
98695,0
98696,0
98697,0
98698,1
98699,0
98700,0
98701,1
98702,0
98703,1
98704,0
98705,0
98706,0
98707,0
98708,0
98709,0
98710,0
98711,0
98712,0
98713,0
98714,0
98715,1
98716,1
98717,1
98718,0
98719,1
98720,1
98721,1
98722,1
98723,0
98724,1
98725,0
98726,1
98727,1
98728,1
98729,1
98730,0
98731,0
98732,0
98733,1
98734,0
98735,0
98736,0
98737,1
98738,0
98739,0
98740,1
98741,0
98742,0
98743,0
98744,0
98745,0
98746,0
98747,0
98748,0
98749,1
98750,0
98751,0
98752,0
98753,1
98754,0
98755,1
98756,0
98757,1
98758,0
98759,0
98760,1
98761,0
98762,0
98763,0
98764,0
98765,0
98766,1
98767,0
98768,0
98769,0
98770,0
98771,0
98772,0
98773,0
98774,1
98775,0
98776,0
98777,1
98778,0
98779,0
98780,0
98781,0
98782,0
98783,0
98784,1
98785,1
98786,0
98787,0
98788,1
98789,1
98790,0
98791,0
98792,1
98793,0
98794,0
98795,0
98796,1
98797,0
98798,1
98799,0
98800,0
98801,0
98802,0
98803,0
98804,0
98805,0
98806,0
98807,1
98808,1
98809,0
98810,0
98811,0
98812,0
98813,1
98814,0
98815,1
98816,0
98817,0
98818,0
98819,1
98820,0
98821,0
98822,0
98823,0
98824,0
98825,0
98826,0
98827,1
98828,0
98829,1
98830,0
98831,0
98832,1
98833,0
98834,0
98835,0
98836,1
98837,0
98838,1
98839,1
98840,1
98841,0
98842,0
98843,1
98844,0
98845,1
98846,0
98847,0
98848,0
98849,0
98850,0
98851,1
98852,0
98853,0
98854,0
98855,1
98856,1
98857,0
98858,0
98859,1
98860,0
98861,0
98862,0
98863,0
98864,0
98865,1
98866,1
98867,0
98868,0
98869,0
98870,0
98871,0
98872,0
98873,0
98874,0
98875,0
98876,1
98877,0
98878,1
98879,1
98880,1
98881,1
98882,1
98883,1
98884,0
98885,0
98886,0
98887,1
98888,1
98889,1
98890,0
98891,1
98892,1
98893,1
98894,0
98895,1
98896,0
98897,0
98898,1
98899,0
98900,1
98901,0
98902,0
98903,0
98904,0
98905,0
98906,0
98907,1
98908,0
98909,0
98910,0
98911,0
98912,0
98913,0
98914,1
98915,1
98916,1
98917,0
98918,0
98919,0
98920,0
98921,0
98922,0
98923,0
98924,0
98925,0
98926,0
98927,0
98928,1
98929,0
98930,1
98931,0
98932,0
98933,0
98934,0
98935,0
98936,0
98937,0
98938,1
98939,1
98940,0
98941,0
98942,1
98943,0
98944,0
98945,1
98946,0
98947,0
98948,1
98949,0
98950,0
98951,0
98952,0
98953,1
98954,0
98955,1
98956,0
98957,1
98958,0
98959,0
98960,0
98961,1
98962,1
98963,1
98964,0
98965,1
98966,0
98967,0
98968,0
98969,0
98970,0
98971,0
98972,1
98973,1
98974,1
98975,0
98976,0
98977,0
98978,0
98979,1
98980,1
98981,1
98982,0
98983,0
98984,0
98985,1
98986,0
98987,0
98988,1
98989,1
98990,1
98991,1
98992,0
98993,0
98994,0
98995,0
98996,0
98997,0
98998,0
98999,0
99000,1
99001,0
99002,0
99003,1
99004,0
99005,0
99006,0
99007,0
99008,0
99009,0
99010,0
99011,0
99012,0
99013,0
99014,0
99015,1
99016,0
99017,0
99018,1
99019,0
99020,0
99021,0
99022,0
99023,1
99024,1
99025,0
99026,1
99027,0
99028,0
99029,0
99030,0
99031,0
99032,1
99033,0
99034,1
99035,1
99036,1
99037,1
99038,1
99039,0
99040,0
99041,0
99042,0
99043,0
99044,0
99045,0
99046,0
99047,1
99048,0
99049,0
99050,0
99051,0
99052,0
99053,1
99054,0
99055,0
99056,0
99057,1
99058,0
99059,0
99060,1
99061,0
99062,1
99063,0
99064,0
99065,1
99066,1
99067,0
99068,0
99069,0
99070,0
99071,1
99072,1
99073,0
99074,0
99075,0
99076,0
99077,0
99078,0
99079,0
99080,0
99081,0
99082,1
99083,0
99084,0
99085,0
99086,0
99087,0
99088,0
99089,0
99090,0
99091,0
99092,0
99093,1
99094,0
99095,0
99096,1
99097,1
99098,0
99099,1
99100,0
99101,1
99102,0
99103,0
99104,1
99105,1
99106,0
99107,0
99108,0
99109,0
99110,0
99111,0
99112,1
99113,0
99114,0
99115,0
99116,1
99117,1
99118,0
99119,0
99120,0
99121,1
99122,0
99123,0
99124,1
99125,1
99126,1
99127,0
99128,0
99129,1
99130,0
99131,0
99132,1
99133,0
99134,0
99135,0
99136,0
99137,1
99138,1
99139,0
99140,0
99141,0
99142,1
99143,0
99144,0
99145,0
99146,0
99147,0
99148,0
99149,1
99150,0
99151,1
99152,1
99153,0
99154,1
99155,1
99156,0
99157,1
99158,0
99159,1
99160,0
99161,1
99162,1
99163,0
99164,0
99165,0
99166,1
99167,0
99168,0
99169,0
99170,0
99171,0
99172,0
99173,0
99174,0
99175,0
99176,1
99177,0
99178,0
99179,0
99180,0
99181,1
99182,0
99183,0
99184,0
99185,0
99186,0
99187,0
99188,0
99189,0
99190,0
99191,0
99192,0
99193,1
99194,0
99195,0
99196,1
99197,0
99198,1
99199,1
99200,0
99201,0
99202,1
99203,0
99204,0
99205,0
99206,1
99207,1
99208,1
99209,0
99210,0
99211,0
99212,0
99213,0
99214,0
99215,1
99216,0
99217,0
99218,0
99219,1
99220,0
99221,0
99222,1
99223,0
99224,0
99225,0
99226,0
99227,1
99228,0
99229,0
99230,1
99231,0
99232,0
99233,0
99234,0
99235,1
99236,1
99237,0
99238,0
99239,0
99240,0
99241,0
99242,0
99243,0
99244,1
99245,1
99246,1
99247,0
99248,1
99249,1
99250,0
99251,0
99252,1
99253,0
99254,0
99255,1
99256,0
99257,0
99258,0
99259,1
99260,1
99261,0
99262,0
99263,0
99264,0
99265,0
99266,1
99267,0
99268,0
99269,0
99270,0
99271,1
99272,1
99273,0
99274,0
99275,1
99276,0
99277,0
99278,1
99279,1
99280,0
99281,0
99282,0
99283,0
99284,1
99285,0
99286,0
99287,0
99288,0
99289,1
99290,0
99291,0
99292,0
99293,0
99294,0
99295,1
99296,0
99297,0
99298,0
99299,0
99300,1
99301,0
99302,0
99303,0
99304,1
99305,0
99306,1
99307,1
99308,0
99309,0
99310,0
99311,0
99312,0
99313,0
99314,1
99315,0
99316,1
99317,1
99318,0
99319,0
99320,1
99321,0
99322,1
99323,1
99324,0
99325,1
99326,1
99327,0
99328,0
99329,0
99330,0
99331,0
99332,0
99333,0
99334,0
99335,1
99336,0
99337,0
99338,0
99339,0
99340,0
99341,0
99342,0
99343,1
99344,0
99345,0
99346,0
99347,0
99348,1
99349,0
99350,0
99351,0
99352,1
99353,0
99354,0
99355,1
99356,1
99357,0
99358,0
99359,1
99360,1
99361,0
99362,0
99363,1
99364,0
99365,0
99366,0
99367,0
99368,1
99369,0
99370,0
99371,1
99372,0
99373,0
99374,0
99375,1
99376,0
99377,0
99378,0
99379,0
99380,0
99381,0
99382,0
99383,0
99384,0
99385,1
99386,0
99387,1
99388,1
99389,0
99390,0
99391,0
99392,0
99393,0
99394,0
99395,1
99396,0
99397,0
99398,0
99399,0
99400,1
99401,0
99402,0
99403,1
99404,0
99405,0
99406,1
99407,1
99408,1
99409,0
99410,0
99411,0
99412,0
99413,0
99414,1
99415,0
99416,0
99417,0
99418,0
99419,0
99420,0
99421,1
99422,0
99423,0
99424,0
99425,1
99426,0
99427,0
99428,0
99429,0
99430,0
99431,0
99432,0
99433,1
99434,0
99435,0
99436,0
99437,0
99438,1
99439,0
99440,0
99441,0
99442,0
99443,0
99444,0
99445,0
99446,1
99447,0
99448,0
99449,0
99450,0
99451,0
99452,1
99453,1
99454,0
99455,0
99456,0
99457,0
99458,0
99459,1
99460,0
99461,0
99462,0
99463,1
99464,0
99465,0
99466,0
99467,0
99468,0
99469,1
99470,0
99471,0
99472,1
99473,0
99474,1
99475,0
99476,0
99477,0
99478,0
99479,0
99480,1
99481,1
99482,0
99483,1
99484,1
99485,1
99486,1
99487,0
99488,0
99489,0
99490,1
99491,0
99492,1
99493,0
99494,0
99495,0
99496,1
99497,0
99498,0
99499,0
99500,0
99501,1
99502,1
99503,1
99504,0
99505,0
99506,0
99507,0
99508,0
99509,0
99510,1
99511,0
99512,0
99513,1
99514,0
99515,0
99516,1
99517,1
99518,1
99519,1
99520,0
99521,0
99522,1
99523,0
99524,0
99525,1
99526,1
99527,0
99528,0
99529,0
99530,0
99531,1
99532,0
99533,0
99534,1
99535,1
99536,0
99537,1
99538,0
99539,0
99540,0
99541,0
99542,1
99543,1
99544,0
99545,0
99546,0
99547,0
99548,0
99549,0
99550,0
99551,0
99552,0
99553,0
99554,1
99555,0
99556,1
99557,0
99558,0
99559,0
99560,0
99561,0
99562,0
99563,0
99564,0
99565,0
99566,0
99567,0
99568,0
99569,1
99570,1
99571,1
99572,0
99573,0
99574,0
99575,0
99576,1
99577,1
99578,0
99579,1
99580,0
99581,1
99582,0
99583,1
99584,0
99585,0
99586,1
99587,0
99588,0
99589,0
99590,0
99591,0
99592,1
99593,0
99594,0
99595,0
99596,1
99597,0
99598,0
99599,0
99600,1
99601,0
99602,0
99603,1
99604,1
99605,0
99606,1
99607,1
99608,1
99609,0
99610,0
99611,1
99612,0
99613,0
99614,1
99615,1
99616,0
99617,0
99618,0
99619,0
99620,0
99621,0
99622,1
99623,1
99624,1
99625,1
99626,1
99627,0
99628,1
99629,0
99630,0
99631,0
99632,1
99633,0
99634,0
99635,1
99636,0
99637,1
99638,0
99639,1
99640,1
99641,1
99642,0
99643,0
99644,0
99645,0
99646,0
99647,1
99648,0
99649,0
99650,0
99651,0
99652,0
99653,0
99654,0
99655,1
99656,0
99657,0
99658,0
99659,0
99660,0
99661,1
99662,1
99663,0
99664,1
99665,0
99666,0
99667,0
99668,1
99669,1
99670,1
99671,0
99672,0
99673,1
99674,1
99675,0
99676,0
99677,1
99678,0
99679,0
99680,0
99681,0
99682,0
99683,0
99684,0
99685,1
99686,0
99687,0
99688,0
99689,0
99690,1
99691,0
99692,1
99693,0
99694,0
99695,1
99696,1
99697,0
99698,0
99699,0
99700,0
99701,1
99702,1
99703,0
99704,0
99705,1
99706,0
99707,0
99708,1
99709,0
99710,0
99711,1
99712,0
99713,0
99714,1
99715,0
99716,0
99717,0
99718,0
99719,1
99720,0
99721,0
99722,1
99723,0
99724,0
99725,1
99726,0
99727,0
99728,0
99729,1
99730,0
99731,1
99732,1
99733,0
99734,1
99735,0
99736,1
99737,0
99738,0
99739,1
99740,0
99741,0
99742,0
99743,0
99744,0
99745,0
99746,0
99747,0
99748,1
99749,0
99750,0
99751,0
99752,0
99753,0
99754,0
99755,0
99756,0
99757,0
99758,1
99759,0
99760,0
99761,1
99762,1
99763,1
99764,0
99765,0
99766,1
99767,0
99768,0
99769,1
99770,1
99771,0
99772,1
99773,1
99774,0
99775,1
99776,0
99777,0
99778,0
99779,1
99780,1
99781,0
99782,0
99783,1
99784,0
99785,1
99786,0
99787,0
99788,0
99789,0
99790,0
99791,0
99792,0
99793,1
99794,1
99795,0
99796,0
99797,1
99798,0
99799,0
99800,1
99801,1
99802,1
99803,0
99804,1
99805,0
99806,0
99807,1
99808,0
99809,1
99810,0
99811,0
99812,0
99813,1
99814,1
99815,0
99816,1
99817,1
99818,1
99819,0
99820,1
99821,0
99822,0
99823,1
99824,0
99825,0
99826,1
99827,0
99828,0
99829,0
99830,0
99831,0
99832,0
99833,0
99834,0
99835,0
99836,0
99837,0
99838,1
99839,1
99840,1
99841,1
99842,0
99843,0
99844,1
99845,0
99846,1
99847,0
99848,1
99849,0
99850,0
99851,1
99852,0
99853,0
99854,0
99855,0
99856,0
99857,0
99858,0
99859,1
99860,0
99861,0
99862,0
99863,1
99864,1
99865,1
99866,1
99867,1
99868,0
99869,1
99870,1
99871,0
99872,0
99873,1
99874,1
99875,0
99876,1
99877,0
99878,1
99879,0
99880,0
99881,0
99882,1
99883,1
99884,0
99885,0
99886,0
99887,0
99888,0
99889,0
99890,1
99891,0
99892,1
99893,0
99894,0
99895,0
99896,1
99897,1
99898,0
99899,1
99900,1
99901,0
99902,0
99903,1
99904,0
99905,0
99906,1
99907,0
99908,1
99909,0
99910,1
99911,0
99912,0
99913,0
99914,0
99915,0
99916,0
99917,0
99918,1
99919,0
99920,1
99921,0
99922,0
99923,0
99924,1
99925,0
99926,0
99927,0
99928,0
99929,0
99930,0
99931,1
99932,0
99933,0
99934,0
99935,0
99936,0
99937,0
99938,0
99939,0
99940,0
99941,1
99942,1
99943,0
99944,1
99945,1
99946,0
99947,0
99948,0
99949,0
99950,0
99951,0
99952,0
99953,1
99954,0
99955,0
99956,0
99957,0
99958,0
99959,1
99960,1
99961,0
99962,1
99963,0
99964,1
99965,0
99966,0
99967,1
99968,0
99969,0
99970,0
99971,1
99972,0
99973,0
99974,0
99975,0
99976,0
99977,1
99978,1
99979,0
99980,0
99981,0
99982,0
99983,1
99984,0
99985,0
99986,0
99987,0
99988,0
99989,0
99990,0
99991,1
99992,1
99993,0
99994,1
99995,0
99996,0
99997,0
99998,1
99999,0
