ID,is_fraud
0,0
1,0
2,0
3,1
4,1
5,1
6,1
7,1
8,0
9,0
10,0
11,0
12,1
13,1
14,0
15,0
16,0
17,0
18,0
19,1
20,0
21,0
22,0
23,1
24,0
25,1
26,1
27,0
28,0
29,0
30,1
31,0
32,0
33,0
34,1
35,0
36,0
37,1
38,0
39,1
40,1
41,0
42,1
43,1
44,0
45,0
46,0
47,0
48,1
49,1
50,0
51,0
52,0
53,0
54,1
55,1
56,0
57,0
58,0
59,0
60,0
61,0
62,0
63,0
64,1
65,0
66,0
67,0
68,1
69,0
70,1
71,0
72,0
73,1
74,1
75,1
76,0
77,0
78,0
79,0
80,0
81,0
82,0
83,0
84,0
85,1
86,0
87,0
88,0
89,0
90,1
91,1
92,0
93,0
94,0
95,0
96,0
97,1
98,0
99,0
100,1
101,0
102,1
103,0
104,1
105,0
106,1
107,0
108,0
109,0
110,1
111,0
112,0
113,1
114,0
115,0
116,1
117,1
118,0
119,0
120,0
121,1
122,0
123,0
124,1
125,1
126,0
127,0
128,0
129,0
130,0
131,1
132,0
133,1
134,0
135,1
136,1
137,1
138,0
139,0
140,0
141,0
142,0
143,0
144,1
145,1
146,1
147,1
148,1
149,0
150,1
151,0
152,1
153,1
154,0
155,1
156,0
157,0
158,0
159,1
160,1
161,1
162,0
163,1
164,0
165,0
166,1
167,1
168,0
169,1
170,1
171,1
172,0
173,0
174,0
175,0
176,0
177,0
178,0
179,0
180,0
181,0
182,0
183,0
184,1
185,1
186,0
187,0
188,1
189,1
190,0
191,0
192,0
193,0
194,0
195,0
196,1
197,1
198,0
199,1
200,0
201,1
202,1
203,0
204,1
205,1
206,0
207,0
208,0
209,1
210,1
211,0
212,1
213,0
214,1
215,1
216,1
217,1
218,1
219,1
220,0
221,0
222,1
223,0
224,0
225,0
226,0
227,0
228,0
229,0
230,1
231,0
232,1
233,0
234,1
235,0
236,1
237,0
238,1
239,0
240,0
241,0
242,1
243,0
244,0
245,0
246,1
247,0
248,1
249,1
250,0
251,1
252,0
253,1
254,1
255,0
256,0
257,1
258,0
259,1
260,0
261,1
262,0
263,1
264,1
265,1
266,1
267,1
268,0
269,0
270,1
271,0
272,0
273,0
274,1
275,0
276,0
277,0
278,0
279,1
280,1
281,1
282,0
283,0
284,0
285,1
286,1
287,0
288,1
289,0
290,1
291,0
292,0
293,0
294,0
295,0
296,0
297,1
298,0
299,1
300,0
301,0
302,1
303,1
304,1
305,0
306,1
307,1
308,0
309,0
310,1
311,0
312,0
313,0
314,0
315,0
316,1
317,1
318,0
319,1
320,1
321,0
322,0
323,0
324,1
325,0
326,0
327,1
328,1
329,0
330,1
331,1
332,0
333,0
334,1
335,1
336,1
337,0
338,0
339,0
340,0
341,1
342,0
343,0
344,1
345,0
346,1
347,0
348,1
349,1
350,0
351,1
352,0
353,0
354,1
355,0
356,1
357,0
358,0
359,0
360,0
361,0
362,0
363,0
364,0
365,0
366,1
367,1
368,0
369,1
370,0
371,1
372,1
373,1
374,0
375,1
376,1
377,0
378,1
379,0
380,0
381,0
382,0
383,0
384,0
385,0
386,1
387,0
388,0
389,0
390,0
391,0
392,1
393,1
394,0
395,0
396,0
397,0
398,1
399,0
400,0
401,0
402,1
403,0
404,1
405,0
406,1
407,0
408,0
409,1
410,0
411,0
412,0
413,0
414,1
415,0
416,0
417,0
418,0
419,1
420,0
421,0
422,0
423,1
424,0
425,0
426,1
427,0
428,0
429,1
430,0
431,0
432,0
433,0
434,0
435,0
436,1
437,0
438,0
439,0
440,0
441,0
442,0
443,0
444,0
445,1
446,0
447,0
448,0
449,0
450,1
451,0
452,0
453,0
454,0
455,1
456,0
457,0
458,1
459,0
460,1
461,0
462,0
463,1
464,1
465,0
466,0
467,0
468,0
469,1
470,1
471,1
472,1
473,1
474,1
475,0
476,1
477,0
478,0
479,0
480,0
481,0
482,0
483,0
484,1
485,1
486,1
487,0
488,0
489,0
490,0
491,0
492,1
493,0
494,0
495,1
496,1
497,1
498,0
499,1
500,0
501,0
502,0
503,1
504,1
505,0
506,1
507,0
508,1
509,0
510,0
511,0
512,0
513,0
514,0
515,0
516,0
517,0
518,1
519,0
520,0
521,0
522,1
523,0
524,1
525,0
526,1
527,0
528,0
529,1
530,0
531,1
532,0
533,0
534,1
535,0
536,0
537,0
538,0
539,0
540,0
541,1
542,0
543,0
544,1
545,0
546,0
547,0
548,0
549,0
550,1
551,1
552,0
553,1
554,0
555,0
556,1
557,1
558,1
559,0
560,0
561,1
562,0
563,1
564,1
565,1
566,1
567,0
568,0
569,0
570,1
571,1
572,0
573,0
574,0
575,1
576,0
577,1
578,1
579,1
580,1
581,0
582,1
583,0
584,0
585,0
586,1
587,0
588,1
589,0
590,0
591,1
592,0
593,0
594,0
595,0
596,0
597,0
598,0
599,0
600,1
601,0
602,1
603,0
604,0
605,0
606,0
607,1
608,0
609,1
610,0
611,1
612,1
613,0
614,1
615,0
616,1
617,1
618,0
619,0
620,0
621,1
622,1
623,1
624,0
625,0
626,1
627,1
628,1
629,0
630,0
631,1
632,0
633,0
634,0
635,0
636,0
637,1
638,0
639,0
640,0
641,0
642,0
643,0
644,0
645,0
646,0
647,0
648,1
649,1
650,0
651,0
652,0
653,1
654,1
655,1
656,1
657,0
658,1
659,0
660,0
661,0
662,0
663,1
664,0
665,0
666,0
667,0
668,0
669,1
670,1
671,0
672,0
673,1
674,0
675,0
676,0
677,1
678,1
679,0
680,1
681,0
682,0
683,1
684,0
685,0
686,1
687,0
688,0
689,0
690,0
691,0
692,1
693,0
694,0
695,0
696,1
697,0
698,0
699,0
700,0
701,1
702,0
703,0
704,0
705,1
706,1
707,0
708,0
709,0
710,0
711,0
712,1
713,0
714,0
715,1
716,1
717,0
718,0
719,0
720,1
721,0
722,0
723,0
724,1
725,0
726,0
727,0
728,1
729,0
730,0
731,0
732,1
733,1
734,0
735,0
736,0
737,0
738,0
739,0
740,1
741,0
742,0
743,0
744,0
745,0
746,0
747,0
748,0
749,0
750,0
751,0
752,0
753,1
754,0
755,1
756,1
757,1
758,0
759,0
760,0
761,0
762,0
763,1
764,0
765,1
766,0
767,1
768,0
769,0
770,1
771,1
772,0
773,1
774,0
775,0
776,0
777,0
778,0
779,1
780,0
781,1
782,0
783,0
784,1
785,0
786,1
787,1
788,1
789,0
790,0
791,0
792,1
793,1
794,1
795,0
796,0
797,0
798,1
799,0
800,0
801,0
802,0
803,1
804,0
805,1
806,1
807,1
808,1
809,0
810,1
811,1
812,0
813,1
814,1
815,1
816,1
817,0
818,1
819,1
820,1
821,0
822,0
823,1
824,0
825,0
826,1
827,1
828,0
829,1
830,1
831,0
832,0
833,1
834,0
835,0
836,1
837,1
838,0
839,1
840,0
841,0
842,1
843,0
844,0
845,0
846,0
847,0
848,1
849,0
850,0
851,0
852,0
853,1
854,0
855,0
856,0
857,0
858,0
859,1
860,0
861,0
862,1
863,0
864,1
865,1
866,0
867,1
868,0
869,1
870,1
871,0
872,0
873,1
874,0
875,0
876,0
877,0
878,0
879,0
880,1
881,1
882,0
883,1
884,0
885,1
886,0
887,1
888,1
889,0
890,0
891,1
892,0
893,0
894,0
895,1
896,0
897,0
898,1
899,1
900,1
901,1
902,0
903,0
904,0
905,1
906,0
907,1
908,0
909,0
910,0
911,0
912,0
913,0
914,1
915,1
916,0
917,0
918,0
919,1
920,0
921,0
922,1
923,0
924,0
925,0
926,0
927,0
928,0
929,0
930,0
931,1
932,0
933,0
934,0
935,0
936,0
937,0
938,0
939,0
940,0
941,1
942,0
943,0
944,0
945,0
946,0
947,0
948,1
949,1
950,0
951,0
952,0
953,0
954,1
955,0
956,0
957,0
958,1
959,1
960,0
961,1
962,0
963,0
964,1
965,1
966,1
967,1
968,0
969,0
970,1
971,0
972,0
973,1
974,0
975,0
976,0
977,0
978,0
979,0
980,1
981,0
982,0
983,0
984,0
985,1
986,0
987,0
988,0
989,1
990,1
991,0
992,0
993,1
994,1
995,0
996,1
997,0
998,0
999,0
1000,0
1001,0
1002,1
1003,0
1004,0
1005,1
1006,0
1007,0
1008,0
1009,1
1010,1
1011,0
1012,0
1013,0
1014,1
1015,0
1016,0
1017,1
1018,1
1019,1
1020,0
1021,1
1022,1
1023,0
1024,0
1025,0
1026,0
1027,0
1028,0
1029,0
1030,0
1031,0
1032,0
1033,1
1034,0
1035,0
1036,0
1037,0
1038,0
1039,1
1040,1
1041,1
1042,1
1043,1
1044,0
1045,0
1046,0
1047,0
1048,0
1049,1
1050,0
1051,0
1052,0
1053,0
1054,0
1055,0
1056,1
1057,1
1058,0
1059,0
1060,1
1061,1
1062,1
1063,1
1064,0
1065,0
1066,0
1067,0
1068,0
1069,0
1070,0
1071,0
1072,0
1073,0
1074,0
1075,1
1076,0
1077,0
1078,0
1079,0
1080,1
1081,0
1082,0
1083,0
1084,1
1085,0
1086,0
1087,0
1088,0
1089,0
1090,1
1091,1
1092,1
1093,0
1094,0
1095,0
1096,1
1097,1
1098,1
1099,1
1100,0
1101,0
1102,0
1103,1
1104,0
1105,1
1106,1
1107,1
1108,1
1109,0
1110,0
1111,0
1112,1
1113,1
1114,0
1115,0
1116,0
1117,0
1118,0
1119,1
1120,0
1121,0
1122,0
1123,1
1124,0
1125,0
1126,0
1127,0
1128,0
1129,1
1130,1
1131,0
1132,1
1133,0
1134,1
1135,1
1136,0
1137,0
1138,1
1139,0
1140,1
1141,0
1142,1
1143,1
1144,0
1145,0
1146,0
1147,0
1148,0
1149,1
1150,0
1151,0
1152,1
1153,0
1154,0
1155,0
1156,1
1157,1
1158,0
1159,1
1160,0
1161,0
1162,0
1163,0
1164,1
1165,0
1166,0
1167,0
1168,0
1169,0
1170,1
1171,0
1172,1
1173,0
1174,0
1175,1
1176,0
1177,1
1178,1
1179,0
1180,1
1181,1
1182,1
1183,0
1184,1
1185,1
1186,0
1187,0
1188,0
1189,1
1190,1
1191,0
1192,0
1193,1
1194,1
1195,1
1196,1
1197,1
1198,0
1199,0
1200,0
1201,0
1202,0
1203,0
1204,0
1205,1
1206,0
1207,1
1208,0
1209,1
1210,0
1211,0
1212,0
1213,1
1214,1
1215,0
1216,1
1217,0
1218,0
1219,0
1220,0
1221,1
1222,0
1223,1
1224,0
1225,0
1226,0
1227,1
1228,0
1229,0
1230,1
1231,0
1232,1
1233,0
1234,0
1235,0
1236,1
1237,0
1238,1
1239,1
1240,1
1241,0
1242,1
1243,1
1244,0
1245,0
1246,1
1247,1
1248,1
1249,0
1250,0
1251,0
1252,0
1253,0
1254,0
1255,0
1256,0
1257,1
1258,0
1259,1
1260,0
1261,0
1262,0
1263,1
1264,0
1265,1
1266,1
1267,0
1268,0
1269,0
1270,1
1271,1
1272,0
1273,0
1274,0
1275,1
1276,1
1277,0
1278,0
1279,0
1280,0
1281,0
1282,1
1283,0
1284,0
1285,1
1286,1
1287,0
1288,0
1289,0
1290,0
1291,1
1292,0
1293,1
1294,0
1295,1
1296,1
1297,0
1298,1
1299,1
1300,0
1301,0
1302,1
1303,0
1304,0
1305,0
1306,0
1307,1
1308,1
1309,0
1310,0
1311,0
1312,1
1313,1
1314,0
1315,1
1316,0
1317,1
1318,0
1319,0
1320,0
1321,1
1322,0
1323,1
1324,1
1325,1
1326,0
1327,0
1328,1
1329,1
1330,0
1331,0
1332,0
1333,0
1334,1
1335,1
1336,0
1337,0
1338,0
1339,0
1340,1
1341,0
1342,0
1343,1
1344,1
1345,0
1346,0
1347,0
1348,0
1349,0
1350,1
1351,0
1352,0
1353,0
1354,0
1355,1
1356,1
1357,1
1358,1
1359,0
1360,0
1361,0
1362,0
1363,0
1364,1
1365,0
1366,0
1367,0
1368,0
1369,1
1370,0
1371,1
1372,0
1373,0
1374,1
1375,1
1376,1
1377,0
1378,0
1379,0
1380,0
1381,0
1382,0
1383,1
1384,1
1385,0
1386,0
1387,0
1388,0
1389,1
1390,0
1391,1
1392,0
1393,0
1394,0
1395,0
1396,0
1397,1
1398,0
1399,0
1400,0
1401,0
1402,1
1403,0
1404,1
1405,1
1406,1
1407,0
1408,0
1409,0
1410,0
1411,1
1412,1
1413,0
1414,1
1415,1
1416,0
1417,0
1418,1
1419,1
1420,1
1421,1
1422,0
1423,0
1424,1
1425,0
1426,1
1427,1
1428,0
1429,0
1430,0
1431,0
1432,1
1433,1
1434,1
1435,1
1436,0
1437,0
1438,0
1439,0
1440,0
1441,0
1442,1
1443,0
1444,0
1445,0
1446,0
1447,1
1448,0
1449,1
1450,0
1451,0
1452,1
1453,1
1454,1
1455,0
1456,1
1457,0
1458,0
1459,0
1460,0
1461,0
1462,0
1463,0
1464,0
1465,1
1466,1
1467,0
1468,0
1469,1
1470,0
1471,0
1472,0
1473,1
1474,1
1475,0
1476,0
1477,1
1478,0
1479,0
1480,0
1481,0
1482,0
1483,0
1484,1
1485,0
1486,1
1487,0
1488,0
1489,0
1490,0
1491,1
1492,1
1493,0
1494,0
1495,0
1496,0
1497,0
1498,0
1499,0
1500,1
1501,0
1502,0
1503,1
1504,1
1505,0
1506,0
1507,0
1508,1
1509,1
1510,0
1511,1
1512,0
1513,1
1514,1
1515,1
1516,1
1517,1
1518,0
1519,1
1520,0
1521,0
1522,0
1523,0
1524,1
1525,1
1526,1
1527,1
1528,1
1529,0
1530,0
1531,0
1532,1
1533,0
1534,0
1535,1
1536,1
1537,1
1538,1
1539,0
1540,1
1541,0
1542,0
1543,0
1544,0
1545,1
1546,0
1547,0
1548,1
1549,0
1550,1
1551,1
1552,0
1553,1
1554,1
1555,0
1556,1
1557,1
1558,1
1559,0
1560,1
1561,0
1562,0
1563,0
1564,0
1565,1
1566,1
1567,1
1568,0
1569,0
1570,0
1571,0
1572,0
1573,1
1574,0
1575,0
1576,0
1577,1
1578,0
1579,0
1580,1
1581,1
1582,1
1583,1
1584,1
1585,0
1586,1
1587,0
1588,0
1589,1
1590,1
1591,0
1592,0
1593,0
1594,1
1595,0
1596,1
1597,0
1598,1
1599,0
1600,1
1601,0
1602,0
1603,1
1604,1
1605,1
1606,0
1607,0
1608,0
1609,0
1610,0
1611,0
1612,0
1613,0
1614,0
1615,0
1616,1
1617,1
1618,0
1619,1
1620,0
1621,1
1622,0
1623,0
1624,0
1625,1
1626,0
1627,0
1628,0
1629,0
1630,0
1631,0
1632,1
1633,0
1634,1
1635,0
1636,0
1637,0
1638,0
1639,0
1640,0
1641,0
1642,0
1643,0
1644,0
1645,1
1646,0
1647,0
1648,1
1649,0
1650,0
1651,1
1652,1
1653,0
1654,0
1655,1
1656,0
1657,1
1658,0
1659,1
1660,0
1661,1
1662,0
1663,0
1664,1
1665,1
1666,1
1667,0
1668,1
1669,0
1670,1
1671,1
1672,0
1673,0
1674,0
1675,0
1676,1
1677,1
1678,0
1679,1
1680,0
1681,1
1682,0
1683,1
1684,0
1685,0
1686,0
1687,1
1688,0
1689,1
1690,1
1691,1
1692,1
1693,0
1694,0
1695,0
1696,0
1697,0
1698,1
1699,1
1700,0
1701,0
1702,0
1703,1
1704,0
1705,0
1706,1
1707,0
1708,0
1709,0
1710,0
1711,0
1712,1
1713,0
1714,1
1715,1
1716,0
1717,0
1718,0
1719,0
1720,1
1721,0
1722,0
1723,0
1724,0
1725,0
1726,1
1727,0
1728,0
1729,1
1730,0
1731,0
1732,1
1733,1
1734,1
1735,0
1736,0
1737,1
1738,0
1739,1
1740,1
1741,0
1742,0
1743,0
1744,1
1745,1
1746,0
1747,0
1748,0
1749,0
1750,0
1751,0
1752,0
1753,0
1754,0
1755,0
1756,1
1757,0
1758,0
1759,0
1760,0
1761,0
1762,0
1763,1
1764,0
1765,1
1766,0
1767,0
1768,0
1769,1
1770,0
1771,1
1772,0
1773,0
1774,0
1775,0
1776,1
1777,1
1778,0
1779,0
1780,0
1781,0
1782,0
1783,0
1784,0
1785,1
1786,1
1787,0
1788,0
1789,0
1790,1
1791,0
1792,1
1793,0
1794,0
1795,0
1796,0
1797,0
1798,0
1799,1
1800,1
1801,1
1802,0
1803,0
1804,0
1805,0
1806,1
1807,1
1808,0
1809,1
1810,0
1811,0
1812,0
1813,1
1814,0
1815,1
1816,0
1817,0
1818,0
1819,0
1820,0
1821,0
1822,1
1823,1
1824,0
1825,0
1826,0
1827,1
1828,0
1829,0
1830,0
1831,0
1832,0
1833,0
1834,1
1835,1
1836,0
1837,0
1838,1
1839,0
1840,0
1841,1
1842,1
1843,0
1844,1
1845,0
1846,1
1847,1
1848,0
1849,0
1850,0
1851,0
1852,1
1853,0
1854,1
1855,0
1856,0
1857,0
1858,1
1859,1
1860,0
1861,1
1862,0
1863,0
1864,1
1865,0
1866,0
1867,0
1868,0
1869,0
1870,0
1871,1
1872,0
1873,0
1874,0
1875,0
1876,1
1877,1
1878,1
1879,0
1880,0
1881,0
1882,0
1883,1
1884,0
1885,0
1886,0
1887,0
1888,1
1889,1
1890,1
1891,1
1892,0
1893,0
1894,0
1895,0
1896,1
1897,1
1898,0
1899,0
1900,1
1901,0
1902,0
1903,0
1904,1
1905,0
1906,1
1907,1
1908,0
1909,0
1910,0
1911,0
1912,0
1913,1
1914,0
1915,0
1916,0
1917,0
1918,0
1919,0
1920,0
1921,1
1922,0
1923,0
1924,1
1925,0
1926,0
1927,0
1928,1
1929,0
1930,0
1931,1
1932,0
1933,0
1934,0
1935,1
1936,1
1937,1
1938,0
1939,0
1940,1
1941,0
1942,1
1943,1
1944,0
1945,0
1946,0
1947,0
1948,0
1949,1
1950,0
1951,1
1952,0
1953,1
1954,0
1955,1
1956,1
1957,1
1958,0
1959,1
1960,1
1961,0
1962,0
1963,0
1964,0
1965,0
1966,0
1967,0
1968,0
1969,0
1970,1
1971,0
1972,1
1973,0
1974,0
1975,0
1976,0
1977,0
1978,1
1979,0
1980,0
1981,1
1982,0
1983,0
1984,1
1985,1
1986,1
1987,1
1988,0
1989,0
1990,1
1991,0
1992,1
1993,0
1994,1
1995,0
1996,1
1997,1
1998,1
1999,0
2000,1
2001,1
2002,1
2003,0
2004,0
2005,0
2006,0
2007,1
2008,1
2009,0
2010,0
2011,0
2012,1
2013,0
2014,1
2015,0
2016,1
2017,0
2018,1
2019,0
2020,0
2021,1
2022,1
2023,1
2024,1
2025,0
2026,0
2027,0
2028,1
2029,0
2030,0
2031,0
2032,0
2033,0
2034,1
2035,0
2036,0
2037,0
2038,0
2039,0
2040,0
2041,1
2042,0
2043,1
2044,0
2045,1
2046,0
2047,0
2048,1
2049,0
2050,1
2051,0
2052,0
2053,0
2054,0
2055,1
2056,0
2057,0
2058,0
2059,1
2060,1
2061,0
2062,0
2063,0
2064,0
2065,0
2066,0
2067,0
2068,0
2069,0
2070,0
2071,0
2072,0
2073,0
2074,0
2075,1
2076,0
2077,0
2078,0
2079,0
2080,0
2081,1
2082,1
2083,0
2084,1
2085,1
2086,0
2087,0
2088,1
2089,0
2090,1
2091,0
2092,0
2093,1
2094,1
2095,1
2096,1
2097,0
2098,1
2099,0
2100,0
2101,0
2102,0
2103,0
2104,0
2105,0
2106,0
2107,0
2108,0
2109,0
2110,1
2111,1
2112,1
2113,0
2114,0
2115,0
2116,0
2117,1
2118,0
2119,0
2120,0
2121,0
2122,1
2123,0
2124,0
2125,0
2126,0
2127,0
2128,0
2129,0
2130,1
2131,0
2132,0
2133,0
2134,1
2135,1
2136,1
2137,1
2138,0
2139,1
2140,0
2141,0
2142,1
2143,0
2144,0
2145,1
2146,0
2147,0
2148,1
2149,1
2150,1
2151,0
2152,0
2153,0
2154,1
2155,0
2156,0
2157,1
2158,1
2159,0
2160,0
2161,0
2162,0
2163,0
2164,0
2165,1
2166,0
2167,0
2168,0
2169,0
2170,1
2171,0
2172,0
2173,0
2174,0
2175,0
2176,1
2177,1
2178,0
2179,0
2180,0
2181,0
2182,0
2183,1
2184,0
2185,0
2186,0
2187,1
2188,0
2189,0
2190,0
2191,0
2192,0
2193,0
2194,0
2195,1
2196,0
2197,0
2198,0
2199,1
2200,1
2201,0
2202,0
2203,0
2204,1
2205,1
2206,1
2207,0
2208,1
2209,0
2210,1
2211,1
2212,0
2213,0
2214,0
2215,1
2216,0
2217,1
2218,1
2219,0
2220,1
2221,0
2222,0
2223,0
2224,1
2225,0
2226,1
2227,0
2228,0
2229,0
2230,0
2231,0
2232,0
2233,0
2234,0
2235,0
2236,0
2237,0
2238,1
2239,1
2240,1
2241,1
2242,0
2243,0
2244,0
2245,1
2246,0
2247,1
2248,0
2249,1
2250,0
2251,0
2252,1
2253,1
2254,0
2255,0
2256,1
2257,0
2258,0
2259,0
2260,0
2261,1
2262,0
2263,0
2264,1
2265,0
2266,0
2267,0
2268,1
2269,0
2270,0
2271,0
2272,0
2273,0
2274,1
2275,1
2276,0
2277,0
2278,0
2279,0
2280,0
2281,0
2282,0
2283,0
2284,1
2285,0
2286,1
2287,1
2288,0
2289,0
2290,0
2291,1
2292,0
2293,0
2294,0
2295,1
2296,0
2297,0
2298,0
2299,0
2300,1
2301,0
2302,1
2303,0
2304,1
2305,0
2306,0
2307,0
2308,0
2309,1
2310,0
2311,0
2312,1
2313,0
2314,0
2315,0
2316,0
2317,0
2318,1
2319,1
2320,0
2321,1
2322,0
2323,1
2324,1
2325,0
2326,0
2327,0
2328,0
2329,0
2330,0
2331,1
2332,1
2333,1
2334,1
2335,1
2336,0
2337,1
2338,0
2339,1
2340,0
2341,0
2342,0
2343,0
2344,0
2345,1
2346,0
2347,0
2348,0
2349,0
2350,1
2351,1
2352,0
2353,0
2354,0
2355,1
2356,0
2357,0
2358,0
2359,0
2360,0
2361,1
2362,0
2363,0
2364,0
2365,0
2366,0
2367,0
2368,0
2369,0
2370,0
2371,0
2372,0
2373,1
2374,0
2375,0
2376,1
2377,0
2378,1
2379,0
2380,0
2381,0
2382,0
2383,1
2384,0
2385,0
2386,0
2387,0
2388,0
2389,0
2390,1
2391,1
2392,0
2393,0
2394,0
2395,0
2396,1
2397,0
2398,0
2399,0
2400,1
2401,0
2402,1
2403,1
2404,0
2405,1
2406,0
2407,1
2408,1
2409,0
2410,0
2411,1
2412,0
2413,0
2414,1
2415,1
2416,1
2417,0
2418,0
2419,1
2420,0
2421,1
2422,1
2423,1
2424,0
2425,1
2426,0
2427,1
2428,0
2429,0
2430,1
2431,1
2432,1
2433,0
2434,0
2435,0
2436,0
2437,0
2438,1
2439,1
2440,1
2441,0
2442,0
2443,0
2444,1
2445,1
2446,1
2447,0
2448,0
2449,1
2450,0
2451,1
2452,0
2453,1
2454,1
2455,0
2456,0
2457,1
2458,0
2459,0
2460,0
2461,0
2462,1
2463,0
2464,1
2465,1
2466,0
2467,0
2468,0
2469,0
2470,1
2471,0
2472,1
2473,1
2474,0
2475,1
2476,0
2477,0
2478,0
2479,1
2480,1
2481,0
2482,1
2483,1
2484,0
2485,0
2486,1
2487,0
2488,0
2489,1
2490,0
2491,0
2492,0
2493,1
2494,0
2495,0
2496,1
2497,1
2498,0
2499,0
2500,1
2501,1
2502,0
2503,0
2504,1
2505,0
2506,1
2507,1
2508,0
2509,0
2510,1
2511,0
2512,0
2513,1
2514,0
2515,1
2516,0
2517,0
2518,0
2519,1
2520,1
2521,0
2522,0
2523,1
2524,0
2525,1
2526,1
2527,0
2528,0
2529,0
2530,0
2531,0
2532,1
2533,1
2534,1
2535,0
2536,0
2537,0
2538,1
2539,1
2540,0
2541,1
2542,1
2543,0
2544,0
2545,0
2546,0
2547,1
2548,0
2549,0
2550,1
2551,0
2552,1
2553,1
2554,0
2555,0
2556,1
2557,0
2558,0
2559,1
2560,1
2561,1
2562,1
2563,1
2564,0
2565,0
2566,1
2567,0
2568,0
2569,1
2570,0
2571,1
2572,0
2573,0
2574,0
2575,1
2576,0
2577,0
2578,0
2579,0
2580,0
2581,0
2582,0
2583,0
2584,0
2585,1
2586,1
2587,1
2588,1
2589,0
2590,0
2591,0
2592,0
2593,0
2594,1
2595,0
2596,1
2597,1
2598,0
2599,0
2600,1
2601,0
2602,1
2603,0
2604,1
2605,0
2606,0
2607,1
2608,0
2609,0
2610,0
2611,0
2612,0
2613,1
2614,0
2615,0
2616,1
2617,1
2618,1
2619,0
2620,1
2621,1
2622,1
2623,0
2624,0
2625,0
2626,1
2627,0
2628,0
2629,0
2630,1
2631,1
2632,0
2633,1
2634,0
2635,0
2636,0
2637,1
2638,0
2639,1
2640,1
2641,0
2642,0
2643,0
2644,0
2645,1
2646,0
2647,0
2648,0
2649,1
2650,1
2651,0
2652,1
2653,1
2654,0
2655,0
2656,1
2657,0
2658,1
2659,0
2660,1
2661,0
2662,0
2663,1
2664,0
2665,1
2666,0
2667,0
2668,0
2669,1
2670,1
2671,1
2672,0
2673,0
2674,0
2675,0
2676,1
2677,0
2678,0
2679,1
2680,0
2681,1
2682,0
2683,0
2684,0
2685,1
2686,0
2687,1
2688,1
2689,0
2690,1
2691,0
2692,0
2693,0
2694,1
2695,0
2696,1
2697,1
2698,0
2699,1
2700,1
2701,0
2702,0
2703,0
2704,1
2705,1
2706,0
2707,0
2708,0
2709,0
2710,0
2711,0
2712,0
2713,0
2714,0
2715,0
2716,0
2717,1
2718,0
2719,0
2720,1
2721,0
2722,0
2723,0
2724,1
2725,0
2726,1
2727,1
2728,0
2729,0
2730,1
2731,0
2732,0
2733,0
2734,1
2735,1
2736,0
2737,0
2738,0
2739,1
2740,0
2741,1
2742,1
2743,0
2744,0
2745,0
2746,0
2747,0
2748,0
2749,0
2750,1
2751,1
2752,0
2753,0
2754,1
2755,0
2756,0
2757,1
2758,1
2759,0
2760,0
2761,1
2762,0
2763,0
2764,1
2765,1
2766,0
2767,0
2768,0
2769,0
2770,0
2771,0
2772,0
2773,0
2774,1
2775,1
2776,1
2777,1
2778,1
2779,0
2780,0
2781,1
2782,1
2783,1
2784,0
2785,0
2786,0
2787,0
2788,1
2789,0
2790,1
2791,0
2792,0
2793,0
2794,1
2795,1
2796,1
2797,0
2798,0
2799,1
2800,0
2801,1
2802,1
2803,0
2804,0
2805,0
2806,0
2807,0
2808,0
2809,0
2810,1
2811,1
2812,1
2813,0
2814,0
2815,0
2816,1
2817,1
2818,1
2819,0
2820,0
2821,1
2822,0
2823,0
2824,0
2825,0
2826,0
2827,0
2828,0
2829,1
2830,1
2831,0
2832,0
2833,0
2834,0
2835,0
2836,0
2837,0
2838,0
2839,1
2840,1
2841,0
2842,0
2843,0
2844,0
2845,1
2846,0
2847,0
2848,1
2849,0
2850,0
2851,1
2852,0
2853,0
2854,1
2855,0
2856,0
2857,0
2858,1
2859,1
2860,1
2861,0
2862,0
2863,0
2864,1
2865,1
2866,0
2867,0
2868,0
2869,1
2870,0
2871,0
2872,1
2873,0
2874,1
2875,0
2876,0
2877,0
2878,0
2879,0
2880,0
2881,0
2882,0
2883,1
2884,1
2885,1
2886,1
2887,0
2888,1
2889,0
2890,0
2891,0
2892,1
2893,0
2894,0
2895,1
2896,0
2897,0
2898,1
2899,0
2900,0
2901,0
2902,1
2903,1
2904,1
2905,1
2906,0
2907,0
2908,0
2909,0
2910,0
2911,0
2912,0
2913,1
2914,0
2915,1
2916,1
2917,1
2918,1
2919,0
2920,1
2921,0
2922,1
2923,1
2924,1
2925,0
2926,0
2927,0
2928,1
2929,1
2930,0
2931,0
2932,1
2933,1
2934,0
2935,0
2936,1
2937,0
2938,0
2939,1
2940,0
2941,1
2942,0
2943,1
2944,1
2945,1
2946,1
2947,0
2948,1
2949,0
2950,0
2951,0
2952,1
2953,1
2954,0
2955,0
2956,0
2957,1
2958,0
2959,1
2960,0
2961,1
2962,0
2963,0
2964,1
2965,0
2966,0
2967,0
2968,0
2969,0
2970,1
2971,0
2972,0
2973,1
2974,0
2975,1
2976,0
2977,0
2978,0
2979,1
2980,1
2981,1
2982,0
2983,0
2984,1
2985,0
2986,1
2987,0
2988,0
2989,0
2990,1
2991,0
2992,0
2993,0
2994,0
2995,0
2996,0
2997,1
2998,0
2999,1
3000,1
3001,0
3002,0
3003,0
3004,1
3005,0
3006,0
3007,1
3008,0
3009,0
3010,1
3011,1
3012,1
3013,0
3014,0
3015,0
3016,0
3017,0
3018,0
3019,1
3020,0
3021,0
3022,0
3023,1
3024,0
3025,0
3026,1
3027,1
3028,0
3029,0
3030,0
3031,0
3032,0
3033,0
3034,0
3035,0
3036,1
3037,0
3038,1
3039,0
3040,1
3041,0
3042,0
3043,0
3044,0
3045,0
3046,0
3047,0
3048,1
3049,0
3050,1
3051,1
3052,0
3053,1
3054,0
3055,0
3056,1
3057,0
3058,1
3059,0
3060,1
3061,0
3062,0
3063,0
3064,0
3065,0
3066,0
3067,1
3068,1
3069,0
3070,1
3071,0
3072,0
3073,0
3074,0
3075,1
3076,0
3077,1
3078,1
3079,0
3080,1
3081,0
3082,0
3083,0
3084,0
3085,1
3086,0
3087,0
3088,1
3089,0
3090,0
3091,0
3092,0
3093,1
3094,1
3095,0
3096,0
3097,0
3098,1
3099,0
3100,0
3101,1
3102,0
3103,0
3104,0
3105,1
3106,1
3107,0
3108,1
3109,1
3110,1
3111,0
3112,0
3113,1
3114,0
3115,0
3116,1
3117,0
3118,1
3119,0
3120,0
3121,0
3122,0
3123,1
3124,0
3125,1
3126,0
3127,1
3128,0
3129,0
3130,0
3131,0
3132,0
3133,1
3134,0
3135,0
3136,1
3137,0
3138,0
3139,0
3140,1
3141,1
3142,1
3143,0
3144,0
3145,0
3146,1
3147,1
3148,0
3149,0
3150,1
3151,1
3152,1
3153,0
3154,0
3155,0
3156,0
3157,1
3158,1
3159,0
3160,0
3161,0
3162,1
3163,1
3164,0
3165,0
3166,0
3167,1
3168,1
3169,1
3170,0
3171,1
3172,0
3173,1
3174,0
3175,0
3176,0
3177,0
3178,0
3179,0
3180,0
3181,0
3182,0
3183,0
3184,1
3185,1
3186,0
3187,0
3188,1
3189,0
3190,1
3191,0
3192,1
3193,0
3194,0
3195,0
3196,0
3197,1
3198,0
3199,1
3200,0
3201,1
3202,1
3203,1
3204,0
3205,1
3206,0
3207,1
3208,0
3209,1
3210,1
3211,0
3212,0
3213,0
3214,0
3215,1
3216,0
3217,0
3218,0
3219,1
3220,1
3221,0
3222,1
3223,1
3224,0
3225,0
3226,0
3227,1
3228,0
3229,0
3230,0
3231,0
3232,1
3233,0
3234,0
3235,0
3236,0
3237,0
3238,1
3239,1
3240,1
3241,0
3242,1
3243,0
3244,1
3245,0
3246,1
3247,0
3248,0
3249,1
3250,1
3251,1
3252,1
3253,0
3254,0
3255,0
3256,0
3257,1
3258,0
3259,0
3260,0
3261,1
3262,0
3263,0
3264,1
3265,1
3266,1
3267,1
3268,0
3269,0
3270,0
3271,0
3272,1
3273,0
3274,0
3275,0
3276,0
3277,0
3278,0
3279,1
3280,0
3281,1
3282,1
3283,1
3284,0
3285,1
3286,1
3287,1
3288,0
3289,0
3290,1
3291,0
3292,0
3293,0
3294,0
3295,0
3296,0
3297,0
3298,1
3299,1
3300,0
3301,1
3302,0
3303,0
3304,0
3305,0
3306,1
3307,1
3308,1
3309,0
3310,0
3311,0
3312,0
3313,0
3314,1
3315,1
3316,1
3317,1
3318,0
3319,0
3320,0
3321,0
3322,0
3323,0
3324,1
3325,0
3326,0
3327,1
3328,0
3329,0
3330,1
3331,0
3332,0
3333,1
3334,1
3335,0
3336,1
3337,1
3338,0
3339,0
3340,1
3341,0
3342,1
3343,0
3344,1
3345,1
3346,1
3347,0
3348,0
3349,0
3350,0
3351,0
3352,0
3353,0
3354,0
3355,1
3356,1
3357,0
3358,0
3359,0
3360,0
3361,0
3362,1
3363,0
3364,1
3365,0
3366,0
3367,1
3368,0
3369,1
3370,0
3371,0
3372,0
3373,0
3374,1
3375,0
3376,1
3377,0
3378,0
3379,1
3380,1
3381,0
3382,0
3383,0
3384,1
3385,1
3386,0
3387,0
3388,0
3389,1
3390,1
3391,0
3392,0
3393,1
3394,0
3395,0
3396,0
3397,1
3398,1
3399,0
3400,1
3401,1
3402,1
3403,0
3404,0
3405,0
3406,0
3407,0
3408,0
3409,1
3410,0
3411,1
3412,1
3413,0
3414,0
3415,1
3416,0
3417,0
3418,1
3419,1
3420,1
3421,1
3422,0
3423,1
3424,1
3425,0
3426,1
3427,0
3428,0
3429,0
3430,1
3431,0
3432,0
3433,0
3434,0
3435,0
3436,0
3437,1
3438,0
3439,0
3440,0
3441,0
3442,1
3443,1
3444,0
3445,1
3446,0
3447,1
3448,0
3449,1
3450,1
3451,0
3452,1
3453,0
3454,0
3455,0
3456,1
3457,0
3458,0
3459,1
3460,0
3461,1
3462,1
3463,0
3464,1
3465,1
3466,1
3467,0
3468,0
3469,0
3470,0
3471,1
3472,0
3473,0
3474,1
3475,0
3476,1
3477,1
3478,0
3479,0
3480,0
3481,0
3482,1
3483,0
3484,0
3485,0
3486,1
3487,1
3488,1
3489,0
3490,1
3491,0
3492,1
3493,1
3494,1
3495,1
3496,0
3497,0
3498,0
3499,1
3500,0
3501,0
3502,1
3503,1
3504,0
3505,0
3506,0
3507,0
3508,1
3509,1
3510,1
3511,0
3512,0
3513,0
3514,1
3515,1
3516,0
3517,0
3518,1
3519,0
3520,0
3521,1
3522,1
3523,0
3524,0
3525,0
3526,1
3527,0
3528,1
3529,0
3530,0
3531,0
3532,1
3533,1
3534,0
3535,0
3536,1
3537,0
3538,0
3539,0
3540,0
3541,1
3542,1
3543,0
3544,0
3545,0
3546,0
3547,0
3548,0
3549,1
3550,0
3551,0
3552,0
3553,0
3554,1
3555,1
3556,0
3557,1
3558,0
3559,1
3560,0
3561,1
3562,0
3563,0
3564,0
3565,0
3566,0
3567,1
3568,0
3569,0
3570,0
3571,1
3572,0
3573,1
3574,0
3575,0
3576,1
3577,0
3578,0
3579,0
3580,1
3581,0
3582,1
3583,0
3584,1
3585,0
3586,1
3587,0
3588,0
3589,0
3590,0
3591,1
3592,1
3593,1
3594,0
3595,1
3596,0
3597,0
3598,1
3599,0
3600,1
3601,0
3602,1
3603,1
3604,0
3605,0
3606,0
3607,0
3608,0
3609,0
3610,1
3611,0
3612,0
3613,0
3614,1
3615,0
3616,0
3617,0
3618,1
3619,0
3620,0
3621,1
3622,0
3623,0
3624,1
3625,1
3626,0
3627,0
3628,1
3629,0
3630,1
3631,0
3632,0
3633,0
3634,1
3635,1
3636,0
3637,0
3638,0
3639,0
3640,1
3641,0
3642,1
3643,0
3644,0
3645,1
3646,1
3647,0
3648,0
3649,0
3650,0
3651,0
3652,0
3653,0
3654,0
3655,0
3656,1
3657,1
3658,1
3659,1
3660,1
3661,0
3662,0
3663,1
3664,0
3665,0
3666,0
3667,1
3668,1
3669,0
3670,0
3671,0
3672,1
3673,0
3674,0
3675,1
3676,1
3677,1
3678,1
3679,0
3680,0
3681,0
3682,0
3683,0
3684,0
3685,1
3686,1
3687,0
3688,0
3689,0
3690,1
3691,0
3692,0
3693,0
3694,0
3695,1
3696,0
3697,0
3698,0
3699,1
3700,0
3701,0
3702,0
3703,1
3704,1
3705,1
3706,1
3707,0
3708,1
3709,0
3710,0
3711,0
3712,1
3713,1
3714,1
3715,1
3716,0
3717,1
3718,1
3719,0
3720,0
3721,1
3722,1
3723,0
3724,1
3725,0
3726,0
3727,1
3728,1
3729,0
3730,0
3731,1
3732,0
3733,1
3734,0
3735,0
3736,0
3737,0
3738,0
3739,1
3740,1
3741,0
3742,1
3743,1
3744,0
3745,0
3746,0
3747,0
3748,0
3749,0
3750,1
3751,0
3752,0
3753,0
3754,0
3755,0
3756,0
3757,0
3758,0
3759,1
3760,0
3761,0
3762,0
3763,0
3764,1
3765,1
3766,1
3767,0
3768,0
3769,0
3770,0
3771,1
3772,0
3773,0
3774,0
3775,0
3776,0
3777,1
3778,1
3779,0
3780,1
3781,0
3782,0
3783,0
3784,1
3785,0
3786,0
3787,0
3788,0
3789,0
3790,1
3791,1
3792,1
3793,0
3794,0
3795,0
3796,1
3797,0
3798,1
3799,0
3800,0
3801,1
3802,0
3803,1
3804,0
3805,0
3806,1
3807,0
3808,0
3809,1
3810,0
3811,1
3812,0
3813,0
3814,0
3815,0
3816,0
3817,1
3818,1
3819,1
3820,0
3821,1
3822,1
3823,0
3824,0
3825,1
3826,1
3827,1
3828,0
3829,0
3830,0
3831,0
3832,1
3833,0
3834,0
3835,1
3836,0
3837,1
3838,0
3839,1
3840,1
3841,0
3842,0
3843,0
3844,0
3845,1
3846,0
3847,0
3848,1
3849,1
3850,1
3851,0
3852,1
3853,1
3854,0
3855,0
3856,1
3857,1
3858,0
3859,1
3860,0
3861,0
3862,0
3863,1
3864,0
3865,0
3866,1
3867,0
3868,0
3869,0
3870,1
3871,1
3872,0
3873,1
3874,0
3875,1
3876,0
3877,0
3878,1
3879,0
3880,0
3881,1
3882,1
3883,0
3884,0
3885,0
3886,0
3887,0
3888,0
3889,1
3890,0
3891,0
3892,1
3893,1
3894,0
3895,0
3896,1
3897,1
3898,1
3899,0
3900,1
3901,1
3902,0
3903,0
3904,1
3905,0
3906,0
3907,1
3908,0
3909,0
3910,0
3911,0
3912,1
3913,1
3914,0
3915,0
3916,0
3917,0
3918,1
3919,1
3920,1
3921,0
3922,0
3923,0
3924,0
3925,0
3926,1
3927,1
3928,0
3929,0
3930,1
3931,1
3932,0
3933,0
3934,1
3935,1
3936,0
3937,0
3938,0
3939,1
3940,0
3941,0
3942,1
3943,1
3944,0
3945,0
3946,1
3947,0
3948,0
3949,1
3950,1
3951,0
3952,0
3953,0
3954,0
3955,1
3956,1
3957,0
3958,1
3959,0
3960,0
3961,0
3962,0
3963,0
3964,1
3965,0
3966,0
3967,0
3968,0
3969,1
3970,0
3971,0
3972,1
3973,1
3974,0
3975,1
3976,0
3977,0
3978,1
3979,1
3980,0
3981,1
3982,0
3983,0
3984,0
3985,0
3986,1
3987,0
3988,0
3989,0
3990,0
3991,0
3992,1
3993,1
3994,1
3995,0
3996,0
3997,1
3998,0
3999,0
4000,1
4001,0
4002,0
4003,0
4004,0
4005,1
4006,0
4007,1
4008,1
4009,0
4010,1
4011,1
4012,0
4013,0
4014,0
4015,0
4016,0
4017,0
4018,0
4019,0
4020,1
4021,0
4022,0
4023,1
4024,0
4025,1
4026,0
4027,0
4028,0
4029,1
4030,1
4031,0
4032,0
4033,0
4034,0
4035,1
4036,1
4037,0
4038,0
4039,0
4040,0
4041,0
4042,0
4043,0
4044,0
4045,0
4046,0
4047,0
4048,1
4049,0
4050,1
4051,0
4052,0
4053,0
4054,0
4055,1
4056,0
4057,0
4058,0
4059,1
4060,0
4061,0
4062,0
4063,0
4064,0
4065,0
4066,0
4067,1
4068,0
4069,1
4070,1
4071,0
4072,0
4073,1
4074,0
4075,0
4076,1
4077,1
4078,0
4079,1
4080,1
4081,0
4082,0
4083,1
4084,1
4085,0
4086,0
4087,1
4088,0
4089,0
4090,1
4091,0
4092,0
4093,0
4094,0
4095,0
4096,0
4097,0
4098,1
4099,1
4100,1
4101,0
4102,0
4103,0
4104,1
4105,0
4106,0
4107,1
4108,0
4109,0
4110,0
4111,1
4112,0
4113,1
4114,0
4115,0
4116,0
4117,0
4118,1
4119,0
4120,0
4121,0
4122,1
4123,0
4124,0
4125,0
4126,1
4127,0
4128,0
4129,0
4130,0
4131,1
4132,1
4133,1
4134,1
4135,1
4136,1
4137,0
4138,1
4139,1
4140,1
4141,1
4142,0
4143,1
4144,0
4145,1
4146,1
4147,0
4148,0
4149,1
4150,1
4151,0
4152,0
4153,0
4154,1
4155,0
4156,0
4157,0
4158,0
4159,1
4160,1
4161,1
4162,0
4163,1
4164,0
4165,0
4166,1
4167,0
4168,0
4169,1
4170,1
4171,0
4172,0
4173,0
4174,0
4175,0
4176,1
4177,0
4178,1
4179,1
4180,0
4181,0
4182,0
4183,0
4184,0
4185,0
4186,0
4187,1
4188,1
4189,0
4190,1
4191,0
4192,0
4193,0
4194,1
4195,0
4196,0
4197,0
4198,0
4199,1
4200,0
4201,1
4202,1
4203,0
4204,0
4205,0
4206,0
4207,0
4208,0
4209,1
4210,0
4211,1
4212,0
4213,0
4214,1
4215,1
4216,0
4217,0
4218,0
4219,0
4220,0
4221,0
4222,1
4223,0
4224,0
4225,0
4226,0
4227,1
4228,1
4229,0
4230,0
4231,0
4232,0
4233,0
4234,0
4235,0
4236,0
4237,0
4238,0
4239,0
4240,0
4241,1
4242,0
4243,0
4244,1
4245,0
4246,0
4247,0
4248,0
4249,0
4250,0
4251,1
4252,1
4253,1
4254,1
4255,1
4256,0
4257,0
4258,0
4259,0
4260,1
4261,0
4262,1
4263,0
4264,1
4265,1
4266,1
4267,0
4268,0
4269,0
4270,0
4271,1
4272,0
4273,1
4274,1
4275,0
4276,0
4277,1
4278,0
4279,0
4280,0
4281,0
4282,0
4283,0
4284,0
4285,0
4286,1
4287,0
4288,0
4289,0
4290,0
4291,0
4292,0
4293,0
4294,1
4295,1
4296,0
4297,0
4298,0
4299,0
4300,0
4301,1
4302,1
4303,0
4304,0
4305,1
4306,0
4307,0
4308,1
4309,0
4310,1
4311,0
4312,0
4313,0
4314,0
4315,0
4316,0
4317,0
4318,0
4319,0
4320,0
4321,0
4322,0
4323,1
4324,0
4325,0
4326,0
4327,0
4328,0
4329,0
4330,0
4331,0
4332,0
4333,0
4334,0
4335,1
4336,1
4337,0
4338,1
4339,1
4340,0
4341,1
4342,1
4343,0
4344,0
4345,1
4346,1
4347,0
4348,0
4349,0
4350,1
4351,0
4352,0
4353,0
4354,0
4355,1
4356,0
4357,1
4358,1
4359,0
4360,1
4361,0
4362,1
4363,1
4364,1
4365,0
4366,1
4367,0
4368,0
4369,1
4370,0
4371,1
4372,0
4373,0
4374,1
4375,1
4376,0
4377,1
4378,1
4379,0
4380,0
4381,0
4382,0
4383,0
4384,0
4385,1
4386,0
4387,1
4388,1
4389,1
4390,0
4391,0
4392,0
4393,0
4394,1
4395,0
4396,1
4397,1
4398,1
4399,0
4400,1
4401,0
4402,1
4403,1
4404,0
4405,0
4406,0
4407,0
4408,0
4409,0
4410,0
4411,0
4412,0
4413,1
4414,1
4415,0
4416,1
4417,0
4418,1
4419,0
4420,1
4421,0
4422,0
4423,1
4424,0
4425,0
4426,0
4427,0
4428,0
4429,0
4430,0
4431,1
4432,0
4433,0
4434,1
4435,1
4436,0
4437,1
4438,1
4439,0
4440,0
4441,0
4442,1
4443,0
4444,0
4445,1
4446,0
4447,0
4448,0
4449,1
4450,0
4451,0
4452,1
4453,1
4454,0
4455,0
4456,1
4457,0
4458,1
4459,0
4460,1
4461,1
4462,0
4463,0
4464,1
4465,0
4466,0
4467,0
4468,0
4469,0
4470,0
4471,0
4472,1
4473,0
4474,0
4475,0
4476,1
4477,0
4478,0
4479,0
4480,0
4481,0
4482,0
4483,1
4484,1
4485,1
4486,0
4487,0
4488,0
4489,0
4490,1
4491,0
4492,0
4493,1
4494,0
4495,1
4496,0
4497,0
4498,1
4499,1
4500,1
4501,1
4502,0
4503,0
4504,0
4505,0
4506,0
4507,0
4508,0
4509,1
4510,1
4511,0
4512,0
4513,0
4514,0
4515,0
4516,0
4517,0
4518,0
4519,0
4520,0
4521,0
4522,1
4523,0
4524,0
4525,0
4526,0
4527,0
4528,0
4529,1
4530,0
4531,1
4532,0
4533,1
4534,1
4535,1
4536,0
4537,0
4538,0
4539,0
4540,0
4541,0
4542,1
4543,0
4544,1
4545,1
4546,1
4547,0
4548,0
4549,1
4550,0
4551,0
4552,0
4553,0
4554,0
4555,1
4556,0
4557,1
4558,0
4559,1
4560,1
4561,1
4562,1
4563,1
4564,1
4565,1
4566,0
4567,1
4568,0
4569,1
4570,0
4571,0
4572,0
4573,0
4574,1
4575,0
4576,1
4577,1
4578,0
4579,0
4580,0
4581,1
4582,0
4583,1
4584,1
4585,0
4586,1
4587,1
4588,0
4589,1
4590,0
4591,1
4592,1
4593,0
4594,1
4595,0
4596,1
4597,0
4598,1
4599,0
4600,0
4601,0
4602,0
4603,0
4604,0
4605,0
4606,0
4607,0
4608,0
4609,0
4610,1
4611,1
4612,1
4613,1
4614,1
4615,0
4616,0
4617,0
4618,0
4619,0
4620,0
4621,0
4622,0
4623,0
4624,0
4625,1
4626,0
4627,0
4628,0
4629,0
4630,1
4631,0
4632,0
4633,0
4634,0
4635,1
4636,1
4637,0
4638,0
4639,1
4640,0
4641,1
4642,1
4643,0
4644,1
4645,0
4646,0
4647,0
4648,0
4649,0
4650,1
4651,0
4652,1
4653,0
4654,1
4655,0
4656,0
4657,0
4658,0
4659,0
4660,1
4661,0
4662,1
4663,0
4664,0
4665,0
4666,0
4667,0
4668,0
4669,1
4670,1
4671,1
4672,0
4673,0
4674,0
4675,0
4676,0
4677,0
4678,0
4679,1
4680,0
4681,0
4682,0
4683,1
4684,0
4685,0
4686,0
4687,0
4688,0
4689,0
4690,0
4691,0
4692,1
4693,0
4694,1
4695,0
4696,1
4697,0
4698,1
4699,0
4700,0
4701,1
4702,0
4703,0
4704,0
4705,0
4706,1
4707,0
4708,0
4709,1
4710,1
4711,0
4712,0
4713,0
4714,1
4715,1
4716,0
4717,0
4718,0
4719,0
4720,1
4721,0
4722,0
4723,1
4724,0
4725,0
4726,0
4727,0
4728,0
4729,0
4730,0
4731,0
4732,0
4733,0
4734,1
4735,0
4736,1
4737,0
4738,1
4739,1
4740,0
4741,0
4742,0
4743,0
4744,0
4745,1
4746,1
4747,0
4748,1
4749,1
4750,1
4751,1
4752,1
4753,0
4754,1
4755,0
4756,0
4757,0
4758,1
4759,0
4760,1
4761,0
4762,1
4763,0
4764,1
4765,1
4766,0
4767,1
4768,0
4769,0
4770,1
4771,0
4772,1
4773,0
4774,1
4775,0
4776,1
4777,0
4778,0
4779,1
4780,0
4781,0
4782,0
4783,0
4784,1
4785,1
4786,1
4787,0
4788,1
4789,1
4790,0
4791,0
4792,1
4793,1
4794,0
4795,1
4796,0
4797,1
4798,0
4799,0
4800,1
4801,1
4802,0
4803,0
4804,0
4805,1
4806,0
4807,0
4808,0
4809,1
4810,1
4811,1
4812,0
4813,0
4814,0
4815,1
4816,1
4817,1
4818,0
4819,0
4820,0
4821,0
4822,0
4823,0
4824,1
4825,0
4826,1
4827,1
4828,0
4829,1
4830,0
4831,0
4832,0
4833,1
4834,1
4835,1
4836,1
4837,0
4838,1
4839,0
4840,1
4841,1
4842,1
4843,0
4844,0
4845,0
4846,0
4847,0
4848,1
4849,1
4850,0
4851,1
4852,1
4853,1
4854,0
4855,0
4856,0
4857,0
4858,0
4859,0
4860,1
4861,0
4862,1
4863,1
4864,0
4865,1
4866,1
4867,1
4868,1
4869,1
4870,1
4871,0
4872,0
4873,0
4874,0
4875,1
4876,0
4877,1
4878,1
4879,0
4880,0
4881,1
4882,0
4883,1
4884,1
4885,0
4886,0
4887,0
4888,0
4889,0
4890,0
4891,0
4892,1
4893,0
4894,1
4895,0
4896,0
4897,1
4898,1
4899,1
4900,0
4901,0
4902,1
4903,0
4904,0
4905,1
4906,1
4907,0
4908,0
4909,1
4910,1
4911,0
4912,1
4913,1
4914,0
4915,1
4916,1
4917,0
4918,0
4919,1
4920,0
4921,0
4922,0
4923,0
4924,0
4925,0
4926,1
4927,1
4928,1
4929,0
4930,0
4931,1
4932,1
4933,0
4934,1
4935,0
4936,1
4937,0
4938,0
4939,1
4940,1
4941,0
4942,0
4943,0
4944,0
4945,0
4946,0
4947,1
4948,0
4949,0
4950,1
4951,1
4952,0
4953,1
4954,1
4955,1
4956,1
4957,0
4958,0
4959,1
4960,1
4961,0
4962,0
4963,0
4964,1
4965,0
4966,1
4967,0
4968,0
4969,1
4970,0
4971,1
4972,0
4973,1
4974,0
4975,0
4976,1
4977,1
4978,0
4979,1
4980,0
4981,1
4982,0
4983,0
4984,0
4985,1
4986,0
4987,0
4988,1
4989,0
4990,0
4991,1
4992,0
4993,0
4994,0
4995,0
4996,0
4997,0
4998,1
4999,0
5000,0
5001,0
5002,0
5003,0
5004,1
5005,1
5006,0
5007,1
5008,0
5009,0
5010,0
5011,1
5012,1
5013,0
5014,0
5015,1
5016,1
5017,0
5018,0
5019,0
5020,0
5021,0
5022,1
5023,0
5024,0
5025,1
5026,1
5027,0
5028,0
5029,0
5030,0
5031,1
5032,0
5033,0
5034,0
5035,0
5036,0
5037,0
5038,1
5039,0
5040,0
5041,0
5042,1
5043,0
5044,1
5045,0
5046,1
5047,0
5048,0
5049,0
5050,0
5051,0
5052,1
5053,0
5054,0
5055,0
5056,1
5057,0
5058,0
5059,0
5060,1
5061,0
5062,1
5063,0
5064,0
5065,0
5066,0
5067,0
5068,1
5069,0
5070,1
5071,0
5072,0
5073,0
5074,1
5075,0
5076,1
5077,1
5078,0
5079,1
5080,1
5081,1
5082,0
5083,0
5084,0
5085,0
5086,1
5087,0
5088,1
5089,0
5090,1
5091,1
5092,1
5093,1
5094,1
5095,0
5096,1
5097,1
5098,1
5099,0
5100,0
5101,0
5102,0
5103,0
5104,0
5105,1
5106,0
5107,1
5108,0
5109,0
5110,0
5111,0
5112,1
5113,0
5114,1
5115,0
5116,1
5117,0
5118,0
5119,1
5120,0
5121,1
5122,0
5123,1
5124,1
5125,0
5126,1
5127,0
5128,0
5129,1
5130,0
5131,1
5132,0
5133,0
5134,0
5135,0
5136,0
5137,1
5138,0
5139,1
5140,1
5141,1
5142,0
5143,1
5144,1
5145,1
5146,1
5147,0
5148,1
5149,1
5150,1
5151,0
5152,0
5153,0
5154,0
5155,1
5156,1
5157,1
5158,0
5159,1
5160,1
5161,1
5162,0
5163,0
5164,0
5165,0
5166,1
5167,1
5168,0
5169,1
5170,0
5171,0
5172,1
5173,0
5174,0
5175,0
5176,1
5177,0
5178,0
5179,0
5180,0
5181,0
5182,0
5183,0
5184,0
5185,1
5186,0
5187,1
5188,1
5189,0
5190,0
5191,0
5192,0
5193,0
5194,1
5195,0
5196,0
5197,0
5198,0
5199,0
5200,1
5201,0
5202,0
5203,0
5204,0
5205,1
5206,0
5207,0
5208,0
5209,1
5210,1
5211,1
5212,0
5213,0
5214,0
5215,1
5216,0
5217,0
5218,0
5219,1
5220,1
5221,0
5222,0
5223,0
5224,0
5225,0
5226,0
5227,0
5228,0
5229,1
5230,0
5231,0
5232,0
5233,0
5234,0
5235,1
5236,1
5237,1
5238,1
5239,1
5240,0
5241,0
5242,1
5243,1
5244,0
5245,0
5246,1
5247,0
5248,0
5249,0
5250,0
5251,1
5252,0
5253,1
5254,1
5255,0
5256,0
5257,0
5258,0
5259,0
5260,0
5261,0
5262,1
5263,1
5264,0
5265,1
5266,0
5267,0
5268,0
5269,1
5270,0
5271,0
5272,0
5273,0
5274,1
5275,0
5276,1
5277,1
5278,1
5279,0
5280,0
5281,0
5282,1
5283,0
5284,0
5285,0
5286,1
5287,1
5288,0
5289,0
5290,0
5291,0
5292,1
5293,0
5294,0
5295,1
5296,0
5297,0
5298,1
5299,1
5300,0
5301,1
5302,0
5303,0
5304,0
5305,1
5306,1
5307,0
5308,0
5309,0
5310,0
5311,0
5312,0
5313,0
5314,0
5315,0
5316,0
5317,0
5318,0
5319,0
5320,0
5321,1
5322,1
5323,0
5324,0
5325,1
5326,1
5327,1
5328,1
5329,0
5330,0
5331,0
5332,0
5333,1
5334,1
5335,0
5336,0
5337,0
5338,1
5339,0
5340,0
5341,0
5342,1
5343,1
5344,0
5345,1
5346,0
5347,0
5348,0
5349,0
5350,0
5351,1
5352,1
5353,0
5354,1
5355,1
5356,1
5357,0
5358,1
5359,1
5360,0
5361,1
5362,1
5363,1
5364,0
5365,1
5366,0
5367,0
5368,0
5369,1
5370,1
5371,0
5372,0
5373,1
5374,1
5375,0
5376,1
5377,1
5378,0
5379,1
5380,0
5381,0
5382,1
5383,1
5384,0
5385,0
5386,0
5387,0
5388,1
5389,0
5390,0
5391,0
5392,0
5393,1
5394,1
5395,0
5396,0
5397,0
5398,1
5399,0
5400,1
5401,0
5402,0
5403,0
5404,0
5405,1
5406,0
5407,0
5408,1
5409,0
5410,0
5411,0
5412,0
5413,1
5414,1
5415,1
5416,0
5417,0
5418,1
5419,0
5420,0
5421,0
5422,0
5423,0
5424,1
5425,1
5426,0
5427,0
5428,1
5429,0
5430,0
5431,0
5432,0
5433,0
5434,0
5435,0
5436,0
5437,1
5438,0
5439,0
5440,1
5441,0
5442,0
5443,1
5444,0
5445,0
5446,0
5447,1
5448,0
5449,0
5450,1
5451,0
5452,0
5453,0
5454,1
5455,0
5456,0
5457,1
5458,0
5459,0
5460,0
5461,1
5462,0
5463,0
5464,1
5465,0
5466,0
5467,1
5468,0
5469,0
5470,0
5471,0
5472,0
5473,0
5474,0
5475,0
5476,0
5477,1
5478,1
5479,0
5480,0
5481,1
5482,0
5483,1
5484,1
5485,0
5486,0
5487,1
5488,0
5489,0
5490,1
5491,0
5492,0
5493,0
5494,1
5495,1
5496,0
5497,0
5498,0
5499,0
5500,1
5501,0
5502,0
5503,1
5504,0
5505,0
5506,0
5507,0
5508,0
5509,0
5510,1
5511,0
5512,0
5513,1
5514,1
5515,1
5516,1
5517,1
5518,1
5519,0
5520,0
5521,0
5522,1
5523,0
5524,1
5525,0
5526,0
5527,1
5528,0
5529,0
5530,0
5531,0
5532,1
5533,0
5534,0
5535,0
5536,0
5537,1
5538,0
5539,0
5540,0
5541,0
5542,0
5543,1
5544,1
5545,0
5546,1
5547,1
5548,0
5549,0
5550,0
5551,0
5552,0
5553,0
5554,0
5555,0
5556,0
5557,0
5558,0
5559,1
5560,0
5561,1
5562,1
5563,1
5564,0
5565,1
5566,0
5567,0
5568,0
5569,0
5570,0
5571,0
5572,0
5573,1
5574,0
5575,0
5576,1
5577,0
5578,0
5579,0
5580,0
5581,0
5582,0
5583,0
5584,1
5585,0
5586,0
5587,1
5588,0
5589,1
5590,0
5591,0
5592,0
5593,0
5594,0
5595,0
5596,0
5597,0
5598,0
5599,0
5600,0
5601,0
5602,0
5603,1
5604,0
5605,0
5606,0
5607,0
5608,0
5609,0
5610,0
5611,1
5612,0
5613,0
5614,1
5615,1
5616,0
5617,0
5618,1
5619,0
5620,1
5621,0
5622,0
5623,0
5624,0
5625,0
5626,0
5627,0
5628,0
5629,1
5630,1
5631,1
5632,0
5633,0
5634,0
5635,1
5636,1
5637,0
5638,1
5639,1
5640,1
5641,1
5642,1
5643,1
5644,0
5645,0
5646,1
5647,0
5648,0
5649,0
5650,1
5651,0
5652,0
5653,0
5654,1
5655,1
5656,1
5657,0
5658,1
5659,1
5660,0
5661,1
5662,0
5663,0
5664,0
5665,0
5666,0
5667,0
5668,0
5669,0
5670,0
5671,0
5672,0
5673,0
5674,1
5675,0
5676,0
5677,0
5678,0
5679,1
5680,0
5681,0
5682,0
5683,0
5684,1
5685,0
5686,1
5687,0
5688,1
5689,0
5690,0
5691,0
5692,1
5693,0
5694,0
5695,0
5696,0
5697,1
5698,0
5699,0
5700,0
5701,0
5702,0
5703,1
5704,0
5705,0
5706,0
5707,0
5708,0
5709,0
5710,1
5711,1
5712,0
5713,0
5714,0
5715,0
5716,0
5717,0
5718,1
5719,1
5720,0
5721,1
5722,1
5723,0
5724,1
5725,1
5726,0
5727,0
5728,1
5729,0
5730,0
5731,1
5732,1
5733,0
5734,0
5735,1
5736,0
5737,0
5738,0
5739,0
5740,0
5741,0
5742,0
5743,1
5744,0
5745,1
5746,1
5747,0
5748,0
5749,0
5750,0
5751,0
5752,1
5753,0
5754,0
5755,0
5756,1
5757,0
5758,0
5759,0
5760,1
5761,0
5762,1
5763,1
5764,0
5765,1
5766,0
5767,0
5768,0
5769,1
5770,1
5771,0
5772,0
5773,0
5774,1
5775,0
5776,0
5777,1
5778,0
5779,0
5780,0
5781,1
5782,0
5783,1
5784,0
5785,0
5786,1
5787,0
5788,1
5789,1
5790,0
5791,0
5792,1
5793,0
5794,1
5795,0
5796,0
5797,0
5798,0
5799,1
5800,0
5801,1
5802,0
5803,0
5804,1
5805,0
5806,0
5807,1
5808,0
5809,0
5810,0
5811,0
5812,0
5813,0
5814,0
5815,1
5816,0
5817,1
5818,1
5819,0
5820,0
5821,0
5822,1
5823,0
5824,0
5825,1
5826,1
5827,0
5828,0
5829,1
5830,1
5831,0
5832,0
5833,0
5834,0
5835,0
5836,0
5837,0
5838,0
5839,0
5840,0
5841,0
5842,1
5843,0
5844,1
5845,1
5846,0
5847,0
5848,0
5849,0
5850,1
5851,1
5852,0
5853,0
5854,1
5855,1
5856,0
5857,1
5858,1
5859,1
5860,1
5861,1
5862,0
5863,1
5864,1
5865,1
5866,1
5867,0
5868,0
5869,1
5870,0
5871,1
5872,0
5873,0
5874,0
5875,0
5876,0
5877,1
5878,1
5879,1
5880,1
5881,0
5882,0
5883,0
5884,0
5885,0
5886,0
5887,0
5888,0
5889,1
5890,1
5891,0
5892,0
5893,1
5894,1
5895,0
5896,1
5897,1
5898,0
5899,0
5900,1
5901,0
5902,0
5903,0
5904,1
5905,1
5906,0
5907,1
5908,1
5909,0
5910,0
5911,0
5912,0
5913,0
5914,0
5915,0
5916,0
5917,0
5918,0
5919,1
5920,0
5921,0
5922,0
5923,1
5924,0
5925,0
5926,0
5927,1
5928,0
5929,0
5930,0
5931,1
5932,0
5933,0
5934,1
5935,1
5936,0
5937,0
5938,1
5939,0
5940,0
5941,0
5942,1
5943,0
5944,1
5945,1
5946,0
5947,0
5948,1
5949,1
5950,0
5951,0
5952,0
5953,1
5954,0
5955,1
5956,0
5957,0
5958,0
5959,0
5960,0
5961,1
5962,1
5963,1
5964,1
5965,1
5966,0
5967,0
5968,1
5969,1
5970,0
5971,0
5972,0
5973,1
5974,1
5975,1
5976,0
5977,0
5978,0
5979,1
5980,0
5981,0
5982,0
5983,0
5984,0
5985,0
5986,1
5987,1
5988,0
5989,0
5990,1
5991,1
5992,1
5993,0
5994,0
5995,1
5996,0
5997,0
5998,1
5999,0
6000,0
6001,0
6002,0
6003,0
6004,0
6005,1
6006,0
6007,1
6008,1
6009,0
6010,0
6011,0
6012,1
6013,0
6014,0
6015,0
6016,0
6017,1
6018,0
6019,0
6020,0
6021,1
6022,1
6023,1
6024,0
6025,1
6026,1
6027,0
6028,1
6029,0
6030,1
6031,0
6032,1
6033,1
6034,1
6035,1
6036,1
6037,0
6038,0
6039,0
6040,0
6041,1
6042,0
6043,0
6044,1
6045,0
6046,0
6047,0
6048,0
6049,0
6050,0
6051,1
6052,0
6053,0
6054,1
6055,1
6056,0
6057,0
6058,0
6059,0
6060,1
6061,1
6062,1
6063,1
6064,1
6065,0
6066,0
6067,0
6068,1
6069,1
6070,0
6071,1
6072,0
6073,0
6074,0
6075,0
6076,0
6077,1
6078,0
6079,0
6080,0
6081,0
6082,0
6083,1
6084,0
6085,0
6086,0
6087,0
6088,0
6089,0
6090,1
6091,0
6092,0
6093,1
6094,0
6095,1
6096,0
6097,0
6098,1
6099,0
6100,0
6101,1
6102,1
6103,1
6104,1
6105,1
6106,1
6107,1
6108,0
6109,0
6110,1
6111,0
6112,0
6113,1
6114,0
6115,1
6116,0
6117,0
6118,0
6119,0
6120,0
6121,1
6122,1
6123,1
6124,1
6125,0
6126,0
6127,0
6128,0
6129,0
6130,0
6131,1
6132,0
6133,0
6134,1
6135,0
6136,1
6137,0
6138,1
6139,0
6140,0
6141,1
6142,0
6143,1
6144,0
6145,0
6146,1
6147,0
6148,0
6149,0
6150,0
6151,1
6152,0
6153,0
6154,0
6155,1
6156,0
6157,0
6158,0
6159,0
6160,0
6161,1
6162,1
6163,0
6164,0
6165,0
6166,0
6167,1
6168,0
6169,0
6170,1
6171,0
6172,1
6173,0
6174,0
6175,0
6176,1
6177,1
6178,1
6179,0
6180,1
6181,0
6182,1
6183,1
6184,1
6185,0
6186,0
6187,0
6188,0
6189,0
6190,1
6191,0
6192,1
6193,1
6194,1
6195,1
6196,0
6197,1
6198,1
6199,0
6200,0
6201,0
6202,0
6203,0
6204,0
6205,0
6206,0
6207,0
6208,0
6209,0
6210,0
6211,1
6212,1
6213,0
6214,1
6215,1
6216,0
6217,0
6218,1
6219,0
6220,0
6221,0
6222,0
6223,0
6224,0
6225,0
6226,1
6227,0
6228,0
6229,0
6230,0
6231,0
6232,0
6233,0
6234,1
6235,0
6236,0
6237,0
6238,0
6239,0
6240,1
6241,0
6242,1
6243,0
6244,1
6245,0
6246,0
6247,1
6248,0
6249,0
6250,0
6251,0
6252,0
6253,0
6254,0
6255,0
6256,0
6257,1
6258,1
6259,0
6260,0
6261,0
6262,0
6263,1
6264,1
6265,0
6266,0
6267,0
6268,0
6269,0
6270,0
6271,1
6272,0
6273,1
6274,0
6275,1
6276,0
6277,0
6278,0
6279,0
6280,1
6281,1
6282,0
6283,0
6284,0
6285,1
6286,0
6287,0
6288,0
6289,1
6290,1
6291,1
6292,0
6293,0
6294,1
6295,0
6296,1
6297,1
6298,1
6299,0
6300,0
6301,1
6302,0
6303,0
6304,0
6305,1
6306,0
6307,0
6308,0
6309,0
6310,0
6311,0
6312,0
6313,1
6314,1
6315,0
6316,0
6317,0
6318,0
6319,0
6320,0
6321,1
6322,1
6323,1
6324,1
6325,0
6326,0
6327,0
6328,0
6329,0
6330,1
6331,1
6332,0
6333,0
6334,1
6335,0
6336,0
6337,0
6338,0
6339,0
6340,0
6341,1
6342,1
6343,0
6344,1
6345,0
6346,1
6347,1
6348,0
6349,1
6350,0
6351,1
6352,1
6353,0
6354,0
6355,0
6356,0
6357,0
6358,0
6359,1
6360,1
6361,1
6362,0
6363,0
6364,0
6365,0
6366,0
6367,0
6368,1
6369,1
6370,1
6371,0
6372,0
6373,0
6374,0
6375,1
6376,1
6377,0
6378,1
6379,1
6380,0
6381,0
6382,0
6383,0
6384,0
6385,1
6386,0
6387,1
6388,1
6389,0
6390,0
6391,0
6392,0
6393,1
6394,1
6395,1
6396,1
6397,1
6398,0
6399,1
6400,0
6401,1
6402,0
6403,0
6404,0
6405,0
6406,0
6407,0
6408,0
6409,0
6410,0
6411,1
6412,1
6413,0
6414,0
6415,0
6416,0
6417,0
6418,0
6419,0
6420,0
6421,1
6422,0
6423,1
6424,0
6425,0
6426,1
6427,1
6428,0
6429,1
6430,0
6431,1
6432,0
6433,1
6434,1
6435,0
6436,1
6437,1
6438,0
6439,0
6440,0
6441,1
6442,1
6443,0
6444,0
6445,0
6446,0
6447,0
6448,1
6449,0
6450,0
6451,0
6452,1
6453,0
6454,1
6455,0
6456,0
6457,0
6458,0
6459,0
6460,1
6461,0
6462,1
6463,0
6464,0
6465,0
6466,0
6467,1
6468,1
6469,1
6470,0
6471,1
6472,1
6473,1
6474,0
6475,0
6476,0
6477,1
6478,0
6479,0
6480,1
6481,0
6482,0
6483,1
6484,0
6485,1
6486,0
6487,0
6488,0
6489,0
6490,0
6491,0
6492,1
6493,0
6494,1
6495,0
6496,1
6497,1
6498,0
6499,1
6500,1
6501,0
6502,1
6503,0
6504,1
6505,1
6506,1
6507,1
6508,0
6509,0
6510,1
6511,1
6512,1
6513,1
6514,1
6515,1
6516,0
6517,1
6518,0
6519,0
6520,1
6521,0
6522,1
6523,0
6524,0
6525,1
6526,0
6527,0
6528,0
6529,0
6530,0
6531,0
6532,1
6533,1
6534,1
6535,0
6536,0
6537,1
6538,0
6539,0
6540,1
6541,0
6542,0
6543,0
6544,0
6545,0
6546,0
6547,1
6548,0
6549,0
6550,1
6551,0
6552,1
6553,0
6554,0
6555,0
6556,0
6557,0
6558,1
6559,0
6560,0
6561,0
6562,0
6563,0
6564,0
6565,1
6566,1
6567,1
6568,0
6569,0
6570,0
6571,0
6572,0
6573,1
6574,0
6575,0
6576,0
6577,1
6578,0
6579,1
6580,0
6581,1
6582,0
6583,0
6584,0
6585,1
6586,0
6587,1
6588,0
6589,1
6590,0
6591,0
6592,0
6593,1
6594,0
6595,0
6596,1
6597,0
6598,0
6599,0
6600,0
6601,0
6602,0
6603,0
6604,0
6605,1
6606,0
6607,1
6608,1
6609,0
6610,0
6611,0
6612,0
6613,0
6614,0
6615,0
6616,0
6617,0
6618,0
6619,0
6620,0
6621,0
6622,0
6623,0
6624,1
6625,0
6626,0
6627,0
6628,0
6629,0
6630,0
6631,0
6632,1
6633,0
6634,0
6635,1
6636,1
6637,0
6638,0
6639,0
6640,0
6641,0
6642,1
6643,0
6644,0
6645,0
6646,0
6647,0
6648,0
6649,0
6650,0
6651,0
6652,0
6653,0
6654,0
6655,1
6656,0
6657,0
6658,0
6659,1
6660,0
6661,0
6662,0
6663,0
6664,1
6665,1
6666,0
6667,1
6668,0
6669,0
6670,1
6671,0
6672,1
6673,0
6674,0
6675,0
6676,0
6677,1
6678,0
6679,1
6680,1
6681,0
6682,0
6683,0
6684,0
6685,0
6686,0
6687,0
6688,1
6689,0
6690,0
6691,1
6692,1
6693,0
6694,1
6695,0
6696,0
6697,1
6698,1
6699,1
6700,1
6701,0
6702,1
6703,0
6704,1
6705,0
6706,1
6707,1
6708,0
6709,1
6710,1
6711,1
6712,0
6713,1
6714,1
6715,0
6716,1
6717,0
6718,1
6719,0
6720,0
6721,0
6722,0
6723,0
6724,1
6725,1
6726,0
6727,0
6728,0
6729,1
6730,1
6731,0
6732,0
6733,0
6734,0
6735,1
6736,0
6737,0
6738,0
6739,1
6740,1
6741,1
6742,0
6743,0
6744,1
6745,1
6746,0
6747,1
6748,1
6749,0
6750,0
6751,1
6752,0
6753,1
6754,1
6755,0
6756,0
6757,1
6758,0
6759,0
6760,0
6761,1
6762,0
6763,0
6764,0
6765,1
6766,0
6767,1
6768,0
6769,0
6770,0
6771,0
6772,0
6773,0
6774,1
6775,0
6776,0
6777,0
6778,0
6779,1
6780,1
6781,0
6782,1
6783,0
6784,0
6785,0
6786,1
6787,0
6788,0
6789,1
6790,1
6791,0
6792,0
6793,0
6794,1
6795,1
6796,0
6797,0
6798,0
6799,0
6800,0
6801,0
6802,0
6803,1
6804,0
6805,0
6806,0
6807,1
6808,0
6809,0
6810,1
6811,1
6812,0
6813,0
6814,1
6815,0
6816,0
6817,0
6818,0
6819,0
6820,1
6821,1
6822,0
6823,0
6824,0
6825,0
6826,1
6827,1
6828,0
6829,1
6830,0
6831,0
6832,0
6833,1
6834,1
6835,0
6836,0
6837,0
6838,0
6839,0
6840,0
6841,1
6842,0
6843,1
6844,0
6845,0
6846,0
6847,1
6848,0
6849,1
6850,1
6851,0
6852,0
6853,0
6854,1
6855,1
6856,1
6857,1
6858,0
6859,0
6860,0
6861,0
6862,0
6863,0
6864,1
6865,1
6866,0
6867,0
6868,0
6869,0
6870,1
6871,0
6872,0
6873,0
6874,1
6875,1
6876,0
6877,0
6878,0
6879,0
6880,1
6881,0
6882,1
6883,0
6884,0
6885,0
6886,0
6887,0
6888,0
6889,1
6890,0
6891,0
6892,1
6893,0
6894,1
6895,0
6896,0
6897,0
6898,1
6899,0
6900,0
6901,0
6902,0
6903,1
6904,0
6905,1
6906,1
6907,1
6908,0
6909,0
6910,0
6911,1
6912,0
6913,1
6914,1
6915,0
6916,0
6917,1
6918,0
6919,1
6920,0
6921,0
6922,0
6923,0
6924,0
6925,0
6926,0
6927,1
6928,1
6929,0
6930,0
6931,0
6932,1
6933,1
6934,0
6935,0
6936,0
6937,0
6938,1
6939,0
6940,0
6941,0
6942,0
6943,1
6944,0
6945,0
6946,0
6947,0
6948,1
6949,1
6950,0
6951,0
6952,1
6953,0
6954,1
6955,1
6956,1
6957,0
6958,1
6959,0
6960,0
6961,0
6962,1
6963,0
6964,1
6965,0
6966,1
6967,0
6968,0
6969,0
6970,0
6971,0
6972,0
6973,1
6974,0
6975,1
6976,0
6977,0
6978,0
6979,1
6980,0
6981,0
6982,0
6983,1
6984,1
6985,0
6986,1
6987,0
6988,0
6989,0
6990,1
6991,1
6992,0
6993,1
6994,0
6995,0
6996,1
6997,0
6998,0
6999,1
7000,0
7001,0
7002,0
7003,1
7004,0
7005,0
7006,1
7007,0
7008,0
7009,0
7010,0
7011,1
7012,0
7013,0
7014,1
7015,0
7016,1
7017,1
7018,0
7019,1
7020,0
7021,1
7022,1
7023,0
7024,1
7025,1
7026,1
7027,0
7028,0
7029,1
7030,1
7031,0
7032,1
7033,0
7034,1
7035,0
7036,1
7037,0
7038,1
7039,1
7040,0
7041,1
7042,0
7043,0
7044,0
7045,0
7046,0
7047,0
7048,0
7049,1
7050,0
7051,1
7052,1
7053,1
7054,1
7055,0
7056,0
7057,1
7058,0
7059,1
7060,0
7061,1
7062,0
7063,0
7064,1
7065,1
7066,0
7067,1
7068,0
7069,0
7070,1
7071,0
7072,0
7073,0
7074,0
7075,0
7076,1
7077,1
7078,0
7079,1
7080,0
7081,1
7082,0
7083,0
7084,0
7085,0
7086,0
7087,0
7088,0
7089,0
7090,0
7091,1
7092,0
7093,1
7094,0
7095,0
7096,0
7097,0
7098,1
7099,0
7100,0
7101,0
7102,1
7103,0
7104,0
7105,0
7106,0
7107,1
7108,0
7109,1
7110,0
7111,0
7112,1
7113,1
7114,0
7115,0
7116,1
7117,0
7118,0
7119,1
7120,1
7121,0
7122,1
7123,0
7124,1
7125,1
7126,0
7127,1
7128,0
7129,1
7130,1
7131,0
7132,1
7133,0
7134,0
7135,0
7136,1
7137,1
7138,1
7139,1
7140,0
7141,0
7142,0
7143,1
7144,1
7145,1
7146,0
7147,1
7148,0
7149,0
7150,1
7151,1
7152,1
7153,0
7154,0
7155,0
7156,1
7157,1
7158,1
7159,1
7160,0
7161,1
7162,0
7163,0
7164,0
7165,1
7166,0
7167,0
7168,1
7169,0
7170,1
7171,0
7172,1
7173,1
7174,0
7175,0
7176,0
7177,1
7178,0
7179,0
7180,1
7181,1
7182,0
7183,0
7184,0
7185,1
7186,0
7187,0
7188,0
7189,1
7190,0
7191,1
7192,0
7193,1
7194,1
7195,1
7196,0
7197,1
7198,1
7199,0
7200,0
7201,0
7202,0
7203,0
7204,1
7205,0
7206,0
7207,0
7208,0
7209,0
7210,1
7211,1
7212,0
7213,0
7214,0
7215,1
7216,0
7217,0
7218,0
7219,0
7220,0
7221,0
7222,1
7223,0
7224,0
7225,0
7226,1
7227,1
7228,1
7229,0
7230,0
7231,1
7232,1
7233,0
7234,0
7235,1
7236,0
7237,1
7238,1
7239,1
7240,1
7241,1
7242,0
7243,1
7244,0
7245,0
7246,0
7247,0
7248,0
7249,0
7250,1
7251,0
7252,0
7253,1
7254,0
7255,0
7256,0
7257,0
7258,1
7259,0
7260,1
7261,0
7262,1
7263,0
7264,0
7265,1
7266,1
7267,1
7268,0
7269,0
7270,0
7271,0
7272,0
7273,0
7274,1
7275,0
7276,0
7277,1
7278,0
7279,1
7280,0
7281,0
7282,1
7283,1
7284,0
7285,0
7286,0
7287,1
7288,0
7289,0
7290,1
7291,1
7292,0
7293,0
7294,1
7295,1
7296,0
7297,1
7298,0
7299,1
7300,1
7301,0
7302,0
7303,0
7304,1
7305,0
7306,0
7307,1
7308,1
7309,0
7310,0
7311,0
7312,0
7313,0
7314,1
7315,1
7316,0
7317,0
7318,0
7319,1
7320,1
7321,1
7322,0
7323,0
7324,0
7325,1
7326,0
7327,1
7328,1
7329,0
7330,1
7331,0
7332,1
7333,1
7334,0
7335,1
7336,1
7337,0
7338,0
7339,1
7340,0
7341,1
7342,0
7343,1
7344,0
7345,0
7346,0
7347,0
7348,0
7349,0
7350,1
7351,0
7352,0
7353,0
7354,1
7355,0
7356,0
7357,0
7358,1
7359,0
7360,1
7361,0
7362,0
7363,0
7364,0
7365,0
7366,0
7367,0
7368,0
7369,1
7370,0
7371,0
7372,0
7373,0
7374,0
7375,1
7376,0
7377,0
7378,0
7379,1
7380,0
7381,1
7382,1
7383,0
7384,0
7385,1
7386,0
7387,0
7388,0
7389,0
7390,0
7391,0
7392,0
7393,0
7394,0
7395,1
7396,1
7397,1
7398,0
7399,0
7400,1
7401,0
7402,0
7403,0
7404,0
7405,1
7406,1
7407,0
7408,0
7409,0
7410,0
7411,0
7412,1
7413,0
7414,0
7415,1
7416,0
7417,0
7418,0
7419,0
7420,0
7421,0
7422,0
7423,1
7424,0
7425,0
7426,0
7427,0
7428,0
7429,0
7430,0
7431,0
7432,0
7433,1
7434,0
7435,0
7436,0
7437,0
7438,0
7439,1
7440,1
7441,1
7442,0
7443,1
7444,0
7445,0
7446,0
7447,0
7448,1
7449,1
7450,0
7451,1
7452,1
7453,1
7454,0
7455,1
7456,0
7457,0
7458,0
7459,1
7460,1
7461,1
7462,0
7463,1
7464,0
7465,0
7466,0
7467,0
7468,0
7469,1
7470,0
7471,1
7472,1
7473,0
7474,0
7475,0
7476,0
7477,0
7478,0
7479,1
7480,1
7481,0
7482,0
7483,0
7484,0
7485,0
7486,0
7487,0
7488,1
7489,1
7490,0
7491,0
7492,0
7493,0
7494,0
7495,0
7496,0
7497,1
7498,1
7499,0
7500,1
7501,0
7502,0
7503,0
7504,0
7505,0
7506,0
7507,0
7508,1
7509,0
7510,0
7511,1
7512,0
7513,0
7514,0
7515,1
7516,0
7517,0
7518,0
7519,1
7520,0
7521,0
7522,0
7523,1
7524,1
7525,0
7526,1
7527,1
7528,1
7529,0
7530,1
7531,0
7532,0
7533,0
7534,1
7535,0
7536,0
7537,0
7538,0
7539,1
7540,1
7541,1
7542,0
7543,0
7544,0
7545,0
7546,1
7547,0
7548,1
7549,0
7550,1
7551,0
7552,0
7553,0
7554,1
7555,0
7556,0
7557,0
7558,0
7559,0
7560,0
7561,0
7562,0
7563,1
7564,0
7565,1
7566,1
7567,0
7568,1
7569,0
7570,1
7571,0
7572,0
7573,0
7574,0
7575,1
7576,1
7577,0
7578,0
7579,1
7580,0
7581,0
7582,1
7583,1
7584,1
7585,0
7586,1
7587,1
7588,0
7589,0
7590,0
7591,0
7592,1
7593,0
7594,1
7595,0
7596,1
7597,0
7598,0
7599,1
7600,0
7601,0
7602,0
7603,1
7604,0
7605,0
7606,1
7607,0
7608,1
7609,1
7610,1
7611,0
7612,0
7613,1
7614,1
7615,1
7616,0
7617,1
7618,0
7619,0
7620,1
7621,0
7622,0
7623,1
7624,1
7625,1
7626,1
7627,0
7628,0
7629,1
7630,0
7631,1
7632,0
7633,1
7634,1
7635,0
7636,1
7637,0
7638,1
7639,0
7640,1
7641,0
7642,1
7643,0
7644,1
7645,0
7646,0
7647,0
7648,0
7649,0
7650,1
7651,1
7652,0
7653,0
7654,1
7655,1
7656,1
7657,0
7658,1
7659,0
7660,0
7661,1
7662,0
7663,0
7664,0
7665,0
7666,0
7667,0
7668,0
7669,0
7670,0
7671,0
7672,1
7673,0
7674,1
7675,0
7676,0
7677,0
7678,1
7679,0
7680,0
7681,0
7682,0
7683,1
7684,1
7685,1
7686,0
7687,0
7688,0
7689,0
7690,0
7691,0
7692,0
7693,0
7694,0
7695,1
7696,0
7697,0
7698,0
7699,0
7700,1
7701,0
7702,0
7703,0
7704,1
7705,1
7706,1
7707,0
7708,0
7709,0
7710,0
7711,0
7712,0
7713,0
7714,0
7715,0
7716,0
7717,1
7718,1
7719,0
7720,1
7721,1
7722,0
7723,0
7724,1
7725,0
7726,0
7727,0
7728,0
7729,0
7730,1
7731,0
7732,0
7733,0
7734,0
7735,0
7736,1
7737,0
7738,0
7739,0
7740,0
7741,0
7742,1
7743,0
7744,0
7745,1
7746,0
7747,0
7748,0
7749,0
7750,0
7751,0
7752,1
7753,0
7754,1
7755,1
7756,1
7757,0
7758,0
7759,1
7760,1
7761,0
7762,1
7763,1
7764,0
7765,1
7766,0
7767,0
7768,1
7769,1
7770,0
7771,1
7772,0
7773,0
7774,0
7775,0
7776,0
7777,1
7778,1
7779,1
7780,1
7781,1
7782,1
7783,1
7784,0
7785,1
7786,1
7787,1
7788,1
7789,0
7790,0
7791,1
7792,1
7793,1
7794,0
7795,0
7796,0
7797,1
7798,0
7799,1
7800,1
7801,0
7802,0
7803,1
7804,0
7805,0
7806,0
7807,0
7808,1
7809,1
7810,1
7811,0
7812,1
7813,0
7814,0
7815,1
7816,0
7817,0
7818,0
7819,1
7820,1
7821,0
7822,0
7823,0
7824,0
7825,1
7826,0
7827,0
7828,1
7829,0
7830,0
7831,0
7832,0
7833,0
7834,1
7835,0
7836,0
7837,0
7838,0
7839,1
7840,0
7841,0
7842,1
7843,0
7844,1
7845,1
7846,0
7847,1
7848,1
7849,0
7850,1
7851,1
7852,0
7853,0
7854,0
7855,1
7856,1
7857,1
7858,0
7859,0
7860,0
7861,0
7862,1
7863,0
7864,0
7865,0
7866,0
7867,1
7868,1
7869,1
7870,0
7871,1
7872,1
7873,0
7874,1
7875,0
7876,1
7877,0
7878,0
7879,0
7880,0
7881,1
7882,1
7883,1
7884,1
7885,0
7886,1
7887,0
7888,0
7889,0
7890,1
7891,0
7892,0
7893,0
7894,0
7895,1
7896,0
7897,1
7898,0
7899,0
7900,1
7901,0
7902,0
7903,1
7904,0
7905,1
7906,1
7907,0
7908,1
7909,0
7910,0
7911,0
7912,1
7913,0
7914,0
7915,0
7916,0
7917,0
7918,0
7919,0
7920,0
7921,1
7922,0
7923,0
7924,0
7925,0
7926,0
7927,1
7928,0
7929,0
7930,0
7931,0
7932,1
7933,0
7934,0
7935,0
7936,0
7937,1
7938,0
7939,0
7940,1
7941,1
7942,0
7943,0
7944,0
7945,0
7946,0
7947,1
7948,1
7949,1
7950,0
7951,0
7952,1
7953,0
7954,1
7955,0
7956,0
7957,1
7958,0
7959,0
7960,1
7961,1
7962,0
7963,0
7964,0
7965,1
7966,0
7967,1
7968,0
7969,1
7970,1
7971,0
7972,0
7973,1
7974,0
7975,0
7976,0
7977,0
7978,0
7979,1
7980,0
7981,1
7982,0
7983,1
7984,1
7985,0
7986,0
7987,1
7988,1
7989,0
7990,1
7991,1
7992,0
7993,0
7994,1
7995,1
7996,0
7997,0
7998,0
7999,0
8000,0
8001,0
8002,0
8003,0
8004,0
8005,0
8006,1
8007,0
8008,0
8009,1
8010,0
8011,0
8012,0
8013,1
8014,0
8015,0
8016,1
8017,0
8018,0
8019,1
8020,1
8021,0
8022,1
8023,0
8024,0
8025,0
8026,1
8027,1
8028,1
8029,1
8030,1
8031,0
8032,0
8033,0
8034,1
8035,1
8036,0
8037,0
8038,0
8039,0
8040,0
8041,1
8042,1
8043,1
8044,0
8045,0
8046,0
8047,0
8048,0
8049,0
8050,1
8051,0
8052,1
8053,1
8054,0
8055,1
8056,0
8057,0
8058,1
8059,1
8060,0
8061,0
8062,1
8063,0
8064,1
8065,0
8066,0
8067,0
8068,0
8069,0
8070,0
8071,1
8072,0
8073,0
8074,1
8075,1
8076,0
8077,1
8078,0
8079,0
8080,1
8081,1
8082,0
8083,0
8084,0
8085,0
8086,1
8087,0
8088,1
8089,1
8090,1
8091,1
8092,1
8093,1
8094,0
8095,1
8096,0
8097,0
8098,1
8099,0
8100,0
8101,0
8102,0
8103,0
8104,0
8105,0
8106,0
8107,0
8108,0
8109,0
8110,0
8111,0
8112,0
8113,0
8114,0
8115,1
8116,0
8117,0
8118,0
8119,0
8120,1
8121,0
8122,1
8123,1
8124,1
8125,1
8126,0
8127,1
8128,1
8129,0
8130,0
8131,1
8132,1
8133,0
8134,1
8135,0
8136,0
8137,0
8138,1
8139,0
8140,1
8141,0
8142,1
8143,0
8144,0
8145,0
8146,0
8147,1
8148,1
8149,0
8150,0
8151,0
8152,0
8153,1
8154,0
8155,0
8156,1
8157,0
8158,0
8159,1
8160,1
8161,1
8162,1
8163,0
8164,1
8165,1
8166,0
8167,0
8168,1
8169,1
8170,0
8171,1
8172,0
8173,0
8174,0
8175,0
8176,0
8177,0
8178,0
8179,1
8180,0
8181,0
8182,0
8183,0
8184,1
8185,1
8186,0
8187,0
8188,1
8189,1
8190,0
8191,0
8192,0
8193,1
8194,1
8195,0
8196,1
8197,0
8198,1
8199,0
8200,0
8201,0
8202,0
8203,0
8204,1
8205,0
8206,0
8207,1
8208,0
8209,1
8210,0
8211,1
8212,0
8213,0
8214,0
8215,1
8216,1
8217,1
8218,1
8219,1
8220,0
8221,0
8222,1
8223,0
8224,0
8225,1
8226,0
8227,1
8228,0
8229,0
8230,1
8231,0
8232,0
8233,1
8234,0
8235,0
8236,0
8237,1
8238,0
8239,0
8240,0
8241,0
8242,1
8243,0
8244,0
8245,0
8246,1
8247,0
8248,1
8249,1
8250,0
8251,0
8252,1
8253,1
8254,0
8255,1
8256,0
8257,1
8258,0
8259,0
8260,1
8261,0
8262,0
8263,0
8264,1
8265,0
8266,1
8267,0
8268,0
8269,0
8270,1
8271,1
8272,1
8273,1
8274,0
8275,1
8276,0
8277,0
8278,0
8279,1
8280,0
8281,0
8282,1
8283,1
8284,0
8285,0
8286,0
8287,0
8288,0
8289,0
8290,1
8291,1
8292,0
8293,0
8294,0
8295,0
8296,0
8297,1
8298,0
8299,1
8300,0
8301,0
8302,0
8303,0
8304,1
8305,0
8306,1
8307,1
8308,0
8309,0
8310,1
8311,1
8312,0
8313,0
8314,0
8315,1
8316,0
8317,1
8318,0
8319,1
8320,1
8321,1
8322,0
8323,0
8324,0
8325,1
8326,1
8327,1
8328,0
8329,0
8330,0
8331,0
8332,0
8333,1
8334,0
8335,0
8336,1
8337,1
8338,1
8339,0
8340,1
8341,1
8342,0
8343,0
8344,0
8345,1
8346,0
8347,0
8348,0
8349,0
8350,1
8351,0
8352,0
8353,1
8354,0
8355,0
8356,0
8357,1
8358,1
8359,0
8360,1
8361,0
8362,0
8363,0
8364,1
8365,0
8366,0
8367,0
8368,1
8369,1
8370,0
8371,0
8372,1
8373,1
8374,0
8375,1
8376,0
8377,0
8378,0
8379,1
8380,0
8381,1
8382,1
8383,0
8384,1
8385,0
8386,0
8387,0
8388,0
8389,1
8390,0
8391,0
8392,0
8393,1
8394,0
8395,0
8396,0
8397,0
8398,0
8399,0
8400,1
8401,1
8402,0
8403,1
8404,0
8405,0
8406,1
8407,0
8408,1
8409,0
8410,0
8411,1
8412,0
8413,0
8414,1
8415,1
8416,1
8417,0
8418,0
8419,1
8420,0
8421,1
8422,0
8423,0
8424,1
8425,0
8426,0
8427,0
8428,0
8429,1
8430,1
8431,0
8432,1
8433,0
8434,0
8435,1
8436,0
8437,0
8438,1
8439,0
8440,0
8441,1
8442,1
8443,1
8444,0
8445,0
8446,1
8447,0
8448,1
8449,0
8450,0
8451,0
8452,1
8453,0
8454,1
8455,1
8456,0
8457,0
8458,1
8459,0
8460,0
8461,0
8462,0
8463,1
8464,0
8465,0
8466,1
8467,1
8468,0
8469,0
8470,0
8471,1
8472,1
8473,0
8474,1
8475,0
8476,0
8477,0
8478,0
8479,0
8480,0
8481,1
8482,0
8483,1
8484,1
8485,0
8486,0
8487,0
8488,0
8489,1
8490,0
8491,1
8492,1
8493,1
8494,0
8495,0
8496,0
8497,1
8498,1
8499,1
8500,0
8501,1
8502,0
8503,0
8504,0
8505,0
8506,1
8507,0
8508,1
8509,0
8510,1
8511,1
8512,0
8513,0
8514,1
8515,0
8516,1
8517,0
8518,0
8519,0
8520,0
8521,0
8522,0
8523,0
8524,1
8525,1
8526,0
8527,0
8528,1
8529,1
8530,0
8531,0
8532,1
8533,1
8534,0
8535,0
8536,0
8537,0
8538,0
8539,0
8540,0
8541,1
8542,0
8543,1
8544,0
8545,0
8546,1
8547,0
8548,0
8549,1
8550,0
8551,0
8552,0
8553,0
8554,1
8555,1
8556,0
8557,1
8558,0
8559,1
8560,0
8561,0
8562,0
8563,0
8564,0
8565,0
8566,0
8567,1
8568,0
8569,0
8570,0
8571,1
8572,0
8573,0
8574,0
8575,1
8576,0
8577,0
8578,0
8579,1
8580,0
8581,0
8582,1
8583,0
8584,1
8585,0
8586,1
8587,0
8588,0
8589,0
8590,0
8591,1
8592,0
8593,0
8594,1
8595,0
8596,1
8597,1
8598,1
8599,0
8600,1
8601,0
8602,1
8603,1
8604,0
8605,1
8606,1
8607,1
8608,0
8609,0
8610,1
8611,1
8612,1
8613,1
8614,1
8615,0
8616,0
8617,0
8618,0
8619,1
8620,0
8621,0
8622,0
8623,1
8624,0
8625,0
8626,0
8627,0
8628,1
8629,1
8630,0
8631,0
8632,0
8633,0
8634,0
8635,1
8636,0
8637,0
8638,1
8639,0
8640,1
8641,0
8642,0
8643,1
8644,1
8645,0
8646,0
8647,0
8648,0
8649,0
8650,1
8651,0
8652,0
8653,1
8654,0
8655,0
8656,0
8657,1
8658,0
8659,0
8660,0
8661,0
8662,0
8663,0
8664,1
8665,0
8666,0
8667,0
8668,0
8669,0
8670,0
8671,1
8672,0
8673,0
8674,0
8675,1
8676,0
8677,0
8678,1
8679,0
8680,0
8681,1
8682,0
8683,1
8684,1
8685,0
8686,1
8687,0
8688,0
8689,0
8690,1
8691,0
8692,0
8693,0
8694,0
8695,0
8696,0
8697,0
8698,0
8699,1
8700,1
8701,0
8702,0
8703,0
8704,0
8705,0
8706,0
8707,0
8708,1
8709,1
8710,0
8711,0
8712,0
8713,0
8714,1
8715,0
8716,1
8717,1
8718,1
8719,0
8720,0
8721,0
8722,0
8723,1
8724,0
8725,1
8726,1
8727,1
8728,0
8729,0
8730,1
8731,1
8732,1
8733,0
8734,0
8735,0
8736,0
8737,0
8738,1
8739,1
8740,0
8741,1
8742,0
8743,0
8744,1
8745,0
8746,0
8747,0
8748,1
8749,0
8750,0
8751,0
8752,1
8753,1
8754,0
8755,1
8756,0
8757,0
8758,0
8759,0
8760,1
8761,0
8762,1
8763,0
8764,0
8765,0
8766,1
8767,1
8768,0
8769,0
8770,0
8771,0
8772,1
8773,0
8774,0
8775,0
8776,1
8777,0
8778,1
8779,1
8780,0
8781,0
8782,1
8783,1
8784,0
8785,0
8786,0
8787,1
8788,1
8789,0
8790,1
8791,0
8792,1
8793,0
8794,0
8795,0
8796,1
8797,1
8798,0
8799,0
8800,1
8801,0
8802,1
8803,1
8804,0
8805,1
8806,0
8807,0
8808,0
8809,0
8810,1
8811,0
8812,0
8813,0
8814,1
8815,1
8816,0
8817,1
8818,0
8819,0
8820,0
8821,0
8822,1
8823,0
8824,0
8825,0
8826,0
8827,0
8828,0
8829,0
8830,0
8831,0
8832,1
8833,0
8834,0
8835,0
8836,1
8837,0
8838,0
8839,1
8840,0
8841,0
8842,0
8843,1
8844,1
8845,1
8846,1
8847,0
8848,0
8849,1
8850,1
8851,1
8852,1
8853,1
8854,0
8855,0
8856,0
8857,0
8858,0
8859,0
8860,1
8861,1
8862,0
8863,1
8864,0
8865,0
8866,0
8867,0
8868,1
8869,0
8870,0
8871,0
8872,0
8873,1
8874,1
8875,0
8876,1
8877,1
8878,0
8879,0
8880,1
8881,0
8882,1
8883,0
8884,1
8885,0
8886,1
8887,0
8888,0
8889,0
8890,0
8891,0
8892,0
8893,0
8894,1
8895,0
8896,0
8897,1
8898,0
8899,1
8900,1
8901,1
8902,0
8903,1
8904,1
8905,1
8906,1
8907,0
8908,1
8909,0
8910,0
8911,0
8912,1
8913,1
8914,1
8915,1
8916,0
8917,1
8918,0
8919,1
8920,1
8921,0
8922,0
8923,0
8924,1
8925,0
8926,1
8927,0
8928,0
8929,0
8930,0
8931,0
8932,0
8933,0
8934,1
8935,0
8936,1
8937,0
8938,0
8939,0
8940,1
8941,0
8942,0
8943,1
8944,0
8945,0
8946,0
8947,1
8948,0
8949,1
8950,0
8951,0
8952,1
8953,0
8954,1
8955,1
8956,1
8957,0
8958,0
8959,0
8960,0
8961,0
8962,1
8963,1
8964,0
8965,0
8966,0
8967,0
8968,0
8969,1
8970,0
8971,0
8972,1
8973,0
8974,0
8975,0
8976,1
8977,0
8978,0
8979,1
8980,1
8981,1
8982,1
8983,1
8984,0
8985,1
8986,1
8987,0
8988,0
8989,0
8990,0
8991,0
8992,0
8993,0
8994,0
8995,0
8996,0
8997,0
8998,0
8999,1
9000,0
9001,0
9002,0
9003,1
9004,0
9005,1
9006,0
9007,0
9008,0
9009,1
9010,1
9011,0
9012,0
9013,1
9014,0
9015,1
9016,0
9017,0
9018,0
9019,0
9020,1
9021,0
9022,0
9023,0
9024,1
9025,0
9026,1
9027,0
9028,0
9029,0
9030,0
9031,0
9032,1
9033,1
9034,0
9035,0
9036,0
9037,0
9038,0
9039,1
9040,0
9041,1
9042,0
9043,1
9044,1
9045,0
9046,0
9047,1
9048,0
9049,0
9050,0
9051,1
9052,1
9053,1
9054,0
9055,0
9056,0
9057,0
9058,1
9059,0
9060,0
9061,0
9062,1
9063,1
9064,1
9065,1
9066,0
9067,1
9068,0
9069,1
9070,0
9071,0
9072,0
9073,1
9074,0
9075,1
9076,1
9077,0
9078,0
9079,1
9080,1
9081,1
9082,1
9083,0
9084,0
9085,1
9086,1
9087,0
9088,1
9089,0
9090,0
9091,1
9092,1
9093,1
9094,0
9095,1
9096,0
9097,0
9098,0
9099,1
9100,0
9101,1
9102,0
9103,0
9104,1
9105,0
9106,0
9107,0
9108,1
9109,1
9110,0
9111,1
9112,1
9113,0
9114,1
9115,1
9116,0
9117,0
9118,0
9119,0
9120,1
9121,0
9122,1
9123,0
9124,0
9125,0
9126,0
9127,1
9128,1
9129,1
9130,0
9131,1
9132,0
9133,0
9134,0
9135,1
9136,0
9137,0
9138,0
9139,1
9140,0
9141,0
9142,1
9143,0
9144,0
9145,0
9146,0
9147,0
9148,1
9149,0
9150,0
9151,0
9152,1
9153,0
9154,0
9155,1
9156,0
9157,1
9158,0
9159,0
9160,1
9161,0
9162,0
9163,0
9164,1
9165,0
9166,1
9167,0
9168,0
9169,1
9170,0
9171,1
9172,1
9173,0
9174,0
9175,0
9176,0
9177,1
9178,0
9179,1
9180,1
9181,1
9182,0
9183,0
9184,0
9185,1
9186,1
9187,1
9188,0
9189,1
9190,0
9191,1
9192,1
9193,0
9194,0
9195,1
9196,0
9197,0
9198,0
9199,0
9200,1
9201,1
9202,1
9203,0
9204,0
9205,0
9206,0
9207,1
9208,0
9209,0
9210,1
9211,0
9212,1
9213,1
9214,1
9215,1
9216,0
9217,0
9218,0
9219,1
9220,1
9221,0
9222,1
9223,1
9224,0
9225,1
9226,0
9227,0
9228,1
9229,1
9230,0
9231,1
9232,1
9233,0
9234,0
9235,1
9236,1
9237,1
9238,0
9239,0
9240,0
9241,0
9242,0
9243,0
9244,1
9245,1
9246,0
9247,1
9248,0
9249,1
9250,0
9251,0
9252,1
9253,1
9254,0
9255,1
9256,0
9257,1
9258,0
9259,0
9260,1
9261,1
9262,0
9263,0
9264,1
9265,0
9266,0
9267,0
9268,0
9269,0
9270,0
9271,1
9272,0
9273,1
9274,0
9275,0
9276,1
9277,1
9278,1
9279,0
9280,1
9281,0
9282,0
9283,1
9284,0
9285,1
9286,1
9287,0
9288,0
9289,0
9290,1
9291,0
9292,0
9293,1
9294,1
9295,0
9296,0
9297,1
9298,0
9299,1
9300,0
9301,0
9302,0
9303,1
9304,1
9305,0
9306,0
9307,0
9308,1
9309,0
9310,0
9311,1
9312,1
9313,0
9314,0
9315,1
9316,1
9317,0
9318,0
9319,0
9320,0
9321,1
9322,0
9323,0
9324,0
9325,0
9326,1
9327,1
9328,0
9329,1
9330,0
9331,1
9332,0
9333,0
9334,1
9335,0
9336,1
9337,1
9338,0
9339,0
9340,1
9341,0
9342,0
9343,1
9344,0
9345,1
9346,0
9347,0
9348,1
9349,0
9350,0
9351,1
9352,1
9353,1
9354,1
9355,0
9356,0
9357,1
9358,0
9359,0
9360,1
9361,0
9362,0
9363,1
9364,0
9365,0
9366,1
9367,0
9368,1
9369,0
9370,0
9371,1
9372,0
9373,0
9374,0
9375,0
9376,0
9377,1
9378,1
9379,1
9380,0
9381,1
9382,0
9383,1
9384,1
9385,1
9386,0
9387,0
9388,1
9389,0
9390,1
9391,0
9392,1
9393,1
9394,1
9395,1
9396,1
9397,1
9398,0
9399,1
9400,1
9401,1
9402,0
9403,1
9404,0
9405,0
9406,0
9407,0
9408,0
9409,1
9410,0
9411,0
9412,1
9413,0
9414,0
9415,0
9416,0
9417,0
9418,1
9419,1
9420,0
9421,0
9422,1
9423,0
9424,1
9425,1
9426,0
9427,0
9428,0
9429,1
9430,0
9431,0
9432,0
9433,0
9434,0
9435,0
9436,0
9437,1
9438,0
9439,1
9440,1
9441,0
9442,1
9443,0
9444,1
9445,1
9446,1
9447,0
9448,0
9449,1
9450,0
9451,0
9452,1
9453,1
9454,0
9455,0
9456,1
9457,0
9458,0
9459,1
9460,0
9461,1
9462,0
9463,0
9464,1
9465,0
9466,0
9467,0
9468,0
9469,0
9470,0
9471,1
9472,0
9473,0
9474,0
9475,1
9476,0
9477,0
9478,0
9479,1
9480,0
9481,1
9482,1
9483,1
9484,0
9485,0
9486,0
9487,0
9488,1
9489,1
9490,1
9491,0
9492,0
9493,0
9494,0
9495,1
9496,0
9497,1
9498,0
9499,1
9500,1
9501,0
9502,0
9503,1
9504,0
9505,0
9506,0
9507,0
9508,1
9509,0
9510,0
9511,0
9512,1
9513,1
9514,0
9515,0
9516,0
9517,1
9518,0
9519,0
9520,1
9521,0
9522,1
9523,0
9524,0
9525,0
9526,1
9527,0
9528,0
9529,1
9530,0
9531,0
9532,0
9533,0
9534,0
9535,1
9536,0
9537,1
9538,1
9539,1
9540,0
9541,0
9542,0
9543,0
9544,1
9545,0
9546,0
9547,0
9548,0
9549,0
9550,0
9551,1
9552,0
9553,0
9554,0
9555,0
9556,1
9557,1
9558,0
9559,1
9560,0
9561,0
9562,1
9563,0
9564,1
9565,0
9566,1
9567,0
9568,0
9569,0
9570,0
9571,1
9572,0
9573,1
9574,0
9575,0
9576,0
9577,1
9578,0
9579,1
9580,0
9581,1
9582,0
9583,0
9584,0
9585,1
9586,0
9587,1
9588,1
9589,0
9590,0
9591,0
9592,1
9593,0
9594,0
9595,1
9596,1
9597,0
9598,0
9599,1
9600,0
9601,1
9602,0
9603,0
9604,0
9605,1
9606,0
9607,0
9608,1
9609,1
9610,1
9611,0
9612,0
9613,1
9614,0
9615,0
9616,1
9617,0
9618,0
9619,1
9620,0
9621,1
9622,1
9623,1
9624,1
9625,0
9626,1
9627,1
9628,1
9629,0
9630,0
9631,0
9632,0
9633,0
9634,0
9635,0
9636,1
9637,0
9638,1
9639,0
9640,0
9641,0
9642,0
9643,0
9644,1
9645,0
9646,0
9647,0
9648,0
9649,0
9650,0
9651,0
9652,1
9653,0
9654,1
9655,1
9656,0
9657,0
9658,0
9659,1
9660,1
9661,1
9662,0
9663,0
9664,0
9665,0
9666,1
9667,0
9668,0
9669,1
9670,0
9671,1
9672,1
9673,0
9674,1
9675,0
9676,0
9677,0
9678,0
9679,0
9680,1
9681,0
9682,0
9683,0
9684,0
9685,1
9686,0
9687,0
9688,0
9689,1
9690,0
9691,0
9692,0
9693,0
9694,0
9695,0
9696,0
9697,0
9698,0
9699,1
9700,0
9701,0
9702,0
9703,0
9704,0
9705,0
9706,0
9707,0
9708,1
9709,1
9710,0
9711,0
9712,0
9713,0
9714,0
9715,0
9716,0
9717,0
9718,0
9719,1
9720,1
9721,1
9722,0
9723,1
9724,1
9725,0
9726,1
9727,1
9728,0
9729,1
9730,0
9731,1
9732,0
9733,1
9734,0
9735,0
9736,0
9737,0
9738,1
9739,0
9740,0
9741,0
9742,0
9743,0
9744,0
9745,0
9746,0
9747,1
9748,0
9749,0
9750,0
9751,0
9752,0
9753,1
9754,0
9755,0
9756,0
9757,0
9758,0
9759,0
9760,1
9761,0
9762,0
9763,0
9764,0
9765,0
9766,1
9767,0
9768,0
9769,0
9770,0
9771,0
9772,0
9773,0
9774,0
9775,0
9776,1
9777,0
9778,0
9779,0
9780,0
9781,1
9782,1
9783,0
9784,0
9785,0
9786,0
9787,0
9788,1
9789,0
9790,0
9791,1
9792,0
9793,0
9794,0
9795,0
9796,1
9797,0
9798,1
9799,1
9800,0
9801,1
9802,0
9803,0
9804,0
9805,0
9806,0
9807,0
9808,1
9809,0
9810,0
9811,0
9812,1
9813,0
9814,1
9815,0
9816,1
9817,0
9818,0
9819,0
9820,0
9821,0
9822,1
9823,1
9824,0
9825,1
9826,0
9827,0
9828,0
9829,0
9830,0
9831,0
9832,0
9833,0
9834,0
9835,0
9836,0
9837,0
9838,0
9839,1
9840,0
9841,1
9842,0
9843,0
9844,0
9845,0
9846,0
9847,0
9848,1
9849,0
9850,0
9851,0
9852,1
9853,1
9854,1
9855,1
9856,0
9857,0
9858,0
9859,0
9860,0
9861,1
9862,0
9863,0
9864,1
9865,0
9866,0
9867,0
9868,0
9869,1
9870,1
9871,1
9872,1
9873,1
9874,0
9875,0
9876,0
9877,0
9878,1
9879,1
9880,1
9881,0
9882,0
9883,1
9884,1
9885,0
9886,0
9887,0
9888,0
9889,0
9890,1
9891,1
9892,0
9893,1
9894,0
9895,0
9896,1
9897,0
9898,1
9899,0
9900,1
9901,0
9902,0
9903,1
9904,0
9905,0
9906,0
9907,1
9908,0
9909,0
9910,0
9911,1
9912,0
9913,1
9914,0
9915,0
9916,0
9917,1
9918,1
9919,0
9920,0
9921,0
9922,0
9923,0
9924,1
9925,1
9926,1
9927,0
9928,0
9929,0
9930,1
9931,1
9932,0
9933,0
9934,1
9935,0
9936,1
9937,0
9938,0
9939,0
9940,0
9941,1
9942,1
9943,0
9944,1
9945,1
9946,0
9947,0
9948,1
9949,0
9950,0
9951,0
9952,1
9953,0
9954,0
9955,1
9956,0
9957,0
9958,0
9959,0
9960,0
9961,0
9962,0
9963,0
9964,0
9965,0
9966,0
9967,0
9968,1
9969,1
9970,0
9971,0
9972,0
9973,1
9974,1
9975,0
9976,0
9977,0
9978,1
9979,1
9980,0
9981,1
9982,0
9983,0
9984,0
9985,1
9986,0
9987,0
9988,0
9989,0
9990,1
9991,1
9992,1
9993,0
9994,1
9995,0
9996,1
9997,0
9998,0
9999,0
10000,0
10001,0
10002,1
10003,1
10004,1
10005,0
10006,0
10007,1
10008,0
10009,0
10010,1
10011,1
10012,0
10013,1
10014,1
10015,1
10016,0
10017,0
10018,0
10019,1
10020,0
10021,0
10022,1
10023,0
10024,0
10025,0
10026,1
10027,1
10028,0
10029,1
10030,0
10031,0
10032,1
10033,0
10034,1
10035,0
10036,0
10037,1
10038,1
10039,0
10040,0
10041,0
10042,0
10043,1
10044,1
10045,0
10046,1
10047,0
10048,0
10049,0
10050,1
10051,1
10052,0
10053,0
10054,1
10055,1
10056,1
10057,0
10058,0
10059,0
10060,0
10061,1
10062,0
10063,0
10064,0
10065,0
10066,0
10067,0
10068,0
10069,0
10070,0
10071,0
10072,1
10073,0
10074,0
10075,1
10076,1
10077,0
10078,0
10079,1
10080,0
10081,0
10082,0
10083,1
10084,0
10085,1
10086,0
10087,0
10088,0
10089,1
10090,0
10091,0
10092,0
10093,0
10094,0
10095,0
10096,0
10097,0
10098,1
10099,0
10100,0
10101,1
10102,1
10103,1
10104,0
10105,0
10106,0
10107,1
10108,0
10109,0
10110,1
10111,1
10112,0
10113,1
10114,1
10115,0
10116,0
10117,1
10118,0
10119,0
10120,0
10121,1
10122,0
10123,1
10124,0
10125,0
10126,1
10127,0
10128,0
10129,0
10130,0
10131,1
10132,0
10133,0
10134,1
10135,0
10136,0
10137,0
10138,0
10139,0
10140,1
10141,1
10142,0
10143,0
10144,0
10145,0
10146,1
10147,0
10148,1
10149,0
10150,0
10151,0
10152,0
10153,1
10154,1
10155,0
10156,0
10157,0
10158,1
10159,0
10160,0
10161,0
10162,0
10163,1
10164,1
10165,0
10166,0
10167,0
10168,0
10169,1
10170,0
10171,0
10172,1
10173,0
10174,1
10175,0
10176,0
10177,0
10178,0
10179,1
10180,0
10181,1
10182,1
10183,0
10184,1
10185,1
10186,0
10187,1
10188,0
10189,1
10190,0
10191,1
10192,1
10193,1
10194,0
10195,0
10196,1
10197,1
10198,0
10199,1
10200,0
10201,1
10202,0
10203,1
10204,0
10205,0
10206,0
10207,0
10208,0
10209,1
10210,0
10211,1
10212,0
10213,0
10214,1
10215,1
10216,0
10217,0
10218,0
10219,1
10220,0
10221,1
10222,0
10223,0
10224,0
10225,0
10226,0
10227,1
10228,0
10229,0
10230,1
10231,0
10232,0
10233,1
10234,1
10235,0
10236,0
10237,0
10238,1
10239,0
10240,0
10241,0
10242,0
10243,0
10244,1
10245,1
10246,0
10247,0
10248,0
10249,1
10250,0
10251,1
10252,0
10253,1
10254,0
10255,0
10256,1
10257,1
10258,0
10259,0
10260,1
10261,0
10262,1
10263,0
10264,1
10265,1
10266,1
10267,1
10268,1
10269,0
10270,0
10271,0
10272,1
10273,0
10274,1
10275,1
10276,1
10277,1
10278,0
10279,1
10280,0
10281,0
10282,0
10283,1
10284,0
10285,0
10286,0
10287,1
10288,0
10289,0
10290,1
10291,0
10292,1
10293,0
10294,0
10295,0
10296,1
10297,0
10298,0
10299,1
10300,0
10301,0
10302,1
10303,0
10304,0
10305,0
10306,0
10307,1
10308,1
10309,0
10310,0
10311,0
10312,0
10313,0
10314,0
10315,0
10316,0
10317,0
10318,0
10319,0
10320,0
10321,0
10322,0
10323,0
10324,0
10325,1
10326,0
10327,1
10328,0
10329,0
10330,0
10331,1
10332,0
10333,0
10334,0
10335,0
10336,0
10337,0
10338,1
10339,0
10340,1
10341,0
10342,1
10343,1
10344,1
10345,1
10346,0
10347,0
10348,0
10349,1
10350,0
10351,1
10352,0
10353,0
10354,0
10355,0
10356,0
10357,0
10358,0
10359,0
10360,1
10361,0
10362,1
10363,0
10364,1
10365,0
10366,1
10367,0
10368,0
10369,0
10370,0
10371,1
10372,0
10373,0
10374,1
10375,0
10376,0
10377,0
10378,0
10379,1
10380,1
10381,0
10382,0
10383,0
10384,1
10385,0
10386,1
10387,0
10388,0
10389,0
10390,0
10391,1
10392,1
10393,0
10394,0
10395,0
10396,1
10397,0
10398,0
10399,1
10400,0
10401,0
10402,1
10403,1
10404,1
10405,0
10406,0
10407,1
10408,0
10409,1
10410,1
10411,0
10412,1
10413,0
10414,0
10415,0
10416,0
10417,0
10418,0
10419,1
10420,0
10421,0
10422,0
10423,0
10424,0
10425,0
10426,0
10427,0
10428,0
10429,0
10430,0
10431,0
10432,0
10433,0
10434,1
10435,0
10436,1
10437,1
10438,1
10439,0
10440,0
10441,0
10442,0
10443,1
10444,0
10445,1
10446,1
10447,0
10448,1
10449,1
10450,0
10451,0
10452,0
10453,0
10454,0
10455,0
10456,0
10457,1
10458,1
10459,0
10460,1
10461,1
10462,0
10463,0
10464,1
10465,1
10466,1
10467,0
10468,1
10469,0
10470,1
10471,1
10472,0
10473,0
10474,0
10475,0
10476,0
10477,0
10478,1
10479,0
10480,0
10481,1
10482,0
10483,0
10484,0
10485,0
10486,0
10487,1
10488,1
10489,0
10490,0
10491,1
10492,1
10493,0
10494,1
10495,1
10496,0
10497,1
10498,1
10499,0
10500,1
10501,0
10502,1
10503,1
10504,0
10505,0
10506,1
10507,0
10508,1
10509,0
10510,0
10511,1
10512,1
10513,1
10514,0
10515,0
10516,0
10517,0
10518,1
10519,0
10520,0
10521,1
10522,0
10523,1
10524,0
10525,1
10526,1
10527,1
10528,0
10529,0
10530,0
10531,1
10532,1
10533,0
10534,0
10535,0
10536,1
10537,0
10538,0
10539,1
10540,0
10541,0
10542,0
10543,1
10544,1
10545,1
10546,1
10547,1
10548,0
10549,1
10550,0
10551,0
10552,0
10553,0
10554,0
10555,1
10556,0
10557,1
10558,1
10559,0
10560,1
10561,1
10562,1
10563,0
10564,1
10565,1
10566,0
10567,0
10568,0
10569,0
10570,1
10571,0
10572,1
10573,1
10574,1
10575,0
10576,0
10577,0
10578,1
10579,0
10580,1
10581,1
10582,0
10583,0
10584,0
10585,1
10586,0
10587,0
10588,0
10589,0
10590,0
10591,1
10592,0
10593,0
10594,0
10595,1
10596,0
10597,1
10598,0
10599,0
10600,0
10601,0
10602,0
10603,1
10604,1
10605,1
10606,0
10607,1
10608,0
10609,0
10610,1
10611,1
10612,0
10613,1
10614,0
10615,1
10616,1
10617,1
10618,0
10619,1
10620,1
10621,0
10622,1
10623,0
10624,0
10625,1
10626,1
10627,0
10628,0
10629,0
10630,0
10631,1
10632,0
10633,0
10634,0
10635,1
10636,0
10637,1
10638,1
10639,0
10640,0
10641,1
10642,0
10643,1
10644,1
10645,1
10646,1
10647,0
10648,0
10649,1
10650,0
10651,1
10652,0
10653,1
10654,0
10655,0
10656,1
10657,0
10658,1
10659,0
10660,1
10661,1
10662,1
10663,0
10664,0
10665,1
10666,1
10667,0
10668,1
10669,1
10670,0
10671,1
10672,0
10673,0
10674,0
10675,0
10676,0
10677,0
10678,0
10679,1
10680,0
10681,0
10682,0
10683,1
10684,0
10685,0
10686,1
10687,0
10688,0
10689,1
10690,0
10691,0
10692,0
10693,0
10694,0
10695,0
10696,0
10697,1
10698,1
10699,0
10700,1
10701,0
10702,0
10703,0
10704,0
10705,0
10706,1
10707,1
10708,0
10709,0
10710,1
10711,1
10712,0
10713,0
10714,1
10715,1
10716,0
10717,0
10718,0
10719,0
10720,0
10721,0
10722,1
10723,1
10724,1
10725,0
10726,0
10727,0
10728,1
10729,0
10730,1
10731,0
10732,0
10733,1
10734,0
10735,0
10736,0
10737,1
10738,0
10739,0
10740,0
10741,0
10742,1
10743,0
10744,1
10745,0
10746,0
10747,1
10748,1
10749,1
10750,0
10751,1
10752,1
10753,0
10754,0
10755,0
10756,1
10757,0
10758,0
10759,1
10760,1
10761,0
10762,0
10763,1
10764,1
10765,0
10766,0
10767,0
10768,1
10769,0
10770,0
10771,0
10772,0
10773,0
10774,1
10775,0
10776,1
10777,0
10778,0
10779,0
10780,1
10781,0
10782,0
10783,0
10784,0
10785,0
10786,0
10787,0
10788,0
10789,1
10790,0
10791,0
10792,1
10793,0
10794,1
10795,0
10796,1
10797,0
10798,0
10799,1
10800,0
10801,0
10802,1
10803,0
10804,1
10805,1
10806,0
10807,0
10808,0
10809,1
10810,0
10811,0
10812,0
10813,1
10814,1
10815,0
10816,0
10817,0
10818,0
10819,0
10820,0
10821,1
10822,0
10823,0
10824,0
10825,1
10826,0
10827,0
10828,1
10829,1
10830,0
10831,0
10832,0
10833,0
10834,0
10835,1
10836,0
10837,0
10838,1
10839,1
10840,0
10841,0
10842,0
10843,0
10844,0
10845,0
10846,0
10847,0
10848,1
10849,0
10850,1
10851,0
10852,0
10853,0
10854,1
10855,0
10856,0
10857,1
10858,1
10859,1
10860,0
10861,0
10862,1
10863,0
10864,0
10865,0
10866,0
10867,0
10868,0
10869,0
10870,1
10871,0
10872,1
10873,0
10874,0
10875,0
10876,0
10877,0
10878,0
10879,0
10880,0
10881,0
10882,0
10883,1
10884,1
10885,0
10886,1
10887,0
10888,0
10889,0
10890,1
10891,0
10892,0
10893,0
10894,1
10895,1
10896,1
10897,0
10898,0
10899,1
10900,0
10901,1
10902,1
10903,1
10904,0
10905,0
10906,0
10907,0
10908,0
10909,0
10910,0
10911,1
10912,0
10913,0
10914,1
10915,0
10916,0
10917,1
10918,1
10919,1
10920,1
10921,0
10922,0
10923,0
10924,1
10925,1
10926,0
10927,1
10928,0
10929,0
10930,0
10931,1
10932,0
10933,1
10934,0
10935,0
10936,1
10937,0
10938,0
10939,1
10940,0
10941,1
10942,0
10943,0
10944,0
10945,1
10946,1
10947,1
10948,0
10949,0
10950,1
10951,0
10952,1
10953,1
10954,0
10955,0
10956,0
10957,0
10958,1
10959,0
10960,1
10961,0
10962,0
10963,0
10964,0
10965,1
10966,1
10967,0
10968,0
10969,1
10970,1
10971,0
10972,1
10973,0
10974,0
10975,0
10976,0
10977,0
10978,0
10979,1
10980,0
10981,1
10982,1
10983,0
10984,0
10985,0
10986,0
10987,0
10988,0
10989,1
10990,0
10991,1
10992,0
10993,1
10994,1
10995,1
10996,0
10997,1
10998,1
10999,1
11000,0
11001,0
11002,1
11003,1
11004,0
11005,0
11006,0
11007,1
11008,0
11009,1
11010,0
11011,1
11012,0
11013,0
11014,0
11015,0
11016,0
11017,0
11018,0
11019,0
11020,0
11021,1
11022,1
11023,0
11024,1
11025,0
11026,1
11027,0
11028,1
11029,0
11030,0
11031,1
11032,0
11033,0
11034,1
11035,0
11036,0
11037,0
11038,0
11039,1
11040,0
11041,0
11042,0
11043,1
11044,0
11045,0
11046,1
11047,0
11048,1
11049,1
11050,0
11051,1
11052,0
11053,0
11054,1
11055,1
11056,0
11057,0
11058,0
11059,0
11060,0
11061,0
11062,1
11063,0
11064,0
11065,0
11066,0
11067,0
11068,1
11069,0
11070,0
11071,0
11072,0
11073,0
11074,0
11075,0
11076,1
11077,0
11078,0
11079,0
11080,0
11081,1
11082,1
11083,1
11084,1
11085,1
11086,0
11087,1
11088,0
11089,1
11090,0
11091,1
11092,0
11093,0
11094,1
11095,1
11096,1
11097,1
11098,0
11099,0
11100,1
11101,1
11102,0
11103,0
11104,0
11105,0
11106,0
11107,0
11108,0
11109,0
11110,1
11111,1
11112,0
11113,0
11114,0
11115,0
11116,0
11117,0
11118,0
11119,0
11120,0
11121,1
11122,1
11123,0
11124,1
11125,1
11126,0
11127,0
11128,1
11129,0
11130,0
11131,0
11132,0
11133,0
11134,0
11135,0
11136,0
11137,0
11138,1
11139,0
11140,0
11141,1
11142,1
11143,0
11144,0
11145,1
11146,1
11147,0
11148,0
11149,0
11150,0
11151,0
11152,1
11153,0
11154,0
11155,0
11156,1
11157,0
11158,0
11159,0
11160,1
11161,1
11162,0
11163,0
11164,0
11165,0
11166,0
11167,0
11168,0
11169,0
11170,1
11171,0
11172,0
11173,0
11174,0
11175,1
11176,0
11177,0
11178,0
11179,1
11180,1
11181,0
11182,0
11183,0
11184,0
11185,1
11186,1
11187,0
11188,0
11189,0
11190,0
11191,1
11192,0
11193,0
11194,1
11195,0
11196,1
11197,0
11198,1
11199,1
11200,1
11201,0
11202,0
11203,1
11204,0
11205,0
11206,0
11207,0
11208,1
11209,0
11210,1
11211,0
11212,0
11213,0
11214,0
11215,1
11216,0
11217,0
11218,1
11219,0
11220,0
11221,0
11222,0
11223,0
11224,0
11225,0
11226,0
11227,0
11228,1
11229,0
11230,1
11231,1
11232,1
11233,0
11234,0
11235,0
11236,0
11237,0
11238,0
11239,0
11240,0
11241,1
11242,0
11243,0
11244,1
11245,0
11246,1
11247,0
11248,0
11249,1
11250,0
11251,1
11252,0
11253,1
11254,0
11255,1
11256,1
11257,0
11258,0
11259,1
11260,0
11261,0
11262,0
11263,0
11264,1
11265,0
11266,0
11267,0
11268,0
11269,1
11270,0
11271,0
11272,0
11273,0
11274,1
11275,0
11276,1
11277,0
11278,1
11279,1
11280,1
11281,0
11282,0
11283,0
11284,0
11285,0
11286,0
11287,0
11288,0
11289,0
11290,1
11291,0
11292,0
11293,0
11294,0
11295,0
11296,0
11297,0
11298,0
11299,0
11300,0
11301,0
11302,0
11303,0
11304,0
11305,0
11306,0
11307,0
11308,0
11309,0
11310,0
11311,1
11312,0
11313,0
11314,0
11315,0
11316,0
11317,1
11318,1
11319,0
11320,1
11321,0
11322,0
11323,0
11324,0
11325,0
11326,1
11327,0
11328,0
11329,0
11330,0
11331,0
11332,0
11333,0
11334,1
11335,0
11336,0
11337,0
11338,0
11339,1
11340,1
11341,1
11342,0
11343,0
11344,0
11345,0
11346,1
11347,0
11348,0
11349,0
11350,1
11351,0
11352,0
11353,0
11354,0
11355,0
11356,1
11357,0
11358,0
11359,1
11360,1
11361,1
11362,1
11363,0
11364,0
11365,0
11366,0
11367,1
11368,0
11369,0
11370,1
11371,0
11372,0
11373,0
11374,0
11375,0
11376,1
11377,0
11378,0
11379,1
11380,0
11381,0
11382,1
11383,1
11384,1
11385,0
11386,0
11387,0
11388,1
11389,0
11390,0
11391,1
11392,1
11393,0
11394,0
11395,1
11396,1
11397,0
11398,1
11399,0
11400,0
11401,0
11402,0
11403,0
11404,0
11405,0
11406,0
11407,1
11408,1
11409,1
11410,0
11411,0
11412,0
11413,0
11414,0
11415,1
11416,0
11417,0
11418,0
11419,1
11420,1
11421,0
11422,1
11423,1
11424,1
11425,1
11426,0
11427,0
11428,0
11429,0
11430,0
11431,0
11432,1
11433,0
11434,1
11435,1
11436,1
11437,0
11438,0
11439,1
11440,0
11441,0
11442,0
11443,1
11444,0
11445,1
11446,0
11447,0
11448,1
11449,0
11450,1
11451,0
11452,0
11453,0
11454,1
11455,0
11456,0
11457,1
11458,0
11459,1
11460,1
11461,0
11462,0
11463,1
11464,1
11465,0
11466,0
11467,0
11468,1
11469,1
11470,0
11471,0
11472,1
11473,1
11474,0
11475,1
11476,0
11477,1
11478,0
11479,1
11480,1
11481,1
11482,0
11483,1
11484,1
11485,0
11486,1
11487,0
11488,0
11489,0
11490,0
11491,1
11492,0
11493,0
11494,1
11495,0
11496,0
11497,0
11498,0
11499,1
11500,0
11501,0
11502,1
11503,0
11504,0
11505,0
11506,1
11507,0
11508,0
11509,0
11510,0
11511,0
11512,0
11513,1
11514,0
11515,0
11516,0
11517,1
11518,1
11519,0
11520,1
11521,0
11522,1
11523,0
11524,0
11525,0
11526,0
11527,0
11528,0
11529,0
11530,0
11531,0
11532,0
11533,1
11534,0
11535,0
11536,0
11537,0
11538,0
11539,1
11540,1
11541,0
11542,1
11543,0
11544,1
11545,0
11546,0
11547,0
11548,0
11549,1
11550,1
11551,0
11552,0
11553,1
11554,0
11555,0
11556,0
11557,0
11558,0
11559,0
11560,0
11561,0
11562,1
11563,0
11564,1
11565,0
11566,1
11567,1
11568,0
11569,1
11570,0
11571,1
11572,1
11573,1
11574,0
11575,0
11576,0
11577,1
11578,0
11579,0
11580,0
11581,0
11582,0
11583,0
11584,0
11585,1
11586,1
11587,0
11588,0
11589,0
11590,0
11591,0
11592,0
11593,0
11594,0
11595,0
11596,0
11597,1
11598,1
11599,1
11600,0
11601,0
11602,0
11603,0
11604,1
11605,1
11606,0
11607,0
11608,0
11609,0
11610,0
11611,0
11612,1
11613,1
11614,0
11615,1
11616,1
11617,0
11618,0
11619,0
11620,0
11621,1
11622,1
11623,0
11624,0
11625,0
11626,0
11627,1
11628,0
11629,1
11630,0
11631,0
11632,0
11633,0
11634,0
11635,0
11636,1
11637,0
11638,0
11639,1
11640,0
11641,0
11642,1
11643,0
11644,1
11645,0
11646,0
11647,0
11648,1
11649,1
11650,1
11651,1
11652,0
11653,0
11654,0
11655,0
11656,1
11657,1
11658,0
11659,0
11660,0
11661,0
11662,1
11663,1
11664,0
11665,0
11666,0
11667,0
11668,0
11669,0
11670,0
11671,0
11672,0
11673,0
11674,1
11675,1
11676,1
11677,1
11678,1
11679,0
11680,1
11681,0
11682,0
11683,1
11684,1
11685,1
11686,0
11687,0
11688,0
11689,1
11690,1
11691,1
11692,0
11693,0
11694,1
11695,1
11696,0
11697,0
11698,1
11699,0
11700,0
11701,1
11702,0
11703,1
11704,0
11705,1
11706,1
11707,0
11708,0
11709,1
11710,0
11711,0
11712,0
11713,1
11714,0
11715,0
11716,0
11717,0
11718,1
11719,0
11720,1
11721,0
11722,0
11723,0
11724,1
11725,1
11726,0
11727,0
11728,0
11729,0
11730,1
11731,0
11732,1
11733,0
11734,0
11735,0
11736,0
11737,0
11738,1
11739,0
11740,0
11741,0
11742,1
11743,0
11744,0
11745,1
11746,0
11747,0
11748,1
11749,1
11750,1
11751,1
11752,0
11753,0
11754,0
11755,1
11756,0
11757,1
11758,0
11759,0
11760,0
11761,0
11762,0
11763,0
11764,0
11765,1
11766,0
11767,0
11768,1
11769,0
11770,1
11771,0
11772,0
11773,1
11774,0
11775,0
11776,0
11777,0
11778,0
11779,1
11780,0
11781,0
11782,1
11783,0
11784,0
11785,0
11786,1
11787,0
11788,0
11789,0
11790,0
11791,0
11792,0
11793,1
11794,0
11795,0
11796,0
11797,0
11798,1
11799,0
11800,0
11801,0
11802,0
11803,1
11804,0
11805,0
11806,1
11807,0
11808,0
11809,0
11810,1
11811,1
11812,0
11813,1
11814,0
11815,0
11816,0
11817,0
11818,0
11819,1
11820,1
11821,0
11822,0
11823,0
11824,1
11825,0
11826,0
11827,0
11828,0
11829,1
11830,1
11831,0
11832,1
11833,0
11834,1
11835,1
11836,0
11837,0
11838,0
11839,0
11840,1
11841,0
11842,1
11843,0
11844,0
11845,0
11846,0
11847,0
11848,0
11849,1
11850,1
11851,0
11852,1
11853,0
11854,1
11855,1
11856,0
11857,1
11858,0
11859,1
11860,0
11861,0
11862,1
11863,0
11864,1
11865,0
11866,1
11867,0
11868,1
11869,1
11870,0
11871,0
11872,0
11873,0
11874,0
11875,1
11876,1
11877,1
11878,0
11879,1
11880,0
11881,0
11882,0
11883,0
11884,0
11885,0
11886,0
11887,0
11888,0
11889,0
11890,0
11891,1
11892,0
11893,0
11894,1
11895,0
11896,0
11897,1
11898,1
11899,1
11900,0
11901,1
11902,1
11903,0
11904,0
11905,1
11906,0
11907,0
11908,0
11909,1
11910,0
11911,0
11912,0
11913,1
11914,0
11915,0
11916,1
11917,1
11918,0
11919,0
11920,1
11921,0
11922,0
11923,0
11924,1
11925,0
11926,0
11927,1
11928,0
11929,0
11930,0
11931,1
11932,0
11933,0
11934,0
11935,0
11936,0
11937,0
11938,0
11939,1
11940,0
11941,0
11942,1
11943,0
11944,0
11945,1
11946,0
11947,0
11948,0
11949,0
11950,1
11951,1
11952,1
11953,1
11954,1
11955,0
11956,1
11957,0
11958,0
11959,0
11960,1
11961,1
11962,0
11963,0
11964,1
11965,0
11966,0
11967,1
11968,1
11969,0
11970,1
11971,0
11972,0
11973,0
11974,0
11975,0
11976,0
11977,0
11978,0
11979,0
11980,0
11981,1
11982,0
11983,0
11984,1
11985,0
11986,1
11987,0
11988,1
11989,0
11990,1
11991,0
11992,0
11993,0
11994,1
11995,0
11996,1
11997,1
11998,0
11999,1
12000,1
12001,1
12002,0
12003,1
12004,1
12005,1
12006,0
12007,0
12008,1
12009,1
12010,1
12011,0
12012,1
12013,0
12014,0
12015,0
12016,0
12017,0
12018,0
12019,0
12020,0
12021,0
12022,0
12023,0
12024,1
12025,0
12026,0
12027,1
12028,0
12029,0
12030,0
12031,1
12032,0
12033,0
12034,0
12035,0
12036,1
12037,0
12038,0
12039,0
12040,0
12041,0
12042,1
12043,0
12044,1
12045,1
12046,0
12047,0
12048,1
12049,0
12050,1
12051,0
12052,1
12053,1
12054,0
12055,0
12056,1
12057,1
12058,0
12059,0
12060,0
12061,1
12062,1
12063,1
12064,0
12065,0
12066,0
12067,0
12068,0
12069,1
12070,1
12071,0
12072,1
12073,0
12074,0
12075,1
12076,1
12077,0
12078,1
12079,1
12080,0
12081,0
12082,0
12083,0
12084,0
12085,0
12086,1
12087,0
12088,0
12089,0
12090,0
12091,1
12092,0
12093,1
12094,0
12095,1
12096,1
12097,1
12098,1
12099,0
12100,1
12101,0
12102,0
12103,0
12104,0
12105,0
12106,0
12107,0
12108,1
12109,1
12110,0
12111,0
12112,1
12113,1
12114,0
12115,1
12116,0
12117,0
12118,0
12119,0
12120,0
12121,0
12122,0
12123,0
12124,0
12125,0
12126,1
12127,1
12128,1
12129,1
12130,0
12131,1
12132,0
12133,1
12134,0
12135,1
12136,0
12137,1
12138,1
12139,0
12140,0
12141,1
12142,0
12143,0
12144,0
12145,1
12146,0
12147,1
12148,1
12149,1
12150,0
12151,0
12152,1
12153,0
12154,0
12155,0
12156,0
12157,0
12158,0
12159,1
12160,1
12161,1
12162,1
12163,1
12164,1
12165,1
12166,1
12167,0
12168,0
12169,0
12170,0
12171,1
12172,1
12173,1
12174,0
12175,0
12176,0
12177,1
12178,0
12179,0
12180,1
12181,0
12182,0
12183,1
12184,0
12185,1
12186,0
12187,1
12188,0
12189,0
12190,0
12191,1
12192,0
12193,0
12194,1
12195,0
12196,0
12197,0
12198,1
12199,1
12200,0
12201,0
12202,0
12203,0
12204,0
12205,0
12206,0
12207,1
12208,1
12209,1
12210,0
12211,0
12212,1
12213,0
12214,1
12215,0
12216,0
12217,0
12218,0
12219,0
12220,0
12221,0
12222,0
12223,0
12224,0
12225,0
12226,1
12227,1
12228,0
12229,0
12230,0
12231,0
12232,1
12233,1
12234,0
12235,0
12236,0
12237,0
12238,0
12239,1
12240,0
12241,0
12242,1
12243,0
12244,1
12245,0
12246,1
12247,0
12248,0
12249,0
12250,1
12251,0
12252,1
12253,0
12254,0
12255,0
12256,0
12257,1
12258,0
12259,0
12260,0
12261,1
12262,1
12263,1
12264,0
12265,0
12266,0
12267,0
12268,0
12269,0
12270,1
12271,0
12272,0
12273,0
12274,1
12275,0
12276,0
12277,0
12278,0
12279,1
12280,0
12281,0
12282,1
12283,1
12284,0
12285,1
12286,0
12287,1
12288,0
12289,0
12290,0
12291,0
12292,0
12293,0
12294,1
12295,1
12296,0
12297,0
12298,0
12299,1
12300,1
12301,0
12302,0
12303,0
12304,0
12305,0
12306,1
12307,1
12308,0
12309,0
12310,0
12311,0
12312,0
12313,0
12314,1
12315,1
12316,1
12317,1
12318,0
12319,0
12320,0
12321,0
12322,1
12323,0
12324,1
12325,1
12326,0
12327,0
12328,0
12329,1
12330,0
12331,1
12332,0
12333,1
12334,0
12335,1
12336,0
12337,1
12338,0
12339,1
12340,0
12341,0
12342,0
12343,1
12344,1
12345,0
12346,1
12347,1
12348,0
12349,0
12350,1
12351,0
12352,1
12353,0
12354,1
12355,1
12356,0
12357,0
12358,0
12359,1
12360,1
12361,0
12362,0
12363,0
12364,0
12365,1
12366,0
12367,0
12368,0
12369,0
12370,1
12371,1
12372,0
12373,0
12374,0
12375,0
12376,0
12377,1
12378,0
12379,0
12380,0
12381,1
12382,0
12383,1
12384,0
12385,1
12386,1
12387,1
12388,0
12389,1
12390,1
12391,1
12392,0
12393,0
12394,0
12395,0
12396,0
12397,1
12398,1
12399,1
12400,1
12401,0
12402,0
12403,0
12404,1
12405,0
12406,1
12407,1
12408,0
12409,0
12410,1
12411,1
12412,1
12413,1
12414,1
12415,0
12416,1
12417,0
12418,1
12419,1
12420,1
12421,0
12422,0
12423,0
12424,1
12425,1
12426,1
12427,0
12428,1
12429,1
12430,0
12431,0
12432,0
12433,0
12434,0
12435,1
12436,1
12437,0
12438,1
12439,0
12440,0
12441,0
12442,0
12443,0
12444,0
12445,0
12446,0
12447,1
12448,0
12449,1
12450,1
12451,1
12452,0
12453,0
12454,1
12455,1
12456,1
12457,0
12458,1
12459,0
12460,0
12461,1
12462,1
12463,0
12464,0
12465,0
12466,0
12467,1
12468,1
12469,0
12470,1
12471,0
12472,0
12473,1
12474,1
12475,0
12476,0
12477,1
12478,0
12479,1
12480,0
12481,0
12482,0
12483,0
12484,0
12485,1
12486,0
12487,1
12488,1
12489,1
12490,0
12491,1
12492,0
12493,1
12494,0
12495,0
12496,1
12497,0
12498,1
12499,1
12500,0
12501,1
12502,0
12503,1
12504,1
12505,1
12506,0
12507,0
12508,0
12509,1
12510,0
12511,1
12512,1
12513,0
12514,1
12515,1
12516,1
12517,0
12518,0
12519,1
12520,0
12521,0
12522,0
12523,0
12524,0
12525,0
12526,1
12527,1
12528,0
12529,0
12530,1
12531,0
12532,0
12533,0
12534,0
12535,1
12536,1
12537,0
12538,1
12539,1
12540,1
12541,0
12542,0
12543,1
12544,1
12545,0
12546,0
12547,0
12548,0
12549,1
12550,1
12551,0
12552,0
12553,0
12554,0
12555,0
12556,0
12557,0
12558,0
12559,1
12560,0
12561,1
12562,0
12563,0
12564,0
12565,0
12566,0
12567,0
12568,0
12569,0
12570,0
12571,0
12572,0
12573,0
12574,1
12575,1
12576,0
12577,1
12578,0
12579,0
12580,0
12581,1
12582,0
12583,1
12584,0
12585,0
12586,0
12587,0
12588,1
12589,1
12590,0
12591,0
12592,1
12593,1
12594,0
12595,1
12596,0
12597,0
12598,0
12599,1
12600,1
12601,0
12602,1
12603,0
12604,1
12605,0
12606,0
12607,0
12608,0
12609,1
12610,0
12611,0
12612,0
12613,0
12614,0
12615,0
12616,1
12617,0
12618,1
12619,1
12620,1
12621,1
12622,0
12623,0
12624,0
12625,0
12626,1
12627,0
12628,1
12629,0
12630,1
12631,0
12632,1
12633,0
12634,1
12635,0
12636,0
12637,0
12638,0
12639,1
12640,0
12641,0
12642,0
12643,1
12644,0
12645,1
12646,0
12647,0
12648,0
12649,0
12650,1
12651,1
12652,1
12653,0
12654,0
12655,0
12656,0
12657,0
12658,0
12659,0
12660,0
12661,0
12662,0
12663,0
12664,1
12665,1
12666,1
12667,0
12668,0
12669,1
12670,0
12671,1
12672,0
12673,0
12674,0
12675,0
12676,0
12677,0
12678,1
12679,1
12680,1
12681,0
12682,0
12683,1
12684,1
12685,0
12686,1
12687,0
12688,1
12689,1
12690,0
12691,0
12692,1
12693,0
12694,1
12695,1
12696,0
12697,1
12698,0
12699,0
12700,1
12701,0
12702,1
12703,1
12704,0
12705,1
12706,0
12707,0
12708,0
12709,0
12710,0
12711,1
12712,0
12713,1
12714,0
12715,0
12716,0
12717,0
12718,1
12719,1
12720,0
12721,0
12722,0
12723,0
12724,0
12725,0
12726,0
12727,0
12728,0
12729,0
12730,1
12731,0
12732,0
12733,0
12734,0
12735,1
12736,0
12737,0
12738,0
12739,1
12740,0
12741,0
12742,0
12743,1
12744,0
12745,1
12746,0
12747,0
12748,0
12749,0
12750,0
12751,0
12752,0
12753,1
12754,0
12755,0
12756,1
12757,0
12758,0
12759,0
12760,0
12761,1
12762,1
12763,0
12764,1
12765,0
12766,1
12767,0
12768,0
12769,0
12770,1
12771,0
12772,1
12773,1
12774,1
12775,0
12776,0
12777,0
12778,0
12779,0
12780,1
12781,1
12782,1
12783,0
12784,1
12785,0
12786,0
12787,0
12788,0
12789,0
12790,0
12791,0
12792,0
12793,0
12794,1
12795,0
12796,0
12797,0
12798,1
12799,0
12800,0
12801,1
12802,1
12803,0
12804,0
12805,0
12806,1
12807,1
12808,0
12809,0
12810,1
12811,1
12812,0
12813,0
12814,1
12815,0
12816,1
12817,0
12818,0
12819,1
12820,0
12821,0
12822,1
12823,1
12824,1
12825,0
12826,1
12827,0
12828,0
12829,0
12830,0
12831,1
12832,0
12833,0
12834,1
12835,1
12836,0
12837,0
12838,0
12839,0
12840,0
12841,1
12842,0
12843,0
12844,0
12845,0
12846,0
12847,1
12848,1
12849,0
12850,0
12851,0
12852,1
12853,1
12854,0
12855,0
12856,1
12857,0
12858,0
12859,0
12860,0
12861,0
12862,0
12863,1
12864,1
12865,1
12866,1
12867,1
12868,0
12869,0
12870,1
12871,0
12872,0
12873,0
12874,0
12875,1
12876,0
12877,0
12878,1
12879,0
12880,0
12881,0
12882,0
12883,0
12884,0
12885,0
12886,0
12887,0
12888,0
12889,1
12890,1
12891,0
12892,0
12893,1
12894,1
12895,0
12896,0
12897,0
12898,1
12899,1
12900,0
12901,1
12902,1
12903,1
12904,1
12905,0
12906,1
12907,0
12908,0
12909,0
12910,1
12911,0
12912,0
12913,0
12914,1
12915,1
12916,0
12917,0
12918,0
12919,1
12920,0
12921,1
12922,1
12923,1
12924,0
12925,1
12926,1
12927,1
12928,1
12929,0
12930,0
12931,1
12932,0
12933,0
12934,0
12935,0
12936,0
12937,0
12938,1
12939,0
12940,0
12941,0
12942,0
12943,0
12944,1
12945,1
12946,1
12947,1
12948,0
12949,1
12950,0
12951,0
12952,0
12953,0
12954,0
12955,0
12956,1
12957,1
12958,0
12959,0
12960,0
12961,0
12962,0
12963,1
12964,0
12965,0
12966,0
12967,1
12968,0
12969,1
12970,1
12971,0
12972,1
12973,1
12974,0
12975,0
12976,0
12977,0
12978,0
12979,0
12980,0
12981,0
12982,0
12983,0
12984,0
12985,0
12986,1
12987,0
12988,0
12989,0
12990,0
12991,0
12992,0
12993,0
12994,0
12995,0
12996,0
12997,0
12998,0
12999,1
13000,1
13001,0
13002,1
13003,0
13004,0
13005,1
13006,0
13007,1
13008,1
13009,0
13010,0
13011,0
13012,0
13013,0
13014,0
13015,0
13016,1
13017,0
13018,1
13019,0
13020,0
13021,0
13022,1
13023,1
13024,1
13025,0
13026,0
13027,0
13028,1
13029,0
13030,1
13031,1
13032,0
13033,0
13034,1
13035,0
13036,0
13037,0
13038,0
13039,1
13040,0
13041,0
13042,1
13043,1
13044,0
13045,0
13046,0
13047,1
13048,0
13049,0
13050,0
13051,1
13052,0
13053,1
13054,1
13055,0
13056,0
13057,0
13058,1
13059,0
13060,0
13061,1
13062,0
13063,0
13064,1
13065,0
13066,1
13067,0
13068,1
13069,1
13070,0
13071,0
13072,0
13073,0
13074,1
13075,1
13076,0
13077,0
13078,0
13079,1
13080,1
13081,0
13082,0
13083,0
13084,0
13085,1
13086,0
13087,0
13088,1
13089,0
13090,0
13091,1
13092,0
13093,0
13094,1
13095,0
13096,1
13097,0
13098,0
13099,1
13100,0
13101,0
13102,1
13103,0
13104,0
13105,1
13106,0
13107,1
13108,0
13109,1
13110,0
13111,1
13112,0
13113,0
13114,0
13115,0
13116,0
13117,0
13118,0
13119,1
13120,0
13121,1
13122,1
13123,0
13124,0
13125,0
13126,1
13127,0
13128,1
13129,0
13130,0
13131,0
13132,1
13133,0
13134,1
13135,0
13136,0
13137,0
13138,0
13139,1
13140,0
13141,1
13142,0
13143,1
13144,1
13145,0
13146,1
13147,0
13148,1
13149,0
13150,1
13151,0
13152,0
13153,1
13154,0
13155,0
13156,1
13157,0
13158,0
13159,0
13160,0
13161,1
13162,0
13163,0
13164,1
13165,0
13166,1
13167,0
13168,0
13169,1
13170,1
13171,0
13172,0
13173,1
13174,0
13175,0
13176,1
13177,0
13178,1
13179,1
13180,0
13181,1
13182,1
13183,0
13184,1
13185,0
13186,0
13187,0
13188,0
13189,0
13190,0
13191,0
13192,0
13193,0
13194,1
13195,0
13196,1
13197,0
13198,0
13199,0
13200,1
13201,0
13202,0
13203,0
13204,0
13205,0
13206,1
13207,1
13208,1
13209,0
13210,0
13211,0
13212,0
13213,0
13214,1
13215,0
13216,0
13217,0
13218,0
13219,1
13220,0
13221,1
13222,0
13223,1
13224,1
13225,1
13226,1
13227,0
13228,0
13229,0
13230,1
13231,0
13232,0
13233,0
13234,0
13235,1
13236,0
13237,0
13238,0
13239,1
13240,1
13241,0
13242,0
13243,0
13244,1
13245,1
13246,0
13247,0
13248,1
13249,1
13250,0
13251,0
13252,1
13253,0
13254,0
13255,0
13256,1
13257,1
13258,1
13259,0
13260,0
13261,1
13262,1
13263,1
13264,0
13265,0
13266,1
13267,0
13268,1
13269,1
13270,1
13271,1
13272,0
13273,0
13274,1
13275,0
13276,1
13277,0
13278,1
13279,0
13280,0
13281,0
13282,0
13283,1
13284,0
13285,0
13286,0
13287,1
13288,0
13289,0
13290,1
13291,1
13292,1
13293,1
13294,1
13295,0
13296,1
13297,1
13298,0
13299,1
13300,0
13301,1
13302,0
13303,0
13304,0
13305,0
13306,1
13307,0
13308,1
13309,1
13310,1
13311,0
13312,0
13313,0
13314,1
13315,0
13316,0
13317,1
13318,1
13319,0
13320,1
13321,0
13322,1
13323,0
13324,0
13325,1
13326,0
13327,0
13328,1
13329,0
13330,0
13331,1
13332,0
13333,0
13334,0
13335,1
13336,1
13337,1
13338,1
13339,1
13340,0
13341,0
13342,1
13343,0
13344,0
13345,1
13346,1
13347,0
13348,0
13349,0
13350,0
13351,0
13352,0
13353,1
13354,0
13355,0
13356,0
13357,1
13358,0
13359,1
13360,0
13361,0
13362,1
13363,1
13364,0
13365,0
13366,1
13367,1
13368,0
13369,0
13370,0
13371,0
13372,1
13373,0
13374,1
13375,1
13376,1
13377,0
13378,1
13379,1
13380,0
13381,1
13382,0
13383,1
13384,0
13385,0
13386,0
13387,0
13388,1
13389,0
13390,0
13391,1
13392,1
13393,0
13394,1
13395,0
13396,0
13397,1
13398,0
13399,0
13400,0
13401,0
13402,1
13403,0
13404,1
13405,1
13406,1
13407,1
13408,0
13409,1
13410,0
13411,1
13412,0
13413,0
13414,0
13415,1
13416,0
13417,0
13418,0
13419,0
13420,0
13421,1
13422,0
13423,0
13424,1
13425,1
13426,1
13427,1
13428,1
13429,0
13430,0
13431,0
13432,0
13433,0
13434,0
13435,0
13436,1
13437,0
13438,0
13439,1
13440,0
13441,0
13442,1
13443,1
13444,1
13445,0
13446,0
13447,0
13448,1
13449,0
13450,1
13451,0
13452,0
13453,0
13454,0
13455,0
13456,0
13457,0
13458,1
13459,0
13460,1
13461,0
13462,1
13463,0
13464,0
13465,1
13466,0
13467,0
13468,0
13469,0
13470,0
13471,0
13472,0
13473,0
13474,0
13475,1
13476,0
13477,0
13478,0
13479,1
13480,0
13481,0
13482,1
13483,0
13484,1
13485,0
13486,0
13487,0
13488,1
13489,0
13490,0
13491,0
13492,0
13493,0
13494,0
13495,0
13496,0
13497,0
13498,1
13499,0
13500,1
13501,1
13502,0
13503,0
13504,1
13505,0
13506,0
13507,0
13508,0
13509,1
13510,1
13511,0
13512,0
13513,0
13514,0
13515,0
13516,0
13517,0
13518,0
13519,0
13520,0
13521,1
13522,0
13523,0
13524,1
13525,0
13526,0
13527,0
13528,0
13529,0
13530,0
13531,0
13532,0
13533,1
13534,1
13535,0
13536,0
13537,0
13538,0
13539,1
13540,0
13541,1
13542,1
13543,0
13544,0
13545,0
13546,0
13547,0
13548,1
13549,1
13550,0
13551,1
13552,1
13553,1
13554,0
13555,0
13556,0
13557,0
13558,0
13559,1
13560,0
13561,0
13562,1
13563,1
13564,0
13565,0
13566,0
13567,0
13568,1
13569,0
13570,1
13571,1
13572,0
13573,0
13574,1
13575,0
13576,0
13577,0
13578,1
13579,1
13580,0
13581,0
13582,0
13583,0
13584,1
13585,0
13586,0
13587,1
13588,0
13589,0
13590,1
13591,1
13592,0
13593,0
13594,1
13595,0
13596,0
13597,0
13598,0
13599,1
13600,0
13601,1
13602,1
13603,0
13604,1
13605,0
13606,0
13607,0
13608,1
13609,0
13610,1
13611,0
13612,1
13613,0
13614,1
13615,0
13616,0
13617,0
13618,0
13619,1
13620,1
13621,0
13622,0
13623,1
13624,0
13625,0
13626,1
13627,1
13628,0
13629,0
13630,1
13631,1
13632,0
13633,0
13634,0
13635,0
13636,0
13637,0
13638,0
13639,0
13640,0
13641,0
13642,0
13643,1
13644,0
13645,1
13646,1
13647,0
13648,0
13649,1
13650,0
13651,0
13652,1
13653,0
13654,0
13655,0
13656,1
13657,0
13658,1
13659,0
13660,0
13661,0
13662,1
13663,0
13664,1
13665,0
13666,0
13667,1
13668,0
13669,0
13670,0
13671,1
13672,1
13673,1
13674,0
13675,0
13676,0
13677,0
13678,0
13679,1
13680,1
13681,0
13682,0
13683,0
13684,0
13685,0
13686,0
13687,0
13688,1
13689,0
13690,0
13691,0
13692,1
13693,1
13694,0
13695,0
13696,1
13697,0
13698,1
13699,0
13700,0
13701,1
13702,0
13703,0
13704,1
13705,0
13706,1
13707,0
13708,0
13709,0
13710,1
13711,0
13712,1
13713,1
13714,0
13715,1
13716,1
13717,0
13718,0
13719,1
13720,0
13721,0
13722,1
13723,1
13724,0
13725,1
13726,1
13727,0
13728,0
13729,0
13730,0
13731,0
13732,0
13733,0
13734,0
13735,1
13736,0
13737,0
13738,0
13739,0
13740,0
13741,0
13742,1
13743,1
13744,0
13745,0
13746,0
13747,1
13748,0
13749,0
13750,0
13751,0
13752,0
13753,1
13754,1
13755,0
13756,1
13757,0
13758,0
13759,1
13760,0
13761,1
13762,1
13763,0
13764,1
13765,0
13766,1
13767,0
13768,0
13769,0
13770,0
13771,1
13772,0
13773,0
13774,0
13775,1
13776,1
13777,0
13778,1
13779,1
13780,1
13781,0
13782,0
13783,0
13784,0
13785,0
13786,1
13787,1
13788,0
13789,0
13790,0
13791,0
13792,0
13793,0
13794,0
13795,1
13796,0
13797,1
13798,0
13799,0
13800,0
13801,0
13802,0
13803,0
13804,0
13805,0
13806,1
13807,0
13808,0
13809,1
13810,1
13811,0
13812,0
13813,0
13814,0
13815,1
13816,0
13817,1
13818,0
13819,0
13820,1
13821,0
13822,0
13823,0
13824,0
13825,0
13826,0
13827,0
13828,1
13829,0
13830,0
13831,0
13832,0
13833,0
13834,0
13835,1
13836,0
13837,1
13838,0
13839,0
13840,1
13841,0
13842,0
13843,0
13844,1
13845,0
13846,0
13847,0
13848,1
13849,0
13850,0
13851,0
13852,1
13853,1
13854,1
13855,0
13856,0
13857,1
13858,0
13859,0
13860,0
13861,0
13862,0
13863,0
13864,0
13865,0
13866,0
13867,0
13868,0
13869,0
13870,1
13871,0
13872,0
13873,0
13874,1
13875,1
13876,0
13877,0
13878,1
13879,1
13880,0
13881,1
13882,0
13883,0
13884,0
13885,0
13886,0
13887,0
13888,0
13889,1
13890,1
13891,0
13892,0
13893,0
13894,1
13895,1
13896,0
13897,0
13898,1
13899,1
13900,1
13901,0
13902,0
13903,0
13904,0
13905,0
13906,1
13907,1
13908,1
13909,0
13910,1
13911,1
13912,1
13913,1
13914,0
13915,1
13916,0
13917,0
13918,1
13919,0
13920,0
13921,0
13922,0
13923,1
13924,0
13925,0
13926,0
13927,1
13928,1
13929,0
13930,0
13931,0
13932,0
13933,0
13934,1
13935,0
13936,0
13937,0
13938,1
13939,0
13940,0
13941,0
13942,0
13943,1
13944,1
13945,1
13946,1
13947,0
13948,1
13949,0
13950,1
13951,1
13952,1
13953,0
13954,0
13955,0
13956,1
13957,0
13958,0
13959,0
13960,1
13961,0
13962,0
13963,0
13964,0
13965,0
13966,0
13967,0
13968,0
13969,1
13970,0
13971,1
13972,0
13973,0
13974,0
13975,0
13976,1
13977,0
13978,1
13979,0
13980,1
13981,1
13982,0
13983,0
13984,1
13985,0
13986,1
13987,0
13988,0
13989,0
13990,0
13991,0
13992,0
13993,0
13994,0
13995,0
13996,0
13997,0
13998,0
13999,1
14000,0
14001,0
14002,0
14003,1
14004,1
14005,0
14006,1
14007,1
14008,0
14009,1
14010,1
14011,1
14012,0
14013,0
14014,0
14015,0
14016,1
14017,1
14018,0
14019,0
14020,1
14021,0
14022,0
14023,0
14024,1
14025,1
14026,1
14027,0
14028,0
14029,0
14030,0
14031,1
14032,1
14033,0
14034,1
14035,0
14036,1
14037,1
14038,1
14039,0
14040,0
14041,0
14042,0
14043,0
14044,1
14045,0
14046,1
14047,1
14048,0
14049,0
14050,0
14051,1
14052,0
14053,0
14054,1
14055,1
14056,1
14057,1
14058,0
14059,0
14060,1
14061,0
14062,0
14063,1
14064,1
14065,0
14066,0
14067,0
14068,1
14069,1
14070,0
14071,1
14072,1
14073,0
14074,0
14075,0
14076,0
14077,1
14078,1
14079,0
14080,0
14081,0
14082,1
14083,0
14084,0
14085,0
14086,1
14087,0
14088,1
14089,1
14090,0
14091,1
14092,0
14093,0
14094,0
14095,1
14096,0
14097,1
14098,1
14099,0
14100,1
14101,0
14102,1
14103,0
14104,0
14105,0
14106,1
14107,0
14108,0
14109,0
14110,1
14111,1
14112,0
14113,0
14114,0
14115,0
14116,1
14117,1
14118,1
14119,1
14120,0
14121,0
14122,0
14123,1
14124,0
14125,1
14126,0
14127,1
14128,0
14129,1
14130,1
14131,1
14132,1
14133,1
14134,0
14135,0
14136,1
14137,0
14138,1
14139,0
14140,0
14141,1
14142,0
14143,1
14144,0
14145,1
14146,1
14147,1
14148,1
14149,0
14150,0
14151,1
14152,1
14153,0
14154,0
14155,1
14156,0
14157,0
14158,0
14159,0
14160,1
14161,1
14162,0
14163,0
14164,0
14165,0
14166,0
14167,0
14168,0
14169,0
14170,0
14171,0
14172,0
14173,1
14174,1
14175,0
14176,0
14177,0
14178,0
14179,1
14180,1
14181,1
14182,1
14183,1
14184,0
14185,1
14186,0
14187,0
14188,1
14189,1
14190,1
14191,1
14192,0
14193,1
14194,0
14195,1
14196,0
14197,0
14198,0
14199,1
14200,0
14201,0
14202,1
14203,0
14204,0
14205,1
14206,0
14207,0
14208,1
14209,0
14210,1
14211,0
14212,0
14213,0
14214,0
14215,0
14216,1
14217,0
14218,1
14219,1
14220,1
14221,0
14222,0
14223,0
14224,1
14225,0
14226,0
14227,0
14228,0
14229,1
14230,1
14231,0
14232,0
14233,0
14234,0
14235,0
14236,1
14237,0
14238,1
14239,0
14240,0
14241,0
14242,1
14243,0
14244,0
14245,0
14246,1
14247,0
14248,1
14249,0
14250,0
14251,0
14252,1
14253,0
14254,0
14255,0
14256,0
14257,0
14258,1
14259,1
14260,1
14261,0
14262,1
14263,1
14264,0
14265,1
14266,0
14267,0
14268,0
14269,1
14270,1
14271,0
14272,0
14273,1
14274,0
14275,0
14276,0
14277,0
14278,0
14279,0
14280,0
14281,0
14282,1
14283,0
14284,0
14285,1
14286,1
14287,1
14288,0
14289,0
14290,0
14291,1
14292,0
14293,0
14294,1
14295,0
14296,1
14297,0
14298,1
14299,0
14300,1
14301,0
14302,1
14303,0
14304,1
14305,0
14306,1
14307,0
14308,1
14309,0
14310,0
14311,1
14312,1
14313,0
14314,0
14315,0
14316,1
14317,1
14318,0
14319,0
14320,0
14321,0
14322,0
14323,1
14324,0
14325,0
14326,0
14327,0
14328,1
14329,1
14330,0
14331,0
14332,0
14333,0
14334,1
14335,0
14336,0
14337,0
14338,0
14339,1
14340,0
14341,0
14342,0
14343,1
14344,1
14345,0
14346,0
14347,0
14348,1
14349,1
14350,1
14351,1
14352,0
14353,0
14354,0
14355,1
14356,0
14357,1
14358,1
14359,0
14360,0
14361,0
14362,0
14363,0
14364,0
14365,0
14366,0
14367,1
14368,0
14369,0
14370,0
14371,0
14372,1
14373,0
14374,0
14375,0
14376,1
14377,0
14378,0
14379,0
14380,0
14381,1
14382,0
14383,0
14384,0
14385,0
14386,1
14387,1
14388,1
14389,0
14390,0
14391,0
14392,1
14393,0
14394,1
14395,1
14396,0
14397,0
14398,0
14399,0
14400,0
14401,0
14402,0
14403,0
14404,1
14405,1
14406,0
14407,0
14408,1
14409,0
14410,0
14411,0
14412,0
14413,0
14414,0
14415,0
14416,0
14417,0
14418,1
14419,0
14420,0
14421,1
14422,0
14423,1
14424,0
14425,1
14426,1
14427,1
14428,1
14429,0
14430,1
14431,0
14432,0
14433,0
14434,0
14435,1
14436,1
14437,0
14438,1
14439,0
14440,0
14441,0
14442,1
14443,0
14444,1
14445,0
14446,1
14447,1
14448,0
14449,0
14450,1
14451,0
14452,1
14453,0
14454,1
14455,1
14456,0
14457,0
14458,1
14459,1
14460,1
14461,0
14462,1
14463,0
14464,0
14465,0
14466,1
14467,0
14468,0
14469,1
14470,0
14471,1
14472,0
14473,0
14474,1
14475,0
14476,0
14477,0
14478,0
14479,1
14480,1
14481,0
14482,0
14483,0
14484,1
14485,0
14486,0
14487,0
14488,0
14489,0
14490,1
14491,0
14492,1
14493,0
14494,0
14495,0
14496,1
14497,1
14498,0
14499,0
14500,0
14501,0
14502,0
14503,1
14504,1
14505,1
14506,0
14507,0
14508,0
14509,1
14510,1
14511,0
14512,0
14513,0
14514,1
14515,0
14516,1
14517,1
14518,0
14519,0
14520,0
14521,1
14522,0
14523,1
14524,0
14525,0
14526,0
14527,0
14528,0
14529,1
14530,1
14531,0
14532,0
14533,0
14534,0
14535,1
14536,0
14537,0
14538,0
14539,1
14540,0
14541,0
14542,1
14543,0
14544,0
14545,1
14546,0
14547,0
14548,0
14549,0
14550,0
14551,0
14552,1
14553,1
14554,0
14555,0
14556,1
14557,0
14558,0
14559,1
14560,0
14561,0
14562,0
14563,1
14564,0
14565,0
14566,0
14567,0
14568,1
14569,1
14570,0
14571,0
14572,0
14573,1
14574,1
14575,0
14576,0
14577,0
14578,1
14579,1
14580,0
14581,0
14582,0
14583,1
14584,1
14585,0
14586,0
14587,0
14588,1
14589,1
14590,0
14591,1
14592,1
14593,0
14594,0
14595,0
14596,0
14597,0
14598,0
14599,0
14600,1
14601,1
14602,1
14603,1
14604,1
14605,0
14606,1
14607,0
14608,0
14609,0
14610,0
14611,1
14612,0
14613,0
14614,0
14615,0
14616,0
14617,0
14618,1
14619,0
14620,0
14621,0
14622,0
14623,1
14624,1
14625,0
14626,1
14627,1
14628,1
14629,0
14630,1
14631,0
14632,0
14633,0
14634,1
14635,0
14636,0
14637,0
14638,0
14639,0
14640,0
14641,0
14642,1
14643,0
14644,0
14645,0
14646,0
14647,0
14648,0
14649,0
14650,1
14651,1
14652,0
14653,0
14654,0
14655,0
14656,0
14657,0
14658,1
14659,1
14660,1
14661,1
14662,0
14663,0
14664,0
14665,0
14666,0
14667,0
14668,1
14669,0
14670,1
14671,0
14672,0
14673,0
14674,0
14675,0
14676,0
14677,0
14678,0
14679,1
14680,1
14681,0
14682,1
14683,0
14684,1
14685,0
14686,1
14687,0
14688,0
14689,0
14690,0
14691,0
14692,1
14693,0
14694,0
14695,1
14696,0
14697,0
14698,0
14699,0
14700,0
14701,0
14702,0
14703,0
14704,1
14705,0
14706,0
14707,1
14708,0
14709,1
14710,1
14711,0
14712,1
14713,1
14714,0
14715,0
14716,1
14717,0
14718,1
14719,0
14720,0
14721,1
14722,0
14723,1
14724,0
14725,1
14726,0
14727,1
14728,1
14729,0
14730,0
14731,1
14732,1
14733,0
14734,1
14735,0
14736,1
14737,1
14738,1
14739,0
14740,0
14741,1
14742,0
14743,0
14744,0
14745,0
14746,0
14747,1
14748,1
14749,0
14750,0
14751,0
14752,1
14753,0
14754,0
14755,0
14756,0
14757,1
14758,0
14759,1
14760,0
14761,0
14762,1
14763,0
14764,0
14765,1
14766,0
14767,0
14768,1
14769,0
14770,0
14771,0
14772,1
14773,0
14774,0
14775,0
14776,1
14777,0
14778,1
14779,0
14780,1
14781,1
14782,0
14783,1
14784,0
14785,0
14786,0
14787,1
14788,0
14789,0
14790,1
14791,1
14792,0
14793,0
14794,1
14795,0
14796,0
14797,0
14798,0
14799,1
14800,0
14801,0
14802,1
14803,1
14804,1
14805,0
14806,0
14807,0
14808,1
14809,0
14810,0
14811,1
14812,1
14813,0
14814,1
14815,0
14816,1
14817,0
14818,0
14819,0
14820,0
14821,1
14822,0
14823,0
14824,1
14825,0
14826,0
14827,1
14828,0
14829,1
14830,1
14831,0
14832,0
14833,0
14834,0
14835,0
14836,1
14837,0
14838,0
14839,1
14840,1
14841,0
14842,1
14843,1
14844,0
14845,0
14846,0
14847,1
14848,0
14849,0
14850,1
14851,0
14852,1
14853,1
14854,0
14855,1
14856,0
14857,1
14858,0
14859,0
14860,0
14861,0
14862,0
14863,1
14864,0
14865,0
14866,0
14867,1
14868,0
14869,0
14870,0
14871,0
14872,0
14873,0
14874,0
14875,1
14876,0
14877,1
14878,0
14879,0
14880,0
14881,0
14882,1
14883,0
14884,0
14885,0
14886,0
14887,1
14888,0
14889,0
14890,0
14891,1
14892,0
14893,0
14894,0
14895,1
14896,0
14897,0
14898,1
14899,0
14900,0
14901,0
14902,1
14903,1
14904,0
14905,1
14906,1
14907,0
14908,0
14909,0
14910,1
14911,0
14912,0
14913,0
14914,0
14915,0
14916,0
14917,0
14918,0
14919,0
14920,0
14921,0
14922,0
14923,0
14924,0
14925,1
14926,1
14927,1
14928,0
14929,1
14930,0
14931,0
14932,0
14933,0
14934,0
14935,0
14936,0
14937,1
14938,0
14939,0
14940,1
14941,0
14942,0
14943,0
14944,1
14945,1
14946,1
14947,0
14948,1
14949,0
14950,0
14951,1
14952,0
14953,1
14954,0
14955,1
14956,0
14957,1
14958,1
14959,0
14960,1
14961,0
14962,1
14963,0
14964,0
14965,1
14966,1
14967,0
14968,0
14969,1
14970,0
14971,0
14972,1
14973,0
14974,0
14975,0
14976,0
14977,0
14978,0
14979,0
14980,0
14981,0
14982,0
14983,0
14984,0
14985,1
14986,1
14987,0
14988,1
14989,1
14990,0
14991,0
14992,1
14993,0
14994,0
14995,0
14996,1
14997,1
14998,1
14999,0
15000,0
15001,1
15002,0
15003,1
15004,1
15005,0
15006,0
15007,1
15008,0
15009,0
15010,0
15011,0
15012,0
15013,0
15014,0
15015,1
15016,1
15017,0
15018,0
15019,1
15020,1
15021,1
15022,0
15023,0
15024,1
15025,0
15026,1
15027,0
15028,0
15029,0
15030,1
15031,0
15032,1
15033,0
15034,0
15035,1
15036,1
15037,1
15038,1
15039,0
15040,0
15041,1
15042,0
15043,0
15044,0
15045,0
15046,1
15047,0
15048,1
15049,1
15050,0
15051,0
15052,0
15053,0
15054,0
15055,0
15056,0
15057,1
15058,0
15059,0
15060,0
15061,0
15062,0
15063,0
15064,1
15065,1
15066,1
15067,0
15068,0
15069,0
15070,0
15071,1
15072,0
15073,0
15074,1
15075,0
15076,0
15077,1
15078,0
15079,1
15080,1
15081,1
15082,0
15083,1
15084,1
15085,1
15086,1
15087,0
15088,1
15089,0
15090,0
15091,0
15092,0
15093,0
15094,1
15095,1
15096,1
15097,1
15098,0
15099,0
15100,1
15101,0
15102,0
15103,1
15104,0
15105,1
15106,0
15107,0
15108,1
15109,0
15110,0
15111,0
15112,0
15113,1
15114,0
15115,0
15116,0
15117,0
15118,0
15119,0
15120,0
15121,0
15122,0
15123,0
15124,1
15125,0
15126,0
15127,1
15128,1
15129,0
15130,0
15131,0
15132,1
15133,0
15134,1
15135,0
15136,1
15137,0
15138,0
15139,1
15140,1
15141,0
15142,0
15143,0
15144,0
15145,1
15146,1
15147,0
15148,0
15149,0
15150,0
15151,0
15152,0
15153,0
15154,1
15155,0
15156,0
15157,1
15158,0
15159,0
15160,0
15161,0
15162,0
15163,0
15164,0
15165,0
15166,1
15167,1
15168,1
15169,0
15170,0
15171,0
15172,0
15173,0
15174,1
15175,0
15176,0
15177,0
15178,1
15179,0
15180,0
15181,0
15182,0
15183,0
15184,0
15185,0
15186,0
15187,0
15188,0
15189,0
15190,0
15191,0
15192,0
15193,0
15194,0
15195,0
15196,0
15197,0
15198,1
15199,0
15200,0
15201,0
15202,0
15203,0
15204,0
15205,0
15206,1
15207,0
15208,1
15209,1
15210,0
15211,0
15212,0
15213,0
15214,0
15215,1
15216,0
15217,0
15218,0
15219,0
15220,0
15221,1
15222,1
15223,0
15224,0
15225,0
15226,0
15227,1
15228,1
15229,0
15230,1
15231,1
15232,0
15233,1
15234,0
15235,0
15236,0
15237,0
15238,1
15239,0
15240,0
15241,1
15242,0
15243,1
15244,0
15245,1
15246,0
15247,1
15248,1
15249,0
15250,0
15251,0
15252,1
15253,0
15254,0
15255,0
15256,1
15257,1
15258,1
15259,0
15260,0
15261,1
15262,0
15263,0
15264,0
15265,0
15266,1
15267,0
15268,0
15269,0
15270,0
15271,1
15272,0
15273,0
15274,0
15275,0
15276,0
15277,1
15278,0
15279,1
15280,1
15281,1
15282,0
15283,0
15284,1
15285,0
15286,1
15287,0
15288,1
15289,0
15290,0
15291,0
15292,0
15293,1
15294,0
15295,0
15296,0
15297,1
15298,1
15299,1
15300,1
15301,0
15302,0
15303,0
15304,0
15305,0
15306,0
15307,1
15308,0
15309,1
15310,0
15311,0
15312,1
15313,1
15314,0
15315,0
15316,1
15317,0
15318,1
15319,0
15320,0
15321,0
15322,0
15323,0
15324,0
15325,1
15326,1
15327,0
15328,0
15329,0
15330,1
15331,1
15332,1
15333,0
15334,0
15335,0
15336,0
15337,0
15338,0
15339,0
15340,0
15341,0
15342,0
15343,0
15344,0
15345,0
15346,0
15347,0
15348,0
15349,0
15350,0
15351,0
15352,0
15353,1
15354,0
15355,0
15356,0
15357,0
15358,1
15359,0
15360,0
15361,0
15362,1
15363,0
15364,1
15365,0
15366,1
15367,1
15368,1
15369,1
15370,0
15371,1
15372,0
15373,0
15374,0
15375,1
15376,0
15377,0
15378,1
15379,0
15380,0
15381,0
15382,0
15383,0
15384,1
15385,0
15386,1
15387,0
15388,0
15389,0
15390,0
15391,1
15392,0
15393,1
15394,0
15395,1
15396,0
15397,1
15398,1
15399,1
15400,0
15401,1
15402,0
15403,0
15404,1
15405,0
15406,0
15407,0
15408,0
15409,0
15410,1
15411,1
15412,0
15413,0
15414,0
15415,0
15416,0
15417,1
15418,1
15419,0
15420,1
15421,0
15422,0
15423,0
15424,0
15425,0
15426,0
15427,0
15428,0
15429,1
15430,1
15431,1
15432,1
15433,1
15434,0
15435,1
15436,1
15437,0
15438,0
15439,0
15440,0
15441,0
15442,0
15443,1
15444,0
15445,0
15446,1
15447,1
15448,0
15449,0
15450,0
15451,0
15452,0
15453,0
15454,0
15455,1
15456,0
15457,0
15458,1
15459,0
15460,1
15461,0
15462,1
15463,1
15464,0
15465,1
15466,0
15467,0
15468,0
15469,1
15470,0
15471,0
15472,1
15473,0
15474,0
15475,0
15476,0
15477,1
15478,0
15479,0
15480,0
15481,0
15482,0
15483,1
15484,1
15485,0
15486,0
15487,0
15488,0
15489,1
15490,0
15491,0
15492,0
15493,0
15494,0
15495,0
15496,0
15497,0
15498,0
15499,0
15500,0
15501,1
15502,0
15503,1
15504,1
15505,1
15506,1
15507,1
15508,1
15509,1
15510,0
15511,0
15512,0
15513,0
15514,1
15515,0
15516,1
15517,1
15518,0
15519,0
15520,0
15521,1
15522,0
15523,1
15524,1
15525,0
15526,0
15527,0
15528,0
15529,1
15530,0
15531,0
15532,0
15533,0
15534,1
15535,1
15536,0
15537,1
15538,0
15539,1
15540,0
15541,0
15542,0
15543,0
15544,0
15545,1
15546,1
15547,0
15548,0
15549,1
15550,0
15551,1
15552,0
15553,1
15554,1
15555,1
15556,0
15557,1
15558,0
15559,1
15560,1
15561,0
15562,0
15563,0
15564,0
15565,0
15566,1
15567,0
15568,0
15569,0
15570,0
15571,1
15572,1
15573,0
15574,0
15575,0
15576,1
15577,1
15578,1
15579,0
15580,0
15581,0
15582,1
15583,0
15584,0
15585,0
15586,0
15587,0
15588,1
15589,0
15590,1
15591,1
15592,0
15593,1
15594,1
15595,1
15596,1
15597,1
15598,1
15599,1
15600,1
15601,0
15602,0
15603,1
15604,0
15605,0
15606,0
15607,0
15608,1
15609,0
15610,1
15611,1
15612,0
15613,1
15614,0
15615,1
15616,1
15617,0
15618,1
15619,0
15620,1
15621,1
15622,1
15623,0
15624,1
15625,1
15626,1
15627,1
15628,1
15629,1
15630,0
15631,0
15632,0
15633,1
15634,0
15635,0
15636,1
15637,0
15638,0
15639,0
15640,0
15641,1
15642,1
15643,1
15644,1
15645,0
15646,0
15647,0
15648,0
15649,1
15650,1
15651,0
15652,0
15653,1
15654,1
15655,1
15656,1
15657,0
15658,0
15659,0
15660,0
15661,1
15662,0
15663,0
15664,0
15665,0
15666,0
15667,0
15668,1
15669,0
15670,1
15671,0
15672,0
15673,0
15674,0
15675,1
15676,1
15677,1
15678,1
15679,0
15680,0
15681,0
15682,0
15683,0
15684,0
15685,0
15686,0
15687,0
15688,0
15689,1
15690,0
15691,1
15692,1
15693,1
15694,0
15695,0
15696,1
15697,1
15698,0
15699,1
15700,0
15701,0
15702,1
15703,1
15704,1
15705,1
15706,1
15707,1
15708,0
15709,1
15710,0
15711,1
15712,0
15713,0
15714,0
15715,1
15716,1
15717,1
15718,1
15719,0
15720,1
15721,0
15722,0
15723,1
15724,1
15725,1
15726,0
15727,0
15728,0
15729,0
15730,1
15731,0
15732,0
15733,0
15734,0
15735,0
15736,0
15737,0
15738,0
15739,0
15740,0
15741,1
15742,1
15743,0
15744,1
15745,0
15746,1
15747,0
15748,1
15749,1
15750,0
15751,1
15752,0
15753,0
15754,1
15755,0
15756,0
15757,0
15758,0
15759,1
15760,0
15761,1
15762,0
15763,0
15764,0
15765,0
15766,0
15767,0
15768,0
15769,1
15770,1
15771,0
15772,0
15773,1
15774,0
15775,0
15776,0
15777,0
15778,0
15779,1
15780,1
15781,0
15782,1
15783,0
15784,0
15785,1
15786,0
15787,0
15788,0
15789,1
15790,1
15791,0
15792,1
15793,1
15794,1
15795,0
15796,0
15797,1
15798,1
15799,0
15800,0
15801,1
15802,1
15803,1
15804,1
15805,0
15806,0
15807,0
15808,0
15809,0
15810,1
15811,0
15812,0
15813,0
15814,1
15815,0
15816,1
15817,1
15818,0
15819,0
15820,0
15821,1
15822,0
15823,1
15824,1
15825,1
15826,1
15827,0
15828,0
15829,0
15830,0
15831,1
15832,0
15833,0
15834,1
15835,0
15836,0
15837,0
15838,0
15839,0
15840,0
15841,0
15842,1
15843,0
15844,0
15845,0
15846,1
15847,1
15848,0
15849,1
15850,0
15851,1
15852,1
15853,0
15854,0
15855,0
15856,1
15857,0
15858,1
15859,1
15860,0
15861,0
15862,1
15863,1
15864,0
15865,0
15866,0
15867,0
15868,0
15869,0
15870,1
15871,0
15872,0
15873,0
15874,1
15875,1
15876,0
15877,1
15878,1
15879,0
15880,0
15881,0
15882,0
15883,1
15884,0
15885,0
15886,0
15887,1
15888,0
15889,0
15890,0
15891,1
15892,0
15893,1
15894,0
15895,1
15896,0
15897,0
15898,1
15899,0
15900,0
15901,0
15902,0
15903,1
15904,0
15905,1
15906,0
15907,0
15908,1
15909,0
15910,1
15911,1
15912,0
15913,0
15914,1
15915,0
15916,0
15917,0
15918,0
15919,0
15920,0
15921,0
15922,0
15923,0
15924,0
15925,1
15926,0
15927,0
15928,1
15929,1
15930,0
15931,0
15932,1
15933,0
15934,0
15935,0
15936,1
15937,0
15938,0
15939,1
15940,0
15941,1
15942,1
15943,1
15944,1
15945,1
15946,1
15947,1
15948,1
15949,1
15950,1
15951,1
15952,1
15953,0
15954,0
15955,0
15956,1
15957,0
15958,0
15959,1
15960,0
15961,1
15962,1
15963,0
15964,0
15965,0
15966,0
15967,0
15968,1
15969,0
15970,0
15971,0
15972,0
15973,0
15974,0
15975,0
15976,0
15977,0
15978,0
15979,0
15980,1
15981,0
15982,1
15983,0
15984,1
15985,1
15986,0
15987,1
15988,1
15989,0
15990,0
15991,0
15992,0
15993,1
15994,0
15995,1
15996,0
15997,1
15998,0
15999,0
16000,0
16001,0
16002,1
16003,0
16004,1
16005,0
16006,0
16007,1
16008,1
16009,1
16010,0
16011,0
16012,0
16013,0
16014,0
16015,0
16016,1
16017,0
16018,1
16019,0
16020,0
16021,0
16022,0
16023,1
16024,1
16025,0
16026,0
16027,1
16028,0
16029,0
16030,1
16031,0
16032,0
16033,0
16034,1
16035,0
16036,0
16037,0
16038,0
16039,1
16040,0
16041,0
16042,1
16043,0
16044,1
16045,1
16046,0
16047,0
16048,1
16049,0
16050,0
16051,0
16052,0
16053,0
16054,0
16055,1
16056,0
16057,0
16058,0
16059,1
16060,1
16061,0
16062,1
16063,0
16064,0
16065,0
16066,1
16067,0
16068,0
16069,0
16070,0
16071,0
16072,0
16073,0
16074,0
16075,0
16076,0
16077,0
16078,0
16079,0
16080,1
16081,0
16082,1
16083,0
16084,0
16085,1
16086,1
16087,0
16088,1
16089,0
16090,0
16091,1
16092,0
16093,1
16094,0
16095,0
16096,0
16097,0
16098,0
16099,0
16100,1
16101,0
16102,1
16103,0
16104,0
16105,0
16106,1
16107,1
16108,0
16109,0
16110,1
16111,0
16112,1
16113,1
16114,0
16115,1
16116,1
16117,0
16118,1
16119,0
16120,0
16121,0
16122,0
16123,1
16124,0
16125,0
16126,1
16127,0
16128,1
16129,1
16130,1
16131,0
16132,1
16133,0
16134,0
16135,0
16136,1
16137,0
16138,0
16139,1
16140,0
16141,1
16142,0
16143,1
16144,0
16145,0
16146,1
16147,1
16148,1
16149,0
16150,0
16151,0
16152,1
16153,1
16154,1
16155,1
16156,0
16157,1
16158,0
16159,0
16160,0
16161,0
16162,0
16163,1
16164,0
16165,0
16166,0
16167,0
16168,0
16169,0
16170,0
16171,0
16172,1
16173,0
16174,0
16175,1
16176,1
16177,0
16178,1
16179,0
16180,0
16181,0
16182,0
16183,0
16184,0
16185,1
16186,1
16187,0
16188,0
16189,0
16190,0
16191,0
16192,1
16193,0
16194,0
16195,0
16196,0
16197,1
16198,1
16199,0
16200,0
16201,0
16202,1
16203,0
16204,0
16205,0
16206,0
16207,1
16208,1
16209,0
16210,0
16211,0
16212,0
16213,0
16214,0
16215,1
16216,0
16217,0
16218,0
16219,0
16220,0
16221,1
16222,0
16223,0
16224,0
16225,0
16226,1
16227,0
16228,0
16229,0
16230,0
16231,0
16232,1
16233,1
16234,0
16235,0
16236,0
16237,1
16238,0
16239,1
16240,0
16241,1
16242,0
16243,1
16244,0
16245,1
16246,0
16247,0
16248,0
16249,0
16250,0
16251,0
16252,0
16253,0
16254,0
16255,0
16256,0
16257,0
16258,0
16259,0
16260,1
16261,0
16262,0
16263,0
16264,0
16265,0
16266,0
16267,0
16268,0
16269,0
16270,0
16271,0
16272,0
16273,0
16274,1
16275,0
16276,0
16277,0
16278,0
16279,1
16280,0
16281,0
16282,0
16283,0
16284,1
16285,1
16286,0
16287,0
16288,0
16289,0
16290,1
16291,0
16292,0
16293,1
16294,0
16295,0
16296,0
16297,0
16298,1
16299,1
16300,1
16301,1
16302,1
16303,1
16304,0
16305,0
16306,1
16307,0
16308,1
16309,0
16310,0
16311,0
16312,1
16313,0
16314,0
16315,1
16316,0
16317,0
16318,1
16319,0
16320,1
16321,0
16322,0
16323,0
16324,0
16325,1
16326,0
16327,0
16328,0
16329,0
16330,1
16331,0
16332,0
16333,0
16334,0
16335,0
16336,0
16337,1
16338,0
16339,1
16340,1
16341,0
16342,1
16343,0
16344,0
16345,0
16346,0
16347,0
16348,0
16349,1
16350,0
16351,1
16352,0
16353,0
16354,1
16355,0
16356,0
16357,1
16358,0
16359,1
16360,1
16361,0
16362,1
16363,0
16364,1
16365,1
16366,0
16367,0
16368,0
16369,0
16370,1
16371,0
16372,1
16373,1
16374,0
16375,0
16376,1
16377,1
16378,0
16379,0
16380,0
16381,0
16382,1
16383,0
16384,0
16385,1
16386,1
16387,1
16388,1
16389,1
16390,1
16391,0
16392,0
16393,0
16394,0
16395,0
16396,1
16397,0
16398,0
16399,0
16400,0
16401,0
16402,1
16403,0
16404,1
16405,1
16406,0
16407,1
16408,1
16409,0
16410,0
16411,0
16412,1
16413,0
16414,0
16415,1
16416,1
16417,0
16418,1
16419,0
16420,0
16421,0
16422,1
16423,1
16424,0
16425,0
16426,0
16427,0
16428,0
16429,1
16430,1
16431,1
16432,0
16433,0
16434,0
16435,0
16436,0
16437,1
16438,1
16439,0
16440,1
16441,0
16442,0
16443,0
16444,0
16445,1
16446,0
16447,1
16448,1
16449,0
16450,0
16451,1
16452,1
16453,0
16454,0
16455,0
16456,0
16457,0
16458,1
16459,0
16460,1
16461,1
16462,1
16463,1
16464,0
16465,1
16466,0
16467,1
16468,0
16469,1
16470,0
16471,0
16472,0
16473,0
16474,1
16475,0
16476,0
16477,1
16478,0
16479,0
16480,1
16481,0
16482,0
16483,0
16484,0
16485,0
16486,1
16487,0
16488,1
16489,1
16490,0
16491,1
16492,1
16493,0
16494,1
16495,0
16496,0
16497,1
16498,1
16499,0
16500,1
16501,1
16502,0
16503,0
16504,0
16505,0
16506,0
16507,0
16508,0
16509,1
16510,1
16511,0
16512,0
16513,1
16514,0
16515,0
16516,1
16517,0
16518,1
16519,1
16520,0
16521,0
16522,0
16523,0
16524,0
16525,1
16526,0
16527,0
16528,1
16529,0
16530,0
16531,0
16532,0
16533,0
16534,0
16535,0
16536,1
16537,0
16538,1
16539,0
16540,0
16541,0
16542,1
16543,0
16544,1
16545,1
16546,0
16547,0
16548,0
16549,1
16550,0
16551,0
16552,0
16553,1
16554,1
16555,1
16556,0
16557,1
16558,1
16559,0
16560,0
16561,1
16562,0
16563,0
16564,1
16565,0
16566,1
16567,1
16568,0
16569,0
16570,0
16571,1
16572,1
16573,0
16574,0
16575,0
16576,0
16577,0
16578,0
16579,1
16580,1
16581,0
16582,1
16583,0
16584,1
16585,0
16586,0
16587,0
16588,0
16589,0
16590,1
16591,1
16592,0
16593,0
16594,1
16595,0
16596,0
16597,1
16598,0
16599,0
16600,1
16601,0
16602,1
16603,0
16604,1
16605,0
16606,0
16607,0
16608,0
16609,0
16610,1
16611,0
16612,1
16613,1
16614,0
16615,0
16616,0
16617,1
16618,0
16619,0
16620,0
16621,1
16622,0
16623,0
16624,1
16625,0
16626,0
16627,1
16628,1
16629,1
16630,0
16631,0
16632,0
16633,1
16634,0
16635,0
16636,0
16637,0
16638,0
16639,0
16640,0
16641,1
16642,0
16643,0
16644,0
16645,0
16646,0
16647,0
16648,0
16649,1
16650,1
16651,0
16652,0
16653,0
16654,1
16655,0
16656,1
16657,1
16658,0
16659,0
16660,0
16661,0
16662,0
16663,0
16664,1
16665,1
16666,0
16667,1
16668,1
16669,1
16670,1
16671,1
16672,1
16673,0
16674,1
16675,1
16676,1
16677,0
16678,0
16679,1
16680,0
16681,0
16682,1
16683,0
16684,1
16685,0
16686,0
16687,0
16688,0
16689,0
16690,1
16691,0
16692,1
16693,1
16694,1
16695,0
16696,0
16697,1
16698,1
16699,1
16700,0
16701,0
16702,0
16703,0
16704,1
16705,0
16706,0
16707,0
16708,1
16709,1
16710,0
16711,0
16712,0
16713,1
16714,0
16715,1
16716,0
16717,0
16718,1
16719,1
16720,0
16721,1
16722,0
16723,0
16724,0
16725,1
16726,0
16727,0
16728,1
16729,0
16730,0
16731,1
16732,1
16733,0
16734,0
16735,0
16736,0
16737,0
16738,0
16739,0
16740,1
16741,0
16742,0
16743,1
16744,1
16745,0
16746,1
16747,1
16748,0
16749,0
16750,1
16751,0
16752,1
16753,1
16754,0
16755,0
16756,0
16757,1
16758,0
16759,0
16760,0
16761,0
16762,0
16763,1
16764,0
16765,1
16766,0
16767,0
16768,0
16769,1
16770,1
16771,0
16772,0
16773,0
16774,0
16775,1
16776,0
16777,0
16778,0
16779,1
16780,0
16781,0
16782,1
16783,0
16784,1
16785,0
16786,0
16787,0
16788,0
16789,1
16790,0
16791,0
16792,1
16793,1
16794,0
16795,1
16796,0
16797,0
16798,0
16799,0
16800,1
16801,1
16802,1
16803,0
16804,0
16805,0
16806,0
16807,0
16808,0
16809,0
16810,0
16811,1
16812,1
16813,0
16814,0
16815,0
16816,1
16817,1
16818,0
16819,1
16820,0
16821,1
16822,0
16823,0
16824,1
16825,0
16826,0
16827,0
16828,0
16829,0
16830,0
16831,1
16832,0
16833,1
16834,1
16835,0
16836,0
16837,0
16838,1
16839,0
16840,1
16841,0
16842,0
16843,0
16844,0
16845,1
16846,1
16847,0
16848,0
16849,1
16850,0
16851,0
16852,0
16853,0
16854,0
16855,1
16856,0
16857,0
16858,0
16859,1
16860,1
16861,0
16862,1
16863,0
16864,0
16865,0
16866,1
16867,1
16868,0
16869,1
16870,0
16871,1
16872,1
16873,1
16874,0
16875,0
16876,0
16877,0
16878,0
16879,0
16880,0
16881,0
16882,0
16883,0
16884,1
16885,1
16886,0
16887,0
16888,0
16889,1
16890,1
16891,1
16892,0
16893,1
16894,0
16895,0
16896,1
16897,0
16898,1
16899,0
16900,0
16901,0
16902,1
16903,0
16904,1
16905,0
16906,1
16907,0
16908,0
16909,0
16910,1
16911,1
16912,0
16913,1
16914,1
16915,1
16916,0
16917,0
16918,0
16919,0
16920,1
16921,1
16922,1
16923,1
16924,0
16925,0
16926,1
16927,1
16928,0
16929,0
16930,1
16931,0
16932,0
16933,1
16934,1
16935,0
16936,0
16937,0
16938,0
16939,0
16940,0
16941,0
16942,0
16943,0
16944,0
16945,0
16946,0
16947,1
16948,0
16949,1
16950,1
16951,0
16952,1
16953,1
16954,1
16955,0
16956,0
16957,1
16958,0
16959,0
16960,1
16961,0
16962,0
16963,1
16964,0
16965,1
16966,0
16967,1
16968,0
16969,1
16970,0
16971,0
16972,1
16973,1
16974,1
16975,0
16976,0
16977,0
16978,1
16979,1
16980,1
16981,0
16982,0
16983,0
16984,1
16985,0
16986,0
16987,1
16988,0
16989,1
16990,0
16991,0
16992,0
16993,0
16994,0
16995,1
16996,0
16997,1
16998,0
16999,0
17000,1
17001,0
17002,0
17003,0
17004,0
17005,0
17006,1
17007,0
17008,1
17009,0
17010,0
17011,1
17012,0
17013,1
17014,0
17015,0
17016,0
17017,0
17018,0
17019,0
17020,0
17021,0
17022,0
17023,0
17024,1
17025,0
17026,1
17027,0
17028,1
17029,1
17030,1
17031,0
17032,0
17033,1
17034,0
17035,1
17036,1
17037,1
17038,0
17039,0
17040,0
17041,0
17042,0
17043,0
17044,0
17045,0
17046,0
17047,0
17048,1
17049,0
17050,0
17051,0
17052,0
17053,0
17054,0
17055,1
17056,1
17057,0
17058,0
17059,0
17060,0
17061,0
17062,1
17063,0
17064,1
17065,0
17066,1
17067,0
17068,1
17069,0
17070,0
17071,1
17072,0
17073,0
17074,1
17075,0
17076,0
17077,1
17078,1
17079,0
17080,0
17081,0
17082,1
17083,1
17084,1
17085,0
17086,1
17087,1
17088,0
17089,0
17090,0
17091,1
17092,1
17093,0
17094,1
17095,0
17096,1
17097,1
17098,1
17099,1
17100,1
17101,0
17102,0
17103,0
17104,0
17105,0
17106,0
17107,0
17108,0
17109,1
17110,0
17111,1
17112,0
17113,0
17114,1
17115,0
17116,1
17117,0
17118,0
17119,0
17120,1
17121,1
17122,1
17123,1
17124,0
17125,0
17126,0
17127,1
17128,1
17129,0
17130,0
17131,0
17132,0
17133,0
17134,0
17135,1
17136,0
17137,0
17138,1
17139,0
17140,0
17141,0
17142,0
17143,0
17144,0
17145,0
17146,1
17147,0
17148,0
17149,1
17150,0
17151,1
17152,0
17153,0
17154,0
17155,0
17156,0
17157,1
17158,1
17159,0
17160,0
17161,1
17162,0
17163,1
17164,1
17165,1
17166,0
17167,0
17168,1
17169,1
17170,1
17171,0
17172,1
17173,0
17174,0
17175,0
17176,0
17177,0
17178,0
17179,0
17180,0
17181,0
17182,0
17183,0
17184,1
17185,0
17186,0
17187,0
17188,0
17189,0
17190,0
17191,0
17192,0
17193,0
17194,0
17195,0
17196,0
17197,1
17198,0
17199,0
17200,0
17201,1
17202,0
17203,1
17204,1
17205,0
17206,0
17207,0
17208,0
17209,0
17210,0
17211,0
17212,0
17213,0
17214,0
17215,1
17216,1
17217,0
17218,1
17219,0
17220,0
17221,0
17222,1
17223,0
17224,0
17225,1
17226,0
17227,1
17228,0
17229,0
17230,0
17231,0
17232,0
17233,1
17234,0
17235,1
17236,0
17237,1
17238,0
17239,1
17240,0
17241,0
17242,0
17243,0
17244,0
17245,0
17246,0
17247,1
17248,0
17249,1
17250,0
17251,0
17252,0
17253,0
17254,0
17255,0
17256,0
17257,0
17258,1
17259,0
17260,0
17261,0
17262,0
17263,0
17264,1
17265,1
17266,0
17267,1
17268,1
17269,0
17270,0
17271,0
17272,1
17273,1
17274,0
17275,0
17276,1
17277,1
17278,1
17279,0
17280,0
17281,1
17282,1
17283,0
17284,0
17285,0
17286,0
17287,0
17288,0
17289,0
17290,0
17291,0
17292,0
17293,1
17294,0
17295,0
17296,1
17297,0
17298,1
17299,0
17300,0
17301,1
17302,1
17303,0
17304,0
17305,0
17306,0
17307,0
17308,1
17309,1
17310,1
17311,0
17312,0
17313,0
17314,1
17315,1
17316,0
17317,0
17318,0
17319,0
17320,0
17321,0
17322,1
17323,0
17324,1
17325,0
17326,1
17327,1
17328,0
17329,1
17330,0
17331,0
17332,0
17333,1
17334,1
17335,1
17336,1
17337,0
17338,0
17339,1
17340,0
17341,0
17342,0
17343,1
17344,0
17345,1
17346,0
17347,1
17348,1
17349,0
17350,0
17351,0
17352,1
17353,1
17354,0
17355,0
17356,1
17357,1
17358,1
17359,1
17360,0
17361,0
17362,0
17363,1
17364,0
17365,0
17366,0
17367,0
17368,0
17369,0
17370,0
17371,0
17372,1
17373,0
17374,0
17375,0
17376,0
17377,0
17378,0
17379,1
17380,0
17381,1
17382,1
17383,1
17384,1
17385,1
17386,1
17387,1
17388,0
17389,0
17390,0
17391,1
17392,0
17393,1
17394,1
17395,1
17396,0
17397,0
17398,0
17399,0
17400,1
17401,1
17402,1
17403,0
17404,1
17405,1
17406,1
17407,1
17408,0
17409,1
17410,0
17411,1
17412,0
17413,1
17414,0
17415,0
17416,0
17417,1
17418,0
17419,0
17420,0
17421,0
17422,0
17423,1
17424,0
17425,0
17426,0
17427,0
17428,0
17429,0
17430,0
17431,0
17432,1
17433,1
17434,0
17435,0
17436,1
17437,0
17438,0
17439,1
17440,0
17441,1
17442,0
17443,0
17444,0
17445,0
17446,1
17447,1
17448,0
17449,0
17450,0
17451,0
17452,1
17453,0
17454,0
17455,0
17456,1
17457,0
17458,0
17459,0
17460,1
17461,0
17462,1
17463,1
17464,1
17465,0
17466,0
17467,1
17468,0
17469,0
17470,0
17471,1
17472,0
17473,1
17474,1
17475,1
17476,0
17477,0
17478,1
17479,1
17480,0
17481,0
17482,0
17483,0
17484,0
17485,0
17486,1
17487,1
17488,0
17489,1
17490,0
17491,1
17492,0
17493,1
17494,1
17495,0
17496,1
17497,0
17498,0
17499,0
17500,0
17501,0
17502,0
17503,0
17504,0
17505,0
17506,0
17507,0
17508,1
17509,0
17510,0
17511,0
17512,1
17513,0
17514,1
17515,0
17516,0
17517,1
17518,0
17519,0
17520,1
17521,1
17522,1
17523,0
17524,0
17525,0
17526,1
17527,0
17528,1
17529,1
17530,1
17531,0
17532,1
17533,0
17534,1
17535,0
17536,1
17537,0
17538,0
17539,1
17540,0
17541,0
17542,1
17543,1
17544,0
17545,0
17546,0
17547,1
17548,1
17549,0
17550,0
17551,0
17552,0
17553,0
17554,1
17555,1
17556,0
17557,0
17558,0
17559,1
17560,1
17561,0
17562,0
17563,1
17564,0
17565,0
17566,0
17567,1
17568,0
17569,1
17570,1
17571,0
17572,1
17573,0
17574,0
17575,0
17576,0
17577,1
17578,0
17579,0
17580,0
17581,1
17582,0
17583,0
17584,1
17585,1
17586,0
17587,1
17588,0
17589,0
17590,0
17591,0
17592,1
17593,0
17594,0
17595,0
17596,0
17597,0
17598,0
17599,0
17600,0
17601,0
17602,0
17603,0
17604,0
17605,0
17606,0
17607,0
17608,0
17609,0
17610,1
17611,0
17612,0
17613,0
17614,1
17615,0
17616,1
17617,1
17618,0
17619,1
17620,0
17621,0
17622,1
17623,0
17624,0
17625,1
17626,1
17627,0
17628,0
17629,1
17630,1
17631,1
17632,1
17633,1
17634,1
17635,0
17636,0
17637,0
17638,1
17639,0
17640,1
17641,1
17642,1
17643,0
17644,0
17645,0
17646,1
17647,0
17648,1
17649,0
17650,1
17651,0
17652,1
17653,1
17654,0
17655,1
17656,0
17657,0
17658,0
17659,0
17660,0
17661,0
17662,1
17663,0
17664,1
17665,0
17666,0
17667,0
17668,0
17669,0
17670,0
17671,1
17672,0
17673,0
17674,0
17675,0
17676,1
17677,1
17678,0
17679,0
17680,0
17681,0
17682,0
17683,0
17684,0
17685,0
17686,1
17687,1
17688,0
17689,0
17690,0
17691,0
17692,0
17693,0
17694,0
17695,1
17696,0
17697,0
17698,1
17699,0
17700,0
17701,0
17702,1
17703,1
17704,0
17705,0
17706,0
17707,1
17708,0
17709,0
17710,0
17711,0
17712,1
17713,1
17714,1
17715,1
17716,1
17717,1
17718,1
17719,0
17720,0
17721,1
17722,0
17723,0
17724,0
17725,1
17726,0
17727,1
17728,0
17729,0
17730,1
17731,0
17732,1
17733,0
17734,1
17735,1
17736,0
17737,1
17738,1
17739,0
17740,1
17741,0
17742,1
17743,1
17744,0
17745,0
17746,0
17747,0
17748,0
17749,0
17750,0
17751,1
17752,1
17753,0
17754,0
17755,0
17756,1
17757,1
17758,0
17759,0
17760,0
17761,0
17762,1
17763,1
17764,0
17765,1
17766,1
17767,0
17768,0
17769,1
17770,0
17771,0
17772,0
17773,0
17774,0
17775,0
17776,1
17777,1
17778,1
17779,1
17780,1
17781,0
17782,1
17783,0
17784,1
17785,1
17786,0
17787,0
17788,0
17789,0
17790,1
17791,1
17792,0
17793,1
17794,0
17795,0
17796,0
17797,0
17798,0
17799,0
17800,0
17801,1
17802,0
17803,0
17804,1
17805,1
17806,0
17807,0
17808,0
17809,0
17810,1
17811,1
17812,0
17813,0
17814,0
17815,1
17816,0
17817,1
17818,0
17819,0
17820,0
17821,0
17822,0
17823,1
17824,1
17825,0
17826,0
17827,1
17828,0
17829,0
17830,1
17831,0
17832,0
17833,1
17834,0
17835,0
17836,0
17837,0
17838,0
17839,0
17840,1
17841,0
17842,1
17843,1
17844,1
17845,0
17846,0
17847,0
17848,1
17849,0
17850,0
17851,0
17852,0
17853,1
17854,0
17855,1
17856,1
17857,0
17858,0
17859,0
17860,0
17861,0
17862,1
17863,0
17864,0
17865,0
17866,0
17867,0
17868,0
17869,1
17870,1
17871,1
17872,0
17873,0
17874,0
17875,0
17876,0
17877,0
17878,1
17879,0
17880,0
17881,0
17882,0
17883,1
17884,1
17885,1
17886,1
17887,1
17888,0
17889,0
17890,0
17891,1
17892,0
17893,0
17894,1
17895,0
17896,0
17897,0
17898,0
17899,1
17900,0
17901,0
17902,0
17903,0
17904,1
17905,1
17906,0
17907,0
17908,0
17909,1
17910,0
17911,0
17912,1
17913,1
17914,0
17915,0
17916,1
17917,0
17918,1
17919,0
17920,0
17921,0
17922,1
17923,1
17924,1
17925,0
17926,0
17927,0
17928,1
17929,1
17930,1
17931,1
17932,1
17933,1
17934,1
17935,0
17936,1
17937,1
17938,1
17939,0
17940,0
17941,1
17942,0
17943,0
17944,0
17945,0
17946,1
17947,1
17948,1
17949,0
17950,0
17951,0
17952,1
17953,0
17954,0
17955,0
17956,0
17957,1
17958,0
17959,0
17960,0
17961,0
17962,0
17963,0
17964,0
17965,1
17966,0
17967,1
17968,1
17969,0
17970,1
17971,0
17972,1
17973,0
17974,0
17975,0
17976,0
17977,1
17978,0
17979,0
17980,0
17981,0
17982,0
17983,0
17984,0
17985,1
17986,0
17987,0
17988,0
17989,0
17990,1
17991,0
17992,1
17993,0
17994,1
17995,0
17996,0
17997,0
17998,1
17999,0
18000,0
18001,1
18002,1
18003,0
18004,1
18005,1
18006,1
18007,0
18008,0
18009,0
18010,0
18011,0
18012,0
18013,1
18014,0
18015,1
18016,0
18017,0
18018,0
18019,0
18020,0
18021,0
18022,1
18023,0
18024,1
18025,1
18026,0
18027,0
18028,0
18029,1
18030,0
18031,0
18032,0
18033,1
18034,0
18035,0
18036,0
18037,1
18038,1
18039,0
18040,0
18041,0
18042,1
18043,0
18044,0
18045,1
18046,0
18047,1
18048,1
18049,1
18050,0
18051,1
18052,0
18053,0
18054,0
18055,0
18056,0
18057,0
18058,0
18059,1
18060,0
18061,0
18062,1
18063,0
18064,0
18065,1
18066,1
18067,1
18068,0
18069,1
18070,0
18071,0
18072,0
18073,0
18074,0
18075,0
18076,0
18077,0
18078,0
18079,1
18080,0
18081,1
18082,0
18083,0
18084,0
18085,1
18086,0
18087,0
18088,0
18089,1
18090,0
18091,0
18092,1
18093,0
18094,0
18095,1
18096,0
18097,1
18098,1
18099,0
18100,0
18101,1
18102,0
18103,0
18104,1
18105,0
18106,1
18107,1
18108,1
18109,0
18110,0
18111,0
18112,0
18113,1
18114,0
18115,0
18116,0
18117,1
18118,0
18119,0
18120,1
18121,0
18122,1
18123,1
18124,0
18125,1
18126,0
18127,1
18128,0
18129,0
18130,0
18131,0
18132,0
18133,0
18134,0
18135,0
18136,0
18137,1
18138,1
18139,1
18140,0
18141,0
18142,0
18143,0
18144,0
18145,0
18146,0
18147,0
18148,1
18149,1
18150,0
18151,1
18152,1
18153,1
18154,0
18155,1
18156,1
18157,0
18158,1
18159,0
18160,0
18161,1
18162,0
18163,1
18164,0
18165,0
18166,0
18167,0
18168,1
18169,0
18170,0
18171,0
18172,1
18173,0
18174,0
18175,0
18176,1
18177,0
18178,1
18179,1
18180,0
18181,1
18182,0
18183,1
18184,1
18185,0
18186,0
18187,0
18188,0
18189,1
18190,1
18191,1
18192,0
18193,1
18194,0
18195,0
18196,0
18197,0
18198,0
18199,0
18200,0
18201,1
18202,0
18203,0
18204,1
18205,1
18206,1
18207,1
18208,0
18209,0
18210,1
18211,0
18212,1
18213,1
18214,0
18215,0
18216,1
18217,1
18218,0
18219,1
18220,0
18221,0
18222,0
18223,1
18224,0
18225,1
18226,1
18227,0
18228,0
18229,0
18230,1
18231,1
18232,0
18233,0
18234,1
18235,1
18236,0
18237,1
18238,0
18239,1
18240,0
18241,0
18242,1
18243,0
18244,0
18245,0
18246,0
18247,0
18248,1
18249,0
18250,1
18251,0
18252,0
18253,0
18254,1
18255,0
18256,0
18257,0
18258,0
18259,1
18260,1
18261,1
18262,0
18263,0
18264,1
18265,0
18266,0
18267,0
18268,0
18269,0
18270,1
18271,1
18272,0
18273,0
18274,0
18275,0
18276,0
18277,0
18278,0
18279,0
18280,0
18281,0
18282,1
18283,0
18284,1
18285,0
18286,1
18287,0
18288,1
18289,1
18290,0
18291,0
18292,1
18293,0
18294,1
18295,1
18296,1
18297,0
18298,0
18299,0
18300,0
18301,0
18302,0
18303,0
18304,0
18305,0
18306,0
18307,0
18308,0
18309,0
18310,0
18311,0
18312,0
18313,1
18314,0
18315,1
18316,1
18317,0
18318,0
18319,0
18320,0
18321,0
18322,1
18323,0
18324,0
18325,1
18326,0
18327,0
18328,1
18329,0
18330,0
18331,0
18332,0
18333,0
18334,0
18335,1
18336,1
18337,0
18338,1
18339,1
18340,0
18341,1
18342,0
18343,1
18344,0
18345,0
18346,0
18347,1
18348,1
18349,0
18350,1
18351,0
18352,0
18353,1
18354,0
18355,0
18356,0
18357,0
18358,1
18359,1
18360,0
18361,0
18362,1
18363,0
18364,0
18365,0
18366,1
18367,1
18368,1
18369,1
18370,0
18371,1
18372,1
18373,0
18374,0
18375,0
18376,0
18377,1
18378,1
18379,1
18380,1
18381,0
18382,0
18383,0
18384,0
18385,0
18386,0
18387,0
18388,1
18389,0
18390,1
18391,1
18392,0
18393,0
18394,0
18395,1
18396,1
18397,0
18398,0
18399,1
18400,0
18401,0
18402,0
18403,1
18404,0
18405,0
18406,1
18407,0
18408,0
18409,0
18410,0
18411,0
18412,1
18413,0
18414,0
18415,1
18416,0
18417,0
18418,0
18419,0
18420,0
18421,1
18422,0
18423,1
18424,0
18425,0
18426,0
18427,0
18428,0
18429,1
18430,1
18431,1
18432,0
18433,0
18434,0
18435,1
18436,1
18437,0
18438,0
18439,0
18440,0
18441,1
18442,0
18443,1
18444,0
18445,0
18446,0
18447,0
18448,0
18449,1
18450,0
18451,0
18452,0
18453,0
18454,1
18455,1
18456,1
18457,0
18458,1
18459,0
18460,0
18461,1
18462,1
18463,0
18464,0
18465,0
18466,1
18467,0
18468,0
18469,1
18470,0
18471,0
18472,0
18473,1
18474,0
18475,0
18476,1
18477,0
18478,0
18479,1
18480,0
18481,0
18482,0
18483,0
18484,0
18485,0
18486,0
18487,0
18488,0
18489,0
18490,1
18491,0
18492,0
18493,0
18494,0
18495,0
18496,0
18497,0
18498,1
18499,0
18500,0
18501,0
18502,0
18503,1
18504,1
18505,1
18506,1
18507,1
18508,1
18509,1
18510,0
18511,0
18512,1
18513,0
18514,0
18515,0
18516,0
18517,0
18518,0
18519,1
18520,1
18521,1
18522,1
18523,0
18524,1
18525,0
18526,0
18527,1
18528,0
18529,1
18530,0
18531,0
18532,1
18533,1
18534,1
18535,0
18536,0
18537,0
18538,0
18539,0
18540,0
18541,0
18542,1
18543,0
18544,0
18545,1
18546,0
18547,1
18548,1
18549,0
18550,1
18551,0
18552,1
18553,0
18554,0
18555,0
18556,0
18557,1
18558,0
18559,1
18560,1
18561,1
18562,0
18563,0
18564,0
18565,0
18566,1
18567,0
18568,0
18569,0
18570,1
18571,0
18572,1
18573,1
18574,0
18575,1
18576,0
18577,0
18578,0
18579,0
18580,1
18581,0
18582,0
18583,0
18584,0
18585,0
18586,0
18587,0
18588,0
18589,1
18590,0
18591,0
18592,0
18593,1
18594,0
18595,1
18596,0
18597,1
18598,0
18599,0
18600,0
18601,0
18602,0
18603,1
18604,0
18605,1
18606,0
18607,0
18608,0
18609,0
18610,1
18611,0
18612,0
18613,0
18614,1
18615,1
18616,0
18617,0
18618,0
18619,0
18620,0
18621,1
18622,0
18623,0
18624,0
18625,1
18626,0
18627,0
18628,1
18629,0
18630,1
18631,0
18632,0
18633,0
18634,1
18635,0
18636,1
18637,0
18638,0
18639,0
18640,0
18641,0
18642,0
18643,1
18644,0
18645,0
18646,0
18647,0
18648,0
18649,1
18650,0
18651,1
18652,0
18653,0
18654,0
18655,0
18656,1
18657,0
18658,0
18659,1
18660,0
18661,1
18662,0
18663,1
18664,1
18665,0
18666,1
18667,0
18668,1
18669,0
18670,0
18671,1
18672,0
18673,1
18674,1
18675,0
18676,1
18677,0
18678,0
18679,1
18680,0
18681,1
18682,1
18683,1
18684,0
18685,0
18686,0
18687,1
18688,1
18689,1
18690,1
18691,0
18692,0
18693,1
18694,1
18695,0
18696,0
18697,1
18698,1
18699,1
18700,1
18701,0
18702,0
18703,1
18704,1
18705,0
18706,1
18707,0
18708,0
18709,0
18710,0
18711,1
18712,0
18713,1
18714,0
18715,1
18716,0
18717,0
18718,0
18719,0
18720,1
18721,0
18722,0
18723,0
18724,1
18725,0
18726,0
18727,1
18728,0
18729,1
18730,0
18731,1
18732,0
18733,0
18734,0
18735,0
18736,1
18737,1
18738,0
18739,0
18740,0
18741,0
18742,1
18743,1
18744,0
18745,1
18746,1
18747,0
18748,1
18749,1
18750,0
18751,1
18752,1
18753,0
18754,0
18755,1
18756,0
18757,0
18758,0
18759,0
18760,0
18761,1
18762,1
18763,0
18764,0
18765,0
18766,0
18767,1
18768,0
18769,0
18770,0
18771,1
18772,1
18773,1
18774,1
18775,0
18776,0
18777,1
18778,1
18779,1
18780,0
18781,0
18782,0
18783,0
18784,0
18785,0
18786,1
18787,0
18788,1
18789,1
18790,1
18791,0
18792,0
18793,0
18794,1
18795,1
18796,1
18797,0
18798,1
18799,0
18800,0
18801,0
18802,0
18803,0
18804,1
18805,0
18806,0
18807,0
18808,1
18809,0
18810,0
18811,0
18812,0
18813,0
18814,0
18815,1
18816,0
18817,0
18818,0
18819,1
18820,0
18821,1
18822,1
18823,1
18824,0
18825,0
18826,0
18827,0
18828,0
18829,0
18830,0
18831,1
18832,1
18833,1
18834,0
18835,0
18836,0
18837,0
18838,0
18839,1
18840,1
18841,0
18842,0
18843,0
18844,1
18845,0
18846,0
18847,1
18848,0
18849,0
18850,0
18851,0
18852,1
18853,1
18854,1
18855,0
18856,0
18857,0
18858,1
18859,1
18860,1
18861,0
18862,0
18863,0
18864,0
18865,0
18866,0
18867,0
18868,0
18869,0
18870,1
18871,0
18872,1
18873,0
18874,1
18875,0
18876,1
18877,1
18878,0
18879,0
18880,0
18881,1
18882,1
18883,0
18884,0
18885,0
18886,1
18887,0
18888,0
18889,0
18890,0
18891,0
18892,1
18893,0
18894,0
18895,0
18896,1
18897,1
18898,1
18899,1
18900,1
18901,1
18902,1
18903,0
18904,0
18905,0
18906,0
18907,1
18908,0
18909,0
18910,0
18911,1
18912,1
18913,1
18914,1
18915,1
18916,0
18917,0
18918,0
18919,0
18920,1
18921,0
18922,1
18923,1
18924,1
18925,1
18926,1
18927,1
18928,0
18929,1
18930,0
18931,0
18932,1
18933,0
18934,0
18935,1
18936,0
18937,1
18938,1
18939,0
18940,0
18941,0
18942,1
18943,1
18944,1
18945,0
18946,1
18947,1
18948,0
18949,0
18950,1
18951,1
18952,1
18953,0
18954,0
18955,0
18956,1
18957,0
18958,0
18959,1
18960,1
18961,1
18962,1
18963,0
18964,0
18965,0
18966,0
18967,0
18968,1
18969,0
18970,0
18971,1
18972,0
18973,1
18974,1
18975,1
18976,1
18977,0
18978,0
18979,1
18980,1
18981,0
18982,1
18983,0
18984,1
18985,1
18986,1
18987,1
18988,1
18989,0
18990,0
18991,0
18992,0
18993,1
18994,0
18995,1
18996,0
18997,0
18998,0
18999,1
19000,0
19001,1
19002,1
19003,0
19004,0
19005,1
19006,0
19007,1
19008,1
19009,0
19010,1
19011,1
19012,0
19013,1
19014,1
19015,0
19016,1
19017,0
19018,1
19019,0
19020,0
19021,0
19022,1
19023,0
19024,0
19025,0
19026,0
19027,0
19028,0
19029,1
19030,0
19031,0
19032,1
19033,1
19034,0
19035,0
19036,0
19037,0
19038,1
19039,1
19040,1
19041,0
19042,0
19043,0
19044,0
19045,1
19046,1
19047,0
19048,0
19049,0
19050,0
19051,0
19052,1
19053,0
19054,1
19055,1
19056,1
19057,0
19058,0
19059,0
19060,1
19061,0
19062,0
19063,1
19064,1
19065,0
19066,0
19067,1
19068,0
19069,0
19070,0
19071,0
19072,0
19073,1
19074,0
19075,1
19076,1
19077,1
19078,0
19079,0
19080,1
19081,1
19082,0
19083,0
19084,1
19085,1
19086,1
19087,0
19088,0
19089,0
19090,1
19091,1
19092,0
19093,1
19094,0
19095,0
19096,1
19097,0
19098,0
19099,1
19100,0
19101,0
19102,0
19103,0
19104,0
19105,0
19106,0
19107,0
19108,0
19109,0
19110,0
19111,1
19112,0
19113,1
19114,0
19115,0
19116,1
19117,0
19118,0
19119,0
19120,0
19121,1
19122,0
19123,0
19124,1
19125,0
19126,0
19127,0
19128,0
19129,0
19130,1
19131,1
19132,0
19133,1
19134,0
19135,0
19136,0
19137,0
19138,1
19139,0
19140,0
19141,1
19142,0
19143,1
19144,0
19145,0
19146,0
19147,1
19148,0
19149,1
19150,0
19151,1
19152,0
19153,1
19154,0
19155,0
19156,0
19157,1
19158,0
19159,0
19160,1
19161,1
19162,0
19163,0
19164,0
19165,0
19166,1
19167,0
19168,1
19169,0
19170,0
19171,0
19172,1
19173,0
19174,1
19175,1
19176,0
19177,1
19178,0
19179,0
19180,0
19181,1
19182,0
19183,0
19184,1
19185,0
19186,0
19187,1
19188,0
19189,1
19190,1
19191,0
19192,1
19193,0
19194,0
19195,0
19196,0
19197,1
19198,0
19199,1
19200,0
19201,0
19202,0
19203,1
19204,0
19205,0
19206,0
19207,1
19208,0
19209,0
19210,1
19211,1
19212,0
19213,0
19214,0
19215,0
19216,1
19217,0
19218,1
19219,1
19220,0
19221,0
19222,1
19223,0
19224,1
19225,0
19226,0
19227,0
19228,0
19229,0
19230,0
19231,0
19232,1
19233,0
19234,0
19235,1
19236,0
19237,0
19238,0
19239,0
19240,0
19241,0
19242,1
19243,1
19244,1
19245,1
19246,0
19247,0
19248,1
19249,1
19250,0
19251,1
19252,0
19253,0
19254,0
19255,0
19256,1
19257,0
19258,1
19259,1
19260,1
19261,0
19262,1
19263,0
19264,0
19265,0
19266,0
19267,0
19268,0
19269,0
19270,1
19271,1
19272,1
19273,0
19274,0
19275,1
19276,0
19277,1
19278,0
19279,0
19280,0
19281,0
19282,1
19283,0
19284,1
19285,1
19286,0
19287,0
19288,0
19289,0
19290,1
19291,0
19292,1
19293,0
19294,0
19295,0
19296,0
19297,0
19298,0
19299,0
19300,1
19301,0
19302,0
19303,0
19304,0
19305,1
19306,0
19307,1
19308,1
19309,0
19310,0
19311,0
19312,0
19313,0
19314,0
19315,1
19316,0
19317,0
19318,1
19319,1
19320,0
19321,1
19322,0
19323,0
19324,0
19325,1
19326,1
19327,0
19328,0
19329,1
19330,0
19331,0
19332,1
19333,0
19334,0
19335,0
19336,1
19337,1
19338,1
19339,0
19340,0
19341,0
19342,0
19343,0
19344,1
19345,0
19346,0
19347,1
19348,0
19349,0
19350,0
19351,1
19352,1
19353,1
19354,1
19355,1
19356,0
19357,0
19358,0
19359,1
19360,0
19361,0
19362,0
19363,1
19364,0
19365,0
19366,1
19367,1
19368,0
19369,0
19370,0
19371,0
19372,0
19373,0
19374,0
19375,1
19376,0
19377,0
19378,1
19379,1
19380,0
19381,0
19382,1
19383,1
19384,0
19385,1
19386,0
19387,0
19388,0
19389,0
19390,0
19391,1
19392,0
19393,1
19394,1
19395,1
19396,1
19397,1
19398,0
19399,1
19400,1
19401,1
19402,1
19403,0
19404,0
19405,0
19406,1
19407,0
19408,0
19409,0
19410,0
19411,0
19412,0
19413,0
19414,1
19415,1
19416,0
19417,1
19418,1
19419,0
19420,0
19421,0
19422,1
19423,1
19424,1
19425,0
19426,1
19427,0
19428,1
19429,0
19430,0
19431,0
19432,0
19433,0
19434,0
19435,1
19436,0
19437,0
19438,1
19439,0
19440,0
19441,0
19442,0
19443,0
19444,0
19445,1
19446,1
19447,0
19448,1
19449,1
19450,0
19451,0
19452,0
19453,1
19454,0
19455,0
19456,0
19457,0
19458,0
19459,0
19460,1
19461,0
19462,0
19463,0
19464,1
19465,0
19466,0
19467,0
19468,0
19469,0
19470,0
19471,0
19472,1
19473,1
19474,0
19475,0
19476,0
19477,1
19478,0
19479,1
19480,1
19481,0
19482,0
19483,0
19484,0
19485,0
19486,1
19487,1
19488,1
19489,1
19490,0
19491,0
19492,1
19493,0
19494,1
19495,1
19496,0
19497,0
19498,0
19499,0
19500,0
19501,0
19502,1
19503,1
19504,0
19505,0
19506,1
19507,1
19508,0
19509,1
19510,1
19511,0
19512,1
19513,0
19514,0
19515,1
19516,0
19517,1
19518,1
19519,0
19520,1
19521,1
19522,0
19523,0
19524,0
19525,1
19526,1
19527,0
19528,0
19529,1
19530,0
19531,1
19532,0
19533,0
19534,0
19535,1
19536,0
19537,1
19538,0
19539,0
19540,1
19541,1
19542,1
19543,0
19544,0
19545,0
19546,0
19547,0
19548,0
19549,0
19550,0
19551,1
19552,0
19553,0
19554,1
19555,1
19556,0
19557,0
19558,0
19559,0
19560,1
19561,1
19562,0
19563,0
19564,1
19565,1
19566,1
19567,0
19568,0
19569,0
19570,1
19571,1
19572,1
19573,0
19574,0
19575,0
19576,0
19577,0
19578,0
19579,0
19580,0
19581,0
19582,0
19583,0
19584,1
19585,1
19586,0
19587,1
19588,1
19589,1
19590,1
19591,0
19592,1
19593,0
19594,1
19595,1
19596,1
19597,0
19598,1
19599,1
19600,1
19601,0
19602,1
19603,0
19604,0
19605,0
19606,0
19607,1
19608,1
19609,0
19610,0
19611,0
19612,0
19613,0
19614,0
19615,0
19616,0
19617,0
19618,1
19619,1
19620,0
19621,1
19622,0
19623,1
19624,1
19625,1
19626,1
19627,0
19628,0
19629,0
19630,1
19631,1
19632,0
19633,0
19634,0
19635,1
19636,0
19637,0
19638,1
19639,0
19640,0
19641,0
19642,1
19643,1
19644,0
19645,1
19646,0
19647,0
19648,1
19649,1
19650,1
19651,0
19652,0
19653,0
19654,1
19655,0
19656,0
19657,1
19658,1
19659,0
19660,0
19661,1
19662,1
19663,0
19664,0
19665,0
19666,1
19667,0
19668,1
19669,0
19670,1
19671,0
19672,0
19673,0
19674,0
19675,1
19676,1
19677,1
19678,0
19679,0
19680,0
19681,0
19682,0
19683,1
19684,0
19685,0
19686,0
19687,0
19688,0
19689,0
19690,1
19691,0
19692,1
19693,0
19694,0
19695,0
19696,0
19697,0
19698,0
19699,0
19700,0
19701,0
19702,1
19703,0
19704,0
19705,0
19706,0
19707,0
19708,1
19709,0
19710,1
19711,0
19712,0
19713,1
19714,1
19715,0
19716,1
19717,0
19718,1
19719,0
19720,1
19721,1
19722,1
19723,0
19724,0
19725,1
19726,0
19727,1
19728,0
19729,1
19730,0
19731,1
19732,0
19733,0
19734,0
19735,0
19736,0
19737,0
19738,0
19739,0
19740,0
19741,0
19742,0
19743,0
19744,1
19745,0
19746,0
19747,1
19748,0
19749,1
19750,0
19751,0
19752,1
19753,1
19754,1
19755,0
19756,0
19757,1
19758,0
19759,1
19760,1
19761,1
19762,0
19763,1
19764,1
19765,0
19766,0
19767,1
19768,1
19769,1
19770,0
19771,0
19772,1
19773,0
19774,0
19775,1
19776,1
19777,0
19778,0
19779,0
19780,1
19781,0
19782,0
19783,1
19784,1
19785,0
19786,0
19787,0
19788,1
19789,0
19790,1
19791,1
19792,1
19793,0
19794,0
19795,0
19796,1
19797,0
19798,0
19799,0
19800,0
19801,1
19802,1
19803,1
19804,0
19805,0
19806,0
19807,0
19808,0
19809,1
19810,1
19811,0
19812,1
19813,1
19814,1
19815,0
19816,1
19817,0
19818,1
19819,0
19820,0
19821,0
19822,1
19823,1
19824,0
19825,1
19826,0
19827,0
19828,1
19829,1
19830,1
19831,0
19832,0
19833,0
19834,0
19835,0
19836,1
19837,1
19838,0
19839,1
19840,1
19841,1
19842,0
19843,0
19844,0
19845,0
19846,0
19847,1
19848,0
19849,0
19850,0
19851,1
19852,0
19853,0
19854,0
19855,1
19856,1
19857,1
19858,0
19859,1
19860,1
19861,1
19862,1
19863,0
19864,1
19865,0
19866,0
19867,1
19868,1
19869,0
19870,0
19871,0
19872,0
19873,0
19874,0
19875,0
19876,1
19877,1
19878,0
19879,1
19880,1
19881,0
19882,0
19883,0
19884,0
19885,0
19886,0
19887,1
19888,0
19889,0
19890,1
19891,0
19892,0
19893,1
19894,0
19895,0
19896,1
19897,1
19898,0
19899,0
19900,1
19901,1
19902,0
19903,1
19904,0
19905,0
19906,1
19907,0
19908,0
19909,0
19910,0
19911,1
19912,0
19913,0
19914,0
19915,0
19916,0
19917,0
19918,0
19919,0
19920,1
19921,0
19922,1
19923,1
19924,0
19925,0
19926,1
19927,0
19928,0
19929,1
19930,0
19931,0
19932,0
19933,1
19934,1
19935,0
19936,0
19937,0
19938,0
19939,0
19940,0
19941,0
19942,0
19943,1
19944,0
19945,1
19946,0
19947,0
19948,0
19949,0
19950,1
19951,1
19952,1
19953,0
19954,0
19955,0
19956,0
19957,0
19958,0
19959,0
19960,1
19961,0
19962,0
19963,0
19964,0
19965,0
19966,1
19967,0
19968,1
19969,0
19970,0
19971,0
19972,0
19973,1
19974,1
19975,1
19976,0
19977,0
19978,0
19979,0
19980,1
19981,1
19982,1
19983,0
19984,1
19985,0
19986,0
19987,1
19988,0
19989,0
19990,0
19991,0
19992,0
19993,0
19994,1
19995,1
19996,0
19997,0
19998,0
19999,0
20000,0
20001,0
20002,0
20003,0
20004,0
20005,1
20006,1
20007,0
20008,1
20009,1
20010,0
20011,0
20012,0
20013,0
20014,1
20015,0
20016,1
20017,0
20018,0
20019,1
20020,0
20021,0
20022,0
20023,1
20024,0
20025,1
20026,0
20027,0
20028,0
20029,0
20030,0
20031,0
20032,0
20033,1
20034,0
20035,0
20036,1
20037,0
20038,0
20039,1
20040,0
20041,1
20042,1
20043,0
20044,0
20045,0
20046,1
20047,0
20048,0
20049,1
20050,1
20051,0
20052,1
20053,0
20054,0
20055,1
20056,1
20057,1
20058,0
20059,0
20060,0
20061,0
20062,0
20063,0
20064,0
20065,0
20066,1
20067,1
20068,0
20069,0
20070,1
20071,0
20072,0
20073,0
20074,1
20075,0
20076,0
20077,0
20078,0
20079,0
20080,0
20081,0
20082,0
20083,1
20084,0
20085,0
20086,1
20087,1
20088,1
20089,0
20090,0
20091,0
20092,0
20093,0
20094,0
20095,0
20096,1
20097,0
20098,0
20099,0
20100,0
20101,0
20102,0
20103,0
20104,0
20105,0
20106,1
20107,1
20108,1
20109,0
20110,1
20111,1
20112,1
20113,0
20114,0
20115,0
20116,0
20117,1
20118,1
20119,1
20120,1
20121,0
20122,0
20123,0
20124,1
20125,0
20126,1
20127,1
20128,1
20129,1
20130,0
20131,0
20132,0
20133,0
20134,0
20135,0
20136,0
20137,1
20138,1
20139,0
20140,1
20141,0
20142,1
20143,0
20144,1
20145,0
20146,1
20147,1
20148,1
20149,1
20150,0
20151,1
20152,0
20153,1
20154,0
20155,0
20156,1
20157,0
20158,0
20159,1
20160,1
20161,1
20162,1
20163,1
20164,0
20165,0
20166,0
20167,1
20168,0
20169,0
20170,0
20171,1
20172,1
20173,0
20174,0
20175,1
20176,0
20177,0
20178,0
20179,0
20180,1
20181,0
20182,1
20183,1
20184,0
20185,0
20186,1
20187,0
20188,0
20189,0
20190,0
20191,0
20192,1
20193,0
20194,0
20195,0
20196,1
20197,0
20198,1
20199,0
20200,0
20201,0
20202,0
20203,1
20204,0
20205,0
20206,1
20207,1
20208,0
20209,0
20210,1
20211,1
20212,1
20213,0
20214,0
20215,0
20216,0
20217,0
20218,1
20219,0
20220,0
20221,1
20222,0
20223,0
20224,1
20225,0
20226,0
20227,1
20228,0
20229,1
20230,0
20231,1
20232,0
20233,1
20234,0
20235,0
20236,0
20237,0
20238,0
20239,0
20240,1
20241,0
20242,1
20243,1
20244,0
20245,0
20246,1
20247,1
20248,1
20249,1
20250,0
20251,0
20252,0
20253,0
20254,1
20255,1
20256,0
20257,1
20258,0
20259,0
20260,0
20261,0
20262,0
20263,0
20264,0
20265,0
20266,1
20267,0
20268,1
20269,0
20270,1
20271,0
20272,0
20273,0
20274,0
20275,0
20276,0
20277,0
20278,0
20279,0
20280,1
20281,0
20282,0
20283,0
20284,0
20285,0
20286,0
20287,0
20288,1
20289,1
20290,0
20291,1
20292,1
20293,1
20294,1
20295,1
20296,0
20297,0
20298,1
20299,1
20300,1
20301,1
20302,1
20303,1
20304,1
20305,0
20306,0
20307,1
20308,1
20309,0
20310,0
20311,1
20312,0
20313,1
20314,0
20315,1
20316,1
20317,1
20318,0
20319,0
20320,1
20321,0
20322,0
20323,1
20324,0
20325,0
20326,0
20327,0
20328,0
20329,0
20330,0
20331,0
20332,0
20333,0
20334,1
20335,0
20336,0
20337,0
20338,0
20339,0
20340,0
20341,1
20342,0
20343,1
20344,1
20345,0
20346,0
20347,0
20348,0
20349,0
20350,0
20351,1
20352,1
20353,1
20354,0
20355,1
20356,0
20357,1
20358,0
20359,0
20360,0
20361,0
20362,0
20363,0
20364,0
20365,1
20366,0
20367,1
20368,0
20369,1
20370,1
20371,0
20372,0
20373,0
20374,0
20375,1
20376,1
20377,1
20378,1
20379,0
20380,0
20381,0
20382,0
20383,0
20384,1
20385,1
20386,0
20387,0
20388,1
20389,0
20390,0
20391,0
20392,0
20393,0
20394,0
20395,0
20396,0
20397,0
20398,1
20399,1
20400,0
20401,1
20402,0
20403,0
20404,0
20405,1
20406,0
20407,0
20408,0
20409,0
20410,1
20411,0
20412,0
20413,0
20414,0
20415,1
20416,1
20417,0
20418,1
20419,0
20420,1
20421,0
20422,0
20423,0
20424,0
20425,0
20426,0
20427,0
20428,0
20429,0
20430,1
20431,0
20432,0
20433,1
20434,1
20435,0
20436,0
20437,0
20438,1
20439,1
20440,1
20441,0
20442,1
20443,0
20444,0
20445,1
20446,0
20447,1
20448,0
20449,1
20450,0
20451,1
20452,1
20453,0
20454,1
20455,0
20456,0
20457,0
20458,0
20459,0
20460,0
20461,0
20462,0
20463,1
20464,0
20465,0
20466,1
20467,0
20468,1
20469,1
20470,0
20471,1
20472,0
20473,1
20474,0
20475,0
20476,0
20477,0
20478,1
20479,0
20480,0
20481,0
20482,0
20483,0
20484,1
20485,0
20486,0
20487,1
20488,0
20489,1
20490,1
20491,0
20492,1
20493,1
20494,0
20495,0
20496,0
20497,0
20498,0
20499,1
20500,1
20501,0
20502,1
20503,1
20504,0
20505,1
20506,0
20507,1
20508,1
20509,1
20510,0
20511,0
20512,0
20513,1
20514,1
20515,0
20516,1
20517,1
20518,1
20519,0
20520,1
20521,0
20522,0
20523,1
20524,0
20525,0
20526,1
20527,1
20528,1
20529,0
20530,0
20531,1
20532,1
20533,1
20534,0
20535,0
20536,0
20537,0
20538,0
20539,0
20540,1
20541,1
20542,0
20543,0
20544,1
20545,0
20546,0
20547,0
20548,0
20549,0
20550,1
20551,1
20552,0
20553,1
20554,0
20555,0
20556,1
20557,0
20558,0
20559,0
20560,0
20561,1
20562,0
20563,0
20564,1
20565,0
20566,1
20567,0
20568,0
20569,1
20570,1
20571,0
20572,1
20573,0
20574,1
20575,0
20576,1
20577,0
20578,0
20579,1
20580,0
20581,1
20582,0
20583,0
20584,1
20585,1
20586,0
20587,1
20588,1
20589,0
20590,0
20591,1
20592,0
20593,0
20594,0
20595,0
20596,1
20597,0
20598,0
20599,1
20600,0
20601,1
20602,0
20603,0
20604,1
20605,0
20606,0
20607,0
20608,0
20609,0
20610,0
20611,0
20612,1
20613,0
20614,0
20615,0
20616,0
20617,1
20618,1
20619,0
20620,0
20621,0
20622,0
20623,1
20624,0
20625,0
20626,1
20627,0
20628,0
20629,1
20630,0
20631,1
20632,0
20633,0
20634,1
20635,0
20636,1
20637,1
20638,1
20639,1
20640,1
20641,1
20642,1
20643,1
20644,0
20645,0
20646,0
20647,0
20648,0
20649,0
20650,0
20651,1
20652,0
20653,0
20654,0
20655,0
20656,0
20657,0
20658,0
20659,1
20660,0
20661,1
20662,0
20663,1
20664,0
20665,0
20666,0
20667,0
20668,1
20669,0
20670,0
20671,0
20672,0
20673,1
20674,0
20675,0
20676,0
20677,0
20678,1
20679,1
20680,0
20681,0
20682,1
20683,0
20684,0
20685,0
20686,0
20687,1
20688,0
20689,0
20690,1
20691,0
20692,0
20693,1
20694,0
20695,1
20696,0
20697,0
20698,0
20699,0
20700,0
20701,0
20702,0
20703,1
20704,0
20705,0
20706,0
20707,0
20708,0
20709,0
20710,0
20711,0
20712,0
20713,1
20714,1
20715,0
20716,1
20717,0
20718,1
20719,0
20720,0
20721,0
20722,1
20723,0
20724,1
20725,1
20726,0
20727,1
20728,0
20729,0
20730,1
20731,1
20732,0
20733,0
20734,0
20735,0
20736,0
20737,1
20738,0
20739,0
20740,0
20741,1
20742,0
20743,1
20744,1
20745,0
20746,1
20747,0
20748,0
20749,0
20750,0
20751,0
20752,1
20753,1
20754,1
20755,0
20756,0
20757,0
20758,0
20759,0
20760,0
20761,1
20762,1
20763,0
20764,0
20765,1
20766,0
20767,0
20768,0
20769,0
20770,0
20771,0
20772,0
20773,1
20774,0
20775,0
20776,0
20777,0
20778,0
20779,1
20780,1
20781,0
20782,0
20783,1
20784,0
20785,0
20786,0
20787,0
20788,1
20789,1
20790,0
20791,0
20792,0
20793,0
20794,0
20795,0
20796,0
20797,1
20798,0
20799,0
20800,0
20801,0
20802,0
20803,1
20804,0
20805,0
20806,0
20807,0
20808,0
20809,0
20810,1
20811,0
20812,1
20813,0
20814,1
20815,1
20816,1
20817,0
20818,0
20819,0
20820,1
20821,0
20822,0
20823,0
20824,1
20825,0
20826,1
20827,0
20828,0
20829,0
20830,1
20831,1
20832,0
20833,0
20834,1
20835,0
20836,0
20837,1
20838,0
20839,0
20840,0
20841,0
20842,0
20843,0
20844,0
20845,0
20846,1
20847,1
20848,0
20849,1
20850,0
20851,0
20852,1
20853,1
20854,0
20855,0
20856,0
20857,0
20858,1
20859,1
20860,0
20861,0
20862,0
20863,0
20864,1
20865,1
20866,0
20867,1
20868,1
20869,0
20870,0
20871,0
20872,0
20873,0
20874,1
20875,0
20876,0
20877,0
20878,0
20879,1
20880,0
20881,1
20882,1
20883,0
20884,0
20885,0
20886,1
20887,0
20888,0
20889,0
20890,0
20891,0
20892,0
20893,1
20894,0
20895,0
20896,1
20897,1
20898,0
20899,1
20900,0
20901,1
20902,1
20903,0
20904,0
20905,0
20906,0
20907,0
20908,0
20909,1
20910,0
20911,1
20912,0
20913,0
20914,0
20915,0
20916,1
20917,1
20918,0
20919,0
20920,0
20921,0
20922,0
20923,0
20924,1
20925,1
20926,0
20927,1
20928,0
20929,1
20930,0
20931,0
20932,0
20933,1
20934,1
20935,0
20936,0
20937,0
20938,0
20939,1
20940,1
20941,0
20942,1
20943,0
20944,1
20945,0
20946,0
20947,1
20948,1
20949,1
20950,1
20951,0
20952,0
20953,1
20954,0
20955,0
20956,0
20957,0
20958,0
20959,1
20960,0
20961,0
20962,0
20963,1
20964,0
20965,0
20966,1
20967,0
20968,1
20969,0
20970,1
20971,0
20972,1
20973,0
20974,0
20975,1
20976,0
20977,0
20978,0
20979,1
20980,0
20981,0
20982,1
20983,0
20984,1
20985,0
20986,0
20987,0
20988,0
20989,0
20990,1
20991,0
20992,1
20993,1
20994,0
20995,0
20996,0
20997,0
20998,0
20999,1
21000,0
21001,0
21002,0
21003,1
21004,1
21005,0
21006,0
21007,0
21008,0
21009,0
21010,1
21011,1
21012,1
21013,0
21014,0
21015,0
21016,0
21017,0
21018,0
21019,0
21020,0
21021,0
21022,0
21023,1
21024,1
21025,1
21026,0
21027,0
21028,0
21029,1
21030,1
21031,0
21032,1
21033,0
21034,0
21035,0
21036,1
21037,0
21038,0
21039,1
21040,1
21041,0
21042,0
21043,0
21044,1
21045,1
21046,0
21047,1
21048,0
21049,1
21050,1
21051,0
21052,1
21053,0
21054,0
21055,0
21056,0
21057,0
21058,1
21059,0
21060,0
21061,0
21062,0
21063,1
21064,1
21065,1
21066,1
21067,1
21068,1
21069,1
21070,0
21071,0
21072,0
21073,1
21074,0
21075,1
21076,1
21077,1
21078,1
21079,1
21080,0
21081,0
21082,0
21083,0
21084,0
21085,0
21086,1
21087,0
21088,0
21089,1
21090,1
21091,0
21092,1
21093,0
21094,0
21095,0
21096,1
21097,1
21098,0
21099,1
21100,0
21101,0
21102,1
21103,0
21104,1
21105,0
21106,1
21107,0
21108,1
21109,1
21110,1
21111,0
21112,0
21113,0
21114,0
21115,0
21116,0
21117,1
21118,0
21119,0
21120,0
21121,1
21122,1
21123,0
21124,1
21125,0
21126,0
21127,0
21128,0
21129,0
21130,0
21131,1
21132,1
21133,0
21134,0
21135,0
21136,0
21137,1
21138,1
21139,1
21140,0
21141,0
21142,0
21143,0
21144,1
21145,0
21146,0
21147,0
21148,0
21149,0
21150,0
21151,0
21152,0
21153,0
21154,0
21155,0
21156,0
21157,0
21158,0
21159,1
21160,0
21161,0
21162,1
21163,0
21164,0
21165,0
21166,0
21167,0
21168,1
21169,0
21170,0
21171,0
21172,0
21173,0
21174,0
21175,0
21176,0
21177,0
21178,1
21179,0
21180,1
21181,0
21182,1
21183,0
21184,0
21185,0
21186,0
21187,1
21188,1
21189,0
21190,0
21191,1
21192,1
21193,0
21194,0
21195,1
21196,0
21197,1
21198,1
21199,0
21200,1
21201,1
21202,0
21203,0
21204,0
21205,1
21206,1
21207,0
21208,1
21209,1
21210,1
21211,1
21212,0
21213,1
21214,0
21215,0
21216,0
21217,1
21218,0
21219,0
21220,0
21221,0
21222,1
21223,1
21224,0
21225,0
21226,0
21227,1
21228,1
21229,0
21230,1
21231,0
21232,0
21233,1
21234,1
21235,0
21236,0
21237,0
21238,0
21239,0
21240,0
21241,1
21242,0
21243,0
21244,0
21245,1
21246,0
21247,0
21248,0
21249,0
21250,1
21251,0
21252,0
21253,0
21254,0
21255,0
21256,1
21257,0
21258,0
21259,1
21260,0
21261,0
21262,1
21263,1
21264,0
21265,1
21266,1
21267,1
21268,0
21269,0
21270,0
21271,0
21272,1
21273,0
21274,0
21275,1
21276,0
21277,0
21278,1
21279,1
21280,1
21281,1
21282,0
21283,0
21284,0
21285,0
21286,0
21287,0
21288,0
21289,1
21290,1
21291,0
21292,0
21293,1
21294,1
21295,1
21296,0
21297,1
21298,0
21299,0
21300,0
21301,0
21302,0
21303,1
21304,0
21305,0
21306,0
21307,0
21308,0
21309,1
21310,0
21311,1
21312,1
21313,0
21314,0
21315,1
21316,0
21317,0
21318,0
21319,1
21320,0
21321,0
21322,0
21323,0
21324,0
21325,0
21326,1
21327,0
21328,0
21329,0
21330,0
21331,0
21332,0
21333,1
21334,1
21335,1
21336,1
21337,0
21338,0
21339,1
21340,0
21341,1
21342,1
21343,1
21344,0
21345,1
21346,0
21347,0
21348,0
21349,0
21350,1
21351,0
21352,0
21353,1
21354,0
21355,0
21356,1
21357,0
21358,0
21359,1
21360,1
21361,0
21362,0
21363,0
21364,1
21365,0
21366,0
21367,1
21368,0
21369,0
21370,1
21371,0
21372,1
21373,0
21374,0
21375,1
21376,1
21377,1
21378,0
21379,1
21380,0
21381,1
21382,0
21383,0
21384,0
21385,0
21386,0
21387,1
21388,1
21389,0
21390,0
21391,0
21392,0
21393,0
21394,1
21395,0
21396,0
21397,1
21398,0
21399,1
21400,1
21401,0
21402,0
21403,0
21404,0
21405,1
21406,0
21407,1
21408,0
21409,0
21410,1
21411,0
21412,1
21413,1
21414,1
21415,0
21416,0
21417,0
21418,0
21419,1
21420,0
21421,0
21422,0
21423,0
21424,0
21425,0
21426,1
21427,0
21428,0
21429,0
21430,0
21431,0
21432,0
21433,0
21434,0
21435,0
21436,0
21437,0
21438,0
21439,0
21440,1
21441,0
21442,0
21443,1
21444,0
21445,0
21446,0
21447,0
21448,0
21449,1
21450,1
21451,1
21452,1
21453,1
21454,1
21455,1
21456,1
21457,0
21458,0
21459,0
21460,0
21461,0
21462,1
21463,1
21464,1
21465,0
21466,0
21467,1
21468,0
21469,1
21470,1
21471,0
21472,1
21473,1
21474,0
21475,0
21476,1
21477,0
21478,1
21479,1
21480,0
21481,0
21482,0
21483,0
21484,1
21485,0
21486,0
21487,0
21488,0
21489,0
21490,0
21491,1
21492,0
21493,0
21494,1
21495,1
21496,0
21497,0
21498,0
21499,0
21500,0
21501,0
21502,0
21503,0
21504,1
21505,0
21506,0
21507,0
21508,1
21509,1
21510,1
21511,0
21512,0
21513,1
21514,1
21515,0
21516,0
21517,0
21518,0
21519,1
21520,0
21521,0
21522,0
21523,1
21524,0
21525,1
21526,0
21527,0
21528,0
21529,1
21530,0
21531,0
21532,0
21533,0
21534,0
21535,0
21536,0
21537,0
21538,0
21539,1
21540,1
21541,0
21542,0
21543,0
21544,0
21545,0
21546,1
21547,1
21548,1
21549,1
21550,0
21551,0
21552,0
21553,0
21554,1
21555,1
21556,1
21557,0
21558,1
21559,1
21560,0
21561,1
21562,1
21563,0
21564,0
21565,1
21566,0
21567,0
21568,1
21569,0
21570,0
21571,0
21572,0
21573,1
21574,1
21575,0
21576,0
21577,0
21578,1
21579,1
21580,1
21581,0
21582,1
21583,0
21584,0
21585,1
21586,0
21587,0
21588,1
21589,1
21590,1
21591,1
21592,1
21593,0
21594,1
21595,1
21596,1
21597,0
21598,0
21599,0
21600,0
21601,0
21602,0
21603,0
21604,1
21605,0
21606,0
21607,1
21608,0
21609,1
21610,1
21611,0
21612,0
21613,1
21614,0
21615,1
21616,0
21617,0
21618,0
21619,1
21620,1
21621,1
21622,0
21623,0
21624,1
21625,0
21626,0
21627,0
21628,0
21629,0
21630,0
21631,0
21632,1
21633,1
21634,0
21635,0
21636,0
21637,1
21638,0
21639,0
21640,0
21641,1
21642,0
21643,0
21644,0
21645,0
21646,0
21647,0
21648,0
21649,0
21650,0
21651,0
21652,1
21653,1
21654,0
21655,0
21656,0
21657,1
21658,0
21659,0
21660,0
21661,0
21662,1
21663,1
21664,0
21665,0
21666,0
21667,0
21668,0
21669,0
21670,1
21671,0
21672,1
21673,0
21674,1
21675,1
21676,0
21677,0
21678,1
21679,0
21680,0
21681,0
21682,1
21683,0
21684,1
21685,0
21686,1
21687,0
21688,0
21689,0
21690,0
21691,0
21692,1
21693,0
21694,0
21695,0
21696,0
21697,0
21698,0
21699,1
21700,1
21701,0
21702,1
21703,1
21704,0
21705,0
21706,0
21707,0
21708,0
21709,1
21710,0
21711,0
21712,0
21713,1
21714,0
21715,0
21716,0
21717,0
21718,1
21719,0
21720,0
21721,0
21722,0
21723,0
21724,1
21725,0
21726,1
21727,0
21728,0
21729,0
21730,0
21731,0
21732,1
21733,0
21734,1
21735,0
21736,1
21737,0
21738,1
21739,0
21740,0
21741,0
21742,0
21743,0
21744,0
21745,0
21746,0
21747,1
21748,0
21749,1
21750,0
21751,1
21752,0
21753,0
21754,0
21755,0
21756,1
21757,0
21758,0
21759,1
21760,1
21761,0
21762,1
21763,1
21764,0
21765,0
21766,1
21767,0
21768,1
21769,0
21770,0
21771,0
21772,0
21773,0
21774,0
21775,0
21776,0
21777,0
21778,0
21779,0
21780,1
21781,0
21782,1
21783,0
21784,0
21785,0
21786,0
21787,0
21788,0
21789,1
21790,0
21791,0
21792,1
21793,1
21794,0
21795,1
21796,0
21797,1
21798,1
21799,0
21800,0
21801,0
21802,1
21803,1
21804,0
21805,0
21806,1
21807,0
21808,1
21809,0
21810,0
21811,0
21812,1
21813,0
21814,0
21815,0
21816,0
21817,0
21818,0
21819,1
21820,0
21821,0
21822,1
21823,0
21824,0
21825,0
21826,0
21827,1
21828,0
21829,1
21830,1
21831,0
21832,1
21833,1
21834,0
21835,0
21836,1
21837,1
21838,1
21839,0
21840,1
21841,0
21842,0
21843,0
21844,0
21845,0
21846,1
21847,0
21848,1
21849,0
21850,0
21851,0
21852,1
21853,0
21854,1
21855,0
21856,0
21857,0
21858,0
21859,0
21860,1
21861,0
21862,0
21863,0
21864,0
21865,1
21866,1
21867,0
21868,0
21869,0
21870,0
21871,0
21872,1
21873,1
21874,1
21875,0
21876,1
21877,0
21878,0
21879,0
21880,0
21881,1
21882,0
21883,0
21884,1
21885,1
21886,0
21887,0
21888,0
21889,0
21890,0
21891,0
21892,1
21893,1
21894,1
21895,0
21896,0
21897,0
21898,0
21899,0
21900,0
21901,0
21902,0
21903,0
21904,0
21905,0
21906,0
21907,1
21908,0
21909,1
21910,0
21911,0
21912,0
21913,1
21914,0
21915,0
21916,0
21917,0
21918,0
21919,0
21920,0
21921,0
21922,0
21923,0
21924,1
21925,1
21926,0
21927,1
21928,0
21929,0
21930,0
21931,1
21932,1
21933,1
21934,1
21935,1
21936,1
21937,0
21938,0
21939,0
21940,0
21941,0
21942,0
21943,1
21944,0
21945,0
21946,0
21947,0
21948,1
21949,0
21950,0
21951,0
21952,0
21953,0
21954,1
21955,1
21956,1
21957,0
21958,0
21959,0
21960,0
21961,0
21962,0
21963,1
21964,0
21965,0
21966,1
21967,0
21968,0
21969,1
21970,0
21971,0
21972,1
21973,0
21974,0
21975,0
21976,0
21977,1
21978,0
21979,0
21980,1
21981,0
21982,0
21983,0
21984,1
21985,0
21986,0
21987,0
21988,0
21989,1
21990,1
21991,0
21992,0
21993,0
21994,0
21995,1
21996,0
21997,0
21998,0
21999,0
22000,0
22001,1
22002,1
22003,0
22004,1
22005,1
22006,0
22007,0
22008,1
22009,0
22010,1
22011,1
22012,0
22013,0
22014,1
22015,0
22016,1
22017,0
22018,1
22019,1
22020,1
22021,0
22022,1
22023,1
22024,0
22025,1
22026,0
22027,1
22028,0
22029,1
22030,0
22031,0
22032,0
22033,1
22034,0
22035,0
22036,0
22037,0
22038,1
22039,0
22040,1
22041,1
22042,0
22043,0
22044,0
22045,1
22046,1
22047,0
22048,1
22049,0
22050,0
22051,1
22052,0
22053,0
22054,0
22055,0
22056,0
22057,1
22058,1
22059,1
22060,0
22061,1
22062,0
22063,1
22064,0
22065,0
22066,1
22067,1
22068,1
22069,0
22070,0
22071,0
22072,0
22073,0
22074,0
22075,1
22076,0
22077,0
22078,1
22079,0
22080,0
22081,1
22082,0
22083,0
22084,1
22085,0
22086,1
22087,0
22088,0
22089,0
22090,1
22091,0
22092,0
22093,0
22094,1
22095,0
22096,1
22097,0
22098,0
22099,0
22100,0
22101,0
22102,1
22103,0
22104,0
22105,0
22106,0
22107,0
22108,1
22109,1
22110,0
22111,1
22112,1
22113,0
22114,0
22115,1
22116,1
22117,0
22118,0
22119,1
22120,1
22121,0
22122,1
22123,0
22124,1
22125,1
22126,0
22127,1
22128,0
22129,0
22130,0
22131,0
22132,1
22133,0
22134,0
22135,1
22136,1
22137,0
22138,0
22139,1
22140,1
22141,0
22142,0
22143,0
22144,0
22145,0
22146,0
22147,0
22148,0
22149,0
22150,0
22151,0
22152,0
22153,1
22154,1
22155,1
22156,0
22157,1
22158,1
22159,0
22160,0
22161,0
22162,0
22163,1
22164,0
22165,0
22166,1
22167,0
22168,1
22169,1
22170,0
22171,1
22172,0
22173,0
22174,0
22175,0
22176,1
22177,1
22178,1
22179,0
22180,0
22181,0
22182,1
22183,0
22184,1
22185,0
22186,1
22187,1
22188,0
22189,0
22190,1
22191,0
22192,0
22193,1
22194,0
22195,0
22196,0
22197,0
22198,1
22199,0
22200,1
22201,0
22202,0
22203,0
22204,0
22205,0
22206,0
22207,1
22208,0
22209,0
22210,0
22211,1
22212,0
22213,1
22214,0
22215,0
22216,1
22217,1
22218,0
22219,0
22220,0
22221,0
22222,0
22223,1
22224,0
22225,0
22226,1
22227,1
22228,0
22229,1
22230,0
22231,1
22232,0
22233,1
22234,0
22235,0
22236,1
22237,1
22238,0
22239,0
22240,1
22241,0
22242,0
22243,1
22244,0
22245,0
22246,0
22247,1
22248,1
22249,1
22250,0
22251,0
22252,0
22253,0
22254,0
22255,1
22256,0
22257,0
22258,0
22259,0
22260,0
22261,0
22262,0
22263,0
22264,0
22265,1
22266,0
22267,1
22268,0
22269,1
22270,0
22271,0
22272,1
22273,0
22274,0
22275,1
22276,0
22277,1
22278,0
22279,0
22280,1
22281,0
22282,1
22283,1
22284,1
22285,1
22286,1
22287,0
22288,0
22289,1
22290,0
22291,1
22292,0
22293,1
22294,0
22295,0
22296,0
22297,0
22298,1
22299,1
22300,0
22301,0
22302,1
22303,0
22304,0
22305,0
22306,1
22307,0
22308,1
22309,0
22310,0
22311,1
22312,1
22313,1
22314,0
22315,0
22316,0
22317,1
22318,1
22319,1
22320,0
22321,1
22322,1
22323,0
22324,0
22325,1
22326,1
22327,0
22328,0
22329,0
22330,1
22331,0
22332,0
22333,0
22334,0
22335,1
22336,0
22337,0
22338,0
22339,1
22340,0
22341,1
22342,0
22343,1
22344,1
22345,1
22346,0
22347,1
22348,1
22349,1
22350,0
22351,0
22352,0
22353,0
22354,0
22355,0
22356,1
22357,0
22358,0
22359,1
22360,0
22361,1
22362,0
22363,1
22364,1
22365,0
22366,0
22367,0
22368,1
22369,0
22370,0
22371,0
22372,0
22373,1
22374,0
22375,0
22376,0
22377,1
22378,0
22379,0
22380,1
22381,0
22382,0
22383,1
22384,1
22385,0
22386,1
22387,0
22388,1
22389,1
22390,0
22391,1
22392,1
22393,0
22394,0
22395,1
22396,1
22397,0
22398,0
22399,0
22400,1
22401,0
22402,0
22403,0
22404,1
22405,0
22406,1
22407,0
22408,0
22409,0
22410,0
22411,1
22412,0
22413,0
22414,0
22415,0
22416,1
22417,1
22418,1
22419,1
22420,0
22421,0
22422,0
22423,0
22424,0
22425,0
22426,0
22427,1
22428,1
22429,0
22430,0
22431,0
22432,0
22433,1
22434,0
22435,1
22436,1
22437,0
22438,1
22439,1
22440,0
22441,1
22442,1
22443,1
22444,0
22445,0
22446,1
22447,0
22448,0
22449,0
22450,0
22451,0
22452,1
22453,0
22454,1
22455,0
22456,0
22457,0
22458,1
22459,0
22460,0
22461,0
22462,0
22463,0
22464,0
22465,0
22466,1
22467,1
22468,1
22469,1
22470,0
22471,1
22472,0
22473,1
22474,0
22475,0
22476,1
22477,1
22478,0
22479,0
22480,0
22481,0
22482,1
22483,1
22484,0
22485,0
22486,0
22487,0
22488,0
22489,1
22490,1
22491,1
22492,0
22493,0
22494,1
22495,0
22496,0
22497,0
22498,1
22499,0
22500,1
22501,1
22502,0
22503,0
22504,1
22505,1
22506,1
22507,0
22508,0
22509,0
22510,1
22511,0
22512,0
22513,0
22514,0
22515,1
22516,1
22517,0
22518,1
22519,0
22520,0
22521,1
22522,0
22523,1
22524,1
22525,1
22526,0
22527,0
22528,0
22529,0
22530,0
22531,0
22532,1
22533,0
22534,0
22535,0
22536,0
22537,0
22538,0
22539,1
22540,1
22541,1
22542,1
22543,0
22544,1
22545,1
22546,1
22547,1
22548,0
22549,0
22550,0
22551,1
22552,0
22553,0
22554,1
22555,0
22556,0
22557,0
22558,0
22559,0
22560,1
22561,1
22562,0
22563,1
22564,0
22565,0
22566,1
22567,0
22568,1
22569,0
22570,0
22571,0
22572,0
22573,0
22574,0
22575,0
22576,0
22577,0
22578,1
22579,0
22580,0
22581,0
22582,1
22583,1
22584,0
22585,0
22586,0
22587,1
22588,0
22589,1
22590,1
22591,0
22592,0
22593,0
22594,1
22595,1
22596,0
22597,0
22598,0
22599,1
22600,1
22601,0
22602,1
22603,1
22604,0
22605,1
22606,0
22607,0
22608,0
22609,0
22610,0
22611,0
22612,1
22613,1
22614,1
22615,0
22616,1
22617,1
22618,1
22619,0
22620,0
22621,1
22622,0
22623,1
22624,1
22625,0
22626,0
22627,1
22628,0
22629,1
22630,0
22631,0
22632,0
22633,0
22634,1
22635,1
22636,0
22637,0
22638,0
22639,0
22640,0
22641,0
22642,0
22643,1
22644,0
22645,1
22646,1
22647,0
22648,1
22649,1
22650,1
22651,0
22652,0
22653,0
22654,0
22655,0
22656,1
22657,1
22658,0
22659,0
22660,0
22661,0
22662,0
22663,0
22664,1
22665,1
22666,0
22667,0
22668,0
22669,0
22670,0
22671,1
22672,0
22673,0
22674,1
22675,0
22676,1
22677,1
22678,0
22679,1
22680,1
22681,0
22682,0
22683,0
22684,0
22685,0
22686,1
22687,1
22688,1
22689,1
22690,0
22691,0
22692,0
22693,0
22694,1
22695,1
22696,0
22697,0
22698,0
22699,0
22700,0
22701,0
22702,0
22703,1
22704,0
22705,1
22706,0
22707,1
22708,1
22709,0
22710,1
22711,0
22712,0
22713,0
22714,0
22715,1
22716,0
22717,0
22718,0
22719,0
22720,1
22721,0
22722,0
22723,1
22724,0
22725,0
22726,1
22727,1
22728,0
22729,0
22730,0
22731,1
22732,0
22733,1
22734,0
22735,0
22736,0
22737,1
22738,1
22739,1
22740,1
22741,1
22742,0
22743,1
22744,1
22745,1
22746,0
22747,1
22748,1
22749,1
22750,1
22751,0
22752,0
22753,0
22754,1
22755,0
22756,0
22757,0
22758,0
22759,1
22760,1
22761,0
22762,0
22763,0
22764,0
22765,0
22766,1
22767,0
22768,0
22769,0
22770,0
22771,0
22772,1
22773,0
22774,0
22775,1
22776,1
22777,0
22778,1
22779,1
22780,0
22781,0
22782,1
22783,0
22784,0
22785,0
22786,0
22787,1
22788,0
22789,0
22790,1
22791,0
22792,0
22793,0
22794,1
22795,1
22796,0
22797,1
22798,0
22799,0
22800,1
22801,0
22802,0
22803,0
22804,0
22805,0
22806,0
22807,0
22808,1
22809,1
22810,0
22811,1
22812,1
22813,1
22814,0
22815,1
22816,0
22817,1
22818,1
22819,0
22820,1
22821,0
22822,0
22823,1
22824,0
22825,0
22826,0
22827,0
22828,0
22829,1
22830,1
22831,1
22832,1
22833,0
22834,0
22835,1
22836,0
22837,0
22838,0
22839,1
22840,0
22841,0
22842,1
22843,1
22844,0
22845,0
22846,0
22847,0
22848,0
22849,0
22850,0
22851,0
22852,1
22853,0
22854,0
22855,0
22856,1
22857,1
22858,1
22859,0
22860,1
22861,0
22862,1
22863,1
22864,0
22865,0
22866,0
22867,0
22868,0
22869,0
22870,0
22871,1
22872,0
22873,1
22874,0
22875,0
22876,0
22877,1
22878,0
22879,1
22880,0
22881,0
22882,1
22883,0
22884,1
22885,0
22886,0
22887,1
22888,0
22889,0
22890,1
22891,0
22892,1
22893,0
22894,1
22895,0
22896,1
22897,0
22898,0
22899,0
22900,0
22901,1
22902,0
22903,0
22904,1
22905,1
22906,1
22907,0
22908,1
22909,1
22910,1
22911,0
22912,1
22913,0
22914,0
22915,1
22916,0
22917,0
22918,1
22919,1
22920,1
22921,0
22922,0
22923,0
22924,0
22925,0
22926,1
22927,1
22928,0
22929,1
22930,1
22931,0
22932,0
22933,1
22934,0
22935,0
22936,1
22937,0
22938,1
22939,0
22940,1
22941,1
22942,0
22943,0
22944,1
22945,1
22946,1
22947,0
22948,1
22949,0
22950,0
22951,0
22952,0
22953,1
22954,0
22955,0
22956,1
22957,0
22958,1
22959,1
22960,0
22961,0
22962,1
22963,1
22964,1
22965,0
22966,0
22967,0
22968,1
22969,0
22970,0
22971,1
22972,0
22973,0
22974,0
22975,0
22976,0
22977,1
22978,1
22979,1
22980,1
22981,0
22982,0
22983,0
22984,0
22985,0
22986,0
22987,1
22988,0
22989,1
22990,1
22991,1
22992,0
22993,1
22994,0
22995,0
22996,0
22997,1
22998,1
22999,0
23000,0
23001,1
23002,0
23003,0
23004,0
23005,0
23006,0
23007,0
23008,1
23009,1
23010,1
23011,1
23012,1
23013,0
23014,0
23015,0
23016,0
23017,0
23018,0
23019,0
23020,0
23021,0
23022,1
23023,0
23024,0
23025,1
23026,1
23027,0
23028,0
23029,0
23030,1
23031,0
23032,0
23033,0
23034,0
23035,1
23036,0
23037,0
23038,0
23039,0
23040,0
23041,0
23042,1
23043,1
23044,0
23045,0
23046,0
23047,0
23048,0
23049,0
23050,0
23051,0
23052,1
23053,0
23054,0
23055,0
23056,1
23057,1
23058,0
23059,0
23060,0
23061,0
23062,0
23063,0
23064,0
23065,0
23066,0
23067,1
23068,1
23069,0
23070,0
23071,0
23072,0
23073,0
23074,1
23075,0
23076,0
23077,0
23078,0
23079,0
23080,1
23081,0
23082,0
23083,1
23084,0
23085,1
23086,1
23087,0
23088,1
23089,1
23090,0
23091,0
23092,0
23093,1
23094,0
23095,1
23096,1
23097,1
23098,1
23099,0
23100,1
23101,1
23102,1
23103,0
23104,0
23105,0
23106,0
23107,0
23108,0
23109,1
23110,0
23111,0
23112,1
23113,0
23114,0
23115,0
23116,0
23117,0
23118,1
23119,1
23120,0
23121,0
23122,1
23123,1
23124,0
23125,0
23126,0
23127,1
23128,0
23129,0
23130,0
23131,0
23132,1
23133,0
23134,1
23135,1
23136,0
23137,0
23138,0
23139,1
23140,0
23141,0
23142,1
23143,0
23144,1
23145,0
23146,1
23147,1
23148,1
23149,0
23150,0
23151,0
23152,0
23153,0
23154,0
23155,1
23156,1
23157,1
23158,0
23159,0
23160,1
23161,0
23162,1
23163,0
23164,1
23165,1
23166,1
23167,1
23168,0
23169,1
23170,1
23171,1
23172,0
23173,0
23174,1
23175,1
23176,1
23177,0
23178,1
23179,0
23180,0
23181,1
23182,1
23183,0
23184,1
23185,0
23186,1
23187,0
23188,0
23189,0
23190,1
23191,1
23192,0
23193,1
23194,0
23195,0
23196,0
23197,1
23198,0
23199,1
23200,0
23201,0
23202,1
23203,0
23204,1
23205,1
23206,0
23207,1
23208,0
23209,0
23210,0
23211,0
23212,0
23213,1
23214,0
23215,0
23216,1
23217,1
23218,0
23219,1
23220,1
23221,1
23222,1
23223,0
23224,0
23225,0
23226,0
23227,1
23228,1
23229,1
23230,0
23231,1
23232,0
23233,1
23234,1
23235,1
23236,0
23237,0
23238,1
23239,1
23240,1
23241,1
23242,0
23243,1
23244,0
23245,1
23246,0
23247,0
23248,0
23249,1
23250,0
23251,0
23252,0
23253,1
23254,0
23255,1
23256,1
23257,0
23258,0
23259,1
23260,0
23261,1
23262,1
23263,0
23264,1
23265,0
23266,1
23267,1
23268,1
23269,1
23270,1
23271,1
23272,1
23273,1
23274,1
23275,0
23276,1
23277,0
23278,0
23279,1
23280,1
23281,1
23282,0
23283,1
23284,1
23285,0
23286,0
23287,0
23288,0
23289,0
23290,0
23291,1
23292,0
23293,1
23294,0
23295,0
23296,0
23297,1
23298,1
23299,0
23300,0
23301,0
23302,0
23303,0
23304,0
23305,1
23306,1
23307,0
23308,1
23309,0
23310,0
23311,1
23312,0
23313,0
23314,0
23315,0
23316,0
23317,0
23318,0
23319,0
23320,0
23321,1
23322,1
23323,0
23324,0
23325,0
23326,1
23327,0
23328,0
23329,1
23330,1
23331,0
23332,0
23333,0
23334,0
23335,0
23336,1
23337,0
23338,0
23339,0
23340,1
23341,0
23342,0
23343,0
23344,1
23345,1
23346,0
23347,0
23348,0
23349,0
23350,0
23351,1
23352,1
23353,1
23354,0
23355,0
23356,0
23357,0
23358,1
23359,1
23360,1
23361,0
23362,0
23363,0
23364,1
23365,1
23366,1
23367,0
23368,1
23369,0
23370,0
23371,0
23372,0
23373,1
23374,1
23375,0
23376,0
23377,0
23378,0
23379,1
23380,1
23381,0
23382,0
23383,1
23384,0
23385,0
23386,0
23387,1
23388,0
23389,0
23390,0
23391,1
23392,0
23393,0
23394,0
23395,0
23396,1
23397,1
23398,1
23399,1
23400,1
23401,1
23402,1
23403,0
23404,0
23405,0
23406,1
23407,0
23408,0
23409,0
23410,0
23411,1
23412,1
23413,1
23414,1
23415,0
23416,0
23417,0
23418,0
23419,0
23420,0
23421,0
23422,0
23423,0
23424,1
23425,0
23426,0
23427,0
23428,0
23429,0
23430,0
23431,0
23432,0
23433,1
23434,1
23435,0
23436,0
23437,1
23438,0
23439,0
23440,0
23441,0
23442,0
23443,0
23444,0
23445,0
23446,0
23447,1
23448,0
23449,0
23450,0
23451,0
23452,0
23453,0
23454,0
23455,1
23456,1
23457,0
23458,1
23459,1
23460,0
23461,0
23462,0
23463,1
23464,1
23465,0
23466,1
23467,1
23468,0
23469,0
23470,1
23471,1
23472,0
23473,1
23474,1
23475,1
23476,0
23477,1
23478,0
23479,0
23480,1
23481,0
23482,0
23483,0
23484,0
23485,1
23486,0
23487,1
23488,1
23489,1
23490,0
23491,0
23492,1
23493,0
23494,0
23495,0
23496,0
23497,0
23498,0
23499,1
23500,1
23501,0
23502,0
23503,0
23504,1
23505,0
23506,1
23507,0
23508,0
23509,0
23510,0
23511,0
23512,0
23513,0
23514,0
23515,0
23516,1
23517,0
23518,0
23519,0
23520,0
23521,0
23522,0
23523,1
23524,0
23525,0
23526,1
23527,1
23528,0
23529,0
23530,1
23531,0
23532,0
23533,0
23534,1
23535,1
23536,1
23537,1
23538,0
23539,0
23540,0
23541,1
23542,0
23543,0
23544,0
23545,1
23546,0
23547,0
23548,1
23549,0
23550,0
23551,0
23552,0
23553,0
23554,1
23555,1
23556,1
23557,0
23558,0
23559,1
23560,0
23561,0
23562,0
23563,0
23564,0
23565,0
23566,0
23567,1
23568,1
23569,0
23570,0
23571,0
23572,0
23573,0
23574,0
23575,0
23576,1
23577,0
23578,0
23579,0
23580,1
23581,0
23582,0
23583,1
23584,0
23585,1
23586,1
23587,0
23588,1
23589,0
23590,1
23591,0
23592,0
23593,0
23594,1
23595,1
23596,0
23597,0
23598,0
23599,0
23600,1
23601,0
23602,1
23603,0
23604,0
23605,0
23606,0
23607,0
23608,1
23609,0
23610,1
23611,0
23612,1
23613,1
23614,0
23615,0
23616,0
23617,0
23618,1
23619,1
23620,0
23621,1
23622,0
23623,1
23624,0
23625,0
23626,0
23627,0
23628,0
23629,0
23630,0
23631,1
23632,1
23633,0
23634,1
23635,0
23636,1
23637,0
23638,0
23639,0
23640,0
23641,0
23642,0
23643,1
23644,0
23645,0
23646,0
23647,1
23648,1
23649,0
23650,1
23651,0
23652,1
23653,0
23654,1
23655,0
23656,1
23657,0
23658,0
23659,1
23660,1
23661,1
23662,0
23663,0
23664,0
23665,0
23666,0
23667,1
23668,0
23669,1
23670,1
23671,1
23672,0
23673,0
23674,0
23675,0
23676,1
23677,0
23678,0
23679,0
23680,0
23681,0
23682,0
23683,1
23684,1
23685,0
23686,0
23687,0
23688,0
23689,1
23690,0
23691,0
23692,0
23693,1
23694,0
23695,1
23696,1
23697,0
23698,1
23699,1
23700,0
23701,0
23702,0
23703,1
23704,0
23705,0
23706,0
23707,0
23708,1
23709,1
23710,0
23711,0
23712,0
23713,1
23714,0
23715,0
23716,1
23717,1
23718,1
23719,0
23720,1
23721,1
23722,0
23723,0
23724,1
23725,0
23726,1
23727,1
23728,1
23729,1
23730,1
23731,1
23732,0
23733,1
23734,0
23735,0
23736,0
23737,1
23738,1
23739,0
23740,1
23741,0
23742,0
23743,0
23744,1
23745,0
23746,0
23747,0
23748,1
23749,1
23750,0
23751,0
23752,0
23753,0
23754,1
23755,1
23756,1
23757,0
23758,1
23759,0
23760,0
23761,1
23762,0
23763,0
23764,0
23765,0
23766,1
23767,1
23768,0
23769,1
23770,0
23771,0
23772,0
23773,1
23774,1
23775,0
23776,0
23777,1
23778,0
23779,0
23780,0
23781,0
23782,1
23783,1
23784,0
23785,0
23786,1
23787,1
23788,0
23789,0
23790,0
23791,0
23792,0
23793,0
23794,0
23795,1
23796,0
23797,1
23798,1
23799,0
23800,1
23801,0
23802,1
23803,0
23804,0
23805,1
23806,1
23807,0
23808,1
23809,0
23810,1
23811,0
23812,1
23813,0
23814,0
23815,1
23816,1
23817,0
23818,0
23819,0
23820,0
23821,1
23822,1
23823,0
23824,0
23825,1
23826,1
23827,0
23828,0
23829,0
23830,0
23831,1
23832,0
23833,1
23834,1
23835,0
23836,0
23837,1
23838,0
23839,0
23840,1
23841,1
23842,1
23843,0
23844,1
23845,1
23846,0
23847,0
23848,0
23849,0
23850,0
23851,1
23852,0
23853,0
23854,1
23855,1
23856,0
23857,1
23858,1
23859,0
23860,0
23861,1
23862,0
23863,0
23864,0
23865,1
23866,0
23867,0
23868,1
23869,1
23870,1
23871,0
23872,0
23873,1
23874,1
23875,0
23876,1
23877,0
23878,1
23879,1
23880,1
23881,1
23882,0
23883,0
23884,0
23885,0
23886,0
23887,0
23888,0
23889,0
23890,0
23891,1
23892,0
23893,1
23894,0
23895,0
23896,0
23897,0
23898,0
23899,0
23900,1
23901,0
23902,0
23903,0
23904,0
23905,0
23906,0
23907,1
23908,0
23909,1
23910,0
23911,1
23912,0
23913,0
23914,0
23915,1
23916,0
23917,0
23918,0
23919,0
23920,1
23921,1
23922,0
23923,1
23924,1
23925,1
23926,0
23927,0
23928,1
23929,0
23930,1
23931,0
23932,0
23933,0
23934,0
23935,0
23936,0
23937,0
23938,1
23939,0
23940,0
23941,1
23942,0
23943,0
23944,0
23945,0
23946,0
23947,0
23948,0
23949,0
23950,1
23951,0
23952,0
23953,0
23954,0
23955,0
23956,0
23957,0
23958,0
23959,0
23960,0
23961,1
23962,0
23963,0
23964,0
23965,0
23966,0
23967,0
23968,0
23969,0
23970,0
23971,1
23972,1
23973,0
23974,1
23975,1
23976,0
23977,0
23978,0
23979,0
23980,0
23981,1
23982,0
23983,0
23984,0
23985,0
23986,0
23987,0
23988,0
23989,1
23990,0
23991,0
23992,0
23993,1
23994,0
23995,0
23996,1
23997,0
23998,0
23999,1
24000,1
24001,0
24002,1
24003,0
24004,1
24005,1
24006,0
24007,1
24008,0
24009,0
24010,0
24011,1
24012,0
24013,1
24014,0
24015,1
24016,0
24017,1
24018,0
24019,1
24020,1
24021,1
24022,0
24023,0
24024,0
24025,0
24026,1
24027,0
24028,0
24029,1
24030,1
24031,0
24032,1
24033,0
24034,0
24035,0
24036,0
24037,1
24038,0
24039,0
24040,1
24041,0
24042,0
24043,1
24044,1
24045,0
24046,0
24047,0
24048,0
24049,1
24050,0
24051,0
24052,1
24053,1
24054,0
24055,0
24056,1
24057,1
24058,1
24059,0
24060,1
24061,1
24062,1
24063,1
24064,1
24065,1
24066,0
24067,0
24068,0
24069,1
24070,1
24071,1
24072,1
24073,0
24074,0
24075,0
24076,1
24077,0
24078,1
24079,0
24080,0
24081,1
24082,0
24083,0
24084,1
24085,0
24086,1
24087,0
24088,1
24089,1
24090,0
24091,1
24092,0
24093,1
24094,0
24095,0
24096,0
24097,0
24098,1
24099,0
24100,0
24101,0
24102,1
24103,1
24104,1
24105,0
24106,0
24107,0
24108,1
24109,0
24110,0
24111,1
24112,0
24113,1
24114,0
24115,0
24116,1
24117,0
24118,1
24119,1
24120,0
24121,0
24122,0
24123,0
24124,0
24125,0
24126,0
24127,1
24128,1
24129,0
24130,0
24131,1
24132,1
24133,0
24134,1
24135,1
24136,0
24137,1
24138,0
24139,1
24140,0
24141,0
24142,0
24143,0
24144,0
24145,0
24146,0
24147,0
24148,1
24149,1
24150,0
24151,1
24152,1
24153,1
24154,0
24155,0
24156,1
24157,0
24158,1
24159,0
24160,1
24161,0
24162,0
24163,0
24164,0
24165,0
24166,0
24167,0
24168,0
24169,0
24170,0
24171,1
24172,0
24173,1
24174,1
24175,1
24176,1
24177,0
24178,0
24179,1
24180,0
24181,0
24182,0
24183,0
24184,1
24185,0
24186,0
24187,0
24188,0
24189,0
24190,1
24191,0
24192,0
24193,0
24194,0
24195,0
24196,0
24197,0
24198,0
24199,1
24200,0
24201,1
24202,0
24203,0
24204,0
24205,0
24206,0
24207,0
24208,0
24209,1
24210,0
24211,0
24212,0
24213,1
24214,0
24215,0
24216,1
24217,0
24218,0
24219,0
24220,0
24221,0
24222,0
24223,0
24224,1
24225,1
24226,1
24227,0
24228,1
24229,0
24230,1
24231,0
24232,0
24233,0
24234,0
24235,0
24236,1
24237,0
24238,1
24239,1
24240,0
24241,0
24242,0
24243,1
24244,0
24245,0
24246,0
24247,1
24248,0
24249,0
24250,0
24251,0
24252,0
24253,1
24254,0
24255,0
24256,0
24257,0
24258,1
24259,1
24260,1
24261,0
24262,1
24263,1
24264,0
24265,0
24266,1
24267,0
24268,0
24269,0
24270,1
24271,0
24272,1
24273,0
24274,1
24275,0
24276,1
24277,0
24278,0
24279,1
24280,1
24281,0
24282,0
24283,1
24284,0
24285,0
24286,0
24287,0
24288,0
24289,0
24290,1
24291,1
24292,0
24293,1
24294,1
24295,1
24296,0
24297,1
24298,0
24299,1
24300,1
24301,0
24302,1
24303,0
24304,0
24305,1
24306,0
24307,0
24308,1
24309,1
24310,1
24311,1
24312,1
24313,0
24314,0
24315,0
24316,1
24317,1
24318,0
24319,0
24320,1
24321,0
24322,1
24323,1
24324,1
24325,0
24326,0
24327,0
24328,0
24329,0
24330,1
24331,0
24332,0
24333,0
24334,0
24335,1
24336,0
24337,0
24338,1
24339,1
24340,1
24341,0
24342,1
24343,1
24344,0
24345,1
24346,1
24347,0
24348,1
24349,0
24350,0
24351,0
24352,0
24353,1
24354,0
24355,0
24356,0
24357,0
24358,1
24359,0
24360,0
24361,1
24362,1
24363,0
24364,0
24365,0
24366,0
24367,0
24368,0
24369,1
24370,1
24371,0
24372,1
24373,1
24374,0
24375,0
24376,1
24377,1
24378,0
24379,1
24380,1
24381,0
24382,1
24383,0
24384,0
24385,1
24386,1
24387,0
24388,0
24389,0
24390,1
24391,0
24392,0
24393,0
24394,0
24395,0
24396,1
24397,1
24398,0
24399,0
24400,0
24401,1
24402,1
24403,0
24404,1
24405,1
24406,0
24407,1
24408,0
24409,0
24410,0
24411,0
24412,0
24413,1
24414,0
24415,0
24416,0
24417,0
24418,1
24419,0
24420,0
24421,0
24422,0
24423,0
24424,0
24425,0
24426,1
24427,0
24428,0
24429,0
24430,1
24431,1
24432,0
24433,0
24434,1
24435,0
24436,0
24437,0
24438,1
24439,1
24440,0
24441,0
24442,0
24443,0
24444,0
24445,1
24446,0
24447,1
24448,1
24449,0
24450,0
24451,1
24452,1
24453,1
24454,0
24455,0
24456,1
24457,0
24458,1
24459,0
24460,0
24461,0
24462,0
24463,1
24464,0
24465,1
24466,0
24467,0
24468,1
24469,1
24470,1
24471,0
24472,0
24473,1
24474,0
24475,0
24476,1
24477,0
24478,1
24479,0
24480,0
24481,0
24482,1
24483,0
24484,1
24485,1
24486,0
24487,1
24488,0
24489,0
24490,0
24491,0
24492,1
24493,0
24494,0
24495,0
24496,0
24497,1
24498,1
24499,0
24500,0
24501,0
24502,0
24503,0
24504,0
24505,0
24506,0
24507,0
24508,0
24509,1
24510,1
24511,1
24512,0
24513,0
24514,0
24515,1
24516,0
24517,1
24518,1
24519,0
24520,0
24521,0
24522,1
24523,0
24524,1
24525,1
24526,0
24527,0
24528,0
24529,1
24530,0
24531,1
24532,1
24533,1
24534,1
24535,0
24536,0
24537,1
24538,0
24539,1
24540,1
24541,1
24542,0
24543,0
24544,0
24545,1
24546,0
24547,0
24548,1
24549,0
24550,1
24551,0
24552,0
24553,0
24554,0
24555,0
24556,0
24557,1
24558,0
24559,1
24560,0
24561,0
24562,0
24563,1
24564,1
24565,0
24566,1
24567,0
24568,1
24569,0
24570,0
24571,0
24572,0
24573,1
24574,0
24575,0
24576,0
24577,0
24578,0
24579,1
24580,1
24581,1
24582,0
24583,1
24584,1
24585,0
24586,0
24587,1
24588,0
24589,0
24590,0
24591,0
24592,1
24593,0
24594,0
24595,0
24596,0
24597,0
24598,0
24599,1
24600,0
24601,1
24602,0
24603,0
24604,0
24605,0
24606,0
24607,0
24608,0
24609,1
24610,1
24611,1
24612,0
24613,0
24614,1
24615,0
24616,0
24617,1
24618,1
24619,0
24620,0
24621,0
24622,1
24623,0
24624,1
24625,0
24626,0
24627,1
24628,1
24629,0
24630,0
24631,0
24632,0
24633,0
24634,0
24635,1
24636,1
24637,1
24638,0
24639,1
24640,1
24641,0
24642,0
24643,0
24644,1
24645,0
24646,0
24647,1
24648,1
24649,0
24650,0
24651,0
24652,0
24653,1
24654,1
24655,0
24656,0
24657,0
24658,0
24659,1
24660,0
24661,0
24662,0
24663,0
24664,0
24665,1
24666,0
24667,1
24668,0
24669,1
24670,0
24671,0
24672,0
24673,0
24674,1
24675,0
24676,0
24677,0
24678,1
24679,1
24680,0
24681,0
24682,1
24683,1
24684,0
24685,0
24686,0
24687,0
24688,1
24689,1
24690,1
24691,0
24692,0
24693,0
24694,1
24695,1
24696,0
24697,0
24698,0
24699,1
24700,0
24701,0
24702,1
24703,0
24704,0
24705,0
24706,1
24707,0
24708,0
24709,0
24710,0
24711,1
24712,1
24713,0
24714,0
24715,1
24716,0
24717,1
24718,0
24719,0
24720,0
24721,0
24722,0
24723,1
24724,0
24725,1
24726,0
24727,0
24728,1
24729,0
24730,0
24731,0
24732,0
24733,0
24734,0
24735,0
24736,0
24737,1
24738,0
24739,1
24740,0
24741,1
24742,0
24743,1
24744,0
24745,0
24746,1
24747,0
24748,0
24749,0
24750,0
24751,1
24752,1
24753,0
24754,0
24755,0
24756,0
24757,1
24758,0
24759,1
24760,1
24761,0
24762,0
24763,0
24764,0
24765,1
24766,0
24767,0
24768,0
24769,1
24770,0
24771,1
24772,0
24773,0
24774,1
24775,1
24776,0
24777,0
24778,1
24779,0
24780,0
24781,1
24782,0
24783,1
24784,1
24785,0
24786,0
24787,0
24788,0
24789,0
24790,0
24791,1
24792,1
24793,0
24794,1
24795,0
24796,0
24797,0
24798,0
24799,1
24800,0
24801,1
24802,0
24803,0
24804,0
24805,1
24806,0
24807,0
24808,0
24809,0
24810,0
24811,0
24812,1
24813,0
24814,0
24815,0
24816,0
24817,0
24818,0
24819,0
24820,1
24821,0
24822,0
24823,0
24824,0
24825,0
24826,0
24827,0
24828,1
24829,0
24830,1
24831,0
24832,0
24833,1
24834,0
24835,0
24836,0
24837,0
24838,0
24839,0
24840,0
24841,0
24842,0
24843,0
24844,0
24845,0
24846,0
24847,0
24848,1
24849,0
24850,0
24851,1
24852,1
24853,0
24854,0
24855,1
24856,1
24857,0
24858,0
24859,1
24860,1
24861,0
24862,1
24863,0
24864,1
24865,1
24866,1
24867,1
24868,0
24869,0
24870,1
24871,0
24872,0
24873,0
24874,1
24875,1
24876,1
24877,0
24878,1
24879,0
24880,1
24881,0
24882,1
24883,0
24884,0
24885,0
24886,0
24887,0
24888,0
24889,0
24890,0
24891,1
24892,0
24893,1
24894,1
24895,0
24896,0
24897,0
24898,0
24899,0
24900,0
24901,0
24902,0
24903,0
24904,1
24905,0
24906,0
24907,0
24908,0
24909,0
24910,0
24911,0
24912,0
24913,0
24914,1
24915,0
24916,0
24917,0
24918,1
24919,0
24920,0
24921,1
24922,0
24923,0
24924,0
24925,0
24926,1
24927,0
24928,0
24929,0
24930,1
24931,1
24932,0
24933,0
24934,1
24935,1
24936,0
24937,0
24938,0
24939,0
24940,0
24941,0
24942,0
24943,0
24944,0
24945,0
24946,1
24947,0
24948,0
24949,0
24950,1
24951,1
24952,0
24953,0
24954,0
24955,0
24956,0
24957,1
24958,0
24959,1
24960,0
24961,0
24962,0
24963,0
24964,0
24965,0
24966,1
24967,0
24968,1
24969,0
24970,0
24971,0
24972,0
24973,0
24974,0
24975,1
24976,1
24977,0
24978,0
24979,0
24980,0
24981,0
24982,0
24983,1
24984,0
24985,0
24986,0
24987,0
24988,0
24989,0
24990,0
24991,1
24992,0
24993,1
24994,0
24995,0
24996,0
24997,0
24998,1
24999,1
25000,0
25001,0
25002,1
25003,1
25004,0
25005,1
25006,0
25007,0
25008,0
25009,0
25010,1
25011,0
25012,0
25013,0
25014,0
25015,1
25016,0
25017,0
25018,1
25019,1
25020,1
25021,0
25022,0
25023,1
25024,1
25025,0
25026,0
25027,1
25028,0
25029,0
25030,0
25031,1
25032,0
25033,0
25034,1
25035,1
25036,0
25037,0
25038,1
25039,1
25040,1
25041,0
25042,0
25043,0
25044,0
25045,1
25046,0
25047,0
25048,0
25049,1
25050,0
25051,0
25052,0
25053,1
25054,1
25055,0
25056,0
25057,0
25058,0
25059,0
25060,1
25061,1
25062,0
25063,0
25064,0
25065,0
25066,0
25067,0
25068,0
25069,0
25070,0
25071,0
25072,0
25073,0
25074,1
25075,0
25076,0
25077,1
25078,0
25079,0
25080,1
25081,1
25082,0
25083,0
25084,0
25085,0
25086,1
25087,0
25088,1
25089,0
25090,1
25091,0
25092,0
25093,0
25094,0
25095,0
25096,0
25097,0
25098,0
25099,0
25100,0
25101,0
25102,0
25103,0
25104,1
25105,0
25106,0
25107,1
25108,0
25109,1
25110,1
25111,0
25112,1
25113,0
25114,1
25115,0
25116,0
25117,0
25118,0
25119,1
25120,1
25121,1
25122,0
25123,0
25124,0
25125,0
25126,0
25127,0
25128,0
25129,0
25130,0
25131,0
25132,1
25133,0
25134,0
25135,1
25136,0
25137,0
25138,0
25139,0
25140,1
25141,0
25142,0
25143,0
25144,0
25145,0
25146,1
25147,0
25148,0
25149,1
25150,1
25151,1
25152,0
25153,0
25154,1
25155,0
25156,0
25157,1
25158,0
25159,0
25160,0
25161,0
25162,0
25163,1
25164,1
25165,1
25166,1
25167,0
25168,1
25169,1
25170,1
25171,0
25172,0
25173,0
25174,0
25175,1
25176,1
25177,0
25178,0
25179,1
25180,0
25181,0
25182,1
25183,1
25184,0
25185,0
25186,1
25187,1
25188,1
25189,0
25190,1
25191,1
25192,0
25193,1
25194,0
25195,1
25196,0
25197,0
25198,0
25199,0
25200,0
25201,0
25202,0
25203,1
25204,0
25205,1
25206,1
25207,0
25208,0
25209,1
25210,0
25211,0
25212,1
25213,1
25214,1
25215,1
25216,1
25217,0
25218,1
25219,1
25220,1
25221,0
25222,0
25223,1
25224,0
25225,0
25226,1
25227,0
25228,0
25229,0
25230,0
25231,0
25232,1
25233,1
25234,0
25235,0
25236,0
25237,1
25238,0
25239,1
25240,0
25241,0
25242,0
25243,1
25244,1
25245,0
25246,0
25247,0
25248,0
25249,0
25250,1
25251,0
25252,1
25253,1
25254,0
25255,0
25256,1
25257,1
25258,1
25259,1
25260,0
25261,0
25262,0
25263,1
25264,1
25265,0
25266,0
25267,0
25268,0
25269,1
25270,0
25271,0
25272,0
25273,0
25274,0
25275,0
25276,0
25277,1
25278,0
25279,0
25280,0
25281,1
25282,1
25283,1
25284,1
25285,0
25286,1
25287,0
25288,1
25289,1
25290,0
25291,1
25292,0
25293,1
25294,0
25295,0
25296,0
25297,1
25298,0
25299,1
25300,0
25301,0
25302,0
25303,1
25304,0
25305,0
25306,0
25307,0
25308,1
25309,1
25310,1
25311,0
25312,0
25313,1
25314,0
25315,0
25316,0
25317,0
25318,0
25319,1
25320,1
25321,1
25322,0
25323,1
25324,0
25325,0
25326,0
25327,1
25328,1
25329,0
25330,1
25331,1
25332,0
25333,0
25334,1
25335,0
25336,0
25337,1
25338,0
25339,0
25340,0
25341,0
25342,0
25343,0
25344,1
25345,1
25346,0
25347,0
25348,0
25349,1
25350,0
25351,0
25352,0
25353,1
25354,0
25355,0
25356,0
25357,0
25358,0
25359,0
25360,0
25361,0
25362,0
25363,1
25364,0
25365,0
25366,0
25367,1
25368,0
25369,0
25370,0
25371,1
25372,1
25373,0
25374,0
25375,0
25376,1
25377,0
25378,0
25379,0
25380,1
25381,1
25382,0
25383,0
25384,0
25385,1
25386,1
25387,1
25388,1
25389,1
25390,0
25391,1
25392,0
25393,0
25394,0
25395,0
25396,0
25397,1
25398,1
25399,0
25400,0
25401,0
25402,0
25403,0
25404,0
25405,1
25406,1
25407,0
25408,1
25409,0
25410,0
25411,0
25412,0
25413,1
25414,0
25415,0
25416,0
25417,0
25418,1
25419,0
25420,0
25421,0
25422,0
25423,0
25424,0
25425,0
25426,1
25427,0
25428,1
25429,0
25430,0
25431,1
25432,1
25433,0
25434,0
25435,1
25436,1
25437,0
25438,0
25439,0
25440,1
25441,0
25442,1
25443,1
25444,0
25445,0
25446,1
25447,1
25448,1
25449,0
25450,0
25451,0
25452,0
25453,0
25454,0
25455,0
25456,0
25457,0
25458,1
25459,0
25460,0
25461,0
25462,0
25463,1
25464,0
25465,0
25466,0
25467,0
25468,0
25469,1
25470,1
25471,0
25472,0
25473,0
25474,0
25475,0
25476,1
25477,0
25478,0
25479,1
25480,0
25481,0
25482,0
25483,0
25484,0
25485,0
25486,0
25487,0
25488,0
25489,1
25490,0
25491,0
25492,1
25493,0
25494,0
25495,1
25496,0
25497,0
25498,0
25499,1
25500,0
25501,0
25502,0
25503,0
25504,0
25505,0
25506,0
25507,1
25508,1
25509,0
25510,1
25511,0
25512,1
25513,0
25514,0
25515,0
25516,1
25517,0
25518,0
25519,0
25520,1
25521,0
25522,1
25523,0
25524,0
25525,0
25526,0
25527,0
25528,0
25529,0
25530,0
25531,0
25532,0
25533,1
25534,1
25535,1
25536,0
25537,0
25538,1
25539,0
25540,0
25541,0
25542,0
25543,0
25544,1
25545,0
25546,1
25547,0
25548,0
25549,0
25550,1
25551,1
25552,1
25553,0
25554,0
25555,1
25556,0
25557,1
25558,0
25559,0
25560,1
25561,0
25562,1
25563,1
25564,0
25565,0
25566,1
25567,0
25568,1
25569,0
25570,0
25571,0
25572,1
25573,1
25574,1
25575,1
25576,1
25577,1
25578,1
25579,0
25580,0
25581,0
25582,1
25583,0
25584,1
25585,0
25586,1
25587,0
25588,0
25589,1
25590,0
25591,0
25592,1
25593,1
25594,0
25595,1
25596,0
25597,1
25598,1
25599,0
25600,1
25601,0
25602,1
25603,1
25604,1
25605,0
25606,1
25607,0
25608,0
25609,0
25610,0
25611,1
25612,1
25613,1
25614,0
25615,0
25616,1
25617,0
25618,0
25619,0
25620,0
25621,0
25622,1
25623,0
25624,0
25625,0
25626,0
25627,0
25628,0
25629,1
25630,0
25631,1
25632,0
25633,0
25634,0
25635,1
25636,0
25637,0
25638,0
25639,1
25640,0
25641,0
25642,0
25643,1
25644,0
25645,0
25646,0
25647,0
25648,0
25649,0
25650,0
25651,0
25652,1
25653,0
25654,0
25655,0
25656,1
25657,1
25658,0
25659,1
25660,0
25661,0
25662,0
25663,1
25664,0
25665,0
25666,1
25667,0
25668,0
25669,0
25670,1
25671,0
25672,1
25673,0
25674,0
25675,1
25676,0
25677,1
25678,0
25679,0
25680,1
25681,1
25682,0
25683,0
25684,0
25685,0
25686,0
25687,1
25688,1
25689,1
25690,0
25691,0
25692,1
25693,0
25694,1
25695,0
25696,0
25697,0
25698,0
25699,0
25700,0
25701,1
25702,1
25703,1
25704,1
25705,0
25706,1
25707,1
25708,0
25709,0
25710,0
25711,0
25712,1
25713,0
25714,0
25715,1
25716,1
25717,0
25718,1
25719,0
25720,0
25721,1
25722,0
25723,1
25724,1
25725,0
25726,0
25727,0
25728,0
25729,1
25730,0
25731,0
25732,0
25733,1
25734,0
25735,0
25736,0
25737,0
25738,0
25739,0
25740,0
25741,1
25742,0
25743,0
25744,0
25745,0
25746,1
25747,1
25748,1
25749,1
25750,0
25751,0
25752,0
25753,0
25754,0
25755,0
25756,1
25757,1
25758,1
25759,0
25760,0
25761,1
25762,1
25763,0
25764,1
25765,1
25766,0
25767,0
25768,1
25769,0
25770,1
25771,0
25772,0
25773,0
25774,0
25775,0
25776,1
25777,0
25778,1
25779,0
25780,0
25781,1
25782,0
25783,0
25784,0
25785,1
25786,0
25787,1
25788,0
25789,1
25790,1
25791,1
25792,0
25793,0
25794,1
25795,0
25796,0
25797,0
25798,1
25799,0
25800,0
25801,0
25802,0
25803,0
25804,0
25805,0
25806,0
25807,1
25808,0
25809,1
25810,0
25811,1
25812,1
25813,0
25814,0
25815,0
25816,1
25817,0
25818,1
25819,0
25820,0
25821,0
25822,0
25823,0
25824,0
25825,1
25826,0
25827,0
25828,0
25829,0
25830,1
25831,1
25832,0
25833,0
25834,0
25835,0
25836,0
25837,0
25838,0
25839,0
25840,0
25841,0
25842,0
25843,1
25844,1
25845,0
25846,1
25847,0
25848,1
25849,0
25850,1
25851,1
25852,0
25853,1
25854,0
25855,0
25856,1
25857,0
25858,1
25859,0
25860,0
25861,0
25862,1
25863,0
25864,0
25865,1
25866,0
25867,0
25868,0
25869,1
25870,0
25871,0
25872,0
25873,0
25874,1
25875,0
25876,0
25877,0
25878,1
25879,0
25880,1
25881,1
25882,0
25883,1
25884,1
25885,1
25886,0
25887,0
25888,1
25889,0
25890,0
25891,0
25892,1
25893,1
25894,0
25895,1
25896,0
25897,0
25898,0
25899,0
25900,0
25901,0
25902,0
25903,1
25904,1
25905,1
25906,0
25907,1
25908,1
25909,0
25910,1
25911,1
25912,0
25913,0
25914,0
25915,0
25916,0
25917,0
25918,1
25919,1
25920,0
25921,1
25922,1
25923,1
25924,0
25925,0
25926,0
25927,0
25928,0
25929,0
25930,1
25931,0
25932,0
25933,0
25934,1
25935,1
25936,1
25937,1
25938,1
25939,1
25940,0
25941,0
25942,0
25943,0
25944,0
25945,0
25946,1
25947,1
25948,0
25949,1
25950,1
25951,0
25952,0
25953,0
25954,0
25955,0
25956,0
25957,0
25958,0
25959,0
25960,1
25961,1
25962,0
25963,0
25964,1
25965,1
25966,1
25967,0
25968,1
25969,0
25970,0
25971,0
25972,0
25973,1
25974,0
25975,0
25976,0
25977,0
25978,0
25979,0
25980,0
25981,1
25982,0
25983,0
25984,1
25985,1
25986,0
25987,0
25988,0
25989,1
25990,0
25991,1
25992,1
25993,1
25994,1
25995,0
25996,1
25997,0
25998,0
25999,0
26000,0
26001,0
26002,0
26003,1
26004,1
26005,1
26006,0
26007,0
26008,1
26009,0
26010,0
26011,1
26012,1
26013,0
26014,0
26015,0
26016,1
26017,1
26018,0
26019,1
26020,0
26021,0
26022,1
26023,0
26024,0
26025,0
26026,1
26027,1
26028,0
26029,0
26030,1
26031,1
26032,0
26033,0
26034,0
26035,1
26036,0
26037,1
26038,0
26039,1
26040,1
26041,0
26042,1
26043,0
26044,0
26045,1
26046,1
26047,1
26048,1
26049,1
26050,0
26051,1
26052,1
26053,0
26054,1
26055,0
26056,0
26057,0
26058,1
26059,0
26060,1
26061,1
26062,0
26063,0
26064,1
26065,1
26066,0
26067,1
26068,0
26069,1
26070,0
26071,0
26072,0
26073,0
26074,0
26075,0
26076,0
26077,1
26078,1
26079,0
26080,0
26081,1
26082,1
26083,0
26084,1
26085,0
26086,0
26087,0
26088,0
26089,1
26090,1
26091,0
26092,1
26093,0
26094,0
26095,0
26096,0
26097,0
26098,0
26099,0
26100,0
26101,1
26102,0
26103,1
26104,0
26105,0
26106,1
26107,0
26108,0
26109,0
26110,0
26111,1
26112,0
26113,1
26114,0
26115,0
26116,1
26117,1
26118,0
26119,0
26120,0
26121,1
26122,1
26123,0
26124,1
26125,0
26126,0
26127,1
26128,1
26129,0
26130,1
26131,0
26132,0
26133,0
26134,0
26135,1
26136,0
26137,0
26138,0
26139,1
26140,1
26141,1
26142,0
26143,0
26144,0
26145,0
26146,1
26147,0
26148,1
26149,1
26150,0
26151,0
26152,0
26153,0
26154,0
26155,1
26156,0
26157,1
26158,0
26159,0
26160,0
26161,0
26162,1
26163,0
26164,0
26165,1
26166,1
26167,1
26168,0
26169,0
26170,0
26171,0
26172,0
26173,1
26174,0
26175,0
26176,1
26177,0
26178,0
26179,0
26180,0
26181,0
26182,1
26183,0
26184,0
26185,0
26186,0
26187,0
26188,0
26189,0
26190,0
26191,1
26192,1
26193,0
26194,0
26195,0
26196,1
26197,1
26198,0
26199,0
26200,0
26201,1
26202,0
26203,0
26204,1
26205,0
26206,1
26207,0
26208,1
26209,0
26210,1
26211,1
26212,1
26213,1
26214,0
26215,0
26216,0
26217,0
26218,0
26219,0
26220,1
26221,0
26222,1
26223,0
26224,0
26225,0
26226,0
26227,0
26228,0
26229,1
26230,1
26231,0
26232,1
26233,0
26234,0
26235,0
26236,0
26237,1
26238,0
26239,0
26240,1
26241,1
26242,1
26243,1
26244,0
26245,0
26246,1
26247,0
26248,0
26249,0
26250,0
26251,0
26252,1
26253,1
26254,0
26255,0
26256,1
26257,1
26258,0
26259,0
26260,1
26261,0
26262,0
26263,1
26264,0
26265,0
26266,0
26267,1
26268,0
26269,1
26270,0
26271,0
26272,1
26273,0
26274,0
26275,0
26276,0
26277,1
26278,0
26279,1
26280,1
26281,0
26282,0
26283,0
26284,1
26285,0
26286,0
26287,0
26288,0
26289,0
26290,0
26291,0
26292,1
26293,0
26294,1
26295,0
26296,0
26297,0
26298,0
26299,0
26300,1
26301,0
26302,0
26303,0
26304,1
26305,0
26306,0
26307,0
26308,1
26309,0
26310,1
26311,0
26312,0
26313,0
26314,0
26315,1
26316,0
26317,1
26318,0
26319,0
26320,1
26321,0
26322,0
26323,1
26324,0
26325,0
26326,0
26327,0
26328,0
26329,0
26330,0
26331,1
26332,1
26333,0
26334,1
26335,0
26336,1
26337,0
26338,0
26339,0
26340,1
26341,1
26342,0
26343,0
26344,0
26345,0
26346,0
26347,0
26348,1
26349,0
26350,0
26351,1
26352,0
26353,1
26354,0
26355,1
26356,0
26357,0
26358,0
26359,0
26360,0
26361,0
26362,0
26363,0
26364,1
26365,0
26366,0
26367,0
26368,1
26369,0
26370,0
26371,1
26372,0
26373,0
26374,0
26375,1
26376,0
26377,0
26378,1
26379,0
26380,0
26381,0
26382,0
26383,0
26384,1
26385,0
26386,1
26387,1
26388,1
26389,0
26390,1
26391,1
26392,0
26393,0
26394,1
26395,1
26396,1
26397,1
26398,1
26399,0
26400,0
26401,1
26402,1
26403,0
26404,1
26405,0
26406,1
26407,0
26408,0
26409,0
26410,0
26411,0
26412,0
26413,0
26414,1
26415,0
26416,1
26417,0
26418,1
26419,1
26420,0
26421,0
26422,0
26423,1
26424,0
26425,0
26426,0
26427,0
26428,0
26429,1
26430,1
26431,0
26432,0
26433,1
26434,0
26435,1
26436,0
26437,1
26438,1
26439,0
26440,0
26441,0
26442,0
26443,0
26444,0
26445,1
26446,0
26447,0
26448,0
26449,1
26450,1
26451,1
26452,1
26453,0
26454,0
26455,0
26456,0
26457,0
26458,0
26459,0
26460,1
26461,0
26462,0
26463,1
26464,1
26465,0
26466,1
26467,0
26468,0
26469,0
26470,0
26471,1
26472,1
26473,1
26474,0
26475,0
26476,1
26477,0
26478,0
26479,0
26480,0
26481,0
26482,0
26483,0
26484,0
26485,0
26486,1
26487,1
26488,0
26489,1
26490,0
26491,1
26492,0
26493,0
26494,1
26495,1
26496,0
26497,0
26498,0
26499,0
26500,0
26501,0
26502,0
26503,1
26504,0
26505,1
26506,0
26507,1
26508,1
26509,1
26510,1
26511,0
26512,0
26513,0
26514,0
26515,0
26516,0
26517,0
26518,0
26519,0
26520,1
26521,0
26522,1
26523,1
26524,1
26525,0
26526,0
26527,0
26528,0
26529,0
26530,0
26531,0
26532,0
26533,0
26534,0
26535,0
26536,0
26537,0
26538,0
26539,0
26540,0
26541,1
26542,1
26543,0
26544,1
26545,1
26546,0
26547,0
26548,0
26549,0
26550,0
26551,0
26552,0
26553,0
26554,0
26555,0
26556,0
26557,0
26558,1
26559,0
26560,0
26561,1
26562,0
26563,1
26564,1
26565,0
26566,1
26567,0
26568,1
26569,0
26570,0
26571,1
26572,1
26573,0
26574,0
26575,0
26576,0
26577,0
26578,0
26579,1
26580,1
26581,0
26582,0
26583,1
26584,0
26585,0
26586,1
26587,0
26588,0
26589,1
26590,1
26591,1
26592,0
26593,0
26594,1
26595,1
26596,1
26597,0
26598,1
26599,1
26600,0
26601,0
26602,0
26603,0
26604,1
26605,0
26606,1
26607,0
26608,1
26609,0
26610,0
26611,0
26612,1
26613,0
26614,1
26615,0
26616,1
26617,0
26618,0
26619,0
26620,1
26621,0
26622,0
26623,1
26624,1
26625,0
26626,0
26627,1
26628,0
26629,0
26630,0
26631,0
26632,0
26633,0
26634,0
26635,0
26636,0
26637,0
26638,0
26639,1
26640,0
26641,0
26642,1
26643,0
26644,0
26645,0
26646,1
26647,1
26648,0
26649,0
26650,1
26651,0
26652,0
26653,0
26654,1
26655,0
26656,1
26657,0
26658,0
26659,1
26660,0
26661,0
26662,0
26663,0
26664,0
26665,1
26666,1
26667,0
26668,0
26669,1
26670,0
26671,0
26672,1
26673,0
26674,1
26675,0
26676,0
26677,0
26678,0
26679,0
26680,0
26681,0
26682,0
26683,0
26684,1
26685,0
26686,0
26687,0
26688,0
26689,0
26690,0
26691,0
26692,1
26693,1
26694,0
26695,1
26696,1
26697,0
26698,0
26699,0
26700,0
26701,1
26702,0
26703,1
26704,0
26705,0
26706,1
26707,1
26708,0
26709,0
26710,0
26711,0
26712,1
26713,0
26714,0
26715,1
26716,1
26717,0
26718,0
26719,1
26720,0
26721,0
26722,0
26723,1
26724,1
26725,0
26726,0
26727,1
26728,0
26729,0
26730,0
26731,0
26732,0
26733,1
26734,0
26735,0
26736,0
26737,0
26738,1
26739,0
26740,1
26741,1
26742,1
26743,0
26744,1
26745,0
26746,0
26747,0
26748,0
26749,1
26750,0
26751,0
26752,0
26753,0
26754,1
26755,0
26756,0
26757,1
26758,1
26759,1
26760,1
26761,0
26762,0
26763,1
26764,0
26765,0
26766,0
26767,0
26768,0
26769,1
26770,1
26771,0
26772,0
26773,1
26774,1
26775,1
26776,0
26777,1
26778,1
26779,1
26780,0
26781,0
26782,0
26783,1
26784,0
26785,1
26786,1
26787,1
26788,1
26789,0
26790,1
26791,0
26792,0
26793,1
26794,0
26795,0
26796,0
26797,1
26798,0
26799,0
26800,0
26801,0
26802,0
26803,0
26804,1
26805,0
26806,1
26807,1
26808,1
26809,0
26810,0
26811,0
26812,0
26813,0
26814,1
26815,0
26816,0
26817,1
26818,1
26819,0
26820,0
26821,0
26822,0
26823,1
26824,1
26825,1
26826,0
26827,0
26828,0
26829,0
26830,0
26831,1
26832,1
26833,0
26834,0
26835,0
26836,0
26837,1
26838,1
26839,1
26840,1
26841,0
26842,0
26843,0
26844,0
26845,0
26846,1
26847,0
26848,0
26849,0
26850,0
26851,1
26852,1
26853,0
26854,0
26855,1
26856,0
26857,1
26858,0
26859,1
26860,1
26861,1
26862,0
26863,1
26864,0
26865,1
26866,0
26867,1
26868,0
26869,0
26870,1
26871,1
26872,0
26873,1
26874,0
26875,0
26876,1
26877,0
26878,0
26879,0
26880,0
26881,0
26882,0
26883,1
26884,0
26885,0
26886,0
26887,1
26888,0
26889,1
26890,1
26891,0
26892,1
26893,0
26894,0
26895,0
26896,0
26897,0
26898,0
26899,0
26900,1
26901,0
26902,0
26903,1
26904,1
26905,0
26906,1
26907,1
26908,0
26909,0
26910,0
26911,0
26912,1
26913,0
26914,0
26915,0
26916,1
26917,1
26918,1
26919,0
26920,1
26921,0
26922,0
26923,0
26924,1
26925,1
26926,0
26927,1
26928,0
26929,1
26930,1
26931,0
26932,0
26933,0
26934,0
26935,0
26936,0
26937,1
26938,1
26939,0
26940,0
26941,1
26942,0
26943,1
26944,1
26945,1
26946,1
26947,0
26948,1
26949,0
26950,0
26951,0
26952,0
26953,1
26954,0
26955,0
26956,0
26957,0
26958,0
26959,0
26960,1
26961,1
26962,1
26963,1
26964,0
26965,1
26966,0
26967,0
26968,0
26969,0
26970,0
26971,1
26972,0
26973,0
26974,0
26975,1
26976,0
26977,0
26978,0
26979,1
26980,0
26981,0
26982,0
26983,1
26984,0
26985,0
26986,1
26987,0
26988,0
26989,0
26990,0
26991,0
26992,0
26993,0
26994,0
26995,0
26996,0
26997,0
26998,1
26999,0
27000,1
27001,0
27002,0
27003,0
27004,0
27005,1
27006,0
27007,1
27008,0
27009,0
27010,0
27011,0
27012,1
27013,0
27014,0
27015,0
27016,0
27017,0
27018,0
27019,1
27020,0
27021,0
27022,0
27023,0
27024,0
27025,0
27026,0
27027,0
27028,0
27029,0
27030,0
27031,0
27032,1
27033,0
27034,0
27035,0
27036,0
27037,0
27038,0
27039,1
27040,0
27041,1
27042,0
27043,0
27044,0
27045,0
27046,1
27047,0
27048,1
27049,1
27050,0
27051,1
27052,0
27053,1
27054,0
27055,0
27056,1
27057,0
27058,0
27059,0
27060,0
27061,0
27062,0
27063,0
27064,1
27065,0
27066,0
27067,0
27068,0
27069,0
27070,1
27071,0
27072,0
27073,0
27074,0
27075,0
27076,0
27077,1
27078,0
27079,1
27080,0
27081,0
27082,0
27083,0
27084,0
27085,1
27086,1
27087,0
27088,1
27089,1
27090,0
27091,0
27092,1
27093,0
27094,0
27095,1
27096,0
27097,1
27098,1
27099,0
27100,1
27101,0
27102,0
27103,0
27104,1
27105,0
27106,1
27107,1
27108,0
27109,0
27110,0
27111,0
27112,0
27113,0
27114,1
27115,1
27116,0
27117,1
27118,0
27119,0
27120,1
27121,0
27122,0
27123,0
27124,0
27125,0
27126,0
27127,1
27128,1
27129,0
27130,0
27131,1
27132,1
27133,0
27134,0
27135,0
27136,1
27137,0
27138,0
27139,0
27140,0
27141,1
27142,0
27143,0
27144,0
27145,1
27146,0
27147,0
27148,0
27149,1
27150,0
27151,0
27152,0
27153,1
27154,0
27155,1
27156,1
27157,0
27158,1
27159,1
27160,0
27161,1
27162,0
27163,0
27164,1
27165,1
27166,1
27167,0
27168,0
27169,0
27170,0
27171,1
27172,0
27173,1
27174,1
27175,0
27176,1
27177,0
27178,0
27179,0
27180,0
27181,0
27182,0
27183,1
27184,0
27185,1
27186,0
27187,0
27188,1
27189,0
27190,1
27191,0
27192,1
27193,0
27194,0
27195,0
27196,0
27197,0
27198,0
27199,0
27200,0
27201,0
27202,1
27203,1
27204,1
27205,0
27206,0
27207,0
27208,0
27209,1
27210,0
27211,0
27212,0
27213,0
27214,0
27215,1
27216,0
27217,0
27218,0
27219,1
27220,1
27221,0
27222,1
27223,0
27224,0
27225,1
27226,0
27227,0
27228,1
27229,1
27230,0
27231,1
27232,0
27233,0
27234,1
27235,0
27236,0
27237,0
27238,0
27239,1
27240,1
27241,0
27242,1
27243,1
27244,0
27245,0
27246,1
27247,0
27248,0
27249,1
27250,1
27251,0
27252,0
27253,0
27254,0
27255,1
27256,0
27257,1
27258,1
27259,1
27260,1
27261,1
27262,1
27263,0
27264,1
27265,1
27266,1
27267,0
27268,1
27269,0
27270,0
27271,1
27272,0
27273,0
27274,0
27275,1
27276,0
27277,1
27278,0
27279,1
27280,0
27281,0
27282,0
27283,0
27284,0
27285,0
27286,0
27287,1
27288,1
27289,0
27290,0
27291,0
27292,0
27293,0
27294,0
27295,0
27296,0
27297,1
27298,1
27299,1
27300,0
27301,0
27302,0
27303,0
27304,1
27305,0
27306,0
27307,1
27308,0
27309,0
27310,0
27311,1
27312,0
27313,0
27314,0
27315,0
27316,1
27317,0
27318,0
27319,0
27320,0
27321,0
27322,1
27323,0
27324,0
27325,1
27326,0
27327,1
27328,0
27329,1
27330,0
27331,0
27332,0
27333,0
27334,0
27335,0
27336,1
27337,0
27338,0
27339,0
27340,1
27341,0
27342,0
27343,1
27344,0
27345,0
27346,1
27347,0
27348,0
27349,1
27350,0
27351,0
27352,0
27353,0
27354,1
27355,0
27356,0
27357,1
27358,1
27359,1
27360,0
27361,0
27362,0
27363,1
27364,1
27365,0
27366,1
27367,1
27368,0
27369,0
27370,0
27371,1
27372,0
27373,0
27374,0
27375,0
27376,1
27377,0
27378,0
27379,1
27380,0
27381,1
27382,0
27383,1
27384,1
27385,0
27386,0
27387,0
27388,1
27389,0
27390,1
27391,1
27392,0
27393,1
27394,0
27395,0
27396,1
27397,0
27398,0
27399,1
27400,0
27401,0
27402,1
27403,1
27404,1
27405,0
27406,0
27407,0
27408,0
27409,1
27410,0
27411,0
27412,0
27413,1
27414,0
27415,1
27416,1
27417,0
27418,0
27419,0
27420,1
27421,1
27422,0
27423,1
27424,1
27425,1
27426,1
27427,1
27428,0
27429,0
27430,1
27431,0
27432,0
27433,0
27434,1
27435,0
27436,0
27437,1
27438,0
27439,0
27440,0
27441,0
27442,1
27443,0
27444,0
27445,1
27446,0
27447,0
27448,0
27449,0
27450,0
27451,1
27452,0
27453,0
27454,1
27455,0
27456,1
27457,0
27458,1
27459,0
27460,0
27461,0
27462,0
27463,1
27464,0
27465,0
27466,1
27467,0
27468,0
27469,1
27470,1
27471,0
27472,1
27473,0
27474,1
27475,1
27476,0
27477,0
27478,1
27479,0
27480,1
27481,0
27482,0
27483,0
27484,0
27485,0
27486,1
27487,1
27488,0
27489,1
27490,0
27491,0
27492,0
27493,1
27494,0
27495,0
27496,0
27497,0
27498,1
27499,1
27500,1
27501,1
27502,0
27503,0
27504,1
27505,0
27506,0
27507,1
27508,0
27509,0
27510,0
27511,0
27512,0
27513,0
27514,1
27515,1
27516,0
27517,0
27518,0
27519,1
27520,0
27521,0
27522,0
27523,0
27524,1
27525,1
27526,1
27527,0
27528,0
27529,0
27530,1
27531,0
27532,1
27533,1
27534,0
27535,0
27536,1
27537,0
27538,0
27539,1
27540,0
27541,0
27542,0
27543,0
27544,0
27545,0
27546,0
27547,0
27548,0
27549,0
27550,0
27551,1
27552,0
27553,1
27554,0
27555,0
27556,0
27557,1
27558,0
27559,1
27560,1
27561,0
27562,0
27563,1
27564,1
27565,0
27566,0
27567,0
27568,0
27569,1
27570,0
27571,0
27572,0
27573,0
27574,0
27575,0
27576,0
27577,0
27578,0
27579,0
27580,1
27581,0
27582,0
27583,0
27584,0
27585,0
27586,1
27587,1
27588,0
27589,0
27590,0
27591,1
27592,0
27593,1
27594,0
27595,0
27596,1
27597,0
27598,0
27599,1
27600,0
27601,0
27602,0
27603,1
27604,0
27605,1
27606,0
27607,1
27608,0
27609,0
27610,1
27611,1
27612,0
27613,0
27614,1
27615,1
27616,0
27617,1
27618,1
27619,0
27620,0
27621,0
27622,1
27623,1
27624,0
27625,1
27626,1
27627,0
27628,0
27629,0
27630,0
27631,0
27632,0
27633,1
27634,0
27635,0
27636,0
27637,0
27638,1
27639,1
27640,1
27641,0
27642,0
27643,0
27644,1
27645,0
27646,0
27647,1
27648,1
27649,1
27650,0
27651,0
27652,1
27653,0
27654,0
27655,1
27656,0
27657,0
27658,0
27659,0
27660,1
27661,0
27662,0
27663,0
27664,1
27665,0
27666,0
27667,1
27668,0
27669,1
27670,0
27671,0
27672,1
27673,1
27674,1
27675,0
27676,0
27677,0
27678,1
27679,1
27680,1
27681,0
27682,0
27683,1
27684,0
27685,0
27686,1
27687,0
27688,0
27689,1
27690,1
27691,0
27692,0
27693,1
27694,1
27695,0
27696,0
27697,0
27698,0
27699,1
27700,1
27701,0
27702,0
27703,1
27704,0
27705,0
27706,1
27707,0
27708,0
27709,0
27710,1
27711,0
27712,0
27713,0
27714,0
27715,1
27716,1
27717,1
27718,1
27719,0
27720,0
27721,1
27722,0
27723,0
27724,0
27725,1
27726,1
27727,0
27728,0
27729,0
27730,1
27731,0
27732,1
27733,0
27734,0
27735,1
27736,1
27737,0
27738,0
27739,0
27740,0
27741,1
27742,0
27743,0
27744,0
27745,1
27746,0
27747,1
27748,0
27749,0
27750,0
27751,0
27752,0
27753,0
27754,0
27755,0
27756,0
27757,0
27758,0
27759,0
27760,1
27761,1
27762,1
27763,1
27764,1
27765,0
27766,0
27767,0
27768,0
27769,1
27770,1
27771,1
27772,0
27773,0
27774,1
27775,1
27776,0
27777,1
27778,0
27779,0
27780,0
27781,1
27782,0
27783,0
27784,1
27785,1
27786,0
27787,0
27788,1
27789,0
27790,0
27791,1
27792,1
27793,0
27794,0
27795,0
27796,0
27797,0
27798,0
27799,0
27800,1
27801,0
27802,0
27803,1
27804,0
27805,1
27806,1
27807,0
27808,0
27809,1
27810,0
27811,1
27812,0
27813,0
27814,1
27815,1
27816,0
27817,0
27818,1
27819,1
27820,1
27821,1
27822,1
27823,1
27824,0
27825,1
27826,0
27827,0
27828,1
27829,0
27830,0
27831,0
27832,0
27833,0
27834,0
27835,0
27836,0
27837,0
27838,0
27839,0
27840,0
27841,0
27842,0
27843,1
27844,0
27845,0
27846,0
27847,0
27848,0
27849,1
27850,1
27851,0
27852,1
27853,1
27854,1
27855,0
27856,1
27857,1
27858,1
27859,1
27860,0
27861,0
27862,1
27863,0
27864,0
27865,0
27866,0
27867,0
27868,1
27869,0
27870,0
27871,0
27872,0
27873,0
27874,1
27875,1
27876,0
27877,1
27878,0
27879,0
27880,0
27881,0
27882,1
27883,1
27884,0
27885,0
27886,0
27887,0
27888,1
27889,0
27890,0
27891,0
27892,1
27893,1
27894,1
27895,0
27896,1
27897,0
27898,1
27899,1
27900,1
27901,1
27902,0
27903,0
27904,0
27905,0
27906,0
27907,0
27908,0
27909,0
27910,0
27911,0
27912,0
27913,1
27914,0
27915,0
27916,0
27917,0
27918,0
27919,0
27920,1
27921,0
27922,1
27923,0
27924,0
27925,0
27926,0
27927,0
27928,1
27929,0
27930,0
27931,0
27932,0
27933,0
27934,0
27935,0
27936,0
27937,0
27938,1
27939,0
27940,1
27941,1
27942,0
27943,1
27944,1
27945,0
27946,1
27947,0
27948,0
27949,0
27950,0
27951,0
27952,1
27953,0
27954,1
27955,0
27956,0
27957,1
27958,0
27959,1
27960,1
27961,1
27962,0
27963,0
27964,0
27965,0
27966,0
27967,1
27968,1
27969,1
27970,1
27971,1
27972,0
27973,0
27974,0
27975,0
27976,0
27977,1
27978,0
27979,0
27980,1
27981,1
27982,0
27983,0
27984,1
27985,1
27986,1
27987,0
27988,1
27989,0
27990,0
27991,0
27992,1
27993,0
27994,0
27995,0
27996,0
27997,0
27998,0
27999,1
28000,0
28001,0
28002,0
28003,0
28004,0
28005,0
28006,0
28007,0
28008,0
28009,1
28010,0
28011,0
28012,0
28013,0
28014,0
28015,0
28016,0
28017,0
28018,1
28019,1
28020,1
28021,1
28022,0
28023,0
28024,0
28025,0
28026,0
28027,1
28028,0
28029,1
28030,0
28031,0
28032,1
28033,1
28034,0
28035,0
28036,0
28037,1
28038,0
28039,1
28040,0
28041,0
28042,0
28043,0
28044,0
28045,1
28046,1
28047,0
28048,0
28049,1
28050,0
28051,0
28052,1
28053,0
28054,0
28055,0
28056,0
28057,1
28058,0
28059,0
28060,1
28061,1
28062,1
28063,0
28064,0
28065,0
28066,0
28067,1
28068,1
28069,1
28070,0
28071,0
28072,0
28073,0
28074,0
28075,1
28076,1
28077,1
28078,0
28079,0
28080,1
28081,0
28082,0
28083,0
28084,0
28085,1
28086,1
28087,1
28088,0
28089,1
28090,1
28091,0
28092,0
28093,1
28094,0
28095,0
28096,0
28097,1
28098,1
28099,1
28100,0
28101,0
28102,0
28103,0
28104,0
28105,0
28106,1
28107,0
28108,0
28109,0
28110,0
28111,0
28112,1
28113,1
28114,1
28115,1
28116,1
28117,0
28118,0
28119,0
28120,1
28121,0
28122,0
28123,1
28124,0
28125,1
28126,0
28127,0
28128,0
28129,0
28130,0
28131,0
28132,0
28133,1
28134,1
28135,1
28136,0
28137,0
28138,0
28139,0
28140,1
28141,0
28142,0
28143,0
28144,1
28145,0
28146,1
28147,0
28148,0
28149,1
28150,0
28151,0
28152,1
28153,0
28154,0
28155,0
28156,0
28157,0
28158,0
28159,1
28160,1
28161,0
28162,1
28163,0
28164,0
28165,1
28166,0
28167,0
28168,1
28169,1
28170,0
28171,1
28172,1
28173,0
28174,0
28175,1
28176,0
28177,1
28178,0
28179,1
28180,0
28181,0
28182,0
28183,0
28184,1
28185,0
28186,0
28187,1
28188,0
28189,0
28190,0
28191,1
28192,1
28193,1
28194,0
28195,0
28196,0
28197,0
28198,0
28199,0
28200,0
28201,0
28202,1
28203,0
28204,1
28205,1
28206,0
28207,0
28208,0
28209,0
28210,0
28211,0
28212,1
28213,0
28214,0
28215,0
28216,0
28217,0
28218,1
28219,0
28220,0
28221,1
28222,0
28223,0
28224,1
28225,1
28226,1
28227,0
28228,0
28229,0
28230,0
28231,0
28232,0
28233,0
28234,0
28235,1
28236,0
28237,1
28238,0
28239,0
28240,0
28241,1
28242,0
28243,0
28244,1
28245,1
28246,0
28247,0
28248,0
28249,1
28250,1
28251,0
28252,0
28253,0
28254,1
28255,0
28256,0
28257,0
28258,0
28259,1
28260,1
28261,0
28262,0
28263,1
28264,0
28265,1
28266,1
28267,0
28268,0
28269,1
28270,0
28271,0
28272,1
28273,1
28274,1
28275,1
28276,0
28277,0
28278,0
28279,0
28280,1
28281,1
28282,0
28283,0
28284,1
28285,1
28286,0
28287,0
28288,0
28289,0
28290,0
28291,0
28292,0
28293,0
28294,0
28295,0
28296,0
28297,0
28298,0
28299,0
28300,0
28301,1
28302,0
28303,1
28304,0
28305,0
28306,0
28307,1
28308,0
28309,0
28310,0
28311,0
28312,0
28313,0
28314,0
28315,1
28316,1
28317,0
28318,1
28319,1
28320,0
28321,1
28322,0
28323,0
28324,1
28325,0
28326,1
28327,1
28328,0
28329,1
28330,1
28331,1
28332,1
28333,0
28334,1
28335,0
28336,0
28337,1
28338,1
28339,0
28340,0
28341,0
28342,0
28343,0
28344,1
28345,1
28346,0
28347,0
28348,0
28349,0
28350,1
28351,1
28352,0
28353,1
28354,0
28355,0
28356,0
28357,0
28358,0
28359,0
28360,0
28361,0
28362,1
28363,1
28364,0
28365,0
28366,1
28367,0
28368,1
28369,0
28370,0
28371,0
28372,0
28373,0
28374,1
28375,0
28376,0
28377,1
28378,0
28379,1
28380,0
28381,1
28382,0
28383,0
28384,1
28385,0
28386,0
28387,0
28388,0
28389,0
28390,0
28391,0
28392,1
28393,1
28394,1
28395,1
28396,0
28397,0
28398,0
28399,0
28400,0
28401,0
28402,0
28403,1
28404,0
28405,0
28406,1
28407,0
28408,0
28409,0
28410,1
28411,0
28412,1
28413,0
28414,1
28415,0
28416,0
28417,1
28418,0
28419,0
28420,1
28421,0
28422,0
28423,0
28424,1
28425,1
28426,0
28427,0
28428,1
28429,1
28430,0
28431,1
28432,0
28433,1
28434,0
28435,0
28436,1
28437,0
28438,1
28439,0
28440,1
28441,1
28442,1
28443,0
28444,0
28445,1
28446,0
28447,0
28448,0
28449,0
28450,1
28451,1
28452,0
28453,1
28454,0
28455,1
28456,0
28457,0
28458,0
28459,0
28460,0
28461,0
28462,1
28463,0
28464,0
28465,0
28466,0
28467,1
28468,0
28469,1
28470,1
28471,0
28472,0
28473,0
28474,0
28475,1
28476,1
28477,0
28478,0
28479,1
28480,0
28481,0
28482,0
28483,1
28484,1
28485,1
28486,0
28487,0
28488,0
28489,0
28490,1
28491,1
28492,1
28493,0
28494,0
28495,1
28496,0
28497,0
28498,0
28499,0
28500,0
28501,1
28502,1
28503,1
28504,1
28505,0
28506,0
28507,0
28508,0
28509,1
28510,1
28511,0
28512,1
28513,0
28514,0
28515,1
28516,0
28517,0
28518,1
28519,1
28520,1
28521,0
28522,1
28523,0
28524,0
28525,0
28526,0
28527,1
28528,1
28529,0
28530,0
28531,1
28532,0
28533,0
28534,1
28535,1
28536,1
28537,0
28538,0
28539,0
28540,1
28541,0
28542,0
28543,0
28544,1
28545,1
28546,0
28547,0
28548,1
28549,0
28550,0
28551,1
28552,1
28553,0
28554,0
28555,0
28556,0
28557,0
28558,0
28559,0
28560,0
28561,0
28562,0
28563,1
28564,1
28565,0
28566,0
28567,0
28568,0
28569,0
28570,1
28571,1
28572,1
28573,1
28574,0
28575,1
28576,0
28577,1
28578,0
28579,0
28580,0
28581,0
28582,0
28583,0
28584,1
28585,1
28586,0
28587,1
28588,0
28589,0
28590,0
28591,1
28592,0
28593,0
28594,0
28595,1
28596,0
28597,0
28598,0
28599,0
28600,0
28601,0
28602,0
28603,1
28604,1
28605,0
28606,0
28607,0
28608,0
28609,1
28610,0
28611,1
28612,1
28613,0
28614,0
28615,0
28616,1
28617,1
28618,1
28619,1
28620,0
28621,1
28622,0
28623,0
28624,1
28625,0
28626,0
28627,1
28628,0
28629,1
28630,0
28631,0
28632,1
28633,1
28634,0
28635,0
28636,0
28637,0
28638,0
28639,0
28640,0
28641,0
28642,0
28643,1
28644,1
28645,0
28646,0
28647,1
28648,0
28649,0
28650,0
28651,0
28652,1
28653,0
28654,1
28655,0
28656,0
28657,0
28658,1
28659,0
28660,1
28661,1
28662,0
28663,0
28664,1
28665,0
28666,0
28667,0
28668,1
28669,0
28670,0
28671,1
28672,1
28673,0
28674,0
28675,1
28676,0
28677,1
28678,1
28679,0
28680,1
28681,1
28682,1
28683,1
28684,0
28685,0
28686,1
28687,0
28688,1
28689,0
28690,1
28691,0
28692,0
28693,0
28694,0
28695,1
28696,1
28697,0
28698,1
28699,0
28700,1
28701,0
28702,1
28703,1
28704,1
28705,0
28706,0
28707,0
28708,0
28709,1
28710,0
28711,1
28712,1
28713,0
28714,0
28715,0
28716,1
28717,1
28718,0
28719,1
28720,0
28721,0
28722,0
28723,0
28724,0
28725,0
28726,0
28727,0
28728,0
28729,0
28730,0
28731,0
28732,0
28733,1
28734,0
28735,1
28736,1
28737,0
28738,0
28739,0
28740,0
28741,0
28742,1
28743,0
28744,1
28745,0
28746,0
28747,1
28748,1
28749,0
28750,0
28751,1
28752,0
28753,0
28754,0
28755,1
28756,1
28757,1
28758,0
28759,0
28760,0
28761,0
28762,0
28763,0
28764,0
28765,0
28766,1
28767,0
28768,0
28769,1
28770,0
28771,0
28772,0
28773,1
28774,0
28775,0
28776,1
28777,0
28778,0
28779,0
28780,0
28781,0
28782,0
28783,0
28784,0
28785,1
28786,0
28787,0
28788,1
28789,1
28790,0
28791,0
28792,0
28793,1
28794,1
28795,0
28796,1
28797,1
28798,0
28799,0
28800,1
28801,0
28802,1
28803,0
28804,0
28805,0
28806,1
28807,1
28808,0
28809,0
28810,1
28811,0
28812,0
28813,0
28814,0
28815,1
28816,0
28817,1
28818,0
28819,0
28820,0
28821,0
28822,1
28823,1
28824,1
28825,1
28826,0
28827,1
28828,0
28829,0
28830,1
28831,0
28832,0
28833,0
28834,0
28835,1
28836,0
28837,0
28838,1
28839,0
28840,1
28841,0
28842,1
28843,0
28844,1
28845,0
28846,0
28847,1
28848,0
28849,0
28850,0
28851,0
28852,1
28853,1
28854,0
28855,0
28856,0
28857,0
28858,0
28859,0
28860,0
28861,1
28862,1
28863,1
28864,1
28865,0
28866,0
28867,0
28868,0
28869,0
28870,1
28871,0
28872,1
28873,1
28874,1
28875,1
28876,0
28877,1
28878,1
28879,1
28880,0
28881,0
28882,0
28883,0
28884,0
28885,0
28886,1
28887,0
28888,0
28889,0
28890,0
28891,0
28892,1
28893,0
28894,0
28895,1
28896,1
28897,0
28898,1
28899,0
28900,0
28901,0
28902,0
28903,0
28904,0
28905,1
28906,0
28907,1
28908,1
28909,0
28910,0
28911,0
28912,0
28913,0
28914,0
28915,0
28916,0
28917,0
28918,1
28919,0
28920,0
28921,0
28922,1
28923,0
28924,0
28925,0
28926,0
28927,0
28928,0
28929,1
28930,1
28931,1
28932,1
28933,0
28934,1
28935,1
28936,1
28937,1
28938,1
28939,0
28940,0
28941,0
28942,0
28943,0
28944,0
28945,0
28946,0
28947,0
28948,0
28949,1
28950,0
28951,1
28952,1
28953,0
28954,1
28955,1
28956,0
28957,1
28958,0
28959,0
28960,1
28961,0
28962,1
28963,0
28964,0
28965,0
28966,1
28967,0
28968,0
28969,0
28970,0
28971,1
28972,1
28973,0
28974,0
28975,0
28976,1
28977,1
28978,0
28979,1
28980,0
28981,1
28982,0
28983,1
28984,1
28985,0
28986,0
28987,0
28988,1
28989,0
28990,0
28991,0
28992,0
28993,0
28994,1
28995,1
28996,0
28997,0
28998,0
28999,1
29000,1
29001,1
29002,0
29003,0
29004,1
29005,1
29006,0
29007,1
29008,1
29009,0
29010,1
29011,1
29012,0
29013,0
29014,1
29015,0
29016,1
29017,0
29018,0
29019,0
29020,0
29021,0
29022,1
29023,0
29024,0
29025,0
29026,0
29027,0
29028,0
29029,0
29030,0
29031,1
29032,0
29033,1
29034,0
29035,0
29036,0
29037,1
29038,0
29039,0
29040,0
29041,0
29042,1
29043,0
29044,1
29045,1
29046,0
29047,0
29048,0
29049,0
29050,1
29051,1
29052,1
29053,1
29054,0
29055,0
29056,0
29057,0
29058,1
29059,0
29060,1
29061,0
29062,0
29063,0
29064,0
29065,0
29066,1
29067,0
29068,1
29069,0
29070,0
29071,1
29072,1
29073,1
29074,0
29075,0
29076,0
29077,0
29078,0
29079,0
29080,0
29081,0
29082,0
29083,0
29084,1
29085,1
29086,0
29087,0
29088,0
29089,1
29090,0
29091,0
29092,0
29093,1
29094,1
29095,0
29096,1
29097,1
29098,1
29099,1
29100,0
29101,1
29102,0
29103,0
29104,0
29105,1
29106,0
29107,1
29108,0
29109,0
29110,0
29111,0
29112,0
29113,0
29114,0
29115,0
29116,0
29117,1
29118,0
29119,0
29120,0
29121,0
29122,0
29123,0
29124,0
29125,0
29126,0
29127,0
29128,0
29129,1
29130,0
29131,0
29132,0
29133,0
29134,0
29135,1
29136,1
29137,1
29138,0
29139,0
29140,0
29141,1
29142,0
29143,0
29144,1
29145,1
29146,1
29147,1
29148,0
29149,1
29150,1
29151,0
29152,0
29153,0
29154,0
29155,0
29156,0
29157,0
29158,0
29159,0
29160,0
29161,0
29162,0
29163,1
29164,1
29165,0
29166,0
29167,1
29168,1
29169,0
29170,0
29171,1
29172,0
29173,0
29174,0
29175,0
29176,1
29177,0
29178,0
29179,0
29180,0
29181,0
29182,1
29183,0
29184,0
29185,0
29186,0
29187,1
29188,1
29189,1
29190,0
29191,0
29192,0
29193,0
29194,0
29195,1
29196,0
29197,1
29198,1
29199,0
29200,0
29201,0
29202,1
29203,0
29204,0
29205,0
29206,0
29207,1
29208,1
29209,1
29210,0
29211,0
29212,0
29213,0
29214,0
29215,0
29216,1
29217,0
29218,0
29219,1
29220,0
29221,0
29222,0
29223,0
29224,1
29225,1
29226,0
29227,0
29228,0
29229,1
29230,1
29231,1
29232,0
29233,0
29234,1
29235,0
29236,1
29237,0
29238,0
29239,0
29240,0
29241,0
29242,0
29243,1
29244,1
29245,0
29246,0
29247,0
29248,0
29249,0
29250,1
29251,1
29252,0
29253,1
29254,0
29255,0
29256,0
29257,1
29258,0
29259,0
29260,0
29261,1
29262,1
29263,0
29264,1
29265,0
29266,1
29267,0
29268,0
29269,0
29270,1
29271,1
29272,1
29273,0
29274,0
29275,0
29276,1
29277,1
29278,0
29279,1
29280,0
29281,1
29282,0
29283,0
29284,0
29285,0
29286,0
29287,0
29288,1
29289,1
29290,0
29291,0
29292,1
29293,1
29294,0
29295,0
29296,0
29297,1
29298,1
29299,0
29300,0
29301,0
29302,0
29303,0
29304,0
29305,0
29306,0
29307,1
29308,0
29309,0
29310,0
29311,0
29312,1
29313,1
29314,0
29315,1
29316,0
29317,0
29318,0
29319,0
29320,0
29321,1
29322,0
29323,1
29324,0
29325,1
29326,1
29327,0
29328,0
29329,1
29330,1
29331,0
29332,0
29333,0
29334,1
29335,1
29336,0
29337,0
29338,0
29339,0
29340,1
29341,0
29342,1
29343,0
29344,1
29345,1
29346,1
29347,0
29348,0
29349,0
29350,1
29351,0
29352,0
29353,0
29354,0
29355,1
29356,0
29357,1
29358,1
29359,0
29360,0
29361,0
29362,1
29363,1
29364,0
29365,1
29366,1
29367,1
29368,0
29369,0
29370,0
29371,0
29372,0
29373,1
29374,1
29375,0
29376,1
29377,1
29378,1
29379,0
29380,0
29381,1
29382,1
29383,1
29384,0
29385,0
29386,0
29387,0
29388,0
29389,1
29390,0
29391,0
29392,0
29393,1
29394,0
29395,0
29396,1
29397,0
29398,0
29399,1
29400,0
29401,1
29402,0
29403,0
29404,0
29405,0
29406,0
29407,0
29408,1
29409,1
29410,1
29411,1
29412,0
29413,0
29414,1
29415,1
29416,1
29417,1
29418,0
29419,1
29420,1
29421,1
29422,1
29423,1
29424,1
29425,0
29426,0
29427,0
29428,1
29429,0
29430,0
29431,1
29432,0
29433,0
29434,0
29435,1
29436,0
29437,1
29438,0
29439,1
29440,0
29441,0
29442,0
29443,1
29444,1
29445,1
29446,0
29447,0
29448,0
29449,0
29450,0
29451,0
29452,0
29453,1
29454,0
29455,0
29456,1
29457,0
29458,0
29459,0
29460,0
29461,1
29462,0
29463,0
29464,1
29465,1
29466,0
29467,0
29468,0
29469,0
29470,0
29471,0
29472,0
29473,1
29474,0
29475,0
29476,1
29477,1
29478,1
29479,1
29480,1
29481,0
29482,0
29483,0
29484,0
29485,0
29486,0
29487,0
29488,0
29489,0
29490,1
29491,0
29492,1
29493,0
29494,0
29495,0
29496,1
29497,1
29498,0
29499,0
29500,0
29501,0
29502,1
29503,1
29504,0
29505,0
29506,0
29507,1
29508,0
29509,1
29510,0
29511,1
29512,0
29513,0
29514,0
29515,1
29516,0
29517,1
29518,0
29519,1
29520,0
29521,0
29522,1
29523,1
29524,1
29525,1
29526,0
29527,0
29528,0
29529,0
29530,0
29531,0
29532,1
29533,1
29534,0
29535,0
29536,1
29537,1
29538,1
29539,0
29540,0
29541,1
29542,1
29543,0
29544,0
29545,0
29546,0
29547,1
29548,1
29549,0
29550,0
29551,1
29552,1
29553,1
29554,1
29555,1
29556,0
29557,1
29558,1
29559,1
29560,0
29561,0
29562,0
29563,0
29564,0
29565,0
29566,0
29567,0
29568,0
29569,0
29570,1
29571,1
29572,0
29573,1
29574,1
29575,0
29576,0
29577,0
29578,0
29579,1
29580,1
29581,0
29582,1
29583,0
29584,0
29585,0
29586,1
29587,1
29588,0
29589,0
29590,0
29591,0
29592,0
29593,0
29594,0
29595,0
29596,0
29597,0
29598,0
29599,0
29600,0
29601,0
29602,0
29603,1
29604,1
29605,0
29606,0
29607,0
29608,1
29609,1
29610,1
29611,1
29612,1
29613,0
29614,1
29615,0
29616,1
29617,1
29618,0
29619,1
29620,0
29621,1
29622,1
29623,0
29624,0
29625,0
29626,0
29627,0
29628,0
29629,0
29630,0
29631,1
29632,1
29633,1
29634,0
29635,1
29636,0
29637,1
29638,0
29639,0
29640,0
29641,0
29642,0
29643,1
29644,0
29645,1
29646,0
29647,0
29648,0
29649,0
29650,0
29651,0
29652,0
29653,1
29654,1
29655,0
29656,1
29657,1
29658,0
29659,0
29660,0
29661,0
29662,0
29663,0
29664,0
29665,1
29666,1
29667,1
29668,0
29669,0
29670,0
29671,0
29672,0
29673,0
29674,0
29675,1
29676,0
29677,0
29678,0
29679,1
29680,1
29681,1
29682,1
29683,0
29684,0
29685,0
29686,1
29687,0
29688,0
29689,1
29690,0
29691,1
29692,0
29693,0
29694,1
29695,0
29696,0
29697,0
29698,1
29699,0
29700,0
29701,0
29702,0
29703,0
29704,0
29705,0
29706,1
29707,0
29708,1
29709,1
29710,1
29711,0
29712,0
29713,0
29714,0
29715,1
29716,1
29717,0
29718,0
29719,0
29720,0
29721,1
29722,0
29723,0
29724,1
29725,1
29726,1
29727,1
29728,0
29729,1
29730,0
29731,0
29732,1
29733,0
29734,0
29735,1
29736,0
29737,0
29738,0
29739,0
29740,0
29741,0
29742,0
29743,1
29744,0
29745,0
29746,1
29747,1
29748,1
29749,1
29750,0
29751,0
29752,0
29753,0
29754,1
29755,0
29756,0
29757,0
29758,0
29759,1
29760,0
29761,0
29762,0
29763,0
29764,0
29765,1
29766,0
29767,0
29768,0
29769,0
29770,1
29771,1
29772,0
29773,1
29774,1
29775,1
29776,0
29777,1
29778,1
29779,1
29780,0
29781,0
29782,0
29783,0
29784,1
29785,1
29786,1
29787,0
29788,1
29789,0
29790,1
29791,0
29792,1
29793,0
29794,1
29795,0
29796,0
29797,1
29798,1
29799,1
29800,1
29801,0
29802,0
29803,0
29804,1
29805,0
29806,0
29807,0
29808,0
29809,0
29810,0
29811,0
29812,0
29813,0
29814,1
29815,0
29816,1
29817,0
29818,1
29819,0
29820,0
29821,0
29822,1
29823,1
29824,1
29825,1
29826,1
29827,0
29828,0
29829,0
29830,0
29831,0
29832,0
29833,0
29834,0
29835,0
29836,0
29837,0
29838,0
29839,0
29840,0
29841,0
29842,0
29843,1
29844,1
29845,1
29846,0
29847,0
29848,0
29849,1
29850,1
29851,1
29852,1
29853,0
29854,0
29855,0
29856,0
29857,1
29858,0
29859,1
29860,0
29861,0
29862,1
29863,0
29864,1
29865,0
29866,0
29867,0
29868,0
29869,1
29870,0
29871,0
29872,1
29873,0
29874,0
29875,1
29876,0
29877,0
29878,0
29879,0
29880,0
29881,0
29882,0
29883,1
29884,0
29885,0
29886,1
29887,0
29888,0
29889,0
29890,1
29891,1
29892,1
29893,1
29894,0
29895,0
29896,1
29897,1
29898,1
29899,0
29900,0
29901,0
29902,1
29903,0
29904,1
29905,0
29906,1
29907,0
29908,1
29909,0
29910,0
29911,1
29912,1
29913,1
29914,1
29915,0
29916,0
29917,0
29918,0
29919,0
29920,0
29921,1
29922,0
29923,0
29924,0
29925,0
29926,0
29927,0
29928,0
29929,1
29930,0
29931,0
29932,1
29933,1
29934,1
29935,0
29936,1
29937,1
29938,1
29939,0
29940,0
29941,0
29942,0
29943,1
29944,0
29945,1
29946,0
29947,1
29948,0
29949,1
29950,0
29951,0
29952,1
29953,1
29954,0
29955,0
29956,0
29957,0
29958,1
29959,1
29960,1
29961,1
29962,1
29963,0
29964,0
29965,0
29966,0
29967,0
29968,0
29969,1
29970,0
29971,1
29972,0
29973,1
29974,0
29975,0
29976,0
29977,1
29978,1
29979,0
29980,0
29981,0
29982,1
29983,0
29984,0
29985,0
29986,1
29987,1
29988,0
29989,1
29990,0
29991,0
29992,0
29993,0
29994,1
29995,1
29996,0
29997,0
29998,0
29999,1
30000,0
30001,1
30002,0
30003,0
30004,0
30005,1
30006,1
30007,1
30008,1
30009,0
30010,0
30011,1
30012,0
30013,0
30014,0
30015,1
30016,0
30017,0
30018,0
30019,0
30020,0
30021,0
30022,0
30023,0
30024,0
30025,1
30026,0
30027,1
30028,0
30029,0
30030,0
30031,1
30032,1
30033,1
30034,1
30035,1
30036,0
30037,0
30038,1
30039,1
30040,0
30041,1
30042,0
30043,0
30044,0
30045,0
30046,1
30047,1
30048,1
30049,1
30050,1
30051,1
30052,0
30053,0
30054,0
30055,1
30056,1
30057,0
30058,1
30059,1
30060,0
30061,0
30062,0
30063,0
30064,0
30065,0
30066,0
30067,1
30068,0
30069,1
30070,0
30071,1
30072,0
30073,1
30074,0
30075,0
30076,1
30077,0
30078,1
30079,0
30080,1
30081,0
30082,0
30083,1
30084,1
30085,1
30086,1
30087,0
30088,1
30089,0
30090,1
30091,0
30092,1
30093,1
30094,1
30095,0
30096,0
30097,1
30098,0
30099,0
30100,0
30101,0
30102,0
30103,0
30104,0
30105,1
30106,0
30107,1
30108,0
30109,0
30110,1
30111,0
30112,0
30113,0
30114,0
30115,0
30116,0
30117,1
30118,0
30119,1
30120,0
30121,0
30122,0
30123,0
30124,1
30125,0
30126,1
30127,1
30128,0
30129,1
30130,1
30131,1
30132,1
30133,0
30134,1
30135,0
30136,0
30137,1
30138,0
30139,0
30140,0
30141,0
30142,1
30143,1
30144,0
30145,0
30146,0
30147,1
30148,0
30149,0
30150,0
30151,0
30152,0
30153,1
30154,0
30155,0
30156,1
30157,0
30158,0
30159,1
30160,0
30161,0
30162,0
30163,0
30164,0
30165,0
30166,0
30167,0
30168,1
30169,0
30170,0
30171,0
30172,0
30173,1
30174,0
30175,1
30176,0
30177,0
30178,0
30179,1
30180,0
30181,0
30182,0
30183,0
30184,0
30185,0
30186,0
30187,1
30188,0
30189,0
30190,0
30191,0
30192,0
30193,0
30194,1
30195,1
30196,0
30197,0
30198,1
30199,0
30200,0
30201,1
30202,1
30203,0
30204,0
30205,0
30206,0
30207,0
30208,0
30209,1
30210,0
30211,0
30212,0
30213,1
30214,1
30215,0
30216,0
30217,0
30218,1
30219,0
30220,0
30221,1
30222,1
30223,0
30224,0
30225,0
30226,0
30227,0
30228,0
30229,0
30230,1
30231,0
30232,1
30233,1
30234,0
30235,1
30236,0
30237,0
30238,1
30239,0
30240,0
30241,0
30242,1
30243,0
30244,0
30245,1
30246,0
30247,0
30248,1
30249,1
30250,0
30251,0
30252,0
30253,1
30254,0
30255,0
30256,0
30257,1
30258,0
30259,1
30260,0
30261,1
30262,1
30263,0
30264,1
30265,0
30266,0
30267,0
30268,0
30269,1
30270,1
30271,1
30272,0
30273,0
30274,1
30275,1
30276,0
30277,1
30278,1
30279,1
30280,1
30281,0
30282,1
30283,1
30284,1
30285,0
30286,1
30287,0
30288,0
30289,0
30290,0
30291,1
30292,0
30293,1
30294,1
30295,1
30296,0
30297,1
30298,1
30299,0
30300,0
30301,0
30302,0
30303,1
30304,0
30305,0
30306,0
30307,0
30308,0
30309,0
30310,1
30311,1
30312,1
30313,0
30314,1
30315,1
30316,1
30317,1
30318,1
30319,1
30320,0
30321,0
30322,0
30323,0
30324,0
30325,1
30326,0
30327,0
30328,0
30329,1
30330,0
30331,0
30332,0
30333,0
30334,0
30335,0
30336,0
30337,0
30338,0
30339,0
30340,1
30341,0
30342,1
30343,1
30344,0
30345,0
30346,0
30347,0
30348,0
30349,0
30350,1
30351,1
30352,1
30353,1
30354,0
30355,0
30356,1
30357,0
30358,0
30359,0
30360,0
30361,0
30362,0
30363,1
30364,1
30365,0
30366,0
30367,0
30368,1
30369,1
30370,0
30371,0
30372,0
30373,1
30374,0
30375,0
30376,1
30377,0
30378,0
30379,0
30380,0
30381,1
30382,0
30383,1
30384,0
30385,0
30386,0
30387,0
30388,0
30389,0
30390,1
30391,1
30392,0
30393,1
30394,0
30395,0
30396,1
30397,0
30398,1
30399,0
30400,0
30401,0
30402,0
30403,0
30404,0
30405,1
30406,0
30407,0
30408,0
30409,0
30410,0
30411,0
30412,0
30413,1
30414,0
30415,0
30416,0
30417,0
30418,0
30419,0
30420,0
30421,0
30422,1
30423,1
30424,0
30425,1
30426,0
30427,1
30428,0
30429,0
30430,0
30431,0
30432,1
30433,0
30434,0
30435,0
30436,1
30437,1
30438,1
30439,0
30440,1
30441,1
30442,0
30443,0
30444,0
30445,0
30446,0
30447,1
30448,1
30449,0
30450,0
30451,0
30452,0
30453,0
30454,0
30455,0
30456,0
30457,0
30458,1
30459,0
30460,0
30461,0
30462,0
30463,0
30464,0
30465,0
30466,0
30467,1
30468,0
30469,0
30470,0
30471,1
30472,0
30473,0
30474,1
30475,0
30476,0
30477,0
30478,0
30479,0
30480,1
30481,0
30482,0
30483,1
30484,0
30485,1
30486,0
30487,0
30488,0
30489,1
30490,0
30491,0
30492,1
30493,1
30494,1
30495,0
30496,0
30497,1
30498,1
30499,1
30500,0
30501,1
30502,1
30503,0
30504,0
30505,0
30506,0
30507,0
30508,0
30509,0
30510,1
30511,0
30512,0
30513,1
30514,0
30515,0
30516,0
30517,0
30518,0
30519,0
30520,1
30521,0
30522,1
30523,0
30524,0
30525,1
30526,0
30527,0
30528,0
30529,0
30530,0
30531,0
30532,1
30533,0
30534,0
30535,1
30536,0
30537,1
30538,0
30539,0
30540,0
30541,0
30542,0
30543,1
30544,1
30545,0
30546,1
30547,0
30548,1
30549,0
30550,1
30551,0
30552,1
30553,0
30554,0
30555,1
30556,0
30557,1
30558,0
30559,0
30560,1
30561,0
30562,0
30563,0
30564,0
30565,0
30566,1
30567,0
30568,1
30569,0
30570,1
30571,0
30572,0
30573,0
30574,0
30575,0
30576,1
30577,0
30578,0
30579,0
30580,0
30581,0
30582,0
30583,0
30584,0
30585,1
30586,0
30587,1
30588,0
30589,1
30590,1
30591,0
30592,0
30593,0
30594,0
30595,0
30596,0
30597,0
30598,0
30599,0
30600,0
30601,0
30602,0
30603,0
30604,1
30605,1
30606,0
30607,0
30608,0
30609,1
30610,0
30611,0
30612,0
30613,0
30614,1
30615,0
30616,1
30617,0
30618,0
30619,0
30620,1
30621,0
30622,1
30623,0
30624,0
30625,1
30626,0
30627,0
30628,0
30629,1
30630,1
30631,0
30632,0
30633,0
30634,1
30635,0
30636,1
30637,0
30638,0
30639,1
30640,0
30641,0
30642,0
30643,0
30644,0
30645,0
30646,1
30647,0
30648,0
30649,0
30650,1
30651,1
30652,0
30653,1
30654,1
30655,0
30656,1
30657,1
30658,1
30659,0
30660,1
30661,1
30662,0
30663,0
30664,1
30665,0
30666,1
30667,1
30668,0
30669,1
30670,0
30671,0
30672,0
30673,0
30674,1
30675,0
30676,1
30677,0
30678,0
30679,0
30680,1
30681,1
30682,0
30683,0
30684,0
30685,0
30686,0
30687,0
30688,1
30689,0
30690,0
30691,0
30692,0
30693,1
30694,0
30695,0
30696,0
30697,1
30698,0
30699,1
30700,0
30701,1
30702,0
30703,0
30704,0
30705,0
30706,0
30707,0
30708,0
30709,0
30710,0
30711,0
30712,0
30713,1
30714,0
30715,0
30716,0
30717,1
30718,0
30719,0
30720,0
30721,0
30722,1
30723,0
30724,0
30725,0
30726,0
30727,0
30728,1
30729,1
30730,0
30731,0
30732,0
30733,1
30734,1
30735,0
30736,0
30737,1
30738,1
30739,0
30740,0
30741,0
30742,1
30743,0
30744,1
30745,1
30746,0
30747,0
30748,0
30749,1
30750,0
30751,0
30752,1
30753,1
30754,0
30755,1
30756,0
30757,1
30758,0
30759,0
30760,1
30761,1
30762,1
30763,0
30764,0
30765,0
30766,1
30767,0
30768,1
30769,0
30770,1
30771,1
30772,0
30773,1
30774,0
30775,1
30776,0
30777,0
30778,1
30779,0
30780,0
30781,0
30782,0
30783,0
30784,0
30785,0
30786,0
30787,0
30788,0
30789,1
30790,0
30791,0
30792,0
30793,0
30794,1
30795,1
30796,1
30797,1
30798,1
30799,1
30800,1
30801,0
30802,1
30803,0
30804,0
30805,0
30806,0
30807,1
30808,0
30809,0
30810,1
30811,0
30812,0
30813,0
30814,0
30815,0
30816,1
30817,1
30818,0
30819,0
30820,0
30821,0
30822,0
30823,0
30824,0
30825,0
30826,0
30827,1
30828,0
30829,0
30830,0
30831,0
30832,0
30833,0
30834,1
30835,0
30836,0
30837,1
30838,0
30839,0
30840,0
30841,1
30842,0
30843,0
30844,0
30845,0
30846,0
30847,1
30848,1
30849,1
30850,0
30851,1
30852,1
30853,0
30854,0
30855,0
30856,1
30857,1
30858,0
30859,1
30860,0
30861,1
30862,1
30863,0
30864,0
30865,1
30866,1
30867,1
30868,0
30869,0
30870,0
30871,0
30872,0
30873,0
30874,0
30875,1
30876,1
30877,0
30878,1
30879,1
30880,1
30881,1
30882,0
30883,1
30884,1
30885,1
30886,0
30887,1
30888,0
30889,0
30890,0
30891,0
30892,1
30893,1
30894,0
30895,1
30896,0
30897,1
30898,0
30899,0
30900,0
30901,1
30902,0
30903,1
30904,1
30905,1
30906,1
30907,1
30908,0
30909,0
30910,1
30911,0
30912,0
30913,0
30914,1
30915,0
30916,0
30917,0
30918,0
30919,0
30920,0
30921,0
30922,1
30923,1
30924,0
30925,0
30926,0
30927,0
30928,0
30929,0
30930,0
30931,0
30932,0
30933,1
30934,1
30935,0
30936,0
30937,1
30938,1
30939,1
30940,0
30941,1
30942,0
30943,1
30944,0
30945,0
30946,0
30947,0
30948,1
30949,1
30950,0
30951,0
30952,0
30953,0
30954,1
30955,0
30956,0
30957,0
30958,1
30959,0
30960,1
30961,0
30962,1
30963,0
30964,1
30965,0
30966,0
30967,0
30968,0
30969,1
30970,1
30971,1
30972,1
30973,1
30974,1
30975,0
30976,0
30977,1
30978,1
30979,0
30980,1
30981,1
30982,0
30983,0
30984,1
30985,0
30986,1
30987,1
30988,1
30989,0
30990,0
30991,0
30992,0
30993,0
30994,0
30995,0
30996,0
30997,0
30998,0
30999,1
31000,0
31001,0
31002,0
31003,1
31004,1
31005,0
31006,0
31007,0
31008,1
31009,0
31010,0
31011,0
31012,0
31013,0
31014,0
31015,1
31016,0
31017,1
31018,1
31019,1
31020,1
31021,0
31022,0
31023,0
31024,1
31025,0
31026,1
31027,1
31028,0
31029,0
31030,0
31031,0
31032,1
31033,0
31034,1
31035,0
31036,0
31037,1
31038,0
31039,1
31040,0
31041,1
31042,1
31043,1
31044,0
31045,1
31046,0
31047,0
31048,0
31049,1
31050,0
31051,0
31052,1
31053,0
31054,0
31055,0
31056,0
31057,1
31058,0
31059,0
31060,0
31061,0
31062,0
31063,0
31064,0
31065,0
31066,0
31067,0
31068,0
31069,0
31070,0
31071,1
31072,0
31073,1
31074,1
31075,0
31076,0
31077,0
31078,0
31079,0
31080,1
31081,1
31082,0
31083,0
31084,0
31085,1
31086,0
31087,0
31088,0
31089,1
31090,0
31091,1
31092,0
31093,0
31094,0
31095,1
31096,1
31097,1
31098,1
31099,0
31100,0
31101,1
31102,1
31103,0
31104,0
31105,0
31106,1
31107,1
31108,1
31109,1
31110,1
31111,0
31112,0
31113,0
31114,1
31115,1
31116,1
31117,0
31118,0
31119,0
31120,0
31121,0
31122,0
31123,0
31124,0
31125,0
31126,0
31127,1
31128,0
31129,0
31130,1
31131,0
31132,1
31133,0
31134,0
31135,0
31136,0
31137,0
31138,0
31139,0
31140,1
31141,1
31142,0
31143,0
31144,1
31145,1
31146,1
31147,0
31148,0
31149,1
31150,0
31151,1
31152,0
31153,0
31154,0
31155,0
31156,0
31157,0
31158,0
31159,0
31160,0
31161,0
31162,0
31163,1
31164,0
31165,1
31166,1
31167,1
31168,0
31169,1
31170,1
31171,0
31172,0
31173,0
31174,0
31175,1
31176,0
31177,1
31178,0
31179,1
31180,0
31181,0
31182,0
31183,0
31184,1
31185,1
31186,0
31187,0
31188,1
31189,1
31190,0
31191,1
31192,0
31193,0
31194,0
31195,0
31196,0
31197,1
31198,0
31199,0
31200,0
31201,0
31202,1
31203,1
31204,1
31205,0
31206,0
31207,0
31208,1
31209,0
31210,1
31211,0
31212,1
31213,1
31214,1
31215,1
31216,0
31217,0
31218,0
31219,1
31220,1
31221,0
31222,0
31223,1
31224,0
31225,0
31226,0
31227,0
31228,0
31229,0
31230,0
31231,0
31232,0
31233,0
31234,0
31235,1
31236,0
31237,0
31238,0
31239,0
31240,1
31241,1
31242,0
31243,0
31244,0
31245,1
31246,1
31247,0
31248,1
31249,1
31250,0
31251,0
31252,0
31253,0
31254,1
31255,0
31256,0
31257,0
31258,0
31259,0
31260,0
31261,0
31262,1
31263,1
31264,0
31265,0
31266,1
31267,1
31268,0
31269,0
31270,0
31271,1
31272,0
31273,0
31274,0
31275,1
31276,0
31277,0
31278,1
31279,1
31280,1
31281,0
31282,0
31283,1
31284,0
31285,1
31286,0
31287,0
31288,1
31289,1
31290,0
31291,0
31292,0
31293,0
31294,0
31295,0
31296,1
31297,0
31298,0
31299,1
31300,0
31301,1
31302,1
31303,0
31304,0
31305,0
31306,1
31307,1
31308,0
31309,0
31310,1
31311,1
31312,0
31313,0
31314,0
31315,1
31316,0
31317,1
31318,0
31319,1
31320,0
31321,1
31322,0
31323,0
31324,0
31325,1
31326,1
31327,1
31328,0
31329,1
31330,1
31331,1
31332,1
31333,1
31334,0
31335,0
31336,1
31337,0
31338,1
31339,0
31340,0
31341,1
31342,1
31343,0
31344,0
31345,1
31346,1
31347,0
31348,0
31349,0
31350,0
31351,1
31352,0
31353,1
31354,0
31355,1
31356,1
31357,0
31358,1
31359,1
31360,1
31361,0
31362,1
31363,0
31364,0
31365,0
31366,0
31367,1
31368,0
31369,1
31370,1
31371,1
31372,0
31373,1
31374,1
31375,0
31376,0
31377,0
31378,1
31379,1
31380,0
31381,0
31382,1
31383,0
31384,1
31385,0
31386,0
31387,0
31388,0
31389,1
31390,1
31391,0
31392,0
31393,1
31394,1
31395,0
31396,0
31397,0
31398,0
31399,0
31400,0
31401,0
31402,1
31403,0
31404,0
31405,0
31406,0
31407,1
31408,1
31409,0
31410,1
31411,0
31412,0
31413,0
31414,0
31415,0
31416,0
31417,1
31418,0
31419,1
31420,1
31421,0
31422,0
31423,0
31424,0
31425,1
31426,1
31427,0
31428,1
31429,1
31430,0
31431,0
31432,0
31433,0
31434,1
31435,0
31436,0
31437,0
31438,1
31439,0
31440,1
31441,1
31442,0
31443,0
31444,1
31445,0
31446,0
31447,0
31448,1
31449,0
31450,0
31451,0
31452,0
31453,0
31454,1
31455,0
31456,0
31457,1
31458,0
31459,0
31460,0
31461,1
31462,1
31463,1
31464,1
31465,0
31466,1
31467,0
31468,0
31469,1
31470,1
31471,0
31472,1
31473,0
31474,1
31475,1
31476,0
31477,0
31478,0
31479,1
31480,0
31481,0
31482,1
31483,1
31484,0
31485,1
31486,1
31487,0
31488,0
31489,1
31490,0
31491,0
31492,0
31493,0
31494,0
31495,1
31496,0
31497,1
31498,0
31499,1
31500,0
31501,0
31502,1
31503,1
31504,1
31505,0
31506,0
31507,0
31508,1
31509,0
31510,1
31511,0
31512,0
31513,1
31514,0
31515,1
31516,0
31517,0
31518,0
31519,0
31520,0
31521,0
31522,0
31523,1
31524,1
31525,0
31526,1
31527,0
31528,1
31529,1
31530,1
31531,0
31532,1
31533,1
31534,0
31535,0
31536,1
31537,1
31538,0
31539,1
31540,0
31541,0
31542,0
31543,1
31544,0
31545,1
31546,1
31547,0
31548,1
31549,0
31550,0
31551,0
31552,1
31553,0
31554,0
31555,1
31556,0
31557,0
31558,1
31559,1
31560,1
31561,0
31562,0
31563,0
31564,0
31565,0
31566,0
31567,0
31568,0
31569,1
31570,0
31571,0
31572,0
31573,1
31574,0
31575,0
31576,0
31577,0
31578,1
31579,1
31580,0
31581,1
31582,1
31583,0
31584,0
31585,0
31586,0
31587,0
31588,0
31589,0
31590,0
31591,0
31592,0
31593,0
31594,0
31595,0
31596,0
31597,1
31598,1
31599,1
31600,1
31601,1
31602,1
31603,0
31604,0
31605,0
31606,0
31607,0
31608,0
31609,0
31610,0
31611,1
31612,0
31613,0
31614,1
31615,1
31616,0
31617,0
31618,0
31619,1
31620,0
31621,0
31622,0
31623,0
31624,0
31625,0
31626,0
31627,0
31628,1
31629,0
31630,0
31631,1
31632,0
31633,1
31634,1
31635,1
31636,0
31637,0
31638,0
31639,1
31640,0
31641,1
31642,0
31643,1
31644,0
31645,0
31646,0
31647,1
31648,0
31649,0
31650,1
31651,0
31652,0
31653,1
31654,1
31655,0
31656,0
31657,1
31658,0
31659,0
31660,0
31661,1
31662,0
31663,1
31664,0
31665,1
31666,0
31667,0
31668,0
31669,1
31670,0
31671,1
31672,0
31673,0
31674,0
31675,0
31676,0
31677,0
31678,0
31679,0
31680,1
31681,0
31682,0
31683,1
31684,0
31685,0
31686,1
31687,1
31688,0
31689,0
31690,0
31691,1
31692,1
31693,1
31694,1
31695,1
31696,0
31697,0
31698,0
31699,0
31700,0
31701,0
31702,0
31703,0
31704,1
31705,0
31706,1
31707,0
31708,1
31709,1
31710,1
31711,0
31712,0
31713,0
31714,0
31715,1
31716,0
31717,1
31718,1
31719,1
31720,0
31721,0
31722,1
31723,1
31724,0
31725,0
31726,1
31727,0
31728,0
31729,0
31730,0
31731,1
31732,0
31733,0
31734,0
31735,0
31736,1
31737,0
31738,0
31739,1
31740,0
31741,0
31742,0
31743,1
31744,1
31745,1
31746,0
31747,1
31748,1
31749,0
31750,1
31751,1
31752,0
31753,0
31754,0
31755,1
31756,1
31757,0
31758,0
31759,0
31760,0
31761,0
31762,1
31763,0
31764,0
31765,0
31766,0
31767,0
31768,0
31769,0
31770,1
31771,1
31772,1
31773,1
31774,0
31775,0
31776,0
31777,0
31778,0
31779,0
31780,0
31781,0
31782,0
31783,0
31784,0
31785,1
31786,0
31787,0
31788,1
31789,0
31790,1
31791,0
31792,0
31793,0
31794,0
31795,1
31796,0
31797,0
31798,0
31799,0
31800,0
31801,0
31802,1
31803,0
31804,1
31805,0
31806,1
31807,0
31808,0
31809,0
31810,0
31811,0
31812,0
31813,0
31814,1
31815,0
31816,0
31817,1
31818,0
31819,0
31820,0
31821,1
31822,0
31823,0
31824,1
31825,0
31826,0
31827,1
31828,0
31829,1
31830,1
31831,0
31832,0
31833,1
31834,0
31835,0
31836,1
31837,0
31838,0
31839,0
31840,1
31841,1
31842,0
31843,0
31844,1
31845,0
31846,0
31847,1
31848,0
31849,0
31850,0
31851,0
31852,0
31853,0
31854,0
31855,1
31856,0
31857,0
31858,0
31859,0
31860,0
31861,1
31862,0
31863,1
31864,1
31865,0
31866,0
31867,0
31868,1
31869,0
31870,0
31871,0
31872,0
31873,0
31874,0
31875,0
31876,0
31877,1
31878,0
31879,0
31880,0
31881,0
31882,0
31883,0
31884,1
31885,0
31886,0
31887,1
31888,0
31889,1
31890,0
31891,0
31892,0
31893,0
31894,0
31895,1
31896,0
31897,0
31898,1
31899,0
31900,1
31901,0
31902,1
31903,1
31904,0
31905,0
31906,0
31907,0
31908,0
31909,1
31910,0
31911,0
31912,0
31913,1
31914,0
31915,0
31916,1
31917,1
31918,1
31919,1
31920,0
31921,1
31922,0
31923,0
31924,0
31925,0
31926,0
31927,1
31928,0
31929,1
31930,0
31931,1
31932,0
31933,0
31934,0
31935,0
31936,0
31937,1
31938,0
31939,1
31940,1
31941,0
31942,0
31943,1
31944,0
31945,0
31946,0
31947,0
31948,0
31949,0
31950,0
31951,0
31952,0
31953,0
31954,0
31955,0
31956,0
31957,0
31958,0
31959,0
31960,1
31961,0
31962,0
31963,0
31964,0
31965,0
31966,0
31967,1
31968,0
31969,1
31970,1
31971,0
31972,1
31973,1
31974,0
31975,1
31976,0
31977,0
31978,0
31979,0
31980,0
31981,1
31982,0
31983,1
31984,0
31985,1
31986,0
31987,0
31988,0
31989,1
31990,0
31991,1
31992,1
31993,0
31994,0
31995,0
31996,0
31997,1
31998,0
31999,0
32000,1
32001,0
32002,0
32003,0
32004,0
32005,0
32006,1
32007,0
32008,1
32009,0
32010,1
32011,1
32012,1
32013,0
32014,0
32015,0
32016,0
32017,0
32018,0
32019,0
32020,0
32021,0
32022,0
32023,1
32024,1
32025,1
32026,0
32027,0
32028,1
32029,0
32030,0
32031,0
32032,1
32033,1
32034,0
32035,1
32036,1
32037,0
32038,0
32039,1
32040,0
32041,0
32042,0
32043,0
32044,0
32045,0
32046,1
32047,1
32048,1
32049,0
32050,1
32051,1
32052,0
32053,0
32054,1
32055,0
32056,0
32057,0
32058,0
32059,1
32060,0
32061,0
32062,0
32063,0
32064,1
32065,0
32066,1
32067,0
32068,0
32069,1
32070,0
32071,0
32072,1
32073,0
32074,0
32075,0
32076,0
32077,1
32078,0
32079,1
32080,1
32081,1
32082,0
32083,0
32084,0
32085,1
32086,0
32087,1
32088,0
32089,1
32090,1
32091,1
32092,0
32093,0
32094,1
32095,0
32096,0
32097,0
32098,0
32099,1
32100,0
32101,0
32102,0
32103,0
32104,0
32105,1
32106,0
32107,0
32108,0
32109,0
32110,0
32111,0
32112,0
32113,1
32114,0
32115,1
32116,0
32117,1
32118,0
32119,0
32120,1
32121,1
32122,1
32123,1
32124,0
32125,1
32126,0
32127,0
32128,0
32129,0
32130,0
32131,1
32132,1
32133,0
32134,1
32135,0
32136,0
32137,1
32138,0
32139,1
32140,1
32141,1
32142,0
32143,1
32144,0
32145,0
32146,1
32147,0
32148,0
32149,0
32150,1
32151,0
32152,0
32153,1
32154,1
32155,0
32156,1
32157,0
32158,0
32159,1
32160,1
32161,1
32162,0
32163,1
32164,1
32165,1
32166,0
32167,1
32168,0
32169,1
32170,0
32171,0
32172,1
32173,0
32174,1
32175,0
32176,0
32177,0
32178,0
32179,0
32180,0
32181,0
32182,0
32183,0
32184,1
32185,1
32186,0
32187,1
32188,0
32189,0
32190,1
32191,0
32192,1
32193,1
32194,1
32195,0
32196,1
32197,1
32198,0
32199,0
32200,0
32201,1
32202,0
32203,1
32204,0
32205,0
32206,1
32207,0
32208,0
32209,1
32210,1
32211,0
32212,0
32213,0
32214,1
32215,1
32216,0
32217,0
32218,0
32219,0
32220,0
32221,0
32222,0
32223,0
32224,1
32225,0
32226,1
32227,1
32228,0
32229,1
32230,0
32231,0
32232,0
32233,1
32234,1
32235,1
32236,0
32237,0
32238,0
32239,0
32240,0
32241,1
32242,0
32243,0
32244,0
32245,0
32246,1
32247,1
32248,0
32249,1
32250,0
32251,0
32252,0
32253,1
32254,0
32255,0
32256,0
32257,0
32258,1
32259,0
32260,0
32261,0
32262,0
32263,1
32264,0
32265,0
32266,0
32267,0
32268,0
32269,1
32270,1
32271,0
32272,0
32273,0
32274,0
32275,1
32276,0
32277,1
32278,1
32279,1
32280,0
32281,1
32282,0
32283,0
32284,0
32285,0
32286,0
32287,0
32288,1
32289,0
32290,1
32291,0
32292,0
32293,1
32294,1
32295,1
32296,1
32297,0
32298,0
32299,0
32300,0
32301,0
32302,1
32303,0
32304,0
32305,0
32306,0
32307,1
32308,0
32309,0
32310,1
32311,0
32312,1
32313,0
32314,0
32315,0
32316,0
32317,0
32318,1
32319,1
32320,1
32321,0
32322,0
32323,0
32324,0
32325,0
32326,0
32327,0
32328,0
32329,0
32330,1
32331,0
32332,0
32333,1
32334,0
32335,0
32336,1
32337,1
32338,1
32339,0
32340,0
32341,0
32342,1
32343,1
32344,1
32345,0
32346,0
32347,0
32348,0
32349,0
32350,0
32351,1
32352,1
32353,1
32354,0
32355,1
32356,1
32357,1
32358,0
32359,1
32360,0
32361,0
32362,1
32363,1
32364,0
32365,0
32366,1
32367,0
32368,0
32369,0
32370,0
32371,1
32372,1
32373,1
32374,0
32375,0
32376,0
32377,0
32378,1
32379,1
32380,0
32381,0
32382,0
32383,0
32384,0
32385,1
32386,0
32387,0
32388,0
32389,0
32390,0
32391,1
32392,0
32393,1
32394,0
32395,0
32396,1
32397,0
32398,0
32399,0
32400,1
32401,1
32402,0
32403,0
32404,1
32405,0
32406,1
32407,0
32408,1
32409,1
32410,1
32411,0
32412,0
32413,0
32414,0
32415,0
32416,1
32417,1
32418,0
32419,0
32420,0
32421,0
32422,0
32423,0
32424,0
32425,0
32426,1
32427,0
32428,0
32429,1
32430,1
32431,1
32432,0
32433,0
32434,0
32435,0
32436,0
32437,0
32438,0
32439,1
32440,0
32441,0
32442,1
32443,1
32444,0
32445,1
32446,0
32447,0
32448,0
32449,1
32450,1
32451,0
32452,0
32453,0
32454,0
32455,0
32456,0
32457,0
32458,0
32459,1
32460,0
32461,0
32462,0
32463,0
32464,1
32465,0
32466,0
32467,0
32468,0
32469,1
32470,1
32471,1
32472,1
32473,1
32474,1
32475,0
32476,0
32477,0
32478,0
32479,0
32480,1
32481,1
32482,1
32483,0
32484,0
32485,0
32486,0
32487,0
32488,0
32489,1
32490,0
32491,0
32492,0
32493,0
32494,0
32495,1
32496,1
32497,1
32498,1
32499,0
32500,1
32501,0
32502,0
32503,0
32504,1
32505,0
32506,0
32507,0
32508,0
32509,0
32510,0
32511,1
32512,1
32513,0
32514,1
32515,1
32516,1
32517,0
32518,0
32519,0
32520,0
32521,1
32522,0
32523,0
32524,0
32525,0
32526,0
32527,0
32528,1
32529,0
32530,0
32531,0
32532,0
32533,1
32534,0
32535,0
32536,1
32537,0
32538,0
32539,0
32540,0
32541,1
32542,0
32543,1
32544,1
32545,0
32546,0
32547,0
32548,0
32549,0
32550,0
32551,0
32552,0
32553,0
32554,0
32555,0
32556,0
32557,1
32558,1
32559,0
32560,0
32561,0
32562,0
32563,0
32564,0
32565,0
32566,0
32567,0
32568,1
32569,0
32570,1
32571,0
32572,0
32573,1
32574,1
32575,0
32576,1
32577,1
32578,0
32579,1
32580,1
32581,0
32582,0
32583,0
32584,0
32585,1
32586,0
32587,0
32588,0
32589,0
32590,1
32591,0
32592,1
32593,1
32594,1
32595,1
32596,0
32597,1
32598,0
32599,1
32600,0
32601,0
32602,0
32603,1
32604,0
32605,0
32606,1
32607,1
32608,1
32609,1
32610,0
32611,1
32612,0
32613,1
32614,1
32615,0
32616,0
32617,0
32618,1
32619,1
32620,1
32621,0
32622,1
32623,1
32624,1
32625,0
32626,0
32627,0
32628,0
32629,0
32630,0
32631,0
32632,1
32633,1
32634,0
32635,0
32636,0
32637,0
32638,0
32639,0
32640,0
32641,0
32642,0
32643,1
32644,1
32645,0
32646,0
32647,1
32648,0
32649,1
32650,1
32651,1
32652,1
32653,1
32654,0
32655,0
32656,0
32657,0
32658,0
32659,1
32660,0
32661,0
32662,0
32663,0
32664,0
32665,1
32666,0
32667,0
32668,0
32669,0
32670,0
32671,0
32672,1
32673,1
32674,1
32675,0
32676,0
32677,1
32678,0
32679,1
32680,0
32681,0
32682,1
32683,0
32684,1
32685,0
32686,1
32687,0
32688,1
32689,1
32690,0
32691,0
32692,0
32693,0
32694,0
32695,1
32696,1
32697,0
32698,0
32699,0
32700,0
32701,1
32702,1
32703,0
32704,1
32705,0
32706,0
32707,0
32708,0
32709,0
32710,0
32711,1
32712,0
32713,0
32714,0
32715,0
32716,0
32717,1
32718,0
32719,1
32720,0
32721,0
32722,1
32723,0
32724,0
32725,0
32726,0
32727,0
32728,1
32729,0
32730,0
32731,0
32732,0
32733,0
32734,0
32735,0
32736,0
32737,0
32738,0
32739,0
32740,0
32741,0
32742,0
32743,1
32744,0
32745,1
32746,1
32747,0
32748,0
32749,0
32750,0
32751,1
32752,0
32753,1
32754,1
32755,1
32756,0
32757,0
32758,0
32759,0
32760,0
32761,1
32762,1
32763,1
32764,0
32765,1
32766,1
32767,0
32768,0
32769,1
32770,1
32771,1
32772,1
32773,0
32774,1
32775,0
32776,0
32777,1
32778,0
32779,0
32780,1
32781,0
32782,1
32783,0
32784,0
32785,0
32786,0
32787,1
32788,1
32789,0
32790,1
32791,0
32792,0
32793,1
32794,0
32795,1
32796,1
32797,0
32798,0
32799,1
32800,0
32801,0
32802,0
32803,1
32804,1
32805,0
32806,1
32807,0
32808,1
32809,0
32810,1
32811,1
32812,0
32813,0
32814,0
32815,0
32816,0
32817,0
32818,0
32819,1
32820,0
32821,1
32822,1
32823,1
32824,1
32825,1
32826,1
32827,0
32828,0
32829,1
32830,1
32831,1
32832,0
32833,0
32834,0
32835,0
32836,0
32837,0
32838,0
32839,0
32840,1
32841,0
32842,0
32843,0
32844,1
32845,1
32846,1
32847,0
32848,1
32849,0
32850,0
32851,0
32852,0
32853,0
32854,0
32855,1
32856,1
32857,0
32858,0
32859,1
32860,0
32861,0
32862,1
32863,0
32864,0
32865,1
32866,0
32867,0
32868,0
32869,0
32870,0
32871,1
32872,0
32873,0
32874,0
32875,1
32876,1
32877,0
32878,0
32879,0
32880,0
32881,0
32882,0
32883,1
32884,1
32885,1
32886,1
32887,0
32888,1
32889,1
32890,1
32891,0
32892,1
32893,1
32894,1
32895,0
32896,1
32897,0
32898,0
32899,0
32900,0
32901,1
32902,1
32903,0
32904,0
32905,0
32906,0
32907,0
32908,1
32909,0
32910,0
32911,0
32912,0
32913,0
32914,1
32915,0
32916,0
32917,0
32918,1
32919,0
32920,0
32921,1
32922,0
32923,0
32924,0
32925,0
32926,0
32927,0
32928,1
32929,0
32930,0
32931,0
32932,0
32933,0
32934,0
32935,0
32936,1
32937,0
32938,0
32939,0
32940,0
32941,1
32942,0
32943,0
32944,1
32945,1
32946,1
32947,0
32948,0
32949,1
32950,1
32951,0
32952,0
32953,0
32954,1
32955,0
32956,0
32957,1
32958,1
32959,1
32960,1
32961,1
32962,0
32963,1
32964,0
32965,1
32966,1
32967,0
32968,1
32969,0
32970,1
32971,1
32972,1
32973,0
32974,1
32975,1
32976,1
32977,1
32978,0
32979,0
32980,1
32981,0
32982,0
32983,0
32984,0
32985,0
32986,0
32987,0
32988,1
32989,1
32990,1
32991,0
32992,0
32993,1
32994,1
32995,1
32996,1
32997,0
32998,1
32999,1
33000,0
33001,1
33002,1
33003,0
33004,0
33005,1
33006,0
33007,1
33008,0
33009,0
33010,1
33011,0
33012,1
33013,1
33014,0
33015,1
33016,0
33017,1
33018,0
33019,0
33020,0
33021,1
33022,0
33023,0
33024,1
33025,1
33026,0
33027,1
33028,0
33029,1
33030,1
33031,0
33032,1
33033,0
33034,0
33035,0
33036,1
33037,1
33038,0
33039,1
33040,0
33041,0
33042,1
33043,0
33044,0
33045,1
33046,0
33047,0
33048,0
33049,0
33050,1
33051,1
33052,0
33053,0
33054,1
33055,1
33056,0
33057,1
33058,1
33059,0
33060,0
33061,0
33062,1
33063,0
33064,1
33065,0
33066,0
33067,0
33068,0
33069,0
33070,0
33071,0
33072,0
33073,0
33074,0
33075,0
33076,1
33077,0
33078,0
33079,0
33080,1
33081,0
33082,1
33083,0
33084,0
33085,0
33086,0
33087,0
33088,1
33089,0
33090,0
33091,1
33092,0
33093,0
33094,1
33095,0
33096,1
33097,0
33098,1
33099,0
33100,0
33101,0
33102,0
33103,1
33104,0
33105,0
33106,0
33107,0
33108,1
33109,0
33110,0
33111,0
33112,0
33113,1
33114,0
33115,1
33116,0
33117,0
33118,0
33119,0
33120,0
33121,1
33122,0
33123,1
33124,1
33125,0
33126,0
33127,0
33128,0
33129,0
33130,1
33131,0
33132,1
33133,0
33134,1
33135,1
33136,1
33137,0
33138,1
33139,1
33140,1
33141,1
33142,0
33143,1
33144,0
33145,1
33146,1
33147,0
33148,0
33149,0
33150,0
33151,0
33152,0
33153,0
33154,1
33155,0
33156,0
33157,1
33158,0
33159,0
33160,0
33161,0
33162,0
33163,0
33164,0
33165,1
33166,1
33167,1
33168,1
33169,0
33170,0
33171,0
33172,0
33173,0
33174,1
33175,0
33176,1
33177,1
33178,1
33179,0
33180,0
33181,0
33182,1
33183,1
33184,0
33185,1
33186,1
33187,1
33188,1
33189,0
33190,0
33191,1
33192,0
33193,1
33194,1
33195,0
33196,0
33197,0
33198,0
33199,0
33200,0
33201,0
33202,0
33203,0
33204,1
33205,0
33206,1
33207,1
33208,0
33209,0
33210,0
33211,0
33212,0
33213,0
33214,0
33215,0
33216,0
33217,1
33218,0
33219,0
33220,1
33221,1
33222,0
33223,1
33224,0
33225,0
33226,1
33227,1
33228,0
33229,1
33230,1
33231,0
33232,0
33233,0
33234,0
33235,1
33236,1
33237,0
33238,0
33239,0
33240,0
33241,0
33242,0
33243,1
33244,0
33245,1
33246,1
33247,1
33248,0
33249,0
33250,0
33251,0
33252,0
33253,0
33254,0
33255,0
33256,1
33257,1
33258,0
33259,0
33260,1
33261,0
33262,1
33263,1
33264,1
33265,0
33266,1
33267,0
33268,1
33269,1
33270,1
33271,0
33272,0
33273,0
33274,0
33275,0
33276,0
33277,0
33278,0
33279,0
33280,1
33281,1
33282,1
33283,1
33284,1
33285,0
33286,1
33287,0
33288,0
33289,1
33290,1
33291,1
33292,1
33293,0
33294,0
33295,0
33296,0
33297,1
33298,1
33299,0
33300,0
33301,0
33302,1
33303,0
33304,1
33305,0
33306,0
33307,1
33308,0
33309,0
33310,0
33311,1
33312,0
33313,1
33314,1
33315,1
33316,0
33317,0
33318,0
33319,1
33320,1
33321,1
33322,1
33323,1
33324,1
33325,0
33326,1
33327,0
33328,1
33329,0
33330,0
33331,0
33332,1
33333,0
33334,0
33335,0
33336,0
33337,0
33338,0
33339,0
33340,0
33341,1
33342,1
33343,1
33344,1
33345,0
33346,1
33347,0
33348,1
33349,0
33350,0
33351,1
33352,0
33353,1
33354,1
33355,1
33356,1
33357,0
33358,0
33359,0
33360,1
33361,0
33362,0
33363,0
33364,0
33365,1
33366,0
33367,1
33368,1
33369,0
33370,1
33371,0
33372,1
33373,0
33374,0
33375,1
33376,1
33377,1
33378,0
33379,0
33380,0
33381,1
33382,0
33383,0
33384,0
33385,0
33386,0
33387,0
33388,0
33389,1
33390,1
33391,0
33392,0
33393,0
33394,0
33395,0
33396,1
33397,0
33398,0
33399,1
33400,1
33401,0
33402,0
33403,0
33404,1
33405,1
33406,1
33407,0
33408,1
33409,0
33410,0
33411,0
33412,0
33413,0
33414,1
33415,0
33416,0
33417,1
33418,0
33419,0
33420,0
33421,0
33422,0
33423,0
33424,0
33425,0
33426,0
33427,0
33428,0
33429,1
33430,0
33431,0
33432,0
33433,0
33434,1
33435,0
33436,0
33437,0
33438,0
33439,0
33440,0
33441,0
33442,0
33443,1
33444,1
33445,1
33446,0
33447,0
33448,1
33449,0
33450,1
33451,0
33452,1
33453,1
33454,0
33455,0
33456,0
33457,0
33458,0
33459,0
33460,1
33461,0
33462,0
33463,1
33464,0
33465,1
33466,0
33467,0
33468,1
33469,1
33470,1
33471,1
33472,1
33473,0
33474,1
33475,0
33476,0
33477,0
33478,0
33479,0
33480,1
33481,0
33482,1
33483,1
33484,0
33485,0
33486,0
33487,1
33488,0
33489,0
33490,0
33491,0
33492,1
33493,0
33494,0
33495,1
33496,0
33497,0
33498,1
33499,1
33500,0
33501,1
33502,0
33503,0
33504,0
33505,0
33506,1
33507,0
33508,0
33509,1
33510,1
33511,0
33512,0
33513,0
33514,0
33515,1
33516,0
33517,1
33518,0
33519,0
33520,0
33521,0
33522,1
33523,0
33524,1
33525,0
33526,0
33527,1
33528,0
33529,0
33530,0
33531,1
33532,0
33533,0
33534,0
33535,0
33536,1
33537,0
33538,0
33539,0
33540,0
33541,0
33542,0
33543,0
33544,1
33545,0
33546,1
33547,1
33548,1
33549,0
33550,0
33551,0
33552,0
33553,0
33554,0
33555,0
33556,1
33557,0
33558,1
33559,0
33560,0
33561,1
33562,0
33563,1
33564,1
33565,1
33566,0
33567,1
33568,1
33569,0
33570,0
33571,0
33572,0
33573,1
33574,0
33575,0
33576,0
33577,0
33578,1
33579,1
33580,1
33581,1
33582,0
33583,0
33584,0
33585,1
33586,1
33587,1
33588,0
33589,1
33590,0
33591,1
33592,1
33593,0
33594,1
33595,0
33596,0
33597,0
33598,0
33599,1
33600,0
33601,0
33602,0
33603,0
33604,0
33605,0
33606,0
33607,0
33608,0
33609,0
33610,1
33611,1
33612,0
33613,0
33614,1
33615,0
33616,1
33617,0
33618,0
33619,0
33620,0
33621,0
33622,1
33623,0
33624,1
33625,1
33626,1
33627,0
33628,1
33629,1
33630,1
33631,1
33632,0
33633,0
33634,0
33635,1
33636,0
33637,0
33638,0
33639,0
33640,0
33641,0
33642,0
33643,1
33644,1
33645,0
33646,0
33647,0
33648,0
33649,0
33650,0
33651,0
33652,1
33653,0
33654,0
33655,0
33656,1
33657,0
33658,1
33659,1
33660,0
33661,1
33662,0
33663,0
33664,1
33665,1
33666,1
33667,0
33668,0
33669,0
33670,0
33671,0
33672,0
33673,0
33674,1
33675,0
33676,0
33677,0
33678,0
33679,0
33680,0
33681,0
33682,0
33683,1
33684,0
33685,0
33686,0
33687,0
33688,1
33689,0
33690,0
33691,1
33692,0
33693,0
33694,0
33695,0
33696,0
33697,0
33698,1
33699,0
33700,0
33701,1
33702,0
33703,1
33704,0
33705,0
33706,1
33707,0
33708,0
33709,1
33710,0
33711,0
33712,0
33713,1
33714,1
33715,1
33716,0
33717,0
33718,1
33719,1
33720,0
33721,1
33722,0
33723,1
33724,1
33725,1
33726,0
33727,1
33728,0
33729,0
33730,1
33731,0
33732,0
33733,0
33734,0
33735,1
33736,1
33737,1
33738,0
33739,0
33740,0
33741,1
33742,1
33743,1
33744,1
33745,1
33746,1
33747,1
33748,1
33749,0
33750,0
33751,0
33752,0
33753,0
33754,1
33755,0
33756,0
33757,0
33758,0
33759,0
33760,1
33761,0
33762,1
33763,0
33764,0
33765,0
33766,1
33767,0
33768,0
33769,1
33770,0
33771,1
33772,1
33773,0
33774,0
33775,1
33776,0
33777,0
33778,1
33779,1
33780,0
33781,1
33782,0
33783,1
33784,1
33785,1
33786,0
33787,0
33788,1
33789,0
33790,1
33791,0
33792,0
33793,0
33794,0
33795,1
33796,0
33797,0
33798,0
33799,0
33800,0
33801,1
33802,1
33803,0
33804,1
33805,0
33806,1
33807,1
33808,0
33809,0
33810,0
33811,1
33812,0
33813,0
33814,0
33815,0
33816,0
33817,0
33818,0
33819,0
33820,0
33821,1
33822,1
33823,0
33824,0
33825,1
33826,0
33827,0
33828,1
33829,0
33830,0
33831,1
33832,0
33833,0
33834,0
33835,1
33836,1
33837,1
33838,0
33839,0
33840,0
33841,1
33842,0
33843,0
33844,1
33845,0
33846,1
33847,1
33848,0
33849,0
33850,0
33851,0
33852,0
33853,0
33854,0
33855,0
33856,0
33857,0
33858,0
33859,0
33860,0
33861,1
33862,0
33863,0
33864,1
33865,1
33866,0
33867,1
33868,0
33869,0
33870,0
33871,0
33872,0
33873,0
33874,0
33875,1
33876,0
33877,0
33878,0
33879,0
33880,0
33881,0
33882,0
33883,0
33884,0
33885,1
33886,1
33887,0
33888,0
33889,0
33890,1
33891,1
33892,1
33893,0
33894,0
33895,0
33896,0
33897,0
33898,0
33899,0
33900,1
33901,0
33902,0
33903,0
33904,0
33905,0
33906,1
33907,1
33908,0
33909,0
33910,0
33911,0
33912,0
33913,0
33914,0
33915,1
33916,0
33917,0
33918,0
33919,0
33920,0
33921,1
33922,1
33923,0
33924,1
33925,1
33926,1
33927,0
33928,0
33929,1
33930,0
33931,1
33932,1
33933,1
33934,0
33935,0
33936,0
33937,0
33938,0
33939,1
33940,1
33941,0
33942,0
33943,1
33944,0
33945,0
33946,1
33947,1
33948,0
33949,0
33950,0
33951,0
33952,0
33953,0
33954,1
33955,0
33956,1
33957,1
33958,1
33959,1
33960,0
33961,0
33962,1
33963,0
33964,1
33965,0
33966,0
33967,1
33968,1
33969,0
33970,1
33971,0
33972,0
33973,1
33974,0
33975,0
33976,0
33977,0
33978,0
33979,1
33980,0
33981,0
33982,1
33983,0
33984,0
33985,1
33986,1
33987,0
33988,0
33989,1
33990,1
33991,0
33992,0
33993,0
33994,1
33995,1
33996,1
33997,0
33998,0
33999,1
34000,0
34001,0
34002,0
34003,1
34004,1
34005,0
34006,0
34007,0
34008,1
34009,0
34010,0
34011,0
34012,0
34013,0
34014,0
34015,0
34016,0
34017,0
34018,1
34019,1
34020,1
34021,1
34022,0
34023,1
34024,1
34025,0
34026,0
34027,0
34028,1
34029,0
34030,0
34031,0
34032,0
34033,1
34034,1
34035,1
34036,0
34037,1
34038,1
34039,0
34040,1
34041,0
34042,0
34043,1
34044,1
34045,1
34046,0
34047,1
34048,1
34049,1
34050,0
34051,0
34052,0
34053,0
34054,0
34055,1
34056,0
34057,0
34058,0
34059,1
34060,1
34061,0
34062,0
34063,1
34064,0
34065,0
34066,0
34067,1
34068,0
34069,0
34070,0
34071,0
34072,0
34073,0
34074,0
34075,1
34076,0
34077,0
34078,0
34079,0
34080,0
34081,1
34082,0
34083,0
34084,0
34085,0
34086,1
34087,1
34088,1
34089,1
34090,1
34091,0
34092,0
34093,0
34094,0
34095,1
34096,0
34097,0
34098,1
34099,0
34100,0
34101,1
34102,0
34103,0
34104,0
34105,0
34106,0
34107,0
34108,1
34109,0
34110,0
34111,0
34112,0
34113,1
34114,0
34115,1
34116,0
34117,0
34118,0
34119,0
34120,1
34121,1
34122,0
34123,1
34124,1
34125,1
34126,1
34127,1
34128,1
34129,0
34130,1
34131,1
34132,0
34133,0
34134,0
34135,1
34136,0
34137,1
34138,0
34139,0
34140,1
34141,1
34142,1
34143,1
34144,0
34145,0
34146,1
34147,0
34148,0
34149,1
34150,0
34151,0
34152,0
34153,0
34154,0
34155,0
34156,1
34157,0
34158,0
34159,0
34160,1
34161,1
34162,1
34163,1
34164,1
34165,0
34166,0
34167,0
34168,0
34169,0
34170,0
34171,1
34172,1
34173,0
34174,0
34175,0
34176,0
34177,0
34178,1
34179,0
34180,0
34181,1
34182,1
34183,0
34184,1
34185,0
34186,0
34187,0
34188,1
34189,1
34190,1
34191,1
34192,0
34193,0
34194,1
34195,0
34196,0
34197,0
34198,1
34199,0
34200,1
34201,1
34202,0
34203,0
34204,0
34205,1
34206,0
34207,1
34208,0
34209,1
34210,1
34211,1
34212,0
34213,0
34214,0
34215,0
34216,1
34217,0
34218,1
34219,1
34220,0
34221,0
34222,1
34223,0
34224,0
34225,0
34226,0
34227,1
34228,1
34229,0
34230,0
34231,1
34232,0
34233,1
34234,1
34235,0
34236,0
34237,0
34238,0
34239,0
34240,0
34241,0
34242,0
34243,0
34244,0
34245,0
34246,0
34247,0
34248,0
34249,0
34250,1
34251,1
34252,1
34253,0
34254,1
34255,0
34256,0
34257,0
34258,0
34259,0
34260,0
34261,1
34262,0
34263,1
34264,1
34265,0
34266,0
34267,0
34268,1
34269,1
34270,0
34271,1
34272,0
34273,0
34274,0
34275,0
34276,0
34277,1
34278,1
34279,0
34280,1
34281,1
34282,0
34283,0
34284,0
34285,0
34286,1
34287,0
34288,1
34289,0
34290,0
34291,1
34292,0
34293,1
34294,0
34295,1
34296,1
34297,1
34298,0
34299,0
34300,1
34301,0
34302,0
34303,1
34304,0
34305,0
34306,0
34307,1
34308,0
34309,1
34310,0
34311,1
34312,0
34313,0
34314,0
34315,0
34316,1
34317,1
34318,0
34319,0
34320,1
34321,0
34322,0
34323,0
34324,0
34325,0
34326,0
34327,1
34328,0
34329,0
34330,1
34331,1
34332,0
34333,0
34334,0
34335,0
34336,1
34337,0
34338,1
34339,0
34340,0
34341,0
34342,1
34343,1
34344,0
34345,0
34346,0
34347,0
34348,0
34349,0
34350,0
34351,1
34352,1
34353,0
34354,1
34355,0
34356,0
34357,1
34358,0
34359,0
34360,0
34361,0
34362,0
34363,0
34364,0
34365,0
34366,0
34367,0
34368,1
34369,0
34370,0
34371,1
34372,0
34373,0
34374,0
34375,0
34376,0
34377,0
34378,0
34379,0
34380,1
34381,0
34382,1
34383,0
34384,0
34385,0
34386,0
34387,1
34388,1
34389,0
34390,0
34391,0
34392,0
34393,0
34394,0
34395,0
34396,0
34397,0
34398,0
34399,1
34400,0
34401,0
34402,1
34403,1
34404,0
34405,0
34406,1
34407,1
34408,1
34409,1
34410,0
34411,0
34412,1
34413,1
34414,0
34415,0
34416,1
34417,0
34418,0
34419,0
34420,1
34421,0
34422,0
34423,0
34424,0
34425,1
34426,0
34427,0
34428,0
34429,0
34430,0
34431,1
34432,1
34433,0
34434,0
34435,0
34436,0
34437,0
34438,1
34439,0
34440,0
34441,0
34442,0
34443,1
34444,0
34445,0
34446,0
34447,1
34448,0
34449,1
34450,1
34451,0
34452,1
34453,0
34454,1
34455,0
34456,0
34457,1
34458,1
34459,0
34460,0
34461,1
34462,0
34463,0
34464,0
34465,0
34466,1
34467,0
34468,0
34469,0
34470,1
34471,0
34472,0
34473,1
34474,0
34475,1
34476,0
34477,0
34478,1
34479,0
34480,0
34481,1
34482,1
34483,0
34484,1
34485,0
34486,0
34487,1
34488,1
34489,0
34490,0
34491,0
34492,1
34493,0
34494,1
34495,0
34496,1
34497,0
34498,0
34499,0
34500,0
34501,1
34502,1
34503,0
34504,0
34505,1
34506,0
34507,0
34508,1
34509,0
34510,0
34511,0
34512,0
34513,1
34514,1
34515,0
34516,1
34517,0
34518,1
34519,1
34520,0
34521,0
34522,0
34523,1
34524,0
34525,1
34526,0
34527,0
34528,1
34529,0
34530,1
34531,0
34532,1
34533,0
34534,0
34535,1
34536,0
34537,0
34538,1
34539,0
34540,0
34541,1
34542,0
34543,1
34544,0
34545,0
34546,1
34547,1
34548,1
34549,0
34550,0
34551,1
34552,0
34553,1
34554,0
34555,1
34556,0
34557,1
34558,1
34559,1
34560,0
34561,0
34562,0
34563,0
34564,0
34565,0
34566,1
34567,0
34568,0
34569,0
34570,0
34571,0
34572,0
34573,1
34574,0
34575,1
34576,1
34577,0
34578,0
34579,1
34580,0
34581,1
34582,0
34583,0
34584,1
34585,0
34586,0
34587,0
34588,0
34589,0
34590,1
34591,0
34592,0
34593,1
34594,0
34595,1
34596,0
34597,0
34598,1
34599,0
34600,0
34601,1
34602,1
34603,0
34604,0
34605,1
34606,0
34607,0
34608,0
34609,0
34610,0
34611,1
34612,0
34613,0
34614,0
34615,0
34616,1
34617,0
34618,1
34619,0
34620,1
34621,0
34622,1
34623,1
34624,0
34625,1
34626,0
34627,1
34628,1
34629,1
34630,1
34631,0
34632,0
34633,0
34634,1
34635,1
34636,0
34637,0
34638,0
34639,0
34640,0
34641,0
34642,0
34643,0
34644,1
34645,1
34646,0
34647,0
34648,0
34649,1
34650,1
34651,0
34652,0
34653,0
34654,1
34655,1
34656,1
34657,1
34658,0
34659,1
34660,0
34661,0
34662,0
34663,1
34664,0
34665,0
34666,1
34667,0
34668,0
34669,1
34670,0
34671,1
34672,0
34673,0
34674,1
34675,1
34676,0
34677,0
34678,0
34679,0
34680,0
34681,1
34682,1
34683,0
34684,0
34685,1
34686,0
34687,1
34688,0
34689,0
34690,0
34691,0
34692,0
34693,1
34694,1
34695,0
34696,0
34697,1
34698,0
34699,1
34700,1
34701,0
34702,0
34703,0
34704,0
34705,0
34706,1
34707,0
34708,0
34709,0
34710,0
34711,0
34712,0
34713,1
34714,1
34715,0
34716,0
34717,1
34718,1
34719,0
34720,1
34721,1
34722,1
34723,1
34724,0
34725,0
34726,1
34727,0
34728,0
34729,0
34730,0
34731,1
34732,0
34733,0
34734,0
34735,0
34736,1
34737,1
34738,1
34739,0
34740,0
34741,0
34742,1
34743,1
34744,0
34745,0
34746,1
34747,0
34748,1
34749,0
34750,0
34751,1
34752,0
34753,0
34754,1
34755,1
34756,0
34757,0
34758,1
34759,1
34760,0
34761,0
34762,0
34763,1
34764,1
34765,1
34766,0
34767,0
34768,0
34769,0
34770,1
34771,0
34772,0
34773,1
34774,0
34775,0
34776,0
34777,1
34778,0
34779,0
34780,0
34781,0
34782,1
34783,0
34784,1
34785,0
34786,1
34787,0
34788,0
34789,0
34790,0
34791,1
34792,1
34793,0
34794,0
34795,0
34796,0
34797,0
34798,1
34799,1
34800,1
34801,0
34802,1
34803,1
34804,0
34805,0
34806,1
34807,1
34808,1
34809,0
34810,1
34811,0
34812,0
34813,0
34814,0
34815,1
34816,0
34817,1
34818,0
34819,0
34820,1
34821,0
34822,0
34823,1
34824,0
34825,0
34826,0
34827,0
34828,1
34829,1
34830,1
34831,0
34832,1
34833,0
34834,0
34835,0
34836,0
34837,1
34838,1
34839,0
34840,0
34841,0
34842,0
34843,0
34844,1
34845,0
34846,0
34847,0
34848,1
34849,0
34850,0
34851,0
34852,1
34853,1
34854,0
34855,1
34856,0
34857,0
34858,0
34859,1
34860,1
34861,1
34862,1
34863,0
34864,0
34865,0
34866,0
34867,0
34868,0
34869,1
34870,0
34871,0
34872,1
34873,0
34874,0
34875,1
34876,1
34877,0
34878,0
34879,0
34880,0
34881,1
34882,1
34883,1
34884,0
34885,0
34886,0
34887,1
34888,0
34889,1
34890,1
34891,0
34892,1
34893,0
34894,0
34895,0
34896,0
34897,0
34898,1
34899,1
34900,0
34901,1
34902,1
34903,0
34904,1
34905,0
34906,1
34907,0
34908,0
34909,0
34910,0
34911,0
34912,0
34913,0
34914,1
34915,0
34916,0
34917,0
34918,1
34919,1
34920,0
34921,0
34922,1
34923,0
34924,0
34925,0
34926,0
34927,0
34928,1
34929,0
34930,1
34931,0
34932,1
34933,0
34934,1
34935,1
34936,1
34937,0
34938,0
34939,0
34940,0
34941,0
34942,1
34943,0
34944,0
34945,0
34946,1
34947,1
34948,1
34949,0
34950,1
34951,1
34952,0
34953,1
34954,0
34955,1
34956,0
34957,0
34958,0
34959,1
34960,0
34961,0
34962,1
34963,0
34964,0
34965,0
34966,1
34967,0
34968,0
34969,0
34970,1
34971,0
34972,0
34973,0
34974,0
34975,1
34976,1
34977,0
34978,1
34979,0
34980,0
34981,0
34982,0
34983,0
34984,0
34985,0
34986,0
34987,0
34988,0
34989,1
34990,0
34991,1
34992,0
34993,0
34994,0
34995,1
34996,0
34997,0
34998,0
34999,1
35000,1
35001,1
35002,0
35003,0
35004,0
35005,0
35006,0
35007,0
35008,0
35009,0
35010,0
35011,0
35012,0
35013,1
35014,1
35015,0
35016,1
35017,0
35018,0
35019,0
35020,0
35021,0
35022,1
35023,1
35024,1
35025,0
35026,0
35027,0
35028,0
35029,0
35030,0
35031,0
35032,0
35033,0
35034,1
35035,1
35036,1
35037,1
35038,1
35039,1
35040,1
35041,0
35042,0
35043,0
35044,0
35045,0
35046,1
35047,1
35048,1
35049,0
35050,1
35051,0
35052,1
35053,0
35054,1
35055,1
35056,0
35057,1
35058,0
35059,0
35060,0
35061,1
35062,0
35063,1
35064,0
35065,1
35066,1
35067,0
35068,0
35069,0
35070,0
35071,0
35072,1
35073,0
35074,1
35075,1
35076,1
35077,0
35078,0
35079,1
35080,1
35081,0
35082,0
35083,1
35084,0
35085,1
35086,0
35087,0
35088,1
35089,1
35090,0
35091,1
35092,0
35093,0
35094,0
35095,0
35096,0
35097,0
35098,1
35099,0
35100,0
35101,0
35102,1
35103,1
35104,1
35105,1
35106,0
35107,0
35108,1
35109,1
35110,0
35111,1
35112,1
35113,1
35114,0
35115,0
35116,0
35117,1
35118,0
35119,1
35120,0
35121,0
35122,0
35123,1
35124,0
35125,0
35126,0
35127,1
35128,0
35129,1
35130,0
35131,0
35132,0
35133,1
35134,1
35135,0
35136,0
35137,0
35138,1
35139,1
35140,0
35141,0
35142,0
35143,0
35144,0
35145,0
35146,0
35147,1
35148,0
35149,1
35150,0
35151,0
35152,0
35153,0
35154,0
35155,0
35156,0
35157,1
35158,1
35159,0
35160,1
35161,0
35162,0
35163,0
35164,1
35165,1
35166,1
35167,0
35168,0
35169,0
35170,0
35171,0
35172,1
35173,1
35174,1
35175,1
35176,0
35177,0
35178,1
35179,0
35180,0
35181,0
35182,0
35183,0
35184,1
35185,0
35186,0
35187,0
35188,0
35189,0
35190,0
35191,0
35192,0
35193,0
35194,0
35195,0
35196,0
35197,0
35198,0
35199,1
35200,0
35201,1
35202,1
35203,1
35204,0
35205,1
35206,0
35207,0
35208,1
35209,1
35210,0
35211,0
35212,0
35213,0
35214,0
35215,0
35216,1
35217,0
35218,0
35219,0
35220,0
35221,0
35222,0
35223,1
35224,0
35225,1
35226,1
35227,1
35228,1
35229,0
35230,0
35231,0
35232,0
35233,0
35234,0
35235,0
35236,0
35237,0
35238,1
35239,0
35240,0
35241,0
35242,0
35243,0
35244,1
35245,1
35246,0
35247,0
35248,1
35249,0
35250,0
35251,0
35252,1
35253,0
35254,1
35255,1
35256,1
35257,0
35258,1
35259,1
35260,0
35261,1
35262,0
35263,0
35264,1
35265,1
35266,1
35267,1
35268,1
35269,0
35270,1
35271,0
35272,0
35273,0
35274,1
35275,1
35276,0
35277,1
35278,0
35279,1
35280,0
35281,1
35282,0
35283,0
35284,1
35285,1
35286,0
35287,0
35288,1
35289,0
35290,1
35291,1
35292,0
35293,1
35294,1
35295,0
35296,1
35297,1
35298,0
35299,0
35300,1
35301,0
35302,0
35303,0
35304,0
35305,1
35306,1
35307,0
35308,0
35309,1
35310,1
35311,1
35312,0
35313,0
35314,0
35315,1
35316,0
35317,0
35318,0
35319,0
35320,0
35321,0
35322,0
35323,0
35324,0
35325,0
35326,0
35327,0
35328,0
35329,0
35330,1
35331,0
35332,0
35333,0
35334,0
35335,1
35336,0
35337,1
35338,0
35339,0
35340,0
35341,1
35342,0
35343,0
35344,0
35345,1
35346,0
35347,0
35348,0
35349,1
35350,0
35351,1
35352,0
35353,0
35354,1
35355,1
35356,1
35357,0
35358,0
35359,1
35360,0
35361,0
35362,1
35363,1
35364,1
35365,0
35366,1
35367,1
35368,0
35369,0
35370,1
35371,0
35372,0
35373,1
35374,0
35375,0
35376,1
35377,1
35378,0
35379,0
35380,1
35381,1
35382,1
35383,1
35384,1
35385,0
35386,0
35387,0
35388,0
35389,1
35390,1
35391,0
35392,1
35393,1
35394,1
35395,1
35396,0
35397,0
35398,1
35399,0
35400,0
35401,0
35402,0
35403,1
35404,0
35405,1
35406,0
35407,0
35408,0
35409,0
35410,0
35411,1
35412,1
35413,0
35414,0
35415,0
35416,0
35417,0
35418,0
35419,0
35420,1
35421,1
35422,0
35423,1
35424,1
35425,0
35426,0
35427,0
35428,1
35429,1
35430,1
35431,1
35432,0
35433,1
35434,1
35435,0
35436,1
35437,0
35438,1
35439,0
35440,1
35441,1
35442,0
35443,0
35444,0
35445,1
35446,1
35447,0
35448,0
35449,0
35450,1
35451,0
35452,1
35453,0
35454,1
35455,1
35456,0
35457,0
35458,1
35459,1
35460,0
35461,0
35462,1
35463,0
35464,1
35465,0
35466,0
35467,0
35468,0
35469,0
35470,1
35471,0
35472,1
35473,0
35474,0
35475,1
35476,0
35477,0
35478,1
35479,0
35480,0
35481,0
35482,0
35483,0
35484,0
35485,0
35486,0
35487,0
35488,1
35489,1
35490,1
35491,0
35492,0
35493,0
35494,0
35495,0
35496,0
35497,1
35498,0
35499,1
35500,0
35501,0
35502,0
35503,0
35504,1
35505,1
35506,0
35507,0
35508,1
35509,0
35510,0
35511,1
35512,0
35513,1
35514,0
35515,1
35516,0
35517,0
35518,0
35519,1
35520,1
35521,0
35522,0
35523,0
35524,1
35525,0
35526,0
35527,0
35528,0
35529,0
35530,0
35531,0
35532,0
35533,1
35534,0
35535,1
35536,0
35537,1
35538,0
35539,0
35540,0
35541,0
35542,0
35543,0
35544,0
35545,0
35546,0
35547,0
35548,0
35549,0
35550,0
35551,0
35552,0
35553,1
35554,0
35555,0
35556,1
35557,0
35558,1
35559,1
35560,1
35561,1
35562,0
35563,0
35564,0
35565,1
35566,1
35567,0
35568,0
35569,0
35570,0
35571,0
35572,0
35573,1
35574,0
35575,0
35576,1
35577,0
35578,0
35579,0
35580,0
35581,1
35582,0
35583,0
35584,1
35585,0
35586,1
35587,0
35588,1
35589,1
35590,1
35591,1
35592,1
35593,0
35594,1
35595,0
35596,1
35597,0
35598,0
35599,0
35600,0
35601,0
35602,1
35603,0
35604,1
35605,0
35606,0
35607,0
35608,1
35609,1
35610,0
35611,0
35612,1
35613,0
35614,1
35615,1
35616,0
35617,0
35618,1
35619,1
35620,1
35621,0
35622,1
35623,1
35624,0
35625,1
35626,1
35627,1
35628,1
35629,0
35630,0
35631,0
35632,1
35633,1
35634,1
35635,1
35636,1
35637,0
35638,1
35639,1
35640,1
35641,0
35642,0
35643,0
35644,1
35645,1
35646,0
35647,1
35648,1
35649,1
35650,0
35651,0
35652,1
35653,1
35654,1
35655,0
35656,0
35657,0
35658,0
35659,0
35660,0
35661,1
35662,0
35663,0
35664,0
35665,0
35666,1
35667,1
35668,1
35669,0
35670,0
35671,1
35672,0
35673,1
35674,0
35675,0
35676,0
35677,0
35678,0
35679,0
35680,1
35681,1
35682,0
35683,1
35684,1
35685,1
35686,0
35687,0
35688,0
35689,0
35690,0
35691,0
35692,0
35693,0
35694,0
35695,0
35696,0
35697,0
35698,1
35699,1
35700,1
35701,1
35702,0
35703,0
35704,0
35705,1
35706,0
35707,0
35708,1
35709,0
35710,1
35711,0
35712,1
35713,0
35714,0
35715,0
35716,0
35717,0
35718,1
35719,0
35720,0
35721,1
35722,0
35723,1
35724,1
35725,1
35726,1
35727,0
35728,0
35729,0
35730,1
35731,0
35732,1
35733,0
35734,0
35735,0
35736,1
35737,0
35738,1
35739,0
35740,1
35741,0
35742,1
35743,0
35744,0
35745,1
35746,0
35747,0
35748,1
35749,1
35750,1
35751,1
35752,0
35753,0
35754,0
35755,0
35756,0
35757,1
35758,1
35759,1
35760,1
35761,0
35762,0
35763,0
35764,1
35765,0
35766,1
35767,0
35768,1
35769,0
35770,1
35771,1
35772,0
35773,1
35774,1
35775,1
35776,1
35777,1
35778,1
35779,0
35780,1
35781,1
35782,0
35783,0
35784,0
35785,0
35786,0
35787,0
35788,0
35789,0
35790,0
35791,0
35792,0
35793,0
35794,1
35795,1
35796,1
35797,0
35798,0
35799,0
35800,0
35801,1
35802,0
35803,0
35804,1
35805,1
35806,1
35807,0
35808,0
35809,1
35810,1
35811,0
35812,0
35813,0
35814,0
35815,0
35816,0
35817,1
35818,0
35819,0
35820,0
35821,0
35822,0
35823,0
35824,1
35825,0
35826,0
35827,1
35828,0
35829,1
35830,0
35831,0
35832,0
35833,1
35834,0
35835,1
35836,0
35837,0
35838,1
35839,0
35840,1
35841,1
35842,0
35843,1
35844,0
35845,0
35846,1
35847,0
35848,0
35849,1
35850,1
35851,0
35852,0
35853,1
35854,0
35855,1
35856,0
35857,0
35858,1
35859,0
35860,1
35861,0
35862,1
35863,0
35864,1
35865,0
35866,0
35867,1
35868,1
35869,0
35870,0
35871,1
35872,1
35873,1
35874,0
35875,0
35876,0
35877,0
35878,0
35879,0
35880,0
35881,0
35882,1
35883,0
35884,1
35885,0
35886,0
35887,1
35888,0
35889,1
35890,0
35891,1
35892,0
35893,1
35894,0
35895,1
35896,0
35897,0
35898,0
35899,0
35900,0
35901,1
35902,0
35903,0
35904,1
35905,1
35906,0
35907,0
35908,0
35909,0
35910,0
35911,0
35912,0
35913,0
35914,1
35915,1
35916,0
35917,1
35918,0
35919,1
35920,0
35921,0
35922,1
35923,0
35924,0
35925,1
35926,0
35927,0
35928,1
35929,0
35930,1
35931,0
35932,1
35933,0
35934,1
35935,1
35936,0
35937,0
35938,1
35939,0
35940,0
35941,1
35942,0
35943,0
35944,0
35945,1
35946,1
35947,0
35948,0
35949,0
35950,1
35951,0
35952,0
35953,1
35954,1
35955,0
35956,1
35957,1
35958,0
35959,0
35960,1
35961,1
35962,1
35963,0
35964,0
35965,1
35966,0
35967,0
35968,1
35969,1
35970,0
35971,1
35972,0
35973,1
35974,0
35975,0
35976,0
35977,0
35978,0
35979,1
35980,0
35981,0
35982,0
35983,1
35984,1
35985,0
35986,1
35987,0
35988,0
35989,0
35990,0
35991,1
35992,1
35993,0
35994,0
35995,1
35996,1
35997,1
35998,1
35999,1
36000,0
36001,1
36002,0
36003,0
36004,1
36005,0
36006,1
36007,0
36008,1
36009,0
36010,1
36011,0
36012,1
36013,0
36014,0
36015,1
36016,0
36017,0
36018,0
36019,0
36020,0
36021,1
36022,1
36023,1
36024,0
36025,0
36026,0
36027,0
36028,1
36029,1
36030,1
36031,0
36032,0
36033,0
36034,0
36035,0
36036,1
36037,0
36038,0
36039,0
36040,1
36041,0
36042,1
36043,0
36044,1
36045,1
36046,0
36047,0
36048,0
36049,0
36050,0
36051,0
36052,1
36053,1
36054,1
36055,0
36056,1
36057,0
36058,1
36059,1
36060,0
36061,0
36062,1
36063,0
36064,1
36065,0
36066,0
36067,0
36068,0
36069,1
36070,0
36071,0
36072,0
36073,0
36074,1
36075,1
36076,0
36077,0
36078,1
36079,0
36080,0
36081,1
36082,0
36083,0
36084,0
36085,1
36086,0
36087,1
36088,0
36089,1
36090,1
36091,0
36092,0
36093,0
36094,0
36095,0
36096,0
36097,1
36098,1
36099,0
36100,0
36101,0
36102,1
36103,1
36104,0
36105,0
36106,1
36107,0
36108,0
36109,1
36110,0
36111,0
36112,0
36113,1
36114,0
36115,0
36116,0
36117,1
36118,1
36119,0
36120,0
36121,0
36122,0
36123,0
36124,1
36125,0
36126,0
36127,0
36128,0
36129,0
36130,1
36131,1
36132,0
36133,0
36134,1
36135,0
36136,1
36137,0
36138,0
36139,0
36140,1
36141,0
36142,0
36143,0
36144,0
36145,1
36146,0
36147,1
36148,0
36149,0
36150,0
36151,0
36152,1
36153,1
36154,1
36155,0
36156,0
36157,0
36158,0
36159,0
36160,0
36161,0
36162,0
36163,1
36164,0
36165,0
36166,0
36167,1
36168,0
36169,0
36170,1
36171,0
36172,0
36173,0
36174,1
36175,0
36176,0
36177,1
36178,1
36179,0
36180,0
36181,0
36182,0
36183,0
36184,1
36185,0
36186,1
36187,0
36188,1
36189,1
36190,1
36191,0
36192,0
36193,1
36194,0
36195,1
36196,0
36197,0
36198,0
36199,0
36200,0
36201,1
36202,0
36203,0
36204,1
36205,0
36206,0
36207,0
36208,0
36209,0
36210,0
36211,0
36212,0
36213,0
36214,1
36215,1
36216,0
36217,0
36218,1
36219,1
36220,1
36221,0
36222,0
36223,0
36224,0
36225,1
36226,0
36227,1
36228,0
36229,1
36230,1
36231,1
36232,1
36233,0
36234,0
36235,0
36236,1
36237,0
36238,1
36239,1
36240,0
36241,0
36242,1
36243,0
36244,0
36245,1
36246,1
36247,1
36248,0
36249,0
36250,0
36251,0
36252,1
36253,1
36254,1
36255,0
36256,0
36257,0
36258,0
36259,1
36260,0
36261,1
36262,0
36263,0
36264,0
36265,1
36266,1
36267,1
36268,0
36269,1
36270,1
36271,0
36272,1
36273,0
36274,1
36275,1
36276,0
36277,0
36278,1
36279,0
36280,0
36281,0
36282,0
36283,1
36284,0
36285,0
36286,1
36287,1
36288,0
36289,0
36290,1
36291,1
36292,0
36293,0
36294,0
36295,0
36296,1
36297,1
36298,1
36299,1
36300,1
36301,0
36302,0
36303,1
36304,1
36305,0
36306,1
36307,0
36308,0
36309,0
36310,1
36311,0
36312,0
36313,0
36314,0
36315,1
36316,0
36317,0
36318,1
36319,0
36320,1
36321,0
36322,1
36323,1
36324,1
36325,0
36326,0
36327,0
36328,1
36329,0
36330,1
36331,1
36332,0
36333,0
36334,0
36335,0
36336,0
36337,0
36338,1
36339,0
36340,1
36341,0
36342,1
36343,0
36344,1
36345,0
36346,1
36347,0
36348,1
36349,1
36350,0
36351,0
36352,0
36353,1
36354,0
36355,1
36356,0
36357,0
36358,0
36359,0
36360,1
36361,0
36362,1
36363,1
36364,0
36365,0
36366,0
36367,1
36368,0
36369,0
36370,0
36371,1
36372,0
36373,0
36374,1
36375,0
36376,0
36377,0
36378,1
36379,1
36380,0
36381,0
36382,1
36383,0
36384,1
36385,0
36386,1
36387,0
36388,1
36389,0
36390,1
36391,0
36392,1
36393,0
36394,0
36395,0
36396,1
36397,1
36398,0
36399,0
36400,0
36401,0
36402,0
36403,0
36404,1
36405,0
36406,0
36407,0
36408,0
36409,0
36410,1
36411,0
36412,0
36413,0
36414,0
36415,1
36416,0
36417,0
36418,1
36419,0
36420,1
36421,1
36422,1
36423,1
36424,1
36425,1
36426,1
36427,1
36428,0
36429,1
36430,1
36431,1
36432,0
36433,0
36434,0
36435,0
36436,1
36437,1
36438,1
36439,0
36440,1
36441,0
36442,1
36443,1
36444,1
36445,0
36446,0
36447,1
36448,0
36449,1
36450,1
36451,0
36452,0
36453,0
36454,1
36455,1
36456,0
36457,0
36458,0
36459,0
36460,0
36461,1
36462,1
36463,0
36464,0
36465,0
36466,1
36467,1
36468,0
36469,1
36470,0
36471,1
36472,0
36473,0
36474,1
36475,0
36476,1
36477,0
36478,1
36479,1
36480,1
36481,0
36482,0
36483,0
36484,0
36485,0
36486,1
36487,0
36488,0
36489,0
36490,1
36491,0
36492,0
36493,1
36494,0
36495,0
36496,0
36497,1
36498,0
36499,0
36500,1
36501,0
36502,1
36503,0
36504,0
36505,1
36506,0
36507,0
36508,0
36509,1
36510,1
36511,0
36512,0
36513,1
36514,1
36515,0
36516,0
36517,0
36518,0
36519,1
36520,0
36521,0
36522,1
36523,1
36524,0
36525,1
36526,0
36527,1
36528,1
36529,1
36530,1
36531,1
36532,1
36533,1
36534,0
36535,0
36536,0
36537,1
36538,0
36539,0
36540,0
36541,1
36542,0
36543,1
36544,0
36545,1
36546,0
36547,1
36548,0
36549,1
36550,0
36551,1
36552,0
36553,0
36554,0
36555,0
36556,0
36557,0
36558,0
36559,0
36560,0
36561,0
36562,0
36563,0
36564,0
36565,0
36566,0
36567,1
36568,1
36569,1
36570,1
36571,0
36572,1
36573,0
36574,0
36575,1
36576,1
36577,0
36578,1
36579,0
36580,1
36581,0
36582,0
36583,0
36584,1
36585,1
36586,1
36587,0
36588,1
36589,1
36590,0
36591,0
36592,1
36593,0
36594,0
36595,1
36596,1
36597,1
36598,0
36599,0
36600,0
36601,0
36602,0
36603,0
36604,1
36605,1
36606,0
36607,0
36608,1
36609,1
36610,1
36611,1
36612,0
36613,0
36614,0
36615,1
36616,0
36617,0
36618,1
36619,0
36620,1
36621,1
36622,1
36623,0
36624,0
36625,1
36626,1
36627,0
36628,0
36629,1
36630,0
36631,0
36632,1
36633,0
36634,1
36635,0
36636,0
36637,1
36638,0
36639,0
36640,0
36641,0
36642,1
36643,0
36644,0
36645,0
36646,0
36647,0
36648,1
36649,0
36650,0
36651,1
36652,0
36653,1
36654,0
36655,0
36656,1
36657,1
36658,1
36659,0
36660,1
36661,0
36662,0
36663,0
36664,0
36665,0
36666,0
36667,0
36668,0
36669,0
36670,0
36671,0
36672,1
36673,0
36674,0
36675,0
36676,1
36677,0
36678,0
36679,0
36680,0
36681,1
36682,1
36683,0
36684,1
36685,0
36686,0
36687,0
36688,1
36689,0
36690,0
36691,1
36692,0
36693,0
36694,0
36695,0
36696,1
36697,0
36698,1
36699,0
36700,0
36701,0
36702,0
36703,1
36704,1
36705,1
36706,0
36707,0
36708,1
36709,0
36710,0
36711,0
36712,0
36713,0
36714,0
36715,0
36716,1
36717,1
36718,1
36719,0
36720,0
36721,0
36722,0
36723,1
36724,1
36725,1
36726,0
36727,0
36728,1
36729,1
36730,0
36731,0
36732,0
36733,0
36734,0
36735,0
36736,1
36737,0
36738,0
36739,1
36740,0
36741,0
36742,1
36743,1
36744,0
36745,1
36746,0
36747,0
36748,0
36749,1
36750,0
36751,1
36752,0
36753,1
36754,0
36755,0
36756,0
36757,1
36758,0
36759,0
36760,0
36761,1
36762,0
36763,0
36764,0
36765,1
36766,0
36767,1
36768,0
36769,1
36770,1
36771,0
36772,1
36773,1
36774,1
36775,1
36776,0
36777,0
36778,0
36779,0
36780,0
36781,1
36782,0
36783,0
36784,0
36785,0
36786,1
36787,0
36788,0
36789,0
36790,1
36791,0
36792,0
36793,0
36794,0
36795,0
36796,1
36797,0
36798,1
36799,0
36800,1
36801,0
36802,0
36803,0
36804,0
36805,0
36806,1
36807,0
36808,0
36809,0
36810,1
36811,0
36812,0
36813,1
36814,1
36815,1
36816,0
36817,0
36818,1
36819,0
36820,0
36821,1
36822,0
36823,0
36824,0
36825,1
36826,0
36827,0
36828,1
36829,0
36830,1
36831,0
36832,0
36833,1
36834,0
36835,1
36836,0
36837,0
36838,0
36839,1
36840,1
36841,1
36842,0
36843,1
36844,1
36845,0
36846,0
36847,1
36848,0
36849,1
36850,1
36851,0
36852,1
36853,1
36854,1
36855,1
36856,1
36857,0
36858,1
36859,0
36860,1
36861,0
36862,0
36863,1
36864,0
36865,1
36866,0
36867,0
36868,1
36869,0
36870,0
36871,1
36872,0
36873,0
36874,1
36875,0
36876,0
36877,0
36878,0
36879,0
36880,1
36881,0
36882,0
36883,1
36884,0
36885,0
36886,0
36887,1
36888,0
36889,0
36890,0
36891,1
36892,0
36893,1
36894,1
36895,1
36896,0
36897,1
36898,1
36899,0
36900,1
36901,0
36902,0
36903,0
36904,1
36905,0
36906,0
36907,0
36908,0
36909,1
36910,0
36911,1
36912,0
36913,1
36914,0
36915,0
36916,0
36917,0
36918,0
36919,0
36920,0
36921,1
36922,0
36923,1
36924,1
36925,0
36926,0
36927,0
36928,1
36929,0
36930,1
36931,0
36932,0
36933,0
36934,1
36935,1
36936,0
36937,0
36938,0
36939,0
36940,1
36941,1
36942,0
36943,1
36944,0
36945,0
36946,0
36947,1
36948,0
36949,0
36950,0
36951,1
36952,0
36953,0
36954,1
36955,0
36956,1
36957,0
36958,0
36959,1
36960,0
36961,1
36962,0
36963,0
36964,1
36965,0
36966,1
36967,0
36968,0
36969,0
36970,1
36971,0
36972,0
36973,0
36974,1
36975,1
36976,0
36977,0
36978,0
36979,0
36980,1
36981,1
36982,0
36983,0
36984,1
36985,1
36986,0
36987,0
36988,0
36989,0
36990,0
36991,1
36992,1
36993,0
36994,0
36995,1
36996,0
36997,0
36998,0
36999,0
37000,0
37001,1
37002,1
37003,0
37004,0
37005,1
37006,0
37007,1
37008,0
37009,0
37010,0
37011,0
37012,1
37013,0
37014,0
37015,0
37016,1
37017,0
37018,0
37019,0
37020,0
37021,0
37022,1
37023,0
37024,0
37025,1
37026,1
37027,1
37028,0
37029,0
37030,1
37031,1
37032,1
37033,1
37034,0
37035,0
37036,0
37037,0
37038,1
37039,0
37040,0
37041,1
37042,0
37043,1
37044,0
37045,0
37046,1
37047,0
37048,0
37049,1
37050,1
37051,0
37052,0
37053,0
37054,0
37055,1
37056,0
37057,0
37058,0
37059,1
37060,0
37061,0
37062,0
37063,0
37064,0
37065,0
37066,0
37067,0
37068,0
37069,0
37070,0
37071,0
37072,0
37073,1
37074,0
37075,1
37076,0
37077,0
37078,0
37079,1
37080,1
37081,1
37082,0
37083,1
37084,1
37085,1
37086,1
37087,0
37088,1
37089,0
37090,0
37091,1
37092,1
37093,0
37094,1
37095,0
37096,0
37097,1
37098,0
37099,1
37100,0
37101,1
37102,1
37103,0
37104,0
37105,0
37106,0
37107,1
37108,0
37109,0
37110,1
37111,0
37112,1
37113,1
37114,0
37115,1
37116,1
37117,0
37118,0
37119,1
37120,0
37121,1
37122,0
37123,0
37124,0
37125,0
37126,1
37127,1
37128,1
37129,0
37130,0
37131,1
37132,0
37133,0
37134,0
37135,0
37136,1
37137,0
37138,1
37139,1
37140,0
37141,1
37142,0
37143,0
37144,1
37145,1
37146,1
37147,0
37148,0
37149,0
37150,0
37151,1
37152,1
37153,1
37154,0
37155,0
37156,1
37157,1
37158,0
37159,1
37160,0
37161,1
37162,0
37163,1
37164,1
37165,1
37166,0
37167,1
37168,0
37169,1
37170,0
37171,0
37172,1
37173,1
37174,0
37175,0
37176,0
37177,0
37178,1
37179,1
37180,0
37181,0
37182,0
37183,0
37184,0
37185,1
37186,1
37187,0
37188,1
37189,1
37190,0
37191,0
37192,0
37193,0
37194,1
37195,0
37196,0
37197,0
37198,0
37199,1
37200,0
37201,0
37202,1
37203,1
37204,0
37205,0
37206,1
37207,0
37208,1
37209,0
37210,0
37211,0
37212,1
37213,0
37214,1
37215,0
37216,0
37217,1
37218,0
37219,1
37220,0
37221,1
37222,1
37223,1
37224,0
37225,1
37226,1
37227,0
37228,0
37229,1
37230,0
37231,0
37232,1
37233,1
37234,0
37235,0
37236,1
37237,1
37238,0
37239,1
37240,1
37241,0
37242,0
37243,1
37244,1
37245,1
37246,0
37247,1
37248,0
37249,1
37250,0
37251,0
37252,1
37253,1
37254,1
37255,1
37256,0
37257,0
37258,0
37259,0
37260,1
37261,1
37262,0
37263,0
37264,1
37265,0
37266,1
37267,1
37268,0
37269,0
37270,0
37271,0
37272,0
37273,0
37274,0
37275,0
37276,0
37277,0
37278,1
37279,0
37280,0
37281,1
37282,0
37283,0
37284,1
37285,0
37286,0
37287,0
37288,0
37289,0
37290,0
37291,1
37292,0
37293,0
37294,0
37295,1
37296,0
37297,1
37298,1
37299,0
37300,0
37301,0
37302,1
37303,0
37304,1
37305,0
37306,0
37307,1
37308,0
37309,1
37310,0
37311,1
37312,1
37313,0
37314,0
37315,0
37316,0
37317,0
37318,1
37319,0
37320,0
37321,0
37322,1
37323,0
37324,0
37325,0
37326,0
37327,0
37328,1
37329,0
37330,1
37331,1
37332,0
37333,1
37334,1
37335,0
37336,0
37337,0
37338,1
37339,0
37340,0
37341,1
37342,0
37343,0
37344,0
37345,1
37346,1
37347,0
37348,0
37349,1
37350,0
37351,0
37352,1
37353,0
37354,1
37355,0
37356,1
37357,0
37358,0
37359,0
37360,1
37361,0
37362,1
37363,0
37364,0
37365,0
37366,0
37367,1
37368,0
37369,1
37370,0
37371,0
37372,0
37373,0
37374,1
37375,1
37376,1
37377,1
37378,0
37379,0
37380,1
37381,0
37382,0
37383,1
37384,0
37385,0
37386,0
37387,1
37388,0
37389,0
37390,1
37391,0
37392,1
37393,0
37394,0
37395,1
37396,0
37397,0
37398,0
37399,1
37400,1
37401,0
37402,0
37403,1
37404,1
37405,1
37406,1
37407,0
37408,1
37409,0
37410,0
37411,0
37412,0
37413,1
37414,1
37415,0
37416,0
37417,0
37418,1
37419,0
37420,0
37421,1
37422,0
37423,1
37424,1
37425,1
37426,0
37427,0
37428,0
37429,0
37430,1
37431,0
37432,0
37433,1
37434,0
37435,0
37436,0
37437,0
37438,1
37439,0
37440,0
37441,0
37442,0
37443,0
37444,0
37445,0
37446,1
37447,0
37448,0
37449,0
37450,1
37451,0
37452,1
37453,1
37454,0
37455,0
37456,0
37457,0
37458,0
37459,1
37460,0
37461,0
37462,0
37463,0
37464,1
37465,0
37466,0
37467,1
37468,1
37469,0
37470,0
37471,0
37472,1
37473,0
37474,1
37475,1
37476,0
37477,1
37478,0
37479,1
37480,1
37481,1
37482,0
37483,1
37484,0
37485,0
37486,0
37487,0
37488,0
37489,1
37490,0
37491,0
37492,0
37493,1
37494,0
37495,1
37496,0
37497,1
37498,0
37499,0
37500,1
37501,0
37502,0
37503,0
37504,0
37505,1
37506,0
37507,0
37508,1
37509,0
37510,1
37511,0
37512,0
37513,1
37514,0
37515,0
37516,0
37517,1
37518,1
37519,1
37520,0
37521,0
37522,0
37523,0
37524,0
37525,1
37526,0
37527,0
37528,0
37529,1
37530,0
37531,0
37532,1
37533,0
37534,1
37535,0
37536,0
37537,1
37538,1
37539,0
37540,1
37541,0
37542,1
37543,1
37544,1
37545,1
37546,1
37547,1
37548,0
37549,1
37550,0
37551,0
37552,1
37553,1
37554,0
37555,0
37556,0
37557,0
37558,1
37559,0
37560,1
37561,0
37562,1
37563,0
37564,1
37565,0
37566,1
37567,0
37568,0
37569,1
37570,0
37571,0
37572,0
37573,1
37574,1
37575,1
37576,0
37577,0
37578,1
37579,1
37580,0
37581,1
37582,0
37583,0
37584,0
37585,0
37586,0
37587,1
37588,0
37589,0
37590,0
37591,0
37592,0
37593,1
37594,1
37595,0
37596,0
37597,0
37598,1
37599,1
37600,0
37601,1
37602,1
37603,0
37604,0
37605,0
37606,1
37607,0
37608,0
37609,0
37610,0
37611,1
37612,1
37613,0
37614,1
37615,0
37616,0
37617,1
37618,0
37619,0
37620,1
37621,0
37622,1
37623,0
37624,1
37625,1
37626,0
37627,1
37628,1
37629,0
37630,0
37631,1
37632,0
37633,1
37634,1
37635,1
37636,1
37637,1
37638,1
37639,1
37640,0
37641,1
37642,1
37643,1
37644,0
37645,0
37646,1
37647,0
37648,0
37649,1
37650,1
37651,0
37652,0
37653,1
37654,0
37655,0
37656,0
37657,0
37658,1
37659,0
37660,0
37661,0
37662,0
37663,1
37664,0
37665,0
37666,0
37667,0
37668,0
37669,0
37670,0
37671,1
37672,1
37673,0
37674,1
37675,1
37676,0
37677,0
37678,0
37679,0
37680,1
37681,0
37682,0
37683,1
37684,0
37685,1
37686,0
37687,0
37688,1
37689,0
37690,1
37691,0
37692,0
37693,0
37694,1
37695,1
37696,1
37697,1
37698,0
37699,0
37700,1
37701,1
37702,1
37703,0
37704,0
37705,1
37706,0
37707,0
37708,0
37709,1
37710,0
37711,0
37712,1
37713,0
37714,0
37715,1
37716,1
37717,1
37718,0
37719,1
37720,1
37721,0
37722,1
37723,0
37724,0
37725,1
37726,0
37727,0
37728,0
37729,1
37730,1
37731,1
37732,1
37733,1
37734,1
37735,1
37736,1
37737,0
37738,0
37739,1
37740,0
37741,0
37742,0
37743,0
37744,1
37745,1
37746,0
37747,1
37748,0
37749,1
37750,0
37751,0
37752,0
37753,0
37754,0
37755,1
37756,1
37757,1
37758,0
37759,0
37760,0
37761,1
37762,0
37763,1
37764,0
37765,0
37766,1
37767,0
37768,0
37769,0
37770,0
37771,0
37772,1
37773,1
37774,1
37775,0
37776,0
37777,0
37778,0
37779,1
37780,0
37781,0
37782,0
37783,0
37784,0
37785,1
37786,0
37787,1
37788,1
37789,0
37790,0
37791,0
37792,0
37793,0
37794,0
37795,0
37796,1
37797,0
37798,1
37799,0
37800,1
37801,0
37802,1
37803,0
37804,1
37805,0
37806,0
37807,1
37808,1
37809,1
37810,0
37811,1
37812,0
37813,1
37814,0
37815,0
37816,1
37817,1
37818,0
37819,1
37820,0
37821,0
37822,0
37823,0
37824,0
37825,0
37826,0
37827,0
37828,1
37829,0
37830,0
37831,0
37832,1
37833,0
37834,0
37835,0
37836,0
37837,1
37838,0
37839,1
37840,1
37841,1
37842,1
37843,1
37844,0
37845,1
37846,1
37847,0
37848,0
37849,0
37850,1
37851,1
37852,1
37853,0
37854,0
37855,1
37856,1
37857,0
37858,0
37859,1
37860,1
37861,0
37862,0
37863,0
37864,0
37865,0
37866,0
37867,0
37868,1
37869,0
37870,1
37871,1
37872,1
37873,1
37874,0
37875,0
37876,1
37877,1
37878,0
37879,0
37880,1
37881,0
37882,0
37883,0
37884,0
37885,0
37886,0
37887,0
37888,0
37889,1
37890,1
37891,0
37892,1
37893,1
37894,0
37895,0
37896,0
37897,0
37898,0
37899,1
37900,0
37901,1
37902,0
37903,0
37904,0
37905,0
37906,0
37907,1
37908,1
37909,1
37910,0
37911,0
37912,0
37913,0
37914,1
37915,0
37916,0
37917,0
37918,1
37919,0
37920,0
37921,0
37922,1
37923,1
37924,1
37925,0
37926,1
37927,0
37928,0
37929,1
37930,0
37931,0
37932,1
37933,0
37934,1
37935,1
37936,0
37937,0
37938,1
37939,0
37940,0
37941,0
37942,0
37943,0
37944,1
37945,1
37946,1
37947,0
37948,0
37949,0
37950,1
37951,1
37952,0
37953,0
37954,0
37955,0
37956,0
37957,1
37958,1
37959,0
37960,0
37961,0
37962,0
37963,0
37964,0
37965,0
37966,0
37967,0
37968,0
37969,1
37970,1
37971,1
37972,0
37973,0
37974,1
37975,1
37976,0
37977,0
37978,0
37979,0
37980,0
37981,0
37982,0
37983,0
37984,0
37985,0
37986,1
37987,1
37988,0
37989,0
37990,1
37991,0
37992,0
37993,1
37994,0
37995,0
37996,0
37997,0
37998,1
37999,0
38000,1
38001,1
38002,1
38003,0
38004,0
38005,0
38006,0
38007,1
38008,0
38009,1
38010,0
38011,1
38012,0
38013,1
38014,0
38015,0
38016,0
38017,0
38018,0
38019,0
38020,1
38021,0
38022,0
38023,0
38024,0
38025,1
38026,0
38027,1
38028,0
38029,0
38030,1
38031,1
38032,1
38033,0
38034,0
38035,0
38036,1
38037,1
38038,1
38039,1
38040,1
38041,0
38042,1
38043,1
38044,0
38045,0
38046,1
38047,0
38048,0
38049,0
38050,1
38051,0
38052,0
38053,1
38054,0
38055,0
38056,0
38057,0
38058,0
38059,0
38060,0
38061,1
38062,0
38063,0
38064,0
38065,0
38066,0
38067,0
38068,0
38069,1
38070,0
38071,0
38072,1
38073,1
38074,0
38075,0
38076,1
38077,0
38078,1
38079,1
38080,0
38081,0
38082,1
38083,0
38084,0
38085,1
38086,0
38087,0
38088,0
38089,0
38090,0
38091,0
38092,1
38093,0
38094,1
38095,1
38096,1
38097,0
38098,0
38099,1
38100,1
38101,0
38102,0
38103,0
38104,1
38105,0
38106,1
38107,0
38108,1
38109,1
38110,0
38111,0
38112,0
38113,0
38114,0
38115,1
38116,0
38117,1
38118,0
38119,1
38120,0
38121,0
38122,0
38123,0
38124,0
38125,0
38126,0
38127,1
38128,0
38129,0
38130,0
38131,0
38132,0
38133,0
38134,0
38135,1
38136,0
38137,0
38138,1
38139,0
38140,0
38141,0
38142,1
38143,0
38144,0
38145,0
38146,0
38147,1
38148,0
38149,1
38150,1
38151,1
38152,0
38153,0
38154,0
38155,0
38156,0
38157,0
38158,1
38159,1
38160,0
38161,0
38162,0
38163,1
38164,0
38165,0
38166,1
38167,0
38168,0
38169,1
38170,0
38171,0
38172,1
38173,1
38174,1
38175,1
38176,0
38177,0
38178,1
38179,1
38180,1
38181,1
38182,0
38183,0
38184,0
38185,0
38186,0
38187,0
38188,1
38189,1
38190,1
38191,1
38192,0
38193,1
38194,0
38195,1
38196,0
38197,0
38198,0
38199,1
38200,0
38201,0
38202,0
38203,0
38204,1
38205,0
38206,1
38207,1
38208,1
38209,1
38210,1
38211,0
38212,1
38213,0
38214,1
38215,0
38216,1
38217,1
38218,0
38219,1
38220,1
38221,0
38222,0
38223,0
38224,0
38225,0
38226,1
38227,1
38228,0
38229,1
38230,1
38231,1
38232,1
38233,1
38234,1
38235,0
38236,0
38237,0
38238,1
38239,0
38240,0
38241,0
38242,1
38243,0
38244,1
38245,0
38246,0
38247,1
38248,0
38249,1
38250,0
38251,0
38252,1
38253,0
38254,1
38255,0
38256,1
38257,0
38258,1
38259,0
38260,1
38261,1
38262,1
38263,0
38264,0
38265,0
38266,0
38267,0
38268,1
38269,1
38270,1
38271,1
38272,0
38273,0
38274,1
38275,0
38276,0
38277,0
38278,0
38279,0
38280,0
38281,0
38282,1
38283,1
38284,0
38285,0
38286,1
38287,0
38288,0
38289,0
38290,0
38291,1
38292,0
38293,0
38294,1
38295,1
38296,0
38297,1
38298,1
38299,0
38300,1
38301,0
38302,0
38303,0
38304,0
38305,0
38306,1
38307,1
38308,0
38309,0
38310,1
38311,1
38312,1
38313,0
38314,0
38315,1
38316,0
38317,0
38318,0
38319,1
38320,0
38321,0
38322,0
38323,1
38324,0
38325,0
38326,0
38327,1
38328,0
38329,1
38330,1
38331,1
38332,0
38333,0
38334,0
38335,1
38336,1
38337,0
38338,0
38339,1
38340,0
38341,0
38342,0
38343,0
38344,1
38345,0
38346,0
38347,0
38348,1
38349,1
38350,0
38351,1
38352,0
38353,1
38354,1
38355,0
38356,0
38357,0
38358,0
38359,0
38360,1
38361,0
38362,0
38363,1
38364,1
38365,0
38366,0
38367,0
38368,1
38369,0
38370,0
38371,1
38372,0
38373,1
38374,1
38375,1
38376,0
38377,0
38378,0
38379,1
38380,0
38381,0
38382,0
38383,1
38384,1
38385,1
38386,0
38387,0
38388,0
38389,0
38390,0
38391,0
38392,0
38393,0
38394,1
38395,0
38396,0
38397,1
38398,0
38399,0
38400,0
38401,0
38402,0
38403,1
38404,0
38405,0
38406,0
38407,1
38408,0
38409,0
38410,1
38411,0
38412,0
38413,1
38414,0
38415,0
38416,0
38417,1
38418,0
38419,0
38420,0
38421,1
38422,1
38423,0
38424,0
38425,0
38426,0
38427,0
38428,0
38429,0
38430,0
38431,1
38432,0
38433,0
38434,1
38435,1
38436,1
38437,0
38438,1
38439,1
38440,0
38441,0
38442,0
38443,1
38444,0
38445,0
38446,0
38447,1
38448,0
38449,1
38450,1
38451,0
38452,0
38453,0
38454,0
38455,1
38456,0
38457,0
38458,0
38459,1
38460,0
38461,0
38462,0
38463,0
38464,0
38465,1
38466,0
38467,1
38468,0
38469,0
38470,0
38471,0
38472,1
38473,0
38474,0
38475,1
38476,1
38477,0
38478,0
38479,0
38480,0
38481,1
38482,1
38483,1
38484,1
38485,1
38486,1
38487,1
38488,0
38489,0
38490,0
38491,1
38492,0
38493,1
38494,1
38495,1
38496,1
38497,0
38498,1
38499,0
38500,0
38501,0
38502,1
38503,0
38504,0
38505,1
38506,0
38507,0
38508,0
38509,1
38510,0
38511,0
38512,0
38513,1
38514,0
38515,0
38516,0
38517,1
38518,1
38519,0
38520,0
38521,1
38522,0
38523,0
38524,0
38525,1
38526,0
38527,1
38528,0
38529,1
38530,1
38531,1
38532,1
38533,1
38534,1
38535,1
38536,0
38537,0
38538,1
38539,0
38540,1
38541,0
38542,0
38543,1
38544,1
38545,0
38546,0
38547,0
38548,0
38549,0
38550,0
38551,0
38552,0
38553,1
38554,1
38555,0
38556,0
38557,0
38558,1
38559,0
38560,1
38561,1
38562,1
38563,1
38564,0
38565,1
38566,0
38567,1
38568,0
38569,1
38570,0
38571,1
38572,0
38573,0
38574,1
38575,0
38576,0
38577,0
38578,1
38579,0
38580,0
38581,0
38582,1
38583,0
38584,0
38585,0
38586,0
38587,1
38588,0
38589,1
38590,0
38591,1
38592,1
38593,0
38594,0
38595,0
38596,0
38597,1
38598,0
38599,1
38600,0
38601,0
38602,0
38603,0
38604,0
38605,0
38606,0
38607,0
38608,0
38609,1
38610,0
38611,1
38612,1
38613,0
38614,0
38615,0
38616,1
38617,1
38618,0
38619,1
38620,1
38621,0
38622,0
38623,0
38624,0
38625,0
38626,0
38627,0
38628,0
38629,1
38630,0
38631,0
38632,1
38633,1
38634,0
38635,1
38636,0
38637,0
38638,1
38639,1
38640,1
38641,0
38642,0
38643,0
38644,1
38645,1
38646,1
38647,0
38648,0
38649,0
38650,0
38651,0
38652,1
38653,0
38654,0
38655,0
38656,0
38657,0
38658,0
38659,1
38660,0
38661,0
38662,0
38663,1
38664,0
38665,0
38666,0
38667,0
38668,1
38669,1
38670,0
38671,0
38672,1
38673,0
38674,0
38675,0
38676,1
38677,0
38678,1
38679,0
38680,1
38681,0
38682,0
38683,0
38684,0
38685,1
38686,1
38687,0
38688,1
38689,1
38690,0
38691,0
38692,1
38693,0
38694,0
38695,0
38696,0
38697,0
38698,0
38699,0
38700,0
38701,0
38702,0
38703,1
38704,0
38705,1
38706,0
38707,0
38708,0
38709,0
38710,0
38711,0
38712,1
38713,0
38714,0
38715,0
38716,0
38717,0
38718,1
38719,0
38720,0
38721,1
38722,0
38723,1
38724,0
38725,0
38726,1
38727,0
38728,1
38729,0
38730,0
38731,1
38732,0
38733,1
38734,1
38735,0
38736,0
38737,0
38738,0
38739,1
38740,1
38741,0
38742,0
38743,1
38744,0
38745,0
38746,0
38747,1
38748,0
38749,0
38750,0
38751,0
38752,0
38753,0
38754,0
38755,1
38756,0
38757,0
38758,1
38759,1
38760,0
38761,1
38762,0
38763,0
38764,0
38765,0
38766,1
38767,0
38768,0
38769,0
38770,1
38771,1
38772,1
38773,1
38774,0
38775,1
38776,0
38777,0
38778,1
38779,0
38780,0
38781,0
38782,1
38783,0
38784,1
38785,0
38786,0
38787,1
38788,0
38789,0
38790,0
38791,0
38792,1
38793,0
38794,1
38795,0
38796,0
38797,1
38798,1
38799,0
38800,0
38801,0
38802,1
38803,0
38804,0
38805,0
38806,1
38807,1
38808,0
38809,1
38810,0
38811,0
38812,1
38813,1
38814,1
38815,0
38816,0
38817,0
38818,0
38819,0
38820,1
38821,1
38822,0
38823,0
38824,1
38825,0
38826,1
38827,1
38828,0
38829,0
38830,0
38831,0
38832,0
38833,1
38834,0
38835,0
38836,0
38837,1
38838,1
38839,1
38840,1
38841,0
38842,0
38843,1
38844,0
38845,0
38846,1
38847,0
38848,0
38849,0
38850,0
38851,1
38852,1
38853,0
38854,1
38855,0
38856,0
38857,1
38858,1
38859,0
38860,0
38861,0
38862,1
38863,0
38864,0
38865,1
38866,0
38867,0
38868,0
38869,1
38870,0
38871,1
38872,0
38873,1
38874,1
38875,0
38876,0
38877,0
38878,1
38879,0
38880,1
38881,1
38882,1
38883,0
38884,0
38885,1
38886,0
38887,1
38888,0
38889,1
38890,1
38891,0
38892,0
38893,0
38894,1
38895,0
38896,0
38897,1
38898,0
38899,0
38900,0
38901,0
38902,1
38903,1
38904,0
38905,0
38906,0
38907,0
38908,0
38909,1
38910,0
38911,0
38912,1
38913,0
38914,0
38915,1
38916,1
38917,0
38918,1
38919,1
38920,1
38921,0
38922,0
38923,0
38924,0
38925,0
38926,1
38927,1
38928,0
38929,0
38930,0
38931,0
38932,0
38933,0
38934,0
38935,0
38936,1
38937,0
38938,0
38939,0
38940,0
38941,1
38942,1
38943,0
38944,1
38945,0
38946,0
38947,0
38948,1
38949,0
38950,0
38951,1
38952,0
38953,1
38954,0
38955,0
38956,0
38957,0
38958,0
38959,0
38960,0
38961,0
38962,0
38963,1
38964,0
38965,1
38966,0
38967,1
38968,0
38969,0
38970,1
38971,1
38972,0
38973,1
38974,0
38975,1
38976,0
38977,0
38978,0
38979,0
38980,0
38981,0
38982,1
38983,0
38984,0
38985,0
38986,1
38987,0
38988,0
38989,1
38990,0
38991,1
38992,1
38993,0
38994,0
38995,0
38996,0
38997,0
38998,0
38999,1
39000,1
39001,0
39002,0
39003,0
39004,0
39005,1
39006,0
39007,1
39008,1
39009,0
39010,1
39011,1
39012,0
39013,0
39014,1
39015,0
39016,1
39017,0
39018,0
39019,0
39020,0
39021,1
39022,0
39023,1
39024,1
39025,0
39026,0
39027,1
39028,0
39029,1
39030,0
39031,0
39032,0
39033,0
39034,1
39035,1
39036,1
39037,0
39038,1
39039,1
39040,0
39041,1
39042,1
39043,0
39044,1
39045,0
39046,0
39047,1
39048,0
39049,1
39050,0
39051,1
39052,1
39053,0
39054,0
39055,1
39056,1
39057,0
39058,1
39059,1
39060,1
39061,0
39062,0
39063,0
39064,0
39065,0
39066,1
39067,0
39068,0
39069,0
39070,0
39071,0
39072,0
39073,1
39074,0
39075,1
39076,0
39077,0
39078,0
39079,0
39080,1
39081,1
39082,0
39083,0
39084,0
39085,1
39086,1
39087,0
39088,1
39089,0
39090,0
39091,0
39092,0
39093,1
39094,0
39095,0
39096,1
39097,0
39098,0
39099,0
39100,0
39101,0
39102,0
39103,0
39104,1
39105,1
39106,1
39107,1
39108,0
39109,0
39110,1
39111,0
39112,0
39113,0
39114,1
39115,0
39116,0
39117,1
39118,0
39119,0
39120,0
39121,0
39122,1
39123,0
39124,0
39125,0
39126,0
39127,0
39128,0
39129,0
39130,1
39131,0
39132,1
39133,1
39134,1
39135,0
39136,0
39137,1
39138,0
39139,0
39140,0
39141,0
39142,1
39143,0
39144,0
39145,0
39146,1
39147,1
39148,1
39149,0
39150,0
39151,0
39152,1
39153,1
39154,0
39155,1
39156,1
39157,0
39158,0
39159,1
39160,0
39161,0
39162,1
39163,0
39164,1
39165,0
39166,0
39167,0
39168,1
39169,1
39170,0
39171,0
39172,0
39173,1
39174,0
39175,1
39176,1
39177,1
39178,0
39179,1
39180,1
39181,1
39182,0
39183,0
39184,0
39185,0
39186,1
39187,1
39188,0
39189,0
39190,0
39191,1
39192,0
39193,0
39194,1
39195,0
39196,1
39197,0
39198,1
39199,0
39200,1
39201,1
39202,0
39203,1
39204,1
39205,1
39206,0
39207,0
39208,0
39209,0
39210,0
39211,0
39212,0
39213,1
39214,1
39215,1
39216,0
39217,0
39218,0
39219,1
39220,0
39221,0
39222,0
39223,0
39224,1
39225,1
39226,0
39227,1
39228,0
39229,0
39230,0
39231,0
39232,1
39233,0
39234,1
39235,0
39236,0
39237,0
39238,1
39239,1
39240,0
39241,0
39242,0
39243,0
39244,1
39245,1
39246,0
39247,0
39248,0
39249,1
39250,1
39251,1
39252,0
39253,0
39254,0
39255,0
39256,0
39257,0
39258,1
39259,0
39260,1
39261,1
39262,1
39263,1
39264,0
39265,0
39266,0
39267,0
39268,0
39269,1
39270,0
39271,1
39272,0
39273,0
39274,0
39275,0
39276,0
39277,0
39278,0
39279,1
39280,0
39281,1
39282,1
39283,1
39284,0
39285,0
39286,1
39287,0
39288,0
39289,1
39290,0
39291,0
39292,1
39293,0
39294,0
39295,0
39296,0
39297,0
39298,0
39299,0
39300,1
39301,1
39302,0
39303,1
39304,0
39305,0
39306,1
39307,0
39308,1
39309,1
39310,1
39311,0
39312,0
39313,1
39314,0
39315,0
39316,1
39317,1
39318,1
39319,1
39320,0
39321,0
39322,1
39323,0
39324,1
39325,0
39326,1
39327,1
39328,0
39329,0
39330,0
39331,1
39332,1
39333,0
39334,0
39335,1
39336,0
39337,1
39338,0
39339,0
39340,0
39341,0
39342,1
39343,1
39344,0
39345,1
39346,1
39347,0
39348,1
39349,0
39350,0
39351,1
39352,0
39353,0
39354,0
39355,0
39356,0
39357,0
39358,0
39359,0
39360,0
39361,0
39362,0
39363,1
39364,1
39365,0
39366,1
39367,0
39368,0
39369,1
39370,0
39371,1
39372,0
39373,0
39374,0
39375,0
39376,1
39377,0
39378,1
39379,1
39380,0
39381,0
39382,0
39383,1
39384,1
39385,0
39386,1
39387,1
39388,1
39389,0
39390,1
39391,0
39392,0
39393,1
39394,0
39395,0
39396,0
39397,1
39398,1
39399,0
39400,0
39401,0
39402,0
39403,0
39404,0
39405,1
39406,1
39407,0
39408,0
39409,0
39410,1
39411,0
39412,0
39413,0
39414,1
39415,0
39416,0
39417,0
39418,0
39419,0
39420,0
39421,1
39422,1
39423,0
39424,0
39425,1
39426,1
39427,0
39428,1
39429,1
39430,1
39431,1
39432,0
39433,0
39434,0
39435,1
39436,0
39437,0
39438,1
39439,0
39440,1
39441,1
39442,0
39443,0
39444,0
39445,0
39446,1
39447,1
39448,1
39449,0
39450,0
39451,0
39452,0
39453,0
39454,1
39455,1
39456,0
39457,0
39458,0
39459,1
39460,1
39461,0
39462,1
39463,0
39464,1
39465,1
39466,0
39467,0
39468,0
39469,1
39470,1
39471,1
39472,0
39473,1
39474,1
39475,1
39476,1
39477,0
39478,0
39479,0
39480,0
39481,0
39482,0
39483,0
39484,1
39485,0
39486,1
39487,0
39488,1
39489,0
39490,0
39491,1
39492,0
39493,1
39494,1
39495,0
39496,1
39497,0
39498,0
39499,1
39500,0
39501,0
39502,0
39503,0
39504,0
39505,0
39506,0
39507,1
39508,0
39509,0
39510,1
39511,0
39512,0
39513,0
39514,0
39515,1
39516,1
39517,1
39518,1
39519,0
39520,0
39521,0
39522,0
39523,0
39524,1
39525,0
39526,0
39527,0
39528,0
39529,1
39530,0
39531,0
39532,1
39533,0
39534,0
39535,0
39536,0
39537,0
39538,1
39539,0
39540,0
39541,1
39542,0
39543,0
39544,0
39545,1
39546,1
39547,0
39548,1
39549,0
39550,0
39551,0
39552,0
39553,0
39554,0
39555,1
39556,1
39557,0
39558,0
39559,0
39560,1
39561,1
39562,0
39563,1
39564,0
39565,1
39566,1
39567,0
39568,1
39569,1
39570,1
39571,0
39572,0
39573,1
39574,0
39575,0
39576,1
39577,0
39578,0
39579,1
39580,0
39581,1
39582,0
39583,0
39584,0
39585,0
39586,0
39587,1
39588,0
39589,0
39590,1
39591,0
39592,1
39593,0
39594,0
39595,0
39596,0
39597,1
39598,0
39599,1
39600,0
39601,1
39602,1
39603,0
39604,1
39605,0
39606,0
39607,0
39608,1
39609,1
39610,0
39611,0
39612,0
39613,0
39614,0
39615,0
39616,0
39617,1
39618,0
39619,1
39620,0
39621,0
39622,0
39623,0
39624,0
39625,0
39626,0
39627,0
39628,0
39629,0
39630,1
39631,1
39632,1
39633,0
39634,0
39635,0
39636,0
39637,0
39638,0
39639,0
39640,0
39641,0
39642,0
39643,0
39644,0
39645,0
39646,0
39647,0
39648,0
39649,1
39650,1
39651,0
39652,0
39653,0
39654,0
39655,1
39656,1
39657,0
39658,0
39659,0
39660,0
39661,1
39662,0
39663,0
39664,1
39665,1
39666,0
39667,1
39668,1
39669,1
39670,1
39671,1
39672,1
39673,0
39674,0
39675,0
39676,0
39677,1
39678,0
39679,0
39680,1
39681,0
39682,0
39683,1
39684,1
39685,1
39686,0
39687,0
39688,0
39689,0
39690,0
39691,1
39692,0
39693,0
39694,0
39695,1
39696,1
39697,1
39698,0
39699,0
39700,0
39701,0
39702,0
39703,0
39704,1
39705,0
39706,1
39707,1
39708,0
39709,1
39710,0
39711,1
39712,0
39713,1
39714,0
39715,1
39716,0
39717,1
39718,0
39719,1
39720,0
39721,0
39722,1
39723,1
39724,0
39725,0
39726,1
39727,1
39728,0
39729,0
39730,0
39731,1
39732,0
39733,0
39734,0
39735,0
39736,0
39737,0
39738,1
39739,1
39740,1
39741,1
39742,0
39743,1
39744,1
39745,1
39746,0
39747,0
39748,1
39749,0
39750,1
39751,0
39752,0
39753,0
39754,0
39755,0
39756,0
39757,0
39758,0
39759,0
39760,1
39761,0
39762,1
39763,1
39764,0
39765,1
39766,0
39767,1
39768,1
39769,1
39770,1
39771,0
39772,1
39773,0
39774,1
39775,0
39776,1
39777,1
39778,0
39779,0
39780,1
39781,1
39782,0
39783,0
39784,0
39785,1
39786,0
39787,0
39788,0
39789,1
39790,0
39791,0
39792,0
39793,1
39794,1
39795,1
39796,1
39797,0
39798,0
39799,1
39800,0
39801,0
39802,0
39803,0
39804,0
39805,0
39806,1
39807,0
39808,1
39809,0
39810,0
39811,0
39812,0
39813,1
39814,0
39815,1
39816,0
39817,1
39818,0
39819,1
39820,1
39821,1
39822,0
39823,0
39824,0
39825,0
39826,0
39827,1
39828,0
39829,1
39830,0
39831,0
39832,0
39833,0
39834,0
39835,0
39836,0
39837,0
39838,1
39839,0
39840,0
39841,0
39842,1
39843,0
39844,0
39845,0
39846,1
39847,0
39848,1
39849,1
39850,0
39851,1
39852,0
39853,1
39854,1
39855,0
39856,1
39857,0
39858,0
39859,0
39860,0
39861,1
39862,0
39863,0
39864,0
39865,0
39866,0
39867,1
39868,0
39869,1
39870,1
39871,0
39872,0
39873,0
39874,0
39875,0
39876,0
39877,0
39878,1
39879,1
39880,0
39881,1
39882,1
39883,0
39884,0
39885,0
39886,1
39887,0
39888,0
39889,1
39890,0
39891,1
39892,0
39893,0
39894,0
39895,0
39896,0
39897,0
39898,0
39899,1
39900,0
39901,1
39902,1
39903,0
39904,0
39905,0
39906,0
39907,1
39908,1
39909,0
39910,1
39911,1
39912,0
39913,1
39914,0
39915,1
39916,1
39917,1
39918,0
39919,1
39920,0
39921,1
39922,0
39923,0
39924,0
39925,0
39926,0
39927,0
39928,0
39929,0
39930,1
39931,0
39932,0
39933,0
39934,1
39935,1
39936,1
39937,1
39938,0
39939,0
39940,0
39941,0
39942,0
39943,0
39944,1
39945,1
39946,1
39947,0
39948,0
39949,1
39950,0
39951,0
39952,0
39953,1
39954,0
39955,0
39956,0
39957,0
39958,1
39959,0
39960,0
39961,1
39962,1
39963,0
39964,0
39965,0
39966,0
39967,1
39968,0
39969,0
39970,0
39971,0
39972,0
39973,1
39974,0
39975,0
39976,0
39977,0
39978,0
39979,0
39980,0
39981,0
39982,1
39983,0
39984,1
39985,1
39986,0
39987,0
39988,0
39989,0
39990,1
39991,1
39992,0
39993,1
39994,1
39995,0
39996,0
39997,1
39998,0
39999,1
40000,0
40001,0
40002,1
40003,0
40004,1
40005,0
40006,0
40007,0
40008,1
40009,1
40010,0
40011,1
40012,1
40013,1
40014,1
40015,0
40016,0
40017,0
40018,1
40019,0
40020,1
40021,0
40022,0
40023,0
40024,1
40025,1
40026,0
40027,1
40028,0
40029,0
40030,0
40031,0
40032,1
40033,1
40034,0
40035,0
40036,0
40037,0
40038,1
40039,0
40040,1
40041,0
40042,1
40043,1
40044,0
40045,1
40046,0
40047,1
40048,1
40049,0
40050,1
40051,0
40052,0
40053,0
40054,1
40055,1
40056,0
40057,1
40058,1
40059,0
40060,0
40061,0
40062,0
40063,0
40064,0
40065,0
40066,1
40067,0
40068,0
40069,1
40070,1
40071,0
40072,0
40073,0
40074,0
40075,1
40076,0
40077,0
40078,1
40079,1
40080,0
40081,1
40082,1
40083,1
40084,1
40085,0
40086,1
40087,0
40088,0
40089,0
40090,0
40091,1
40092,0
40093,0
40094,1
40095,0
40096,0
40097,1
40098,1
40099,0
40100,1
40101,0
40102,0
40103,1
40104,1
40105,1
40106,0
40107,1
40108,0
40109,0
40110,0
40111,1
40112,0
40113,0
40114,0
40115,0
40116,0
40117,0
40118,0
40119,1
40120,0
40121,0
40122,0
40123,1
40124,1
40125,0
40126,0
40127,1
40128,1
40129,0
40130,1
40131,0
40132,0
40133,0
40134,0
40135,1
40136,1
40137,1
40138,1
40139,1
40140,0
40141,0
40142,0
40143,1
40144,0
40145,0
40146,0
40147,0
40148,0
40149,1
40150,0
40151,1
40152,0
40153,0
40154,0
40155,0
40156,0
40157,0
40158,1
40159,0
40160,0
40161,1
40162,0
40163,1
40164,0
40165,0
40166,1
40167,1
40168,0
40169,1
40170,0
40171,0
40172,0
40173,1
40174,0
40175,0
40176,0
40177,1
40178,1
40179,0
40180,0
40181,1
40182,0
40183,0
40184,0
40185,0
40186,0
40187,1
40188,0
40189,1
40190,0
40191,1
40192,1
40193,0
40194,1
40195,0
40196,0
40197,0
40198,0
40199,0
40200,0
40201,0
40202,0
40203,0
40204,0
40205,1
40206,1
40207,1
40208,1
40209,0
40210,0
40211,0
40212,1
40213,0
40214,0
40215,1
40216,0
40217,0
40218,1
40219,0
40220,0
40221,1
40222,0
40223,0
40224,1
40225,0
40226,1
40227,1
40228,0
40229,1
40230,0
40231,0
40232,0
40233,1
40234,1
40235,1
40236,0
40237,0
40238,0
40239,0
40240,0
40241,1
40242,0
40243,0
40244,1
40245,1
40246,0
40247,0
40248,0
40249,1
40250,1
40251,0
40252,0
40253,0
40254,1
40255,0
40256,0
40257,0
40258,0
40259,1
40260,1
40261,0
40262,1
40263,1
40264,0
40265,0
40266,0
40267,0
40268,0
40269,0
40270,0
40271,0
40272,0
40273,0
40274,1
40275,1
40276,0
40277,1
40278,0
40279,1
40280,1
40281,0
40282,0
40283,0
40284,1
40285,0
40286,1
40287,1
40288,1
40289,1
40290,0
40291,0
40292,0
40293,0
40294,0
40295,1
40296,1
40297,1
40298,0
40299,1
40300,0
40301,1
40302,0
40303,0
40304,0
40305,0
40306,0
40307,1
40308,0
40309,0
40310,0
40311,0
40312,0
40313,0
40314,0
40315,1
40316,1
40317,1
40318,0
40319,0
40320,1
40321,0
40322,1
40323,0
40324,0
40325,0
40326,0
40327,1
40328,1
40329,1
40330,1
40331,1
40332,1
40333,0
40334,0
40335,0
40336,1
40337,0
40338,0
40339,0
40340,0
40341,0
40342,0
40343,1
40344,0
40345,1
40346,1
40347,0
40348,1
40349,1
40350,0
40351,0
40352,0
40353,0
40354,0
40355,0
40356,0
40357,0
40358,1
40359,0
40360,1
40361,0
40362,0
40363,1
40364,0
40365,0
40366,0
40367,1
40368,0
40369,0
40370,0
40371,0
40372,0
40373,0
40374,1
40375,0
40376,0
40377,1
40378,0
40379,1
40380,1
40381,0
40382,1
40383,0
40384,1
40385,0
40386,0
40387,1
40388,0
40389,1
40390,1
40391,0
40392,1
40393,0
40394,0
40395,0
40396,1
40397,0
40398,0
40399,1
40400,0
40401,1
40402,0
40403,1
40404,0
40405,0
40406,0
40407,0
40408,0
40409,0
40410,1
40411,1
40412,0
40413,1
40414,1
40415,0
40416,0
40417,0
40418,0
40419,1
40420,1
40421,0
40422,0
40423,1
40424,0
40425,0
40426,0
40427,0
40428,0
40429,0
40430,0
40431,0
40432,0
40433,0
40434,0
40435,0
40436,1
40437,1
40438,1
40439,1
40440,0
40441,1
40442,1
40443,0
40444,1
40445,0
40446,1
40447,1
40448,0
40449,1
40450,0
40451,0
40452,0
40453,1
40454,0
40455,0
40456,1
40457,0
40458,0
40459,1
40460,0
40461,0
40462,1
40463,0
40464,1
40465,0
40466,1
40467,0
40468,0
40469,0
40470,0
40471,0
40472,1
40473,0
40474,0
40475,0
40476,1
40477,0
40478,1
40479,1
40480,0
40481,0
40482,1
40483,0
40484,0
40485,0
40486,0
40487,0
40488,1
40489,1
40490,0
40491,0
40492,1
40493,0
40494,0
40495,1
40496,0
40497,0
40498,1
40499,0
40500,0
40501,1
40502,1
40503,0
40504,0
40505,0
40506,1
40507,0
40508,1
40509,0
40510,0
40511,0
40512,0
40513,0
40514,0
40515,0
40516,0
40517,0
40518,0
40519,1
40520,1
40521,0
40522,1
40523,1
40524,0
40525,0
40526,0
40527,0
40528,0
40529,0
40530,0
40531,1
40532,0
40533,1
40534,1
40535,0
40536,0
40537,1
40538,0
40539,0
40540,1
40541,1
40542,0
40543,0
40544,0
40545,0
40546,1
40547,1
40548,0
40549,0
40550,0
40551,0
40552,1
40553,1
40554,0
40555,0
40556,0
40557,0
40558,1
40559,0
40560,0
40561,0
40562,0
40563,0
40564,0
40565,1
40566,1
40567,0
40568,1
40569,0
40570,1
40571,0
40572,1
40573,1
40574,1
40575,0
40576,1
40577,1
40578,0
40579,1
40580,0
40581,1
40582,0
40583,0
40584,1
40585,0
40586,0
40587,0
40588,0
40589,0
40590,0
40591,1
40592,1
40593,1
40594,1
40595,0
40596,0
40597,0
40598,1
40599,0
40600,1
40601,1
40602,0
40603,0
40604,1
40605,1
40606,0
40607,0
40608,1
40609,1
40610,0
40611,0
40612,1
40613,1
40614,0
40615,1
40616,1
40617,0
40618,0
40619,1
40620,0
40621,1
40622,0
40623,1
40624,0
40625,1
40626,0
40627,0
40628,0
40629,0
40630,1
40631,1
40632,1
40633,1
40634,0
40635,0
40636,1
40637,0
40638,1
40639,0
40640,1
40641,0
40642,1
40643,0
40644,0
40645,0
40646,1
40647,1
40648,1
40649,0
40650,1
40651,0
40652,1
40653,0
40654,1
40655,0
40656,0
40657,0
40658,0
40659,1
40660,0
40661,0
40662,0
40663,0
40664,0
40665,1
40666,0
40667,0
40668,0
40669,0
40670,0
40671,0
40672,0
40673,0
40674,0
40675,0
40676,0
40677,0
40678,1
40679,0
40680,0
40681,0
40682,1
40683,0
40684,0
40685,1
40686,1
40687,0
40688,0
40689,0
40690,0
40691,1
40692,1
40693,1
40694,1
40695,0
40696,0
40697,0
40698,0
40699,0
40700,0
40701,0
40702,0
40703,0
40704,0
40705,0
40706,0
40707,0
40708,0
40709,0
40710,0
40711,0
40712,0
40713,0
40714,0
40715,1
40716,0
40717,1
40718,0
40719,0
40720,1
40721,0
40722,1
40723,1
40724,0
40725,0
40726,0
40727,1
40728,0
40729,1
40730,0
40731,0
40732,0
40733,0
40734,0
40735,1
40736,0
40737,1
40738,0
40739,0
40740,1
40741,1
40742,0
40743,1
40744,1
40745,0
40746,0
40747,1
40748,0
40749,0
40750,1
40751,0
40752,0
40753,0
40754,0
40755,0
40756,0
40757,0
40758,0
40759,1
40760,0
40761,0
40762,1
40763,0
40764,1
40765,1
40766,0
40767,1
40768,0
40769,0
40770,0
40771,0
40772,0
40773,1
40774,0
40775,1
40776,0
40777,0
40778,0
40779,0
40780,0
40781,0
40782,0
40783,0
40784,0
40785,0
40786,0
40787,0
40788,1
40789,0
40790,0
40791,0
40792,1
40793,1
40794,0
40795,0
40796,0
40797,0
40798,0
40799,0
40800,0
40801,0
40802,1
40803,0
40804,1
40805,1
40806,0
40807,0
40808,0
40809,0
40810,0
40811,1
40812,0
40813,0
40814,0
40815,1
40816,0
40817,0
40818,1
40819,1
40820,0
40821,0
40822,1
40823,1
40824,0
40825,0
40826,0
40827,1
40828,0
40829,0
40830,0
40831,1
40832,0
40833,0
40834,0
40835,0
40836,0
40837,1
40838,0
40839,0
40840,0
40841,0
40842,0
40843,0
40844,0
40845,0
40846,0
40847,1
40848,0
40849,0
40850,1
40851,0
40852,1
40853,1
40854,1
40855,0
40856,0
40857,0
40858,0
40859,1
40860,1
40861,0
40862,0
40863,1
40864,0
40865,0
40866,0
40867,0
40868,0
40869,0
40870,0
40871,0
40872,0
40873,1
40874,0
40875,0
40876,0
40877,0
40878,0
40879,1
40880,1
40881,0
40882,0
40883,1
40884,0
40885,1
40886,0
40887,0
40888,1
40889,1
40890,0
40891,1
40892,1
40893,1
40894,0
40895,1
40896,0
40897,0
40898,0
40899,0
40900,0
40901,1
40902,1
40903,1
40904,0
40905,0
40906,0
40907,1
40908,0
40909,0
40910,1
40911,1
40912,0
40913,0
40914,0
40915,0
40916,0
40917,0
40918,0
40919,1
40920,0
40921,1
40922,1
40923,0
40924,0
40925,0
40926,0
40927,0
40928,1
40929,1
40930,0
40931,1
40932,0
40933,0
40934,0
40935,1
40936,1
40937,0
40938,1
40939,0
40940,0
40941,1
40942,1
40943,0
40944,1
40945,1
40946,0
40947,0
40948,1
40949,1
40950,0
40951,0
40952,0
40953,0
40954,0
40955,0
40956,0
40957,1
40958,0
40959,0
40960,0
40961,0
40962,0
40963,1
40964,0
40965,0
40966,0
40967,1
40968,0
40969,0
40970,0
40971,1
40972,1
40973,1
40974,1
40975,1
40976,1
40977,0
40978,0
40979,0
40980,1
40981,0
40982,0
40983,1
40984,0
40985,0
40986,0
40987,0
40988,0
40989,1
40990,0
40991,0
40992,1
40993,0
40994,0
40995,0
40996,1
40997,0
40998,1
40999,1
41000,1
41001,0
41002,0
41003,0
41004,1
41005,1
41006,1
41007,0
41008,1
41009,1
41010,0
41011,0
41012,1
41013,1
41014,0
41015,0
41016,0
41017,0
41018,0
41019,0
41020,1
41021,0
41022,0
41023,0
41024,1
41025,1
41026,0
41027,1
41028,0
41029,1
41030,0
41031,0
41032,0
41033,1
41034,1
41035,0
41036,1
41037,1
41038,0
41039,0
41040,0
41041,0
41042,0
41043,1
41044,0
41045,0
41046,0
41047,0
41048,1
41049,1
41050,1
41051,1
41052,1
41053,1
41054,0
41055,0
41056,1
41057,0
41058,1
41059,0
41060,1
41061,0
41062,0
41063,0
41064,0
41065,1
41066,1
41067,1
41068,0
41069,0
41070,0
41071,0
41072,0
41073,0
41074,0
41075,1
41076,0
41077,0
41078,0
41079,1
41080,0
41081,1
41082,1
41083,0
41084,1
41085,1
41086,0
41087,0
41088,0
41089,0
41090,1
41091,0
41092,0
41093,0
41094,1
41095,0
41096,0
41097,1
41098,0
41099,0
41100,1
41101,0
41102,0
41103,0
41104,1
41105,0
41106,1
41107,1
41108,0
41109,0
41110,1
41111,0
41112,1
41113,0
41114,0
41115,0
41116,0
41117,0
41118,0
41119,0
41120,1
41121,0
41122,0
41123,0
41124,1
41125,0
41126,0
41127,1
41128,0
41129,1
41130,0
41131,0
41132,1
41133,0
41134,0
41135,1
41136,1
41137,0
41138,0
41139,0
41140,1
41141,1
41142,0
41143,0
41144,0
41145,1
41146,1
41147,0
41148,1
41149,0
41150,1
41151,1
41152,1
41153,1
41154,0
41155,1
41156,1
41157,1
41158,0
41159,0
41160,0
41161,1
41162,1
41163,0
41164,0
41165,1
41166,0
41167,0
41168,0
41169,0
41170,0
41171,0
41172,0
41173,0
41174,0
41175,1
41176,1
41177,1
41178,0
41179,0
41180,0
41181,0
41182,1
41183,0
41184,1
41185,1
41186,1
41187,0
41188,0
41189,0
41190,0
41191,0
41192,0
41193,1
41194,0
41195,1
41196,1
41197,0
41198,1
41199,0
41200,0
41201,1
41202,1
41203,0
41204,0
41205,1
41206,1
41207,0
41208,1
41209,0
41210,0
41211,0
41212,0
41213,1
41214,0
41215,0
41216,1
41217,0
41218,1
41219,0
41220,1
41221,0
41222,0
41223,0
41224,0
41225,0
41226,0
41227,0
41228,0
41229,0
41230,0
41231,0
41232,1
41233,1
41234,0
41235,1
41236,0
41237,0
41238,1
41239,1
41240,1
41241,1
41242,1
41243,0
41244,0
41245,0
41246,0
41247,1
41248,0
41249,0
41250,0
41251,0
41252,0
41253,1
41254,1
41255,1
41256,1
41257,0
41258,1
41259,0
41260,0
41261,0
41262,1
41263,0
41264,0
41265,1
41266,0
41267,1
41268,0
41269,0
41270,0
41271,0
41272,1
41273,1
41274,0
41275,0
41276,0
41277,0
41278,0
41279,0
41280,1
41281,1
41282,0
41283,0
41284,1
41285,0
41286,0
41287,0
41288,1
41289,0
41290,0
41291,1
41292,0
41293,1
41294,1
41295,0
41296,1
41297,0
41298,0
41299,0
41300,0
41301,0
41302,0
41303,0
41304,0
41305,0
41306,0
41307,0
41308,1
41309,1
41310,0
41311,1
41312,1
41313,0
41314,0
41315,1
41316,0
41317,0
41318,1
41319,1
41320,0
41321,0
41322,0
41323,0
41324,1
41325,1
41326,0
41327,0
41328,0
41329,0
41330,0
41331,0
41332,0
41333,1
41334,0
41335,1
41336,0
41337,0
41338,1
41339,0
41340,0
41341,0
41342,1
41343,1
41344,1
41345,0
41346,0
41347,0
41348,1
41349,0
41350,0
41351,0
41352,0
41353,0
41354,1
41355,0
41356,0
41357,1
41358,0
41359,0
41360,0
41361,1
41362,0
41363,1
41364,1
41365,1
41366,0
41367,1
41368,0
41369,0
41370,0
41371,0
41372,0
41373,0
41374,0
41375,0
41376,1
41377,0
41378,1
41379,1
41380,0
41381,1
41382,1
41383,0
41384,0
41385,1
41386,0
41387,1
41388,0
41389,0
41390,0
41391,1
41392,0
41393,0
41394,0
41395,0
41396,0
41397,0
41398,1
41399,0
41400,1
41401,0
41402,0
41403,1
41404,0
41405,0
41406,1
41407,1
41408,0
41409,1
41410,0
41411,0
41412,0
41413,0
41414,0
41415,1
41416,1
41417,0
41418,1
41419,1
41420,0
41421,0
41422,0
41423,0
41424,0
41425,1
41426,1
41427,1
41428,1
41429,0
41430,1
41431,1
41432,0
41433,0
41434,1
41435,0
41436,0
41437,0
41438,0
41439,1
41440,0
41441,0
41442,1
41443,0
41444,0
41445,0
41446,0
41447,0
41448,1
41449,0
41450,0
41451,0
41452,0
41453,0
41454,1
41455,0
41456,1
41457,1
41458,0
41459,1
41460,1
41461,1
41462,0
41463,0
41464,0
41465,0
41466,0
41467,0
41468,0
41469,1
41470,1
41471,1
41472,0
41473,1
41474,0
41475,0
41476,0
41477,1
41478,0
41479,0
41480,1
41481,0
41482,1
41483,0
41484,0
41485,1
41486,0
41487,0
41488,0
41489,0
41490,0
41491,1
41492,1
41493,0
41494,1
41495,0
41496,0
41497,0
41498,0
41499,0
41500,0
41501,0
41502,0
41503,1
41504,1
41505,0
41506,0
41507,0
41508,1
41509,0
41510,1
41511,0
41512,0
41513,1
41514,1
41515,0
41516,1
41517,0
41518,1
41519,1
41520,0
41521,1
41522,1
41523,0
41524,0
41525,0
41526,1
41527,0
41528,1
41529,0
41530,0
41531,1
41532,1
41533,1
41534,0
41535,1
41536,0
41537,1
41538,0
41539,0
41540,1
41541,1
41542,0
41543,0
41544,1
41545,0
41546,1
41547,1
41548,0
41549,1
41550,1
41551,0
41552,0
41553,0
41554,0
41555,0
41556,0
41557,0
41558,0
41559,1
41560,0
41561,1
41562,0
41563,0
41564,1
41565,0
41566,1
41567,0
41568,0
41569,1
41570,0
41571,0
41572,1
41573,1
41574,0
41575,0
41576,0
41577,0
41578,1
41579,1
41580,0
41581,0
41582,0
41583,1
41584,0
41585,0
41586,0
41587,0
41588,0
41589,1
41590,1
41591,0
41592,0
41593,0
41594,0
41595,0
41596,0
41597,1
41598,0
41599,1
41600,0
41601,1
41602,0
41603,0
41604,1
41605,0
41606,1
41607,0
41608,0
41609,0
41610,0
41611,1
41612,1
41613,0
41614,0
41615,0
41616,0
41617,1
41618,0
41619,0
41620,0
41621,0
41622,0
41623,0
41624,1
41625,1
41626,0
41627,0
41628,1
41629,1
41630,0
41631,1
41632,0
41633,1
41634,1
41635,0
41636,1
41637,0
41638,0
41639,0
41640,1
41641,1
41642,0
41643,0
41644,0
41645,1
41646,0
41647,1
41648,0
41649,0
41650,0
41651,0
41652,0
41653,0
41654,1
41655,1
41656,0
41657,1
41658,0
41659,0
41660,0
41661,0
41662,0
41663,1
41664,0
41665,0
41666,0
41667,0
41668,0
41669,0
41670,0
41671,0
41672,1
41673,1
41674,0
41675,1
41676,0
41677,1
41678,0
41679,0
41680,0
41681,1
41682,0
41683,0
41684,0
41685,0
41686,0
41687,0
41688,1
41689,1
41690,0
41691,0
41692,0
41693,1
41694,0
41695,0
41696,0
41697,1
41698,1
41699,0
41700,0
41701,0
41702,0
41703,0
41704,1
41705,1
41706,0
41707,0
41708,0
41709,0
41710,1
41711,0
41712,0
41713,0
41714,0
41715,1
41716,1
41717,0
41718,0
41719,0
41720,0
41721,0
41722,0
41723,1
41724,0
41725,0
41726,0
41727,0
41728,0
41729,1
41730,0
41731,1
41732,1
41733,1
41734,1
41735,1
41736,0
41737,0
41738,0
41739,1
41740,1
41741,1
41742,0
41743,1
41744,0
41745,0
41746,1
41747,0
41748,1
41749,0
41750,1
41751,0
41752,0
41753,1
41754,0
41755,0
41756,0
41757,1
41758,0
41759,0
41760,1
41761,0
41762,0
41763,1
41764,0
41765,1
41766,0
41767,1
41768,1
41769,1
41770,0
41771,1
41772,0
41773,0
41774,1
41775,0
41776,0
41777,0
41778,1
41779,1
41780,0
41781,0
41782,0
41783,0
41784,1
41785,0
41786,0
41787,0
41788,0
41789,0
41790,0
41791,1
41792,0
41793,0
41794,1
41795,0
41796,0
41797,0
41798,0
41799,1
41800,1
41801,0
41802,0
41803,1
41804,0
41805,0
41806,0
41807,1
41808,1
41809,0
41810,0
41811,0
41812,1
41813,0
41814,0
41815,1
41816,1
41817,0
41818,0
41819,1
41820,0
41821,0
41822,0
41823,0
41824,1
41825,0
41826,0
41827,1
41828,0
41829,1
41830,0
41831,0
41832,0
41833,0
41834,0
41835,0
41836,1
41837,1
41838,0
41839,1
41840,0
41841,1
41842,1
41843,1
41844,0
41845,0
41846,1
41847,1
41848,0
41849,0
41850,0
41851,0
41852,1
41853,0
41854,0
41855,0
41856,0
41857,0
41858,0
41859,1
41860,1
41861,1
41862,1
41863,0
41864,0
41865,0
41866,0
41867,0
41868,0
41869,0
41870,0
41871,0
41872,0
41873,0
41874,1
41875,0
41876,0
41877,0
41878,1
41879,0
41880,0
41881,0
41882,0
41883,0
41884,0
41885,1
41886,0
41887,1
41888,0
41889,0
41890,0
41891,0
41892,0
41893,1
41894,1
41895,0
41896,0
41897,0
41898,0
41899,0
41900,0
41901,0
41902,0
41903,1
41904,0
41905,0
41906,0
41907,1
41908,0
41909,0
41910,1
41911,0
41912,1
41913,0
41914,0
41915,0
41916,1
41917,0
41918,0
41919,1
41920,0
41921,1
41922,1
41923,1
41924,0
41925,1
41926,0
41927,0
41928,0
41929,0
41930,0
41931,1
41932,0
41933,0
41934,1
41935,1
41936,0
41937,0
41938,1
41939,0
41940,0
41941,1
41942,0
41943,0
41944,0
41945,0
41946,0
41947,0
41948,0
41949,1
41950,0
41951,1
41952,0
41953,0
41954,0
41955,0
41956,0
41957,1
41958,0
41959,0
41960,0
41961,1
41962,1
41963,0
41964,1
41965,0
41966,0
41967,0
41968,0
41969,0
41970,0
41971,1
41972,0
41973,1
41974,0
41975,0
41976,0
41977,1
41978,0
41979,1
41980,0
41981,0
41982,0
41983,0
41984,0
41985,1
41986,1
41987,0
41988,0
41989,0
41990,1
41991,0
41992,1
41993,1
41994,0
41995,0
41996,0
41997,1
41998,0
41999,0
42000,1
42001,0
42002,0
42003,0
42004,0
42005,0
42006,0
42007,0
42008,0
42009,0
42010,0
42011,1
42012,0
42013,1
42014,0
42015,0
42016,0
42017,0
42018,1
42019,0
42020,1
42021,0
42022,1
42023,1
42024,1
42025,0
42026,1
42027,0
42028,1
42029,0
42030,1
42031,1
42032,0
42033,0
42034,0
42035,0
42036,0
42037,1
42038,1
42039,0
42040,0
42041,0
42042,1
42043,1
42044,1
42045,0
42046,1
42047,0
42048,1
42049,0
42050,1
42051,0
42052,0
42053,0
42054,0
42055,0
42056,0
42057,0
42058,1
42059,1
42060,0
42061,0
42062,1
42063,1
42064,1
42065,1
42066,0
42067,1
42068,1
42069,1
42070,0
42071,0
42072,1
42073,1
42074,0
42075,1
42076,1
42077,0
42078,0
42079,1
42080,0
42081,0
42082,0
42083,1
42084,1
42085,0
42086,0
42087,0
42088,1
42089,1
42090,0
42091,1
42092,0
42093,0
42094,1
42095,1
42096,0
42097,0
42098,0
42099,1
42100,1
42101,0
42102,1
42103,1
42104,0
42105,1
42106,1
42107,1
42108,0
42109,0
42110,0
42111,1
42112,0
42113,0
42114,0
42115,1
42116,0
42117,1
42118,1
42119,1
42120,0
42121,0
42122,0
42123,0
42124,1
42125,1
42126,1
42127,0
42128,0
42129,1
42130,1
42131,1
42132,0
42133,0
42134,0
42135,0
42136,0
42137,0
42138,1
42139,1
42140,1
42141,0
42142,0
42143,0
42144,1
42145,0
42146,1
42147,0
42148,0
42149,0
42150,0
42151,1
42152,1
42153,0
42154,1
42155,0
42156,1
42157,0
42158,0
42159,1
42160,1
42161,0
42162,1
42163,1
42164,0
42165,0
42166,1
42167,0
42168,0
42169,0
42170,0
42171,0
42172,0
42173,1
42174,0
42175,0
42176,1
42177,0
42178,0
42179,1
42180,0
42181,1
42182,0
42183,1
42184,1
42185,0
42186,1
42187,1
42188,1
42189,0
42190,0
42191,1
42192,0
42193,0
42194,1
42195,0
42196,1
42197,0
42198,1
42199,1
42200,0
42201,1
42202,1
42203,0
42204,0
42205,0
42206,0
42207,0
42208,0
42209,0
42210,0
42211,0
42212,0
42213,0
42214,0
42215,1
42216,0
42217,0
42218,0
42219,1
42220,0
42221,1
42222,0
42223,0
42224,0
42225,0
42226,1
42227,0
42228,1
42229,0
42230,1
42231,1
42232,1
42233,0
42234,1
42235,1
42236,0
42237,0
42238,1
42239,0
42240,0
42241,0
42242,0
42243,1
42244,0
42245,0
42246,0
42247,0
42248,0
42249,1
42250,0
42251,0
42252,0
42253,1
42254,0
42255,0
42256,0
42257,0
42258,0
42259,0
42260,1
42261,1
42262,0
42263,1
42264,0
42265,0
42266,1
42267,0
42268,0
42269,0
42270,1
42271,0
42272,1
42273,1
42274,0
42275,0
42276,0
42277,1
42278,0
42279,0
42280,1
42281,1
42282,0
42283,1
42284,0
42285,1
42286,0
42287,0
42288,1
42289,0
42290,0
42291,0
42292,0
42293,1
42294,1
42295,1
42296,1
42297,0
42298,0
42299,0
42300,0
42301,0
42302,0
42303,1
42304,0
42305,0
42306,0
42307,1
42308,0
42309,1
42310,0
42311,1
42312,0
42313,0
42314,0
42315,0
42316,0
42317,0
42318,0
42319,0
42320,0
42321,0
42322,0
42323,1
42324,1
42325,1
42326,1
42327,1
42328,0
42329,0
42330,0
42331,0
42332,1
42333,0
42334,1
42335,0
42336,1
42337,0
42338,0
42339,0
42340,0
42341,0
42342,0
42343,1
42344,0
42345,0
42346,0
42347,0
42348,0
42349,0
42350,0
42351,1
42352,0
42353,1
42354,0
42355,1
42356,0
42357,0
42358,0
42359,1
42360,0
42361,1
42362,0
42363,0
42364,0
42365,0
42366,0
42367,1
42368,0
42369,1
42370,0
42371,1
42372,1
42373,1
42374,0
42375,1
42376,0
42377,0
42378,0
42379,0
42380,1
42381,1
42382,0
42383,0
42384,1
42385,0
42386,0
42387,1
42388,0
42389,1
42390,1
42391,0
42392,1
42393,0
42394,0
42395,0
42396,0
42397,1
42398,0
42399,0
42400,0
42401,1
42402,1
42403,1
42404,0
42405,1
42406,1
42407,0
42408,0
42409,1
42410,0
42411,1
42412,1
42413,0
42414,0
42415,1
42416,1
42417,0
42418,0
42419,0
42420,1
42421,0
42422,0
42423,1
42424,1
42425,0
42426,1
42427,0
42428,1
42429,0
42430,0
42431,1
42432,0
42433,0
42434,0
42435,1
42436,0
42437,0
42438,1
42439,0
42440,1
42441,0
42442,1
42443,0
42444,0
42445,1
42446,1
42447,0
42448,0
42449,0
42450,0
42451,1
42452,1
42453,1
42454,1
42455,1
42456,0
42457,0
42458,0
42459,0
42460,0
42461,0
42462,0
42463,0
42464,1
42465,0
42466,1
42467,1
42468,0
42469,0
42470,0
42471,0
42472,0
42473,0
42474,1
42475,0
42476,1
42477,1
42478,0
42479,1
42480,0
42481,0
42482,1
42483,1
42484,0
42485,0
42486,1
42487,1
42488,0
42489,1
42490,1
42491,0
42492,0
42493,0
42494,0
42495,1
42496,0
42497,1
42498,0
42499,1
42500,1
42501,0
42502,0
42503,1
42504,0
42505,0
42506,0
42507,1
42508,0
42509,0
42510,0
42511,0
42512,0
42513,1
42514,1
42515,0
42516,0
42517,0
42518,0
42519,0
42520,0
42521,1
42522,0
42523,0
42524,0
42525,0
42526,0
42527,1
42528,0
42529,0
42530,0
42531,1
42532,0
42533,0
42534,1
42535,0
42536,0
42537,0
42538,0
42539,1
42540,1
42541,1
42542,1
42543,1
42544,0
42545,0
42546,0
42547,0
42548,0
42549,1
42550,0
42551,1
42552,1
42553,0
42554,0
42555,0
42556,0
42557,1
42558,1
42559,0
42560,1
42561,0
42562,0
42563,1
42564,1
42565,0
42566,0
42567,0
42568,0
42569,1
42570,0
42571,0
42572,0
42573,1
42574,0
42575,0
42576,1
42577,1
42578,0
42579,1
42580,0
42581,1
42582,0
42583,0
42584,1
42585,1
42586,0
42587,0
42588,0
42589,0
42590,0
42591,0
42592,0
42593,0
42594,0
42595,0
42596,0
42597,0
42598,0
42599,1
42600,1
42601,0
42602,0
42603,0
42604,1
42605,1
42606,0
42607,1
42608,0
42609,0
42610,0
42611,0
42612,0
42613,0
42614,0
42615,0
42616,0
42617,0
42618,0
42619,1
42620,0
42621,0
42622,0
42623,0
42624,0
42625,1
42626,0
42627,0
42628,0
42629,0
42630,0
42631,0
42632,0
42633,0
42634,0
42635,0
42636,0
42637,0
42638,1
42639,0
42640,0
42641,0
42642,1
42643,0
42644,1
42645,0
42646,0
42647,1
42648,0
42649,0
42650,0
42651,1
42652,0
42653,1
42654,1
42655,0
42656,0
42657,1
42658,0
42659,1
42660,0
42661,0
42662,0
42663,0
42664,0
42665,1
42666,1
42667,1
42668,1
42669,0
42670,0
42671,0
42672,0
42673,1
42674,0
42675,0
42676,0
42677,0
42678,0
42679,1
42680,0
42681,0
42682,1
42683,1
42684,0
42685,0
42686,0
42687,0
42688,0
42689,1
42690,0
42691,1
42692,1
42693,0
42694,0
42695,1
42696,1
42697,1
42698,0
42699,0
42700,0
42701,0
42702,0
42703,1
42704,0
42705,0
42706,0
42707,1
42708,1
42709,0
42710,0
42711,0
42712,0
42713,1
42714,0
42715,0
42716,1
42717,1
42718,0
42719,0
42720,0
42721,1
42722,1
42723,0
42724,0
42725,0
42726,0
42727,0
42728,0
42729,0
42730,1
42731,0
42732,0
42733,1
42734,0
42735,0
42736,1
42737,0
42738,0
42739,0
42740,1
42741,0
42742,0
42743,1
42744,0
42745,0
42746,0
42747,0
42748,0
42749,0
42750,1
42751,1
42752,0
42753,1
42754,0
42755,1
42756,1
42757,1
42758,0
42759,0
42760,1
42761,1
42762,1
42763,1
42764,0
42765,1
42766,0
42767,0
42768,1
42769,0
42770,0
42771,1
42772,0
42773,0
42774,1
42775,1
42776,1
42777,0
42778,1
42779,0
42780,0
42781,0
42782,0
42783,1
42784,0
42785,0
42786,0
42787,1
42788,0
42789,1
42790,1
42791,0
42792,1
42793,1
42794,1
42795,1
42796,0
42797,1
42798,1
42799,1
42800,0
42801,1
42802,0
42803,1
42804,1
42805,0
42806,0
42807,0
42808,0
42809,0
42810,0
42811,0
42812,1
42813,0
42814,0
42815,0
42816,0
42817,0
42818,0
42819,0
42820,1
42821,0
42822,0
42823,0
42824,1
42825,0
42826,1
42827,1
42828,1
42829,0
42830,0
42831,0
42832,0
42833,0
42834,0
42835,0
42836,1
42837,0
42838,1
42839,0
42840,1
42841,0
42842,0
42843,0
42844,0
42845,0
42846,0
42847,1
42848,0
42849,0
42850,0
42851,1
42852,1
42853,0
42854,1
42855,1
42856,0
42857,0
42858,1
42859,1
42860,0
42861,1
42862,0
42863,0
42864,1
42865,1
42866,1
42867,1
42868,0
42869,0
42870,1
42871,0
42872,1
42873,0
42874,0
42875,1
42876,0
42877,0
42878,0
42879,0
42880,1
42881,1
42882,0
42883,1
42884,0
42885,0
42886,1
42887,0
42888,1
42889,0
42890,1
42891,0
42892,0
42893,1
42894,1
42895,0
42896,0
42897,1
42898,1
42899,0
42900,0
42901,1
42902,0
42903,1
42904,0
42905,0
42906,1
42907,0
42908,1
42909,0
42910,1
42911,0
42912,0
42913,1
42914,0
42915,0
42916,1
42917,0
42918,0
42919,0
42920,1
42921,1
42922,1
42923,0
42924,0
42925,0
42926,0
42927,1
42928,0
42929,0
42930,0
42931,0
42932,1
42933,0
42934,1
42935,0
42936,0
42937,0
42938,1
42939,0
42940,0
42941,0
42942,1
42943,0
42944,0
42945,0
42946,0
42947,1
42948,0
42949,0
42950,0
42951,0
42952,0
42953,1
42954,1
42955,0
42956,0
42957,1
42958,0
42959,1
42960,1
42961,0
42962,0
42963,0
42964,0
42965,1
42966,1
42967,0
42968,0
42969,1
42970,0
42971,0
42972,1
42973,0
42974,0
42975,0
42976,0
42977,0
42978,0
42979,1
42980,1
42981,0
42982,1
42983,0
42984,1
42985,0
42986,0
42987,0
42988,0
42989,1
42990,0
42991,0
42992,0
42993,0
42994,1
42995,0
42996,1
42997,0
42998,0
42999,0
43000,0
43001,0
43002,0
43003,0
43004,1
43005,0
43006,0
43007,0
43008,0
43009,0
43010,0
43011,1
43012,0
43013,1
43014,0
43015,0
43016,0
43017,1
43018,0
43019,1
43020,1
43021,0
43022,0
43023,1
43024,1
43025,1
43026,1
43027,0
43028,0
43029,0
43030,1
43031,1
43032,0
43033,0
43034,0
43035,0
43036,0
43037,1
43038,1
43039,0
43040,1
43041,0
43042,0
43043,1
43044,1
43045,0
43046,0
43047,0
43048,0
43049,1
43050,1
43051,1
43052,1
43053,0
43054,1
43055,1
43056,0
43057,0
43058,0
43059,0
43060,1
43061,1
43062,0
43063,0
43064,0
43065,0
43066,1
43067,0
43068,0
43069,0
43070,1
43071,0
43072,1
43073,0
43074,1
43075,1
43076,0
43077,1
43078,1
43079,0
43080,0
43081,1
43082,1
43083,1
43084,0
43085,1
43086,0
43087,0
43088,0
43089,1
43090,1
43091,1
43092,1
43093,1
43094,1
43095,0
43096,1
43097,0
43098,1
43099,0
43100,1
43101,1
43102,0
43103,0
43104,0
43105,1
43106,1
43107,0
43108,0
43109,0
43110,1
43111,1
43112,1
43113,0
43114,0
43115,1
43116,0
43117,0
43118,0
43119,1
43120,1
43121,1
43122,0
43123,1
43124,0
43125,0
43126,0
43127,0
43128,1
43129,0
43130,1
43131,0
43132,0
43133,0
43134,1
43135,0
43136,1
43137,0
43138,0
43139,1
43140,1
43141,0
43142,1
43143,0
43144,0
43145,0
43146,0
43147,1
43148,0
43149,0
43150,1
43151,1
43152,1
43153,1
43154,0
43155,0
43156,1
43157,0
43158,0
43159,0
43160,1
43161,0
43162,0
43163,1
43164,0
43165,0
43166,0
43167,0
43168,0
43169,0
43170,0
43171,0
43172,0
43173,1
43174,0
43175,0
43176,0
43177,0
43178,1
43179,0
43180,1
43181,1
43182,0
43183,0
43184,1
43185,1
43186,0
43187,1
43188,1
43189,1
43190,0
43191,0
43192,1
43193,0
43194,0
43195,1
43196,0
43197,0
43198,0
43199,0
43200,0
43201,0
43202,0
43203,0
43204,0
43205,0
43206,0
43207,0
43208,0
43209,1
43210,0
43211,0
43212,1
43213,0
43214,0
43215,0
43216,0
43217,1
43218,0
43219,0
43220,1
43221,0
43222,0
43223,0
43224,1
43225,0
43226,1
43227,1
43228,0
43229,0
43230,0
43231,1
43232,0
43233,0
43234,1
43235,0
43236,1
43237,1
43238,1
43239,0
43240,1
43241,0
43242,0
43243,1
43244,0
43245,0
43246,1
43247,1
43248,1
43249,1
43250,1
43251,0
43252,0
43253,0
43254,0
43255,0
43256,1
43257,0
43258,0
43259,0
43260,0
43261,1
43262,1
43263,1
43264,1
43265,0
43266,1
43267,0
43268,1
43269,0
43270,0
43271,0
43272,0
43273,0
43274,1
43275,0
43276,0
43277,1
43278,0
43279,1
43280,0
43281,1
43282,0
43283,0
43284,0
43285,0
43286,0
43287,0
43288,0
43289,0
43290,1
43291,0
43292,1
43293,0
43294,0
43295,1
43296,0
43297,1
43298,1
43299,0
43300,0
43301,0
43302,0
43303,1
43304,1
43305,1
43306,0
43307,1
43308,0
43309,0
43310,0
43311,0
43312,0
43313,1
43314,0
43315,1
43316,1
43317,0
43318,0
43319,0
43320,0
43321,0
43322,1
43323,1
43324,0
43325,0
43326,0
43327,1
43328,0
43329,0
43330,0
43331,1
43332,0
43333,0
43334,0
43335,0
43336,0
43337,0
43338,0
43339,1
43340,1
43341,0
43342,1
43343,0
43344,0
43345,0
43346,1
43347,0
43348,0
43349,1
43350,1
43351,1
43352,0
43353,0
43354,1
43355,1
43356,0
43357,0
43358,0
43359,0
43360,0
43361,0
43362,1
43363,1
43364,0
43365,0
43366,0
43367,0
43368,1
43369,1
43370,1
43371,0
43372,0
43373,0
43374,1
43375,1
43376,0
43377,1
43378,0
43379,1
43380,0
43381,0
43382,0
43383,0
43384,0
43385,0
43386,0
43387,0
43388,0
43389,1
43390,1
43391,1
43392,0
43393,1
43394,0
43395,1
43396,1
43397,0
43398,0
43399,1
43400,1
43401,0
43402,1
43403,0
43404,0
43405,1
43406,0
43407,0
43408,0
43409,1
43410,0
43411,0
43412,1
43413,1
43414,0
43415,0
43416,0
43417,0
43418,1
43419,1
43420,1
43421,1
43422,0
43423,0
43424,0
43425,0
43426,1
43427,0
43428,1
43429,0
43430,0
43431,0
43432,1
43433,0
43434,0
43435,0
43436,1
43437,0
43438,0
43439,0
43440,0
43441,1
43442,1
43443,0
43444,0
43445,0
43446,0
43447,0
43448,0
43449,1
43450,0
43451,0
43452,0
43453,1
43454,1
43455,1
43456,0
43457,0
43458,0
43459,1
43460,0
43461,0
43462,0
43463,0
43464,0
43465,1
43466,0
43467,1
43468,0
43469,0
43470,1
43471,0
43472,0
43473,0
43474,1
43475,1
43476,0
43477,0
43478,0
43479,0
43480,0
43481,1
43482,0
43483,0
43484,1
43485,1
43486,0
43487,1
43488,0
43489,0
43490,0
43491,1
43492,1
43493,1
43494,0
43495,1
43496,0
43497,1
43498,0
43499,0
43500,0
43501,0
43502,1
43503,1
43504,0
43505,1
43506,1
43507,0
43508,1
43509,0
43510,0
43511,1
43512,0
43513,0
43514,0
43515,1
43516,0
43517,0
43518,1
43519,0
43520,0
43521,0
43522,0
43523,0
43524,0
43525,1
43526,1
43527,1
43528,0
43529,0
43530,0
43531,0
43532,1
43533,0
43534,1
43535,1
43536,0
43537,0
43538,0
43539,0
43540,0
43541,1
43542,0
43543,1
43544,1
43545,0
43546,0
43547,0
43548,1
43549,0
43550,1
43551,0
43552,0
43553,0
43554,1
43555,0
43556,0
43557,0
43558,0
43559,0
43560,0
43561,0
43562,0
43563,1
43564,0
43565,0
43566,1
43567,1
43568,0
43569,0
43570,0
43571,0
43572,0
43573,0
43574,0
43575,0
43576,1
43577,0
43578,0
43579,1
43580,0
43581,0
43582,1
43583,0
43584,0
43585,0
43586,0
43587,1
43588,1
43589,0
43590,1
43591,0
43592,1
43593,0
43594,0
43595,0
43596,1
43597,0
43598,0
43599,0
43600,1
43601,1
43602,0
43603,0
43604,0
43605,0
43606,0
43607,0
43608,0
43609,0
43610,0
43611,0
43612,0
43613,0
43614,0
43615,0
43616,1
43617,1
43618,1
43619,1
43620,0
43621,0
43622,1
43623,0
43624,0
43625,0
43626,0
43627,0
43628,1
43629,0
43630,0
43631,1
43632,0
43633,0
43634,0
43635,0
43636,0
43637,0
43638,1
43639,1
43640,0
43641,0
43642,1
43643,0
43644,1
43645,1
43646,0
43647,0
43648,1
43649,1
43650,1
43651,0
43652,0
43653,0
43654,1
43655,0
43656,0
43657,1
43658,0
43659,0
43660,0
43661,0
43662,1
43663,0
43664,1
43665,0
43666,0
43667,1
43668,0
43669,1
43670,0
43671,1
43672,0
43673,1
43674,0
43675,1
43676,1
43677,0
43678,0
43679,0
43680,1
43681,0
43682,0
43683,0
43684,0
43685,0
43686,0
43687,0
43688,0
43689,0
43690,1
43691,0
43692,0
43693,0
43694,0
43695,1
43696,1
43697,0
43698,0
43699,0
43700,1
43701,0
43702,1
43703,0
43704,1
43705,1
43706,0
43707,0
43708,0
43709,1
43710,1
43711,0
43712,1
43713,0
43714,0
43715,0
43716,1
43717,1
43718,0
43719,0
43720,1
43721,0
43722,0
43723,1
43724,1
43725,0
43726,0
43727,1
43728,1
43729,0
43730,1
43731,1
43732,1
43733,1
43734,1
43735,0
43736,1
43737,0
43738,1
43739,0
43740,0
43741,0
43742,0
43743,0
43744,0
43745,1
43746,1
43747,1
43748,0
43749,0
43750,0
43751,0
43752,0
43753,1
43754,0
43755,1
43756,1
43757,0
43758,1
43759,0
43760,0
43761,0
43762,1
43763,0
43764,0
43765,1
43766,0
43767,1
43768,1
43769,1
43770,0
43771,1
43772,0
43773,0
43774,0
43775,0
43776,1
43777,1
43778,0
43779,1
43780,0
43781,0
43782,0
43783,0
43784,0
43785,0
43786,0
43787,1
43788,0
43789,1
43790,0
43791,0
43792,1
43793,0
43794,1
43795,1
43796,1
43797,0
43798,0
43799,1
43800,0
43801,0
43802,0
43803,1
43804,1
43805,0
43806,1
43807,0
43808,0
43809,0
43810,0
43811,1
43812,0
43813,0
43814,1
43815,0
43816,1
43817,0
43818,0
43819,0
43820,0
43821,1
43822,0
43823,0
43824,0
43825,0
43826,0
43827,0
43828,1
43829,0
43830,0
43831,1
43832,0
43833,0
43834,1
43835,1
43836,1
43837,1
43838,0
43839,0
43840,0
43841,0
43842,1
43843,0
43844,0
43845,1
43846,0
43847,0
43848,1
43849,1
43850,1
43851,1
43852,1
43853,1
43854,0
43855,0
43856,1
43857,0
43858,1
43859,1
43860,0
43861,1
43862,0
43863,0
43864,0
43865,0
43866,0
43867,0
43868,0
43869,0
43870,0
43871,1
43872,0
43873,0
43874,0
43875,1
43876,0
43877,0
43878,0
43879,0
43880,0
43881,0
43882,0
43883,1
43884,1
43885,0
43886,0
43887,1
43888,1
43889,0
43890,1
43891,1
43892,1
43893,0
43894,1
43895,0
43896,0
43897,1
43898,0
43899,0
43900,0
43901,0
43902,0
43903,1
43904,0
43905,0
43906,1
43907,1
43908,0
43909,0
43910,0
43911,1
43912,0
43913,0
43914,0
43915,0
43916,0
43917,0
43918,0
43919,0
43920,0
43921,0
43922,0
43923,0
43924,1
43925,0
43926,0
43927,1
43928,0
43929,1
43930,0
43931,0
43932,0
43933,0
43934,0
43935,0
43936,0
43937,0
43938,1
43939,1
43940,0
43941,0
43942,0
43943,0
43944,0
43945,1
43946,0
43947,0
43948,1
43949,1
43950,1
43951,0
43952,0
43953,1
43954,0
43955,1
43956,0
43957,0
43958,0
43959,1
43960,0
43961,1
43962,1
43963,0
43964,1
43965,0
43966,0
43967,0
43968,1
43969,0
43970,0
43971,1
43972,0
43973,0
43974,1
43975,0
43976,0
43977,1
43978,1
43979,0
43980,1
43981,0
43982,1
43983,0
43984,0
43985,0
43986,0
43987,0
43988,0
43989,0
43990,0
43991,0
43992,0
43993,0
43994,0
43995,0
43996,0
43997,0
43998,0
43999,0
44000,1
44001,0
44002,0
44003,1
44004,0
44005,0
44006,0
44007,1
44008,0
44009,1
44010,1
44011,0
44012,1
44013,1
44014,0
44015,0
44016,1
44017,1
44018,1
44019,0
44020,0
44021,1
44022,0
44023,1
44024,0
44025,0
44026,0
44027,0
44028,0
44029,1
44030,0
44031,0
44032,1
44033,0
44034,0
44035,0
44036,0
44037,1
44038,0
44039,1
44040,0
44041,0
44042,0
44043,0
44044,1
44045,0
44046,0
44047,1
44048,1
44049,0
44050,0
44051,0
44052,0
44053,1
44054,0
44055,0
44056,1
44057,1
44058,1
44059,0
44060,0
44061,1
44062,1
44063,1
44064,0
44065,0
44066,0
44067,0
44068,1
44069,0
44070,0
44071,1
44072,0
44073,1
44074,0
44075,0
44076,1
44077,0
44078,1
44079,0
44080,1
44081,0
44082,0
44083,0
44084,0
44085,0
44086,0
44087,1
44088,0
44089,0
44090,0
44091,0
44092,0
44093,0
44094,1
44095,0
44096,0
44097,1
44098,1
44099,0
44100,0
44101,0
44102,1
44103,1
44104,0
44105,1
44106,0
44107,1
44108,1
44109,1
44110,0
44111,0
44112,1
44113,0
44114,0
44115,0
44116,1
44117,1
44118,1
44119,0
44120,0
44121,0
44122,0
44123,0
44124,1
44125,0
44126,1
44127,1
44128,1
44129,0
44130,0
44131,1
44132,1
44133,0
44134,1
44135,0
44136,1
44137,1
44138,0
44139,1
44140,0
44141,1
44142,0
44143,1
44144,1
44145,1
44146,1
44147,1
44148,1
44149,1
44150,0
44151,0
44152,1
44153,0
44154,0
44155,0
44156,1
44157,1
44158,0
44159,0
44160,1
44161,0
44162,0
44163,0
44164,0
44165,0
44166,0
44167,0
44168,0
44169,1
44170,0
44171,0
44172,0
44173,0
44174,0
44175,1
44176,0
44177,1
44178,1
44179,1
44180,0
44181,0
44182,0
44183,1
44184,0
44185,1
44186,1
44187,1
44188,1
44189,0
44190,1
44191,0
44192,0
44193,0
44194,0
44195,0
44196,0
44197,0
44198,0
44199,1
44200,0
44201,0
44202,0
44203,0
44204,0
44205,1
44206,1
44207,0
44208,0
44209,1
44210,0
44211,1
44212,1
44213,0
44214,1
44215,1
44216,0
44217,1
44218,0
44219,0
44220,1
44221,0
44222,1
44223,1
44224,0
44225,0
44226,1
44227,1
44228,1
44229,0
44230,0
44231,0
44232,1
44233,1
44234,0
44235,1
44236,0
44237,0
44238,0
44239,0
44240,0
44241,1
44242,1
44243,0
44244,0
44245,0
44246,0
44247,0
44248,1
44249,0
44250,1
44251,0
44252,0
44253,0
44254,0
44255,0
44256,1
44257,1
44258,0
44259,0
44260,0
44261,1
44262,1
44263,0
44264,0
44265,1
44266,0
44267,0
44268,1
44269,1
44270,0
44271,0
44272,0
44273,1
44274,0
44275,0
44276,0
44277,0
44278,1
44279,0
44280,1
44281,0
44282,0
44283,1
44284,0
44285,1
44286,0
44287,0
44288,0
44289,1
44290,1
44291,0
44292,0
44293,0
44294,1
44295,0
44296,0
44297,1
44298,0
44299,1
44300,0
44301,0
44302,1
44303,1
44304,0
44305,0
44306,0
44307,1
44308,0
44309,0
44310,1
44311,0
44312,0
44313,0
44314,0
44315,1
44316,0
44317,0
44318,0
44319,1
44320,1
44321,1
44322,1
44323,0
44324,1
44325,1
44326,0
44327,0
44328,1
44329,0
44330,0
44331,1
44332,0
44333,0
44334,0
44335,0
44336,1
44337,0
44338,0
44339,0
44340,0
44341,1
44342,0
44343,0
44344,0
44345,0
44346,0
44347,0
44348,0
44349,0
44350,1
44351,1
44352,1
44353,0
44354,1
44355,0
44356,0
44357,0
44358,0
44359,1
44360,0
44361,0
44362,1
44363,1
44364,0
44365,0
44366,0
44367,0
44368,0
44369,0
44370,1
44371,0
44372,0
44373,0
44374,1
44375,1
44376,1
44377,1
44378,1
44379,0
44380,0
44381,0
44382,0
44383,1
44384,0
44385,0
44386,0
44387,1
44388,1
44389,0
44390,0
44391,0
44392,0
44393,1
44394,0
44395,0
44396,1
44397,1
44398,1
44399,1
44400,1
44401,1
44402,0
44403,1
44404,1
44405,1
44406,0
44407,0
44408,0
44409,0
44410,0
44411,0
44412,0
44413,0
44414,1
44415,0
44416,0
44417,1
44418,1
44419,1
44420,0
44421,0
44422,0
44423,1
44424,0
44425,0
44426,0
44427,0
44428,1
44429,0
44430,0
44431,1
44432,0
44433,1
44434,0
44435,0
44436,0
44437,0
44438,0
44439,0
44440,0
44441,0
44442,0
44443,0
44444,0
44445,0
44446,0
44447,0
44448,1
44449,0
44450,0
44451,1
44452,0
44453,0
44454,0
44455,0
44456,1
44457,0
44458,0
44459,0
44460,1
44461,0
44462,1
44463,0
44464,0
44465,0
44466,0
44467,1
44468,0
44469,1
44470,0
44471,0
44472,1
44473,1
44474,0
44475,0
44476,0
44477,0
44478,0
44479,1
44480,1
44481,0
44482,1
44483,0
44484,0
44485,0
44486,0
44487,0
44488,0
44489,1
44490,1
44491,1
44492,1
44493,0
44494,0
44495,0
44496,0
44497,0
44498,0
44499,1
44500,0
44501,1
44502,1
44503,0
44504,0
44505,0
44506,0
44507,0
44508,0
44509,0
44510,0
44511,0
44512,0
44513,0
44514,0
44515,1
44516,0
44517,0
44518,0
44519,0
44520,1
44521,0
44522,1
44523,0
44524,0
44525,0
44526,0
44527,0
44528,0
44529,1
44530,1
44531,0
44532,0
44533,0
44534,1
44535,0
44536,0
44537,0
44538,1
44539,1
44540,0
44541,0
44542,0
44543,0
44544,0
44545,0
44546,0
44547,0
44548,1
44549,1
44550,0
44551,0
44552,0
44553,1
44554,0
44555,0
44556,1
44557,1
44558,1
44559,0
44560,0
44561,0
44562,0
44563,0
44564,0
44565,0
44566,0
44567,0
44568,0
44569,0
44570,0
44571,1
44572,1
44573,1
44574,1
44575,1
44576,0
44577,0
44578,1
44579,1
44580,0
44581,0
44582,0
44583,0
44584,0
44585,0
44586,1
44587,0
44588,0
44589,0
44590,0
44591,1
44592,0
44593,0
44594,0
44595,0
44596,1
44597,0
44598,1
44599,0
44600,1
44601,1
44602,0
44603,0
44604,0
44605,1
44606,0
44607,0
44608,0
44609,1
44610,1
44611,0
44612,0
44613,0
44614,0
44615,0
44616,0
44617,0
44618,0
44619,0
44620,1
44621,0
44622,1
44623,0
44624,0
44625,0
44626,0
44627,0
44628,0
44629,1
44630,0
44631,1
44632,0
44633,0
44634,0
44635,0
44636,0
44637,0
44638,0
44639,1
44640,0
44641,1
44642,1
44643,0
44644,1
44645,0
44646,1
44647,0
44648,1
44649,0
44650,0
44651,1
44652,0
44653,1
44654,0
44655,1
44656,0
44657,0
44658,1
44659,0
44660,1
44661,1
44662,0
44663,1
44664,0
44665,0
44666,1
44667,0
44668,1
44669,0
44670,0
44671,0
44672,1
44673,0
44674,0
44675,0
44676,1
44677,1
44678,1
44679,0
44680,1
44681,0
44682,0
44683,0
44684,0
44685,0
44686,0
44687,0
44688,1
44689,0
44690,0
44691,1
44692,0
44693,1
44694,1
44695,0
44696,0
44697,1
44698,1
44699,1
44700,0
44701,0
44702,1
44703,0
44704,1
44705,1
44706,0
44707,0
44708,0
44709,0
44710,1
44711,1
44712,1
44713,0
44714,0
44715,0
44716,1
44717,0
44718,0
44719,1
44720,0
44721,1
44722,0
44723,0
44724,1
44725,1
44726,0
44727,0
44728,0
44729,0
44730,1
44731,0
44732,0
44733,0
44734,0
44735,1
44736,0
44737,0
44738,1
44739,0
44740,1
44741,1
44742,0
44743,0
44744,0
44745,0
44746,0
44747,1
44748,0
44749,1
44750,0
44751,0
44752,1
44753,0
44754,0
44755,0
44756,0
44757,0
44758,0
44759,0
44760,0
44761,0
44762,0
44763,0
44764,1
44765,0
44766,0
44767,1
44768,0
44769,0
44770,0
44771,0
44772,0
44773,0
44774,0
44775,0
44776,0
44777,0
44778,1
44779,1
44780,1
44781,0
44782,0
44783,0
44784,1
44785,0
44786,0
44787,1
44788,1
44789,1
44790,1
44791,0
44792,0
44793,0
44794,0
44795,1
44796,0
44797,1
44798,0
44799,0
44800,1
44801,0
44802,1
44803,1
44804,1
44805,0
44806,1
44807,0
44808,0
44809,0
44810,0
44811,0
44812,1
44813,0
44814,0
44815,1
44816,1
44817,0
44818,0
44819,0
44820,1
44821,0
44822,1
44823,0
44824,1
44825,0
44826,1
44827,0
44828,0
44829,0
44830,0
44831,0
44832,0
44833,1
44834,1
44835,1
44836,1
44837,0
44838,1
44839,0
44840,0
44841,0
44842,0
44843,0
44844,1
44845,0
44846,0
44847,0
44848,1
44849,1
44850,0
44851,0
44852,0
44853,1
44854,0
44855,0
44856,1
44857,1
44858,0
44859,1
44860,0
44861,1
44862,0
44863,1
44864,1
44865,1
44866,0
44867,1
44868,1
44869,0
44870,0
44871,0
44872,0
44873,0
44874,0
44875,0
44876,0
44877,1
44878,0
44879,1
44880,0
44881,0
44882,1
44883,0
44884,1
44885,0
44886,0
44887,1
44888,0
44889,1
44890,0
44891,1
44892,0
44893,0
44894,1
44895,1
44896,0
44897,1
44898,1
44899,1
44900,1
44901,1
44902,1
44903,0
44904,0
44905,0
44906,0
44907,0
44908,1
44909,0
44910,0
44911,0
44912,0
44913,0
44914,0
44915,0
44916,0
44917,1
44918,1
44919,0
44920,0
44921,1
44922,1
44923,0
44924,0
44925,1
44926,0
44927,1
44928,1
44929,0
44930,0
44931,0
44932,0
44933,1
44934,0
44935,0
44936,0
44937,0
44938,1
44939,0
44940,0
44941,0
44942,0
44943,0
44944,1
44945,0
44946,0
44947,0
44948,0
44949,1
44950,0
44951,0
44952,0
44953,1
44954,0
44955,0
44956,1
44957,0
44958,1
44959,1
44960,0
44961,1
44962,0
44963,0
44964,1
44965,0
44966,0
44967,1
44968,0
44969,1
44970,1
44971,1
44972,0
44973,0
44974,0
44975,0
44976,0
44977,1
44978,0
44979,0
44980,0
44981,0
44982,0
44983,0
44984,0
44985,0
44986,0
44987,0
44988,0
44989,1
44990,0
44991,1
44992,0
44993,0
44994,0
44995,1
44996,1
44997,0
44998,0
44999,1
45000,0
45001,0
45002,1
45003,1
45004,1
45005,0
45006,0
45007,0
45008,0
45009,0
45010,1
45011,1
45012,1
45013,0
45014,0
45015,0
45016,0
45017,0
45018,0
45019,1
45020,0
45021,1
45022,1
45023,0
45024,0
45025,1
45026,1
45027,0
45028,0
45029,0
45030,1
45031,1
45032,1
45033,1
45034,0
45035,0
45036,0
45037,0
45038,0
45039,1
45040,0
45041,0
45042,0
45043,1
45044,0
45045,0
45046,0
45047,1
45048,1
45049,0
45050,0
45051,0
45052,1
45053,0
45054,0
45055,1
45056,1
45057,0
45058,1
45059,0
45060,1
45061,1
45062,0
45063,1
45064,0
45065,1
45066,0
45067,0
45068,1
45069,1
45070,1
45071,1
45072,1
45073,0
45074,0
45075,0
45076,1
45077,0
45078,0
45079,0
45080,1
45081,1
45082,0
45083,0
45084,0
45085,0
45086,0
45087,0
45088,1
45089,1
45090,0
45091,1
45092,0
45093,0
45094,0
45095,0
45096,0
45097,0
45098,1
45099,0
45100,0
45101,0
45102,0
45103,0
45104,0
45105,0
45106,0
45107,0
45108,0
45109,0
45110,0
45111,0
45112,0
45113,0
45114,0
45115,0
45116,1
45117,0
45118,0
45119,0
45120,0
45121,0
45122,1
45123,1
45124,1
45125,1
45126,0
45127,1
45128,1
45129,0
45130,0
45131,0
45132,0
45133,1
45134,0
45135,1
45136,0
45137,0
45138,0
45139,0
45140,0
45141,0
45142,1
45143,0
45144,1
45145,0
45146,1
45147,1
45148,0
45149,0
45150,0
45151,1
45152,1
45153,1
45154,1
45155,1
45156,1
45157,1
45158,0
45159,1
45160,0
45161,0
45162,1
45163,1
45164,0
45165,1
45166,0
45167,1
45168,1
45169,0
45170,1
45171,1
45172,1
45173,0
45174,0
45175,1
45176,0
45177,0
45178,0
45179,1
45180,0
45181,1
45182,0
45183,0
45184,0
45185,0
45186,0
45187,0
45188,1
45189,0
45190,1
45191,0
45192,1
45193,0
45194,1
45195,0
45196,0
45197,0
45198,0
45199,0
45200,0
45201,0
45202,0
45203,1
45204,0
45205,1
45206,0
45207,1
45208,0
45209,0
45210,1
45211,1
45212,1
45213,0
45214,1
45215,1
45216,1
45217,0
45218,0
45219,1
45220,1
45221,0
45222,1
45223,0
45224,0
45225,1
45226,0
45227,1
45228,1
45229,0
45230,0
45231,0
45232,1
45233,0
45234,0
45235,1
45236,0
45237,0
45238,0
45239,0
45240,0
45241,1
45242,1
45243,0
45244,1
45245,0
45246,1
45247,0
45248,0
45249,0
45250,0
45251,1
45252,0
45253,0
45254,0
45255,1
45256,0
45257,0
45258,1
45259,1
45260,0
45261,1
45262,0
45263,1
45264,0
45265,0
45266,1
45267,0
45268,0
45269,1
45270,1
45271,1
45272,0
45273,0
45274,0
45275,0
45276,0
45277,1
45278,1
45279,1
45280,0
45281,0
45282,0
45283,0
45284,0
45285,0
45286,1
45287,1
45288,0
45289,1
45290,1
45291,0
45292,0
45293,0
45294,0
45295,0
45296,0
45297,0
45298,0
45299,1
45300,0
45301,0
45302,0
45303,1
45304,1
45305,1
45306,0
45307,0
45308,0
45309,1
45310,0
45311,0
45312,0
45313,0
45314,0
45315,0
45316,0
45317,0
45318,0
45319,0
45320,0
45321,0
45322,0
45323,1
45324,1
45325,0
45326,0
45327,0
45328,1
45329,1
45330,0
45331,1
45332,1
45333,0
45334,0
45335,0
45336,0
45337,1
45338,0
45339,0
45340,0
45341,0
45342,1
45343,1
45344,0
45345,0
45346,0
45347,1
45348,0
45349,1
45350,1
45351,0
45352,0
45353,0
45354,1
45355,1
45356,1
45357,1
45358,0
45359,0
45360,0
45361,0
45362,1
45363,0
45364,0
45365,0
45366,0
45367,0
45368,1
45369,1
45370,0
45371,0
45372,0
45373,0
45374,0
45375,1
45376,1
45377,0
45378,0
45379,0
45380,0
45381,0
45382,1
45383,0
45384,0
45385,0
45386,1
45387,0
45388,1
45389,0
45390,1
45391,0
45392,1
45393,0
45394,0
45395,1
45396,1
45397,1
45398,1
45399,0
45400,0
45401,1
45402,1
45403,0
45404,0
45405,1
45406,1
45407,0
45408,0
45409,0
45410,1
45411,1
45412,1
45413,0
45414,0
45415,1
45416,1
45417,0
45418,0
45419,1
45420,1
45421,0
45422,0
45423,0
45424,1
45425,1
45426,1
45427,0
45428,1
45429,0
45430,1
45431,0
45432,0
45433,1
45434,1
45435,0
45436,0
45437,0
45438,0
45439,1
45440,1
45441,0
45442,0
45443,1
45444,0
45445,0
45446,0
45447,0
45448,1
45449,1
45450,1
45451,1
45452,0
45453,0
45454,1
45455,0
45456,0
45457,0
45458,0
45459,0
45460,0
45461,1
45462,0
45463,0
45464,0
45465,0
45466,1
45467,0
45468,1
45469,0
45470,0
45471,1
45472,0
45473,0
45474,0
45475,1
45476,1
45477,0
45478,0
45479,1
45480,1
45481,0
45482,0
45483,1
45484,0
45485,0
45486,0
45487,0
45488,1
45489,0
45490,0
45491,1
45492,1
45493,1
45494,0
45495,0
45496,0
45497,0
45498,0
45499,1
45500,1
45501,0
45502,1
45503,0
45504,1
45505,0
45506,0
45507,0
45508,1
45509,0
45510,1
45511,1
45512,1
45513,0
45514,1
45515,0
45516,0
45517,1
45518,1
45519,0
45520,0
45521,0
45522,0
45523,0
45524,1
45525,1
45526,0
45527,0
45528,1
45529,1
45530,1
45531,0
45532,0
45533,0
45534,0
45535,1
45536,0
45537,1
45538,0
45539,0
45540,0
45541,1
45542,1
45543,0
45544,0
45545,1
45546,0
45547,0
45548,0
45549,1
45550,0
45551,0
45552,0
45553,0
45554,0
45555,1
45556,0
45557,1
45558,0
45559,0
45560,0
45561,1
45562,0
45563,0
45564,0
45565,0
45566,1
45567,0
45568,0
45569,0
45570,0
45571,1
45572,0
45573,0
45574,0
45575,0
45576,0
45577,1
45578,0
45579,0
45580,0
45581,0
45582,1
45583,0
45584,0
45585,1
45586,0
45587,1
45588,0
45589,0
45590,0
45591,0
45592,0
45593,1
45594,1
45595,1
45596,1
45597,0
45598,0
45599,0
45600,1
45601,0
45602,0
45603,1
45604,0
45605,1
45606,1
45607,0
45608,0
45609,0
45610,0
45611,1
45612,1
45613,1
45614,0
45615,1
45616,0
45617,1
45618,1
45619,1
45620,0
45621,0
45622,0
45623,0
45624,1
45625,0
45626,1
45627,0
45628,0
45629,1
45630,1
45631,1
45632,0
45633,0
45634,1
45635,0
45636,0
45637,0
45638,1
45639,1
45640,1
45641,1
45642,0
45643,0
45644,1
45645,0
45646,0
45647,0
45648,0
45649,1
45650,1
45651,0
45652,1
45653,0
45654,0
45655,0
45656,0
45657,0
45658,1
45659,1
45660,0
45661,0
45662,0
45663,0
45664,0
45665,1
45666,0
45667,1
45668,1
45669,1
45670,0
45671,1
45672,0
45673,0
45674,0
45675,0
45676,0
45677,0
45678,0
45679,0
45680,0
45681,1
45682,1
45683,1
45684,0
45685,0
45686,0
45687,1
45688,0
45689,0
45690,1
45691,0
45692,0
45693,0
45694,0
45695,0
45696,1
45697,1
45698,1
45699,0
45700,1
45701,0
45702,0
45703,0
45704,0
45705,0
45706,1
45707,0
45708,1
45709,1
45710,1
45711,0
45712,0
45713,1
45714,0
45715,0
45716,0
45717,0
45718,1
45719,0
45720,0
45721,0
45722,0
45723,0
45724,0
45725,0
45726,1
45727,0
45728,1
45729,0
45730,0
45731,0
45732,1
45733,1
45734,1
45735,0
45736,0
45737,0
45738,0
45739,0
45740,0
45741,0
45742,0
45743,0
45744,0
45745,1
45746,1
45747,0
45748,1
45749,0
45750,0
45751,0
45752,0
45753,0
45754,0
45755,1
45756,0
45757,0
45758,0
45759,1
45760,1
45761,1
45762,1
45763,1
45764,1
45765,1
45766,0
45767,0
45768,0
45769,1
45770,0
45771,1
45772,0
45773,0
45774,1
45775,0
45776,0
45777,0
45778,0
45779,1
45780,0
45781,1
45782,0
45783,0
45784,0
45785,0
45786,0
45787,0
45788,1
45789,0
45790,0
45791,1
45792,0
45793,1
45794,1
45795,0
45796,1
45797,1
45798,1
45799,0
45800,0
45801,0
45802,0
45803,0
45804,0
45805,0
45806,0
45807,1
45808,0
45809,0
45810,0
45811,0
45812,1
45813,1
45814,0
45815,0
45816,1
45817,0
45818,0
45819,0
45820,0
45821,0
45822,0
45823,0
45824,0
45825,0
45826,1
45827,0
45828,0
45829,0
45830,1
45831,0
45832,0
45833,1
45834,0
45835,1
45836,0
45837,0
45838,0
45839,1
45840,0
45841,0
45842,0
45843,1
45844,1
45845,1
45846,0
45847,0
45848,0
45849,0
45850,1
45851,1
45852,0
45853,0
45854,1
45855,0
45856,0
45857,0
45858,1
45859,0
45860,0
45861,0
45862,0
45863,0
45864,0
45865,1
45866,0
45867,0
45868,1
45869,1
45870,0
45871,0
45872,0
45873,1
45874,0
45875,0
45876,1
45877,1
45878,0
45879,0
45880,0
45881,0
45882,0
45883,0
45884,0
45885,0
45886,1
45887,1
45888,0
45889,1
45890,0
45891,0
45892,0
45893,1
45894,0
45895,0
45896,0
45897,0
45898,0
45899,0
45900,1
45901,1
45902,0
45903,0
45904,1
45905,1
45906,0
45907,0
45908,0
45909,0
45910,0
45911,0
45912,0
45913,0
45914,0
45915,0
45916,0
45917,0
45918,0
45919,0
45920,1
45921,0
45922,0
45923,0
45924,0
45925,1
45926,0
45927,0
45928,0
45929,0
45930,0
45931,0
45932,1
45933,0
45934,0
45935,0
45936,0
45937,0
45938,0
45939,1
45940,1
45941,0
45942,1
45943,0
45944,0
45945,0
45946,0
45947,1
45948,0
45949,1
45950,0
45951,0
45952,0
45953,0
45954,0
45955,0
45956,0
45957,1
45958,0
45959,0
45960,0
45961,0
45962,0
45963,0
45964,0
45965,0
45966,0
45967,0
45968,0
45969,0
45970,1
45971,1
45972,0
45973,0
45974,0
45975,1
45976,0
45977,0
45978,0
45979,0
45980,0
45981,0
45982,1
45983,1
45984,0
45985,1
45986,1
45987,1
45988,0
45989,0
45990,1
45991,1
45992,0
45993,0
45994,0
45995,0
45996,0
45997,1
45998,1
45999,0
46000,0
46001,0
46002,1
46003,0
46004,0
46005,1
46006,0
46007,1
46008,0
46009,0
46010,1
46011,0
46012,0
46013,1
46014,0
46015,0
46016,0
46017,0
46018,0
46019,0
46020,0
46021,1
46022,0
46023,1
46024,1
46025,1
46026,0
46027,0
46028,0
46029,0
46030,0
46031,0
46032,0
46033,0
46034,1
46035,0
46036,0
46037,0
46038,0
46039,0
46040,1
46041,0
46042,0
46043,0
46044,1
46045,0
46046,1
46047,1
46048,1
46049,0
46050,0
46051,0
46052,0
46053,1
46054,0
46055,1
46056,1
46057,1
46058,1
46059,0
46060,0
46061,0
46062,0
46063,0
46064,0
46065,0
46066,1
46067,1
46068,1
46069,0
46070,1
46071,0
46072,0
46073,1
46074,1
46075,1
46076,0
46077,0
46078,1
46079,1
46080,0
46081,1
46082,0
46083,0
46084,1
46085,1
46086,1
46087,0
46088,0
46089,0
46090,0
46091,0
46092,1
46093,0
46094,0
46095,1
46096,0
46097,1
46098,0
46099,1
46100,0
46101,1
46102,1
46103,0
46104,1
46105,1
46106,1
46107,0
46108,0
46109,0
46110,1
46111,0
46112,1
46113,1
46114,0
46115,0
46116,1
46117,0
46118,1
46119,1
46120,0
46121,0
46122,0
46123,0
46124,0
46125,0
46126,1
46127,0
46128,1
46129,1
46130,0
46131,1
46132,0
46133,0
46134,1
46135,0
46136,0
46137,0
46138,1
46139,1
46140,0
46141,0
46142,1
46143,1
46144,0
46145,0
46146,0
46147,0
46148,0
46149,0
46150,0
46151,0
46152,0
46153,1
46154,0
46155,0
46156,0
46157,1
46158,1
46159,1
46160,0
46161,1
46162,1
46163,0
46164,1
46165,0
46166,0
46167,0
46168,0
46169,1
46170,0
46171,0
46172,0
46173,0
46174,1
46175,1
46176,0
46177,0
46178,1
46179,0
46180,0
46181,0
46182,0
46183,0
46184,0
46185,1
46186,0
46187,0
46188,1
46189,1
46190,0
46191,0
46192,0
46193,0
46194,0
46195,0
46196,1
46197,0
46198,1
46199,1
46200,0
46201,0
46202,0
46203,1
46204,0
46205,0
46206,0
46207,0
46208,1
46209,0
46210,1
46211,0
46212,0
46213,1
46214,0
46215,0
46216,0
46217,1
46218,0
46219,1
46220,0
46221,1
46222,0
46223,0
46224,0
46225,0
46226,0
46227,1
46228,0
46229,1
46230,0
46231,0
46232,0
46233,0
46234,0
46235,1
46236,0
46237,1
46238,0
46239,1
46240,1
46241,0
46242,0
46243,0
46244,0
46245,0
46246,1
46247,0
46248,0
46249,1
46250,0
46251,1
46252,0
46253,0
46254,1
46255,0
46256,0
46257,0
46258,0
46259,0
46260,1
46261,1
46262,0
46263,0
46264,0
46265,0
46266,0
46267,1
46268,0
46269,1
46270,0
46271,0
46272,0
46273,1
46274,0
46275,0
46276,0
46277,0
46278,1
46279,0
46280,1
46281,1
46282,0
46283,0
46284,0
46285,1
46286,0
46287,0
46288,0
46289,0
46290,0
46291,1
46292,0
46293,1
46294,0
46295,0
46296,0
46297,0
46298,0
46299,1
46300,1
46301,1
46302,0
46303,0
46304,1
46305,1
46306,1
46307,0
46308,1
46309,1
46310,0
46311,0
46312,1
46313,1
46314,1
46315,0
46316,1
46317,1
46318,0
46319,1
46320,0
46321,0
46322,0
46323,1
46324,0
46325,0
46326,1
46327,0
46328,0
46329,0
46330,1
46331,0
46332,0
46333,0
46334,0
46335,0
46336,1
46337,0
46338,1
46339,1
46340,0
46341,1
46342,1
46343,1
46344,0
46345,1
46346,0
46347,0
46348,0
46349,1
46350,0
46351,0
46352,0
46353,1
46354,0
46355,0
46356,0
46357,1
46358,1
46359,0
46360,1
46361,0
46362,0
46363,1
46364,1
46365,0
46366,0
46367,0
46368,0
46369,0
46370,1
46371,1
46372,0
46373,0
46374,0
46375,1
46376,0
46377,0
46378,0
46379,1
46380,1
46381,0
46382,0
46383,1
46384,1
46385,1
46386,0
46387,0
46388,0
46389,1
46390,1
46391,0
46392,0
46393,0
46394,1
46395,0
46396,0
46397,0
46398,0
46399,1
46400,0
46401,1
46402,1
46403,1
46404,1
46405,0
46406,0
46407,0
46408,0
46409,0
46410,0
46411,0
46412,1
46413,0
46414,1
46415,1
46416,0
46417,0
46418,0
46419,0
46420,0
46421,1
46422,1
46423,0
46424,0
46425,1
46426,0
46427,1
46428,1
46429,0
46430,0
46431,0
46432,0
46433,0
46434,0
46435,1
46436,1
46437,1
46438,0
46439,0
46440,0
46441,0
46442,0
46443,1
46444,0
46445,0
46446,0
46447,0
46448,0
46449,1
46450,1
46451,0
46452,0
46453,0
46454,0
46455,0
46456,0
46457,0
46458,0
46459,0
46460,1
46461,0
46462,0
46463,0
46464,1
46465,0
46466,1
46467,0
46468,0
46469,1
46470,0
46471,0
46472,1
46473,0
46474,0
46475,0
46476,0
46477,0
46478,0
46479,0
46480,0
46481,1
46482,0
46483,0
46484,1
46485,1
46486,0
46487,1
46488,0
46489,0
46490,0
46491,1
46492,1
46493,0
46494,0
46495,0
46496,1
46497,0
46498,1
46499,1
46500,1
46501,0
46502,0
46503,0
46504,0
46505,0
46506,0
46507,0
46508,0
46509,0
46510,0
46511,1
46512,0
46513,0
46514,0
46515,1
46516,1
46517,0
46518,1
46519,1
46520,1
46521,1
46522,1
46523,1
46524,1
46525,1
46526,0
46527,1
46528,0
46529,1
46530,0
46531,0
46532,1
46533,1
46534,0
46535,1
46536,1
46537,0
46538,1
46539,0
46540,1
46541,0
46542,1
46543,0
46544,0
46545,1
46546,1
46547,0
46548,0
46549,0
46550,0
46551,0
46552,0
46553,0
46554,0
46555,1
46556,0
46557,1
46558,0
46559,0
46560,1
46561,0
46562,0
46563,0
46564,1
46565,0
46566,0
46567,0
46568,0
46569,1
46570,1
46571,0
46572,0
46573,0
46574,1
46575,0
46576,0
46577,1
46578,0
46579,0
46580,1
46581,1
46582,0
46583,1
46584,1
46585,0
46586,0
46587,0
46588,1
46589,0
46590,1
46591,0
46592,0
46593,0
46594,0
46595,0
46596,0
46597,1
46598,0
46599,1
46600,1
46601,0
46602,0
46603,1
46604,0
46605,0
46606,0
46607,0
46608,0
46609,0
46610,1
46611,0
46612,0
46613,1
46614,1
46615,1
46616,1
46617,0
46618,0
46619,0
46620,1
46621,0
46622,1
46623,1
46624,0
46625,0
46626,0
46627,0
46628,0
46629,1
46630,0
46631,1
46632,0
46633,1
46634,0
46635,1
46636,0
46637,1
46638,1
46639,0
46640,1
46641,0
46642,1
46643,1
46644,1
46645,0
46646,0
46647,0
46648,0
46649,0
46650,0
46651,0
46652,1
46653,0
46654,0
46655,0
46656,0
46657,1
46658,1
46659,0
46660,1
46661,0
46662,0
46663,1
46664,1
46665,0
46666,0
46667,0
46668,0
46669,0
46670,0
46671,0
46672,0
46673,0
46674,1
46675,1
46676,0
46677,0
46678,0
46679,0
46680,1
46681,0
46682,1
46683,1
46684,1
46685,0
46686,0
46687,0
46688,1
46689,1
46690,1
46691,0
46692,1
46693,0
46694,1
46695,1
46696,1
46697,0
46698,0
46699,0
46700,0
46701,0
46702,1
46703,1
46704,0
46705,0
46706,0
46707,0
46708,0
46709,0
46710,0
46711,0
46712,1
46713,0
46714,0
46715,0
46716,0
46717,0
46718,0
46719,0
46720,0
46721,0
46722,0
46723,0
46724,0
46725,0
46726,0
46727,1
46728,1
46729,0
46730,1
46731,0
46732,1
46733,0
46734,0
46735,0
46736,0
46737,0
46738,1
46739,1
46740,0
46741,0
46742,1
46743,1
46744,0
46745,0
46746,1
46747,1
46748,0
46749,0
46750,0
46751,0
46752,0
46753,1
46754,1
46755,0
46756,1
46757,0
46758,0
46759,0
46760,0
46761,0
46762,1
46763,0
46764,0
46765,0
46766,1
46767,0
46768,0
46769,0
46770,0
46771,0
46772,0
46773,0
46774,1
46775,0
46776,1
46777,1
46778,0
46779,0
46780,0
46781,0
46782,1
46783,1
46784,0
46785,0
46786,0
46787,0
46788,1
46789,0
46790,1
46791,1
46792,0
46793,1
46794,0
46795,1
46796,0
46797,0
46798,0
46799,1
46800,0
46801,0
46802,1
46803,0
46804,1
46805,1
46806,0
46807,0
46808,0
46809,0
46810,0
46811,0
46812,0
46813,0
46814,1
46815,0
46816,0
46817,1
46818,1
46819,1
46820,0
46821,0
46822,0
46823,1
46824,0
46825,0
46826,0
46827,0
46828,0
46829,0
46830,0
46831,1
46832,0
46833,0
46834,0
46835,0
46836,0
46837,1
46838,0
46839,0
46840,1
46841,0
46842,0
46843,1
46844,0
46845,1
46846,1
46847,1
46848,1
46849,1
46850,0
46851,1
46852,1
46853,0
46854,1
46855,1
46856,0
46857,1
46858,0
46859,1
46860,0
46861,0
46862,0
46863,1
46864,0
46865,0
46866,0
46867,0
46868,1
46869,0
46870,0
46871,1
46872,0
46873,0
46874,0
46875,0
46876,1
46877,0
46878,1
46879,0
46880,0
46881,0
46882,0
46883,0
46884,0
46885,0
46886,0
46887,0
46888,0
46889,0
46890,0
46891,1
46892,0
46893,0
46894,1
46895,0
46896,0
46897,0
46898,0
46899,1
46900,0
46901,1
46902,0
46903,0
46904,1
46905,0
46906,1
46907,0
46908,0
46909,0
46910,1
46911,1
46912,0
46913,0
46914,0
46915,0
46916,0
46917,0
46918,1
46919,1
46920,1
46921,0
46922,0
46923,1
46924,1
46925,0
46926,0
46927,1
46928,0
46929,0
46930,0
46931,1
46932,0
46933,1
46934,0
46935,0
46936,0
46937,0
46938,1
46939,0
46940,0
46941,0
46942,0
46943,0
46944,1
46945,0
46946,1
46947,0
46948,1
46949,0
46950,0
46951,0
46952,1
46953,0
46954,1
46955,0
46956,1
46957,1
46958,0
46959,0
46960,0
46961,0
46962,0
46963,0
46964,0
46965,0
46966,0
46967,0
46968,0
46969,0
46970,1
46971,0
46972,1
46973,0
46974,1
46975,0
46976,0
46977,1
46978,1
46979,1
46980,1
46981,0
46982,0
46983,1
46984,1
46985,0
46986,0
46987,1
46988,0
46989,0
46990,1
46991,0
46992,0
46993,0
46994,0
46995,1
46996,1
46997,0
46998,0
46999,0
47000,1
47001,0
47002,1
47003,0
47004,1
47005,0
47006,0
47007,0
47008,0
47009,0
47010,0
47011,1
47012,0
47013,0
47014,0
47015,1
47016,0
47017,1
47018,0
47019,0
47020,0
47021,0
47022,0
47023,0
47024,1
47025,1
47026,0
47027,1
47028,1
47029,0
47030,0
47031,0
47032,0
47033,0
47034,1
47035,0
47036,0
47037,1
47038,0
47039,1
47040,0
47041,1
47042,1
47043,0
47044,0
47045,0
47046,0
47047,0
47048,1
47049,1
47050,0
47051,1
47052,1
47053,1
47054,1
47055,1
47056,0
47057,1
47058,0
47059,0
47060,1
47061,1
47062,1
47063,0
47064,1
47065,0
47066,1
47067,0
47068,0
47069,1
47070,1
47071,1
47072,1
47073,0
47074,0
47075,1
47076,0
47077,0
47078,1
47079,1
47080,1
47081,0
47082,0
47083,0
47084,0
47085,0
47086,0
47087,1
47088,1
47089,0
47090,0
47091,1
47092,0
47093,1
47094,1
47095,0
47096,1
47097,1
47098,0
47099,0
47100,1
47101,0
47102,0
47103,0
47104,0
47105,1
47106,0
47107,0
47108,1
47109,1
47110,1
47111,0
47112,0
47113,0
47114,0
47115,0
47116,0
47117,0
47118,1
47119,0
47120,0
47121,1
47122,0
47123,0
47124,0
47125,0
47126,0
47127,0
47128,1
47129,1
47130,1
47131,0
47132,0
47133,0
47134,0
47135,0
47136,0
47137,0
47138,1
47139,0
47140,0
47141,0
47142,1
47143,1
47144,0
47145,0
47146,0
47147,0
47148,0
47149,1
47150,0
47151,0
47152,0
47153,1
47154,0
47155,0
47156,1
47157,0
47158,0
47159,0
47160,0
47161,0
47162,0
47163,1
47164,1
47165,0
47166,0
47167,1
47168,1
47169,0
47170,0
47171,0
47172,0
47173,0
47174,0
47175,1
47176,0
47177,0
47178,0
47179,0
47180,0
47181,1
47182,0
47183,1
47184,0
47185,0
47186,1
47187,0
47188,1
47189,1
47190,0
47191,0
47192,1
47193,0
47194,0
47195,1
47196,0
47197,0
47198,0
47199,0
47200,0
47201,0
47202,0
47203,0
47204,1
47205,1
47206,1
47207,1
47208,0
47209,0
47210,0
47211,0
47212,0
47213,0
47214,0
47215,0
47216,0
47217,1
47218,1
47219,1
47220,0
47221,0
47222,1
47223,1
47224,0
47225,0
47226,0
47227,1
47228,1
47229,0
47230,0
47231,0
47232,0
47233,0
47234,0
47235,0
47236,0
47237,0
47238,0
47239,1
47240,0
47241,0
47242,0
47243,1
47244,0
47245,1
47246,0
47247,0
47248,1
47249,0
47250,0
47251,0
47252,0
47253,0
47254,1
47255,1
47256,1
47257,1
47258,1
47259,0
47260,1
47261,1
47262,1
47263,1
47264,1
47265,1
47266,0
47267,1
47268,1
47269,1
47270,1
47271,0
47272,0
47273,0
47274,0
47275,0
47276,1
47277,0
47278,0
47279,0
47280,0
47281,0
47282,0
47283,1
47284,0
47285,0
47286,0
47287,1
47288,1
47289,0
47290,0
47291,0
47292,0
47293,0
47294,0
47295,1
47296,0
47297,1
47298,0
47299,1
47300,1
47301,1
47302,0
47303,0
47304,1
47305,0
47306,0
47307,1
47308,0
47309,1
47310,0
47311,0
47312,0
47313,0
47314,0
47315,1
47316,1
47317,0
47318,1
47319,1
47320,1
47321,1
47322,0
47323,0
47324,0
47325,1
47326,0
47327,0
47328,0
47329,0
47330,0
47331,0
47332,0
47333,0
47334,0
47335,0
47336,1
47337,0
47338,0
47339,0
47340,0
47341,1
47342,1
47343,1
47344,1
47345,0
47346,1
47347,0
47348,0
47349,1
47350,1
47351,0
47352,1
47353,0
47354,0
47355,1
47356,0
47357,1
47358,1
47359,0
47360,0
47361,0
47362,0
47363,1
47364,1
47365,0
47366,1
47367,0
47368,0
47369,1
47370,0
47371,0
47372,1
47373,0
47374,1
47375,0
47376,0
47377,1
47378,0
47379,0
47380,0
47381,0
47382,0
47383,1
47384,0
47385,1
47386,0
47387,1
47388,0
47389,1
47390,1
47391,0
47392,1
47393,0
47394,0
47395,1
47396,1
47397,1
47398,0
47399,0
47400,1
47401,1
47402,0
47403,0
47404,0
47405,0
47406,0
47407,1
47408,0
47409,0
47410,0
47411,0
47412,1
47413,0
47414,1
47415,1
47416,0
47417,0
47418,0
47419,1
47420,0
47421,0
47422,0
47423,1
47424,0
47425,0
47426,1
47427,1
47428,1
47429,0
47430,0
47431,0
47432,1
47433,1
47434,1
47435,0
47436,0
47437,0
47438,1
47439,0
47440,0
47441,1
47442,1
47443,0
47444,1
47445,1
47446,0
47447,1
47448,1
47449,0
47450,0
47451,1
47452,0
47453,0
47454,1
47455,0
47456,1
47457,1
47458,0
47459,1
47460,1
47461,0
47462,1
47463,0
47464,0
47465,1
47466,1
47467,0
47468,1
47469,1
47470,1
47471,1
47472,0
47473,0
47474,0
47475,0
47476,1
47477,0
47478,1
47479,0
47480,1
47481,0
47482,0
47483,1
47484,1
47485,0
47486,0
47487,0
47488,0
47489,1
47490,1
47491,1
47492,0
47493,0
47494,0
47495,1
47496,0
47497,0
47498,0
47499,0
47500,0
47501,1
47502,0
47503,0
47504,0
47505,1
47506,1
47507,1
47508,0
47509,1
47510,0
47511,0
47512,1
47513,0
47514,0
47515,0
47516,0
47517,1
47518,0
47519,0
47520,1
47521,0
47522,0
47523,0
47524,1
47525,1
47526,0
47527,0
47528,0
47529,1
47530,0
47531,0
47532,1
47533,0
47534,0
47535,1
47536,1
47537,0
47538,0
47539,0
47540,0
47541,1
47542,0
47543,1
47544,0
47545,0
47546,1
47547,0
47548,0
47549,0
47550,0
47551,0
47552,0
47553,0
47554,0
47555,0
47556,0
47557,0
47558,0
47559,0
47560,0
47561,1
47562,0
47563,1
47564,0
47565,0
47566,1
47567,0
47568,0
47569,0
47570,0
47571,0
47572,1
47573,0
47574,0
47575,0
47576,0
47577,0
47578,0
47579,1
47580,0
47581,1
47582,0
47583,0
47584,1
47585,0
47586,1
47587,0
47588,0
47589,0
47590,1
47591,0
47592,1
47593,0
47594,0
47595,1
47596,0
47597,1
47598,0
47599,0
47600,0
47601,0
47602,0
47603,0
47604,0
47605,0
47606,0
47607,0
47608,1
47609,1
47610,0
47611,1
47612,1
47613,1
47614,0
47615,1
47616,0
47617,0
47618,0
47619,0
47620,1
47621,1
47622,0
47623,1
47624,0
47625,1
47626,1
47627,0
47628,1
47629,1
47630,0
47631,0
47632,0
47633,1
47634,0
47635,1
47636,0
47637,1
47638,1
47639,1
47640,1
47641,1
47642,0
47643,0
47644,1
47645,0
47646,1
47647,0
47648,0
47649,1
47650,0
47651,0
47652,1
47653,0
47654,0
47655,0
47656,0
47657,0
47658,1
47659,0
47660,0
47661,1
47662,0
47663,1
47664,0
47665,0
47666,1
47667,0
47668,1
47669,0
47670,1
47671,0
47672,0
47673,0
47674,1
47675,0
47676,1
47677,1
47678,0
47679,0
47680,1
47681,1
47682,0
47683,0
47684,1
47685,0
47686,1
47687,0
47688,0
47689,0
47690,1
47691,1
47692,0
47693,1
47694,1
47695,0
47696,0
47697,1
47698,0
47699,1
47700,0
47701,1
47702,0
47703,1
47704,1
47705,0
47706,0
47707,0
47708,1
47709,0
47710,0
47711,1
47712,1
47713,0
47714,0
47715,0
47716,0
47717,1
47718,1
47719,1
47720,0
47721,0
47722,0
47723,1
47724,0
47725,0
47726,0
47727,0
47728,0
47729,0
47730,0
47731,0
47732,0
47733,0
47734,0
47735,1
47736,1
47737,0
47738,0
47739,1
47740,1
47741,0
47742,1
47743,0
47744,0
47745,1
47746,1
47747,0
47748,0
47749,0
47750,0
47751,0
47752,1
47753,0
47754,0
47755,0
47756,1
47757,0
47758,0
47759,0
47760,0
47761,0
47762,0
47763,1
47764,1
47765,0
47766,0
47767,1
47768,0
47769,0
47770,1
47771,0
47772,0
47773,0
47774,1
47775,1
47776,0
47777,1
47778,1
47779,1
47780,1
47781,0
47782,0
47783,0
47784,1
47785,0
47786,0
47787,0
47788,0
47789,0
47790,0
47791,0
47792,0
47793,1
47794,0
47795,0
47796,0
47797,0
47798,0
47799,1
47800,0
47801,0
47802,0
47803,0
47804,0
47805,1
47806,0
47807,0
47808,1
47809,1
47810,0
47811,1
47812,1
47813,0
47814,0
47815,0
47816,1
47817,1
47818,0
47819,0
47820,1
47821,0
47822,0
47823,0
47824,1
47825,0
47826,1
47827,1
47828,0
47829,0
47830,0
47831,0
47832,0
47833,0
47834,0
47835,1
47836,0
47837,0
47838,0
47839,1
47840,1
47841,0
47842,0
47843,1
47844,1
47845,0
47846,0
47847,1
47848,0
47849,0
47850,1
47851,1
47852,0
47853,1
47854,0
47855,1
47856,0
47857,0
47858,0
47859,0
47860,1
47861,0
47862,1
47863,1
47864,1
47865,1
47866,0
47867,1
47868,0
47869,1
47870,0
47871,1
47872,1
47873,1
47874,0
47875,0
47876,0
47877,0
47878,0
47879,0
47880,0
47881,1
47882,0
47883,1
47884,0
47885,0
47886,0
47887,1
47888,0
47889,0
47890,0
47891,0
47892,0
47893,0
47894,0
47895,0
47896,0
47897,0
47898,0
47899,0
47900,1
47901,0
47902,0
47903,1
47904,0
47905,1
47906,0
47907,1
47908,0
47909,0
47910,1
47911,0
47912,1
47913,0
47914,1
47915,1
47916,1
47917,0
47918,0
47919,1
47920,0
47921,0
47922,1
47923,0
47924,0
47925,0
47926,1
47927,0
47928,0
47929,0
47930,0
47931,1
47932,0
47933,0
47934,0
47935,1
47936,0
47937,1
47938,1
47939,0
47940,1
47941,1
47942,0
47943,1
47944,0
47945,1
47946,1
47947,0
47948,0
47949,1
47950,0
47951,0
47952,1
47953,1
47954,0
47955,1
47956,0
47957,0
47958,1
47959,0
47960,0
47961,0
47962,0
47963,0
47964,1
47965,1
47966,0
47967,0
47968,0
47969,1
47970,0
47971,0
47972,0
47973,1
47974,1
47975,1
47976,0
47977,0
47978,0
47979,0
47980,0
47981,1
47982,0
47983,1
47984,1
47985,0
47986,0
47987,0
47988,1
47989,1
47990,0
47991,1
47992,1
47993,1
47994,0
47995,0
47996,0
47997,1
47998,0
47999,0
48000,1
48001,0
48002,0
48003,1
48004,1
48005,1
48006,1
48007,0
48008,1
48009,0
48010,0
48011,1
48012,1
48013,0
48014,1
48015,1
48016,0
48017,1
48018,1
48019,0
48020,0
48021,1
48022,1
48023,1
48024,1
48025,0
48026,0
48027,0
48028,0
48029,0
48030,1
48031,0
48032,1
48033,1
48034,0
48035,0
48036,1
48037,1
48038,1
48039,0
48040,1
48041,0
48042,0
48043,1
48044,0
48045,0
48046,0
48047,1
48048,0
48049,0
48050,1
48051,0
48052,0
48053,0
48054,0
48055,0
48056,1
48057,0
48058,0
48059,1
48060,0
48061,0
48062,0
48063,1
48064,0
48065,0
48066,0
48067,0
48068,0
48069,0
48070,0
48071,1
48072,0
48073,1
48074,1
48075,0
48076,0
48077,0
48078,0
48079,1
48080,1
48081,0
48082,1
48083,0
48084,0
48085,0
48086,0
48087,0
48088,0
48089,0
48090,1
48091,0
48092,1
48093,1
48094,0
48095,0
48096,0
48097,0
48098,0
48099,0
48100,1
48101,1
48102,1
48103,0
48104,1
48105,1
48106,0
48107,0
48108,1
48109,0
48110,0
48111,0
48112,0
48113,1
48114,1
48115,0
48116,0
48117,1
48118,1
48119,1
48120,1
48121,0
48122,1
48123,1
48124,1
48125,0
48126,0
48127,1
48128,1
48129,0
48130,0
48131,0
48132,0
48133,0
48134,0
48135,0
48136,1
48137,1
48138,0
48139,1
48140,0
48141,0
48142,1
48143,0
48144,1
48145,0
48146,0
48147,0
48148,0
48149,1
48150,0
48151,0
48152,0
48153,0
48154,0
48155,0
48156,1
48157,1
48158,0
48159,0
48160,0
48161,1
48162,0
48163,0
48164,0
48165,0
48166,0
48167,0
48168,0
48169,0
48170,0
48171,1
48172,0
48173,1
48174,1
48175,1
48176,0
48177,0
48178,0
48179,0
48180,1
48181,0
48182,1
48183,1
48184,0
48185,0
48186,0
48187,0
48188,0
48189,0
48190,0
48191,1
48192,1
48193,0
48194,0
48195,0
48196,0
48197,1
48198,0
48199,0
48200,1
48201,1
48202,0
48203,0
48204,1
48205,0
48206,0
48207,0
48208,0
48209,0
48210,0
48211,1
48212,1
48213,0
48214,0
48215,0
48216,1
48217,1
48218,0
48219,1
48220,1
48221,1
48222,0
48223,0
48224,1
48225,1
48226,1
48227,1
48228,1
48229,0
48230,1
48231,0
48232,0
48233,0
48234,0
48235,1
48236,0
48237,0
48238,0
48239,0
48240,0
48241,0
48242,0
48243,1
48244,0
48245,0
48246,1
48247,0
48248,1
48249,0
48250,1
48251,1
48252,1
48253,0
48254,0
48255,0
48256,1
48257,0
48258,1
48259,1
48260,1
48261,0
48262,1
48263,0
48264,1
48265,0
48266,0
48267,0
48268,1
48269,0
48270,0
48271,0
48272,0
48273,1
48274,0
48275,0
48276,1
48277,0
48278,0
48279,0
48280,0
48281,0
48282,1
48283,0
48284,0
48285,1
48286,1
48287,0
48288,1
48289,1
48290,0
48291,0
48292,0
48293,0
48294,0
48295,1
48296,1
48297,1
48298,0
48299,0
48300,1
48301,1
48302,1
48303,0
48304,1
48305,0
48306,0
48307,0
48308,0
48309,1
48310,1
48311,0
48312,0
48313,0
48314,0
48315,1
48316,0
48317,0
48318,0
48319,0
48320,0
48321,0
48322,0
48323,0
48324,1
48325,0
48326,0
48327,1
48328,0
48329,0
48330,0
48331,1
48332,0
48333,0
48334,0
48335,0
48336,1
48337,0
48338,1
48339,0
48340,1
48341,0
48342,0
48343,0
48344,1
48345,0
48346,0
48347,0
48348,0
48349,0
48350,0
48351,1
48352,0
48353,1
48354,0
48355,1
48356,1
48357,0
48358,0
48359,0
48360,1
48361,1
48362,0
48363,1
48364,1
48365,0
48366,0
48367,1
48368,1
48369,0
48370,0
48371,0
48372,1
48373,0
48374,0
48375,0
48376,0
48377,0
48378,1
48379,1
48380,0
48381,1
48382,1
48383,0
48384,0
48385,1
48386,0
48387,0
48388,0
48389,0
48390,1
48391,1
48392,0
48393,1
48394,0
48395,0
48396,0
48397,0
48398,0
48399,0
48400,0
48401,0
48402,1
48403,1
48404,0
48405,0
48406,0
48407,0
48408,0
48409,0
48410,1
48411,0
48412,0
48413,0
48414,1
48415,1
48416,1
48417,0
48418,0
48419,0
48420,0
48421,0
48422,0
48423,0
48424,1
48425,1
48426,1
48427,0
48428,0
48429,0
48430,0
48431,0
48432,0
48433,0
48434,1
48435,1
48436,0
48437,1
48438,0
48439,0
48440,1
48441,1
48442,1
48443,1
48444,0
48445,1
48446,0
48447,0
48448,0
48449,1
48450,1
48451,0
48452,0
48453,0
48454,1
48455,0
48456,1
48457,0
48458,1
48459,0
48460,0
48461,0
48462,0
48463,1
48464,0
48465,1
48466,0
48467,1
48468,1
48469,1
48470,0
48471,0
48472,1
48473,0
48474,0
48475,1
48476,1
48477,0
48478,1
48479,0
48480,1
48481,0
48482,0
48483,1
48484,1
48485,0
48486,0
48487,0
48488,1
48489,0
48490,0
48491,0
48492,0
48493,1
48494,1
48495,0
48496,1
48497,0
48498,0
48499,0
48500,0
48501,1
48502,0
48503,0
48504,1
48505,0
48506,0
48507,1
48508,0
48509,0
48510,1
48511,0
48512,0
48513,0
48514,1
48515,0
48516,1
48517,0
48518,0
48519,1
48520,1
48521,1
48522,0
48523,0
48524,0
48525,0
48526,1
48527,0
48528,0
48529,0
48530,1
48531,0
48532,0
48533,1
48534,0
48535,1
48536,0
48537,0
48538,0
48539,0
48540,0
48541,0
48542,0
48543,0
48544,0
48545,0
48546,1
48547,0
48548,1
48549,0
48550,1
48551,0
48552,0
48553,0
48554,1
48555,0
48556,0
48557,1
48558,0
48559,1
48560,0
48561,0
48562,1
48563,0
48564,0
48565,0
48566,1
48567,0
48568,0
48569,0
48570,0
48571,0
48572,0
48573,1
48574,0
48575,0
48576,1
48577,1
48578,0
48579,0
48580,0
48581,0
48582,0
48583,1
48584,0
48585,0
48586,0
48587,1
48588,1
48589,0
48590,0
48591,0
48592,1
48593,0
48594,0
48595,0
48596,1
48597,0
48598,0
48599,0
48600,1
48601,0
48602,0
48603,1
48604,0
48605,0
48606,0
48607,1
48608,0
48609,0
48610,0
48611,0
48612,1
48613,0
48614,0
48615,1
48616,0
48617,1
48618,0
48619,0
48620,1
48621,1
48622,0
48623,0
48624,0
48625,1
48626,0
48627,0
48628,0
48629,0
48630,0
48631,0
48632,1
48633,1
48634,0
48635,1
48636,1
48637,0
48638,1
48639,0
48640,0
48641,1
48642,0
48643,1
48644,0
48645,0
48646,0
48647,1
48648,0
48649,1
48650,0
48651,1
48652,1
48653,0
48654,0
48655,0
48656,0
48657,0
48658,0
48659,0
48660,0
48661,0
48662,0
48663,1
48664,1
48665,0
48666,0
48667,0
48668,0
48669,0
48670,1
48671,1
48672,0
48673,0
48674,1
48675,0
48676,0
48677,0
48678,0
48679,1
48680,0
48681,0
48682,1
48683,0
48684,0
48685,0
48686,1
48687,0
48688,0
48689,0
48690,1
48691,0
48692,1
48693,0
48694,1
48695,0
48696,0
48697,0
48698,1
48699,1
48700,1
48701,0
48702,1
48703,1
48704,1
48705,0
48706,0
48707,1
48708,0
48709,1
48710,1
48711,0
48712,1
48713,1
48714,0
48715,1
48716,0
48717,0
48718,1
48719,0
48720,1
48721,0
48722,0
48723,0
48724,1
48725,0
48726,0
48727,1
48728,0
48729,0
48730,1
48731,0
48732,1
48733,0
48734,1
48735,0
48736,1
48737,1
48738,0
48739,0
48740,1
48741,0
48742,1
48743,0
48744,0
48745,1
48746,0
48747,0
48748,0
48749,1
48750,0
48751,1
48752,1
48753,1
48754,1
48755,1
48756,0
48757,1
48758,0
48759,1
48760,1
48761,0
48762,1
48763,0
48764,1
48765,0
48766,0
48767,0
48768,0
48769,1
48770,1
48771,0
48772,0
48773,0
48774,0
48775,0
48776,1
48777,0
48778,1
48779,0
48780,1
48781,1
48782,0
48783,1
48784,1
48785,0
48786,0
48787,0
48788,1
48789,1
48790,0
48791,0
48792,0
48793,1
48794,0
48795,1
48796,1
48797,0
48798,0
48799,1
48800,0
48801,0
48802,0
48803,1
48804,0
48805,1
48806,0
48807,0
48808,1
48809,0
48810,0
48811,0
48812,0
48813,0
48814,0
48815,1
48816,1
48817,0
48818,0
48819,1
48820,1
48821,0
48822,0
48823,1
48824,0
48825,0
48826,0
48827,1
48828,1
48829,1
48830,0
48831,1
48832,1
48833,0
48834,0
48835,0
48836,0
48837,1
48838,0
48839,0
48840,1
48841,0
48842,0
48843,1
48844,0
48845,0
48846,1
48847,1
48848,0
48849,0
48850,1
48851,1
48852,0
48853,1
48854,1
48855,1
48856,0
48857,0
48858,0
48859,1
48860,0
48861,0
48862,0
48863,0
48864,0
48865,1
48866,0
48867,0
48868,0
48869,0
48870,1
48871,1
48872,0
48873,1
48874,0
48875,0
48876,1
48877,0
48878,0
48879,0
48880,0
48881,1
48882,0
48883,0
48884,0
48885,1
48886,1
48887,0
48888,1
48889,0
48890,0
48891,0
48892,0
48893,1
48894,0
48895,0
48896,0
48897,1
48898,0
48899,1
48900,1
48901,1
48902,1
48903,1
48904,0
48905,0
48906,0
48907,1
48908,0
48909,0
48910,0
48911,0
48912,0
48913,0
48914,0
48915,0
48916,0
48917,0
48918,0
48919,1
48920,1
48921,1
48922,0
48923,0
48924,0
48925,1
48926,1
48927,0
48928,0
48929,1
48930,0
48931,1
48932,0
48933,0
48934,0
48935,1
48936,1
48937,0
48938,1
48939,0
48940,1
48941,0
48942,0
48943,0
48944,0
48945,0
48946,0
48947,0
48948,0
48949,0
48950,0
48951,0
48952,0
48953,1
48954,0
48955,0
48956,0
48957,1
48958,0
48959,0
48960,1
48961,0
48962,1
48963,1
48964,0
48965,0
48966,0
48967,1
48968,1
48969,1
48970,0
48971,1
48972,1
48973,0
48974,0
48975,1
48976,0
48977,0
48978,0
48979,0
48980,1
48981,1
48982,0
48983,1
48984,1
48985,0
48986,0
48987,0
48988,1
48989,1
48990,0
48991,1
48992,1
48993,1
48994,0
48995,1
48996,0
48997,1
48998,0
48999,0
49000,0
49001,0
49002,1
49003,1
49004,1
49005,1
49006,0
49007,0
49008,0
49009,1
49010,0
49011,0
49012,1
49013,0
49014,0
49015,1
49016,0
49017,0
49018,1
49019,1
49020,0
49021,0
49022,1
49023,1
49024,1
49025,1
49026,0
49027,1
49028,1
49029,1
49030,1
49031,0
49032,0
49033,1
49034,0
49035,1
49036,0
49037,1
49038,1
49039,0
49040,1
49041,0
49042,0
49043,1
49044,0
49045,1
49046,1
49047,0
49048,0
49049,1
49050,0
49051,0
49052,0
49053,1
49054,0
49055,1
49056,1
49057,1
49058,0
49059,0
49060,0
49061,1
49062,0
49063,0
49064,0
49065,0
49066,0
49067,1
49068,1
49069,0
49070,0
49071,0
49072,0
49073,0
49074,0
49075,0
49076,1
49077,0
49078,1
49079,0
49080,1
49081,0
49082,1
49083,0
49084,1
49085,0
49086,0
49087,1
49088,1
49089,1
49090,0
49091,0
49092,0
49093,0
49094,1
49095,1
49096,1
49097,0
49098,1
49099,0
49100,0
49101,0
49102,1
49103,0
49104,1
49105,0
49106,0
49107,0
49108,1
49109,1
49110,0
49111,0
49112,1
49113,1
49114,0
49115,0
49116,0
49117,0
49118,0
49119,0
49120,0
49121,0
49122,0
49123,0
49124,0
49125,0
49126,0
49127,0
49128,1
49129,1
49130,0
49131,1
49132,0
49133,1
49134,0
49135,0
49136,0
49137,1
49138,0
49139,0
49140,1
49141,0
49142,1
49143,0
49144,0
49145,0
49146,0
49147,0
49148,1
49149,0
49150,0
49151,0
49152,0
49153,0
49154,0
49155,0
49156,0
49157,0
49158,0
49159,0
49160,0
49161,0
49162,0
49163,1
49164,0
49165,0
49166,0
49167,1
49168,0
49169,0
49170,0
49171,0
49172,0
49173,0
49174,0
49175,0
49176,0
49177,0
49178,0
49179,1
49180,0
49181,1
49182,0
49183,0
49184,0
49185,1
49186,0
49187,0
49188,0
49189,0
49190,0
49191,1
49192,1
49193,0
49194,0
49195,0
49196,0
49197,1
49198,1
49199,0
49200,1
49201,1
49202,0
49203,0
49204,0
49205,1
49206,0
49207,1
49208,0
49209,1
49210,0
49211,1
49212,0
49213,1
49214,1
49215,1
49216,0
49217,0
49218,1
49219,0
49220,0
49221,1
49222,1
49223,0
49224,0
49225,0
49226,0
49227,0
49228,1
49229,1
49230,0
49231,1
49232,0
49233,1
49234,1
49235,1
49236,0
49237,0
49238,0
49239,0
49240,0
49241,0
49242,1
49243,0
49244,0
49245,1
49246,0
49247,0
49248,0
49249,1
49250,1
49251,1
49252,0
49253,0
49254,1
49255,0
49256,0
49257,1
49258,1
49259,0
49260,0
49261,1
49262,0
49263,1
49264,0
49265,0
49266,1
49267,1
49268,0
49269,1
49270,0
49271,0
49272,0
49273,1
49274,1
49275,0
49276,0
49277,1
49278,0
49279,0
49280,0
49281,0
49282,0
49283,0
49284,1
49285,1
49286,0
49287,0
49288,0
49289,1
49290,0
49291,0
49292,0
49293,1
49294,1
49295,1
49296,0
49297,0
49298,0
49299,1
49300,0
49301,0
49302,0
49303,0
49304,0
49305,1
49306,1
49307,1
49308,0
49309,0
49310,0
49311,0
49312,0
49313,0
49314,1
49315,1
49316,1
49317,0
49318,0
49319,1
49320,0
49321,1
49322,0
49323,1
49324,1
49325,0
49326,0
49327,0
49328,0
49329,0
49330,0
49331,0
49332,1
49333,0
49334,0
49335,0
49336,1
49337,0
49338,1
49339,0
49340,0
49341,0
49342,0
49343,0
49344,0
49345,0
49346,1
49347,1
49348,0
49349,0
49350,0
49351,0
49352,0
49353,1
49354,0
49355,0
49356,1
49357,1
49358,1
49359,1
49360,0
49361,1
49362,1
49363,0
49364,0
49365,0
49366,0
49367,1
49368,0
49369,1
49370,0
49371,1
49372,0
49373,0
49374,0
49375,0
49376,0
49377,0
49378,0
49379,0
49380,1
49381,0
49382,0
49383,0
49384,0
49385,0
49386,0
49387,1
49388,1
49389,1
49390,0
49391,0
49392,1
49393,0
49394,0
49395,0
49396,0
49397,1
49398,0
49399,1
49400,0
49401,1
49402,0
49403,0
49404,1
49405,0
49406,0
49407,1
49408,0
49409,0
49410,0
49411,1
49412,1
49413,0
49414,0
49415,0
49416,0
49417,0
49418,0
49419,0
49420,1
49421,0
49422,1
49423,1
49424,0
49425,1
49426,1
49427,1
49428,0
49429,0
49430,0
49431,1
49432,1
49433,1
49434,0
49435,0
49436,1
49437,0
49438,1
49439,0
49440,0
49441,0
49442,0
49443,0
49444,0
49445,1
49446,1
49447,1
49448,0
49449,0
49450,1
49451,0
49452,1
49453,1
49454,0
49455,0
49456,0
49457,0
49458,0
49459,0
49460,0
49461,1
49462,1
49463,0
49464,1
49465,0
49466,0
49467,0
49468,0
49469,0
49470,0
49471,1
49472,0
49473,0
49474,1
49475,0
49476,0
49477,1
49478,0
49479,0
49480,1
49481,1
49482,0
49483,1
49484,1
49485,0
49486,0
49487,0
49488,0
49489,0
49490,0
49491,0
49492,0
49493,0
49494,1
49495,0
49496,0
49497,1
49498,0
49499,0
49500,1
49501,1
49502,0
49503,1
49504,0
49505,0
49506,1
49507,0
49508,0
49509,0
49510,0
49511,0
49512,0
49513,0
49514,1
49515,0
49516,0
49517,0
49518,0
49519,0
49520,0
49521,0
49522,0
49523,0
49524,0
49525,0
49526,0
49527,1
49528,0
49529,1
49530,0
49531,0
49532,1
49533,1
49534,0
49535,0
49536,0
49537,0
49538,1
49539,0
49540,0
49541,1
49542,1
49543,1
49544,0
49545,0
49546,1
49547,0
49548,0
49549,0
49550,1
49551,0
49552,1
49553,0
49554,1
49555,0
49556,0
49557,0
49558,1
49559,0
49560,0
49561,0
49562,1
49563,0
49564,1
49565,1
49566,0
49567,0
49568,1
49569,0
49570,0
49571,1
49572,0
49573,0
49574,0
49575,0
49576,0
49577,0
49578,0
49579,0
49580,0
49581,0
49582,0
49583,0
49584,0
49585,0
49586,1
49587,0
49588,1
49589,0
49590,1
49591,0
49592,1
49593,0
49594,1
49595,1
49596,0
49597,0
49598,0
49599,0
49600,1
49601,0
49602,0
49603,0
49604,1
49605,1
49606,1
49607,0
49608,0
49609,1
49610,0
49611,0
49612,0
49613,0
49614,1
49615,0
49616,1
49617,1
49618,1
49619,1
49620,0
49621,0
49622,1
49623,1
49624,0
49625,0
49626,0
49627,0
49628,1
49629,1
49630,0
49631,1
49632,0
49633,1
49634,1
49635,1
49636,1
49637,0
49638,1
49639,0
49640,1
49641,1
49642,0
49643,0
49644,0
49645,1
49646,1
49647,1
49648,0
49649,0
49650,0
49651,1
49652,1
49653,0
49654,1
49655,1
49656,0
49657,0
49658,0
49659,0
49660,1
49661,0
49662,1
49663,1
49664,0
49665,0
49666,0
49667,0
49668,0
49669,0
49670,1
49671,0
49672,0
49673,0
49674,0
49675,0
49676,0
49677,1
49678,0
49679,0
49680,1
49681,1
49682,0
49683,1
49684,0
49685,0
49686,0
49687,0
49688,1
49689,0
49690,0
49691,0
49692,1
49693,0
49694,0
49695,1
49696,1
49697,0
49698,1
49699,0
49700,0
49701,0
49702,0
49703,0
49704,0
49705,1
49706,0
49707,0
49708,0
49709,1
49710,1
49711,1
49712,0
49713,0
49714,0
49715,1
49716,0
49717,0
49718,0
49719,1
49720,1
49721,0
49722,0
49723,1
49724,0
49725,0
49726,1
49727,0
49728,1
49729,0
49730,0
49731,1
49732,0
49733,0
49734,0
49735,1
49736,1
49737,0
49738,0
49739,0
49740,1
49741,1
49742,0
49743,0
49744,1
49745,0
49746,0
49747,1
49748,0
49749,0
49750,1
49751,0
49752,1
49753,0
49754,1
49755,0
49756,1
49757,0
49758,0
49759,1
49760,1
49761,0
49762,1
49763,1
49764,1
49765,0
49766,1
49767,0
49768,1
49769,0
49770,1
49771,0
49772,1
49773,0
49774,0
49775,0
49776,0
49777,0
49778,0
49779,1
49780,0
49781,1
49782,1
49783,1
49784,0
49785,0
49786,0
49787,1
49788,0
49789,1
49790,1
49791,0
49792,0
49793,0
49794,0
49795,0
49796,0
49797,1
49798,1
49799,0
49800,0
49801,0
49802,0
49803,0
49804,0
49805,0
49806,0
49807,1
49808,0
49809,0
49810,0
49811,0
49812,1
49813,1
49814,0
49815,0
49816,0
49817,1
49818,1
49819,0
49820,0
49821,0
49822,0
49823,0
49824,0
49825,1
49826,0
49827,1
49828,0
49829,0
49830,1
49831,0
49832,1
49833,0
49834,0
49835,1
49836,1
49837,0
49838,0
49839,1
49840,0
49841,0
49842,0
49843,0
49844,0
49845,1
49846,0
49847,0
49848,1
49849,1
49850,0
49851,1
49852,1
49853,0
49854,0
49855,0
49856,0
49857,0
49858,0
49859,0
49860,0
49861,1
49862,0
49863,0
49864,1
49865,1
49866,0
49867,0
49868,0
49869,1
49870,1
49871,0
49872,1
49873,0
49874,0
49875,1
49876,0
49877,0
49878,0
49879,0
49880,1
49881,0
49882,1
49883,1
49884,0
49885,0
49886,1
49887,1
49888,0
49889,1
49890,1
49891,1
49892,0
49893,0
49894,0
49895,0
49896,0
49897,0
49898,1
49899,0
49900,0
49901,1
49902,1
49903,0
49904,0
49905,1
49906,1
49907,1
49908,0
49909,0
49910,0
49911,1
49912,0
49913,1
49914,1
49915,0
49916,0
49917,0
49918,0
49919,1
49920,1
49921,0
49922,0
49923,0
49924,0
49925,0
49926,1
49927,0
49928,1
49929,0
49930,0
49931,1
49932,0
49933,0
49934,1
49935,1
49936,0
49937,1
49938,1
49939,1
49940,0
49941,1
49942,0
49943,1
49944,1
49945,0
49946,1
49947,1
49948,0
49949,0
49950,1
49951,0
49952,0
49953,0
49954,1
49955,0
49956,0
49957,0
49958,0
49959,0
49960,0
49961,0
49962,0
49963,0
49964,0
49965,0
49966,0
49967,0
49968,1
49969,1
49970,0
49971,1
49972,0
49973,0
49974,0
49975,0
49976,1
49977,1
49978,0
49979,0
49980,0
49981,0
49982,0
49983,1
49984,0
49985,0
49986,1
49987,0
49988,1
49989,0
49990,0
49991,0
49992,1
49993,0
49994,0
49995,1
49996,0
49997,1
49998,0
49999,1
50000,0
50001,0
50002,1
50003,1
50004,0
50005,1
50006,1
50007,0
50008,0
50009,1
50010,0
50011,0
50012,0
50013,0
50014,0
50015,1
50016,0
50017,0
50018,0
50019,1
50020,1
50021,0
50022,0
50023,0
50024,1
50025,0
50026,0
50027,0
50028,0
50029,1
50030,0
50031,0
50032,1
50033,0
50034,1
50035,1
50036,1
50037,0
50038,1
50039,0
50040,0
50041,0
50042,1
50043,0
50044,1
50045,1
50046,0
50047,0
50048,0
50049,0
50050,0
50051,0
50052,0
50053,1
50054,0
50055,1
50056,1
50057,0
50058,0
50059,1
50060,1
50061,1
50062,0
50063,0
50064,0
50065,0
50066,0
50067,0
50068,1
50069,1
50070,0
50071,1
50072,0
50073,0
50074,1
50075,0
50076,1
50077,0
50078,0
50079,0
50080,0
50081,1
50082,1
50083,0
50084,1
50085,0
50086,0
50087,0
50088,0
50089,0
50090,0
50091,0
50092,0
50093,1
50094,1
50095,1
50096,1
50097,0
50098,1
50099,0
50100,1
50101,0
50102,1
50103,0
50104,0
50105,0
50106,0
50107,0
50108,0
50109,1
50110,0
50111,1
50112,1
50113,0
50114,1
50115,0
50116,0
50117,1
50118,1
50119,0
50120,0
50121,0
50122,0
50123,0
50124,1
50125,0
50126,1
50127,0
50128,0
50129,1
50130,1
50131,0
50132,0
50133,1
50134,1
50135,0
50136,1
50137,0
50138,1
50139,1
50140,1
50141,1
50142,1
50143,0
50144,0
50145,1
50146,0
50147,0
50148,0
50149,1
50150,0
50151,0
50152,0
50153,1
50154,0
50155,0
50156,0
50157,0
50158,1
50159,0
50160,0
50161,0
50162,0
50163,0
50164,0
50165,0
50166,0
50167,1
50168,0
50169,0
50170,0
50171,1
50172,1
50173,1
50174,0
50175,1
50176,0
50177,0
50178,0
50179,0
50180,1
50181,0
50182,0
50183,1
50184,0
50185,0
50186,0
50187,1
50188,0
50189,1
50190,0
50191,0
50192,1
50193,0
50194,0
50195,1
50196,0
50197,0
50198,1
50199,0
50200,1
50201,0
50202,0
50203,1
50204,0
50205,0
50206,0
50207,0
50208,0
50209,0
50210,0
50211,0
50212,1
50213,0
50214,0
50215,0
50216,0
50217,0
50218,0
50219,1
50220,1
50221,0
50222,0
50223,1
50224,0
50225,0
50226,1
50227,1
50228,0
50229,0
50230,0
50231,0
50232,0
50233,0
50234,1
50235,0
50236,0
50237,0
50238,0
50239,1
50240,1
50241,1
50242,0
50243,0
50244,0
50245,0
50246,0
50247,0
50248,1
50249,0
50250,0
50251,0
50252,1
50253,0
50254,1
50255,0
50256,1
50257,0
50258,1
50259,0
50260,0
50261,0
50262,0
50263,0
50264,0
50265,0
50266,1
50267,0
50268,1
50269,0
50270,0
50271,0
50272,0
50273,0
50274,0
50275,0
50276,0
50277,1
50278,0
50279,0
50280,0
50281,1
50282,0
50283,0
50284,1
50285,0
50286,0
50287,0
50288,1
50289,0
50290,0
50291,0
50292,0
50293,1
50294,1
50295,1
50296,1
50297,0
50298,0
50299,1
50300,0
50301,1
50302,1
50303,0
50304,0
50305,1
50306,0
50307,0
50308,1
50309,1
50310,1
50311,1
50312,1
50313,0
50314,0
50315,0
50316,0
50317,0
50318,1
50319,0
50320,0
50321,0
50322,0
50323,1
50324,0
50325,0
50326,0
50327,0
50328,1
50329,0
50330,0
50331,0
50332,1
50333,0
50334,1
50335,0
50336,1
50337,0
50338,0
50339,0
50340,0
50341,1
50342,0
50343,0
50344,0
50345,0
50346,0
50347,1
50348,0
50349,0
50350,0
50351,0
50352,1
50353,0
50354,0
50355,0
50356,0
50357,0
50358,0
50359,1
50360,0
50361,0
50362,1
50363,0
50364,0
50365,1
50366,0
50367,1
50368,1
50369,1
50370,0
50371,0
50372,0
50373,0
50374,0
50375,1
50376,1
50377,0
50378,1
50379,0
50380,0
50381,0
50382,1
50383,0
50384,0
50385,0
50386,0
50387,1
50388,0
50389,0
50390,1
50391,0
50392,0
50393,1
50394,0
50395,1
50396,0
50397,1
50398,1
50399,0
50400,1
50401,1
50402,1
50403,0
50404,0
50405,0
50406,0
50407,0
50408,0
50409,1
50410,1
50411,0
50412,0
50413,1
50414,0
50415,0
50416,0
50417,1
50418,0
50419,0
50420,0
50421,1
50422,0
50423,1
50424,0
50425,0
50426,1
50427,0
50428,1
50429,0
50430,0
50431,0
50432,0
50433,0
50434,1
50435,0
50436,1
50437,1
50438,1
50439,1
50440,1
50441,1
50442,1
50443,1
50444,0
50445,0
50446,0
50447,0
50448,0
50449,0
50450,0
50451,0
50452,0
50453,1
50454,1
50455,0
50456,0
50457,1
50458,0
50459,1
50460,1
50461,0
50462,0
50463,0
50464,0
50465,0
50466,1
50467,1
50468,1
50469,0
50470,1
50471,0
50472,0
50473,1
50474,0
50475,0
50476,1
50477,1
50478,0
50479,1
50480,1
50481,0
50482,0
50483,0
50484,1
50485,0
50486,1
50487,0
50488,1
50489,1
50490,0
50491,0
50492,1
50493,0
50494,0
50495,0
50496,1
50497,1
50498,0
50499,0
50500,0
50501,1
50502,0
50503,0
50504,1
50505,0
50506,1
50507,0
50508,1
50509,1
50510,1
50511,0
50512,0
50513,0
50514,0
50515,0
50516,1
50517,1
50518,1
50519,0
50520,0
50521,0
50522,0
50523,1
50524,0
50525,1
50526,1
50527,0
50528,0
50529,0
50530,0
50531,0
50532,0
50533,1
50534,0
50535,0
50536,0
50537,0
50538,0
50539,1
50540,1
50541,0
50542,0
50543,0
50544,1
50545,0
50546,1
50547,1
50548,0
50549,0
50550,1
50551,0
50552,0
50553,0
50554,0
50555,0
50556,0
50557,0
50558,0
50559,1
50560,0
50561,1
50562,0
50563,0
50564,0
50565,0
50566,0
50567,1
50568,0
50569,0
50570,1
50571,0
50572,1
50573,0
50574,0
50575,1
50576,1
50577,1
50578,1
50579,1
50580,0
50581,0
50582,1
50583,0
50584,0
50585,1
50586,1
50587,1
50588,0
50589,1
50590,1
50591,0
50592,0
50593,0
50594,0
50595,1
50596,0
50597,1
50598,1
50599,1
50600,0
50601,1
50602,1
50603,0
50604,0
50605,0
50606,1
50607,0
50608,0
50609,0
50610,0
50611,1
50612,0
50613,1
50614,1
50615,1
50616,1
50617,0
50618,0
50619,0
50620,0
50621,0
50622,1
50623,0
50624,1
50625,0
50626,1
50627,0
50628,0
50629,1
50630,0
50631,0
50632,1
50633,0
50634,0
50635,0
50636,0
50637,0
50638,1
50639,1
50640,1
50641,0
50642,1
50643,1
50644,0
50645,0
50646,1
50647,0
50648,1
50649,0
50650,0
50651,1
50652,0
50653,1
50654,1
50655,0
50656,1
50657,0
50658,0
50659,1
50660,1
50661,0
50662,0
50663,1
50664,0
50665,0
50666,1
50667,0
50668,0
50669,0
50670,0
50671,0
50672,1
50673,1
50674,1
50675,1
50676,1
50677,0
50678,1
50679,0
50680,0
50681,0
50682,1
50683,0
50684,1
50685,0
50686,0
50687,0
50688,1
50689,0
50690,0
50691,1
50692,0
50693,1
50694,0
50695,0
50696,0
50697,1
50698,0
50699,0
50700,0
50701,0
50702,0
50703,0
50704,0
50705,0
50706,0
50707,1
50708,0
50709,0
50710,0
50711,0
50712,1
50713,0
50714,0
50715,0
50716,0
50717,1
50718,1
50719,0
50720,0
50721,0
50722,0
50723,1
50724,0
50725,0
50726,0
50727,1
50728,0
50729,0
50730,1
50731,0
50732,1
50733,0
50734,0
50735,0
50736,0
50737,0
50738,0
50739,0
50740,0
50741,1
50742,1
50743,1
50744,0
50745,1
50746,1
50747,0
50748,0
50749,0
50750,1
50751,0
50752,1
50753,0
50754,0
50755,0
50756,1
50757,1
50758,1
50759,0
50760,0
50761,0
50762,0
50763,0
50764,0
50765,1
50766,0
50767,0
50768,0
50769,0
50770,0
50771,0
50772,0
50773,0
50774,1
50775,0
50776,1
50777,0
50778,1
50779,0
50780,1
50781,0
50782,0
50783,1
50784,1
50785,1
50786,0
50787,0
50788,0
50789,1
50790,1
50791,1
50792,1
50793,0
50794,0
50795,0
50796,1
50797,0
50798,0
50799,1
50800,0
50801,0
50802,1
50803,0
50804,0
50805,0
50806,0
50807,0
50808,0
50809,0
50810,1
50811,0
50812,0
50813,1
50814,0
50815,1
50816,0
50817,0
50818,1
50819,0
50820,0
50821,1
50822,0
50823,0
50824,0
50825,1
50826,0
50827,1
50828,0
50829,1
50830,0
50831,1
50832,1
50833,0
50834,0
50835,1
50836,0
50837,0
50838,0
50839,0
50840,0
50841,0
50842,0
50843,1
50844,1
50845,0
50846,0
50847,0
50848,0
50849,1
50850,1
50851,0
50852,0
50853,0
50854,0
50855,0
50856,0
50857,0
50858,0
50859,1
50860,0
50861,1
50862,1
50863,0
50864,0
50865,1
50866,1
50867,1
50868,0
50869,1
50870,0
50871,1
50872,1
50873,0
50874,0
50875,1
50876,0
50877,1
50878,0
50879,0
50880,0
50881,0
50882,0
50883,1
50884,0
50885,0
50886,1
50887,1
50888,0
50889,0
50890,0
50891,0
50892,1
50893,0
50894,0
50895,0
50896,0
50897,0
50898,0
50899,1
50900,1
50901,1
50902,0
50903,0
50904,1
50905,1
50906,1
50907,1
50908,0
50909,1
50910,1
50911,0
50912,0
50913,0
50914,0
50915,1
50916,1
50917,0
50918,1
50919,1
50920,0
50921,1
50922,0
50923,0
50924,0
50925,1
50926,0
50927,0
50928,0
50929,1
50930,1
50931,1
50932,1
50933,1
50934,1
50935,1
50936,1
50937,1
50938,1
50939,0
50940,0
50941,0
50942,0
50943,0
50944,1
50945,0
50946,0
50947,0
50948,0
50949,0
50950,0
50951,1
50952,1
50953,1
50954,1
50955,0
50956,0
50957,1
50958,0
50959,0
50960,1
50961,0
50962,0
50963,0
50964,0
50965,1
50966,0
50967,0
50968,0
50969,0
50970,0
50971,1
50972,0
50973,0
50974,0
50975,1
50976,0
50977,1
50978,1
50979,0
50980,0
50981,1
50982,1
50983,1
50984,0
50985,1
50986,0
50987,0
50988,1
50989,1
50990,0
50991,1
50992,0
50993,0
50994,0
50995,0
50996,1
50997,0
50998,1
50999,1
51000,0
51001,0
51002,0
51003,1
51004,0
51005,1
51006,0
51007,0
51008,1
51009,1
51010,1
51011,1
51012,0
51013,0
51014,1
51015,1
51016,1
51017,1
51018,0
51019,0
51020,0
51021,0
51022,0
51023,0
51024,0
51025,0
51026,0
51027,1
51028,0
51029,0
51030,0
51031,1
51032,1
51033,0
51034,0
51035,1
51036,1
51037,0
51038,1
51039,0
51040,0
51041,0
51042,0
51043,0
51044,0
51045,1
51046,1
51047,1
51048,0
51049,0
51050,1
51051,0
51052,0
51053,0
51054,1
51055,0
51056,1
51057,0
51058,0
51059,1
51060,1
51061,1
51062,0
51063,0
51064,0
51065,1
51066,0
51067,1
51068,0
51069,0
51070,1
51071,1
51072,1
51073,0
51074,1
51075,1
51076,0
51077,0
51078,0
51079,0
51080,0
51081,0
51082,1
51083,1
51084,1
51085,0
51086,0
51087,0
51088,0
51089,1
51090,0
51091,0
51092,0
51093,0
51094,1
51095,1
51096,0
51097,0
51098,0
51099,0
51100,0
51101,0
51102,0
51103,1
51104,0
51105,0
51106,1
51107,0
51108,0
51109,0
51110,1
51111,0
51112,1
51113,1
51114,1
51115,0
51116,1
51117,0
51118,1
51119,0
51120,0
51121,0
51122,0
51123,1
51124,0
51125,0
51126,0
51127,0
51128,0
51129,1
51130,0
51131,0
51132,1
51133,0
51134,0
51135,0
51136,0
51137,0
51138,1
51139,0
51140,0
51141,1
51142,1
51143,0
51144,0
51145,0
51146,0
51147,0
51148,0
51149,1
51150,0
51151,0
51152,0
51153,0
51154,1
51155,0
51156,0
51157,1
51158,1
51159,0
51160,0
51161,0
51162,0
51163,0
51164,1
51165,0
51166,0
51167,0
51168,1
51169,0
51170,0
51171,0
51172,0
51173,1
51174,1
51175,0
51176,0
51177,1
51178,0
51179,1
51180,0
51181,0
51182,1
51183,0
51184,0
51185,0
51186,1
51187,0
51188,0
51189,0
51190,0
51191,0
51192,1
51193,0
51194,1
51195,0
51196,0
51197,0
51198,1
51199,0
51200,0
51201,0
51202,1
51203,0
51204,0
51205,0
51206,1
51207,0
51208,1
51209,1
51210,0
51211,0
51212,0
51213,0
51214,1
51215,0
51216,0
51217,0
51218,0
51219,0
51220,0
51221,0
51222,0
51223,1
51224,0
51225,0
51226,0
51227,0
51228,0
51229,1
51230,1
51231,0
51232,0
51233,1
51234,1
51235,1
51236,0
51237,0
51238,1
51239,0
51240,1
51241,0
51242,0
51243,0
51244,0
51245,0
51246,0
51247,1
51248,0
51249,0
51250,0
51251,0
51252,0
51253,0
51254,0
51255,0
51256,0
51257,0
51258,0
51259,1
51260,0
51261,0
51262,1
51263,0
51264,0
51265,0
51266,1
51267,1
51268,0
51269,0
51270,1
51271,0
51272,0
51273,0
51274,1
51275,0
51276,0
51277,0
51278,0
51279,1
51280,0
51281,1
51282,0
51283,1
51284,0
51285,0
51286,0
51287,1
51288,1
51289,0
51290,0
51291,1
51292,0
51293,1
51294,0
51295,0
51296,1
51297,1
51298,1
51299,0
51300,0
51301,0
51302,0
51303,0
51304,1
51305,1
51306,0
51307,0
51308,0
51309,0
51310,0
51311,0
51312,0
51313,1
51314,0
51315,1
51316,1
51317,0
51318,0
51319,1
51320,1
51321,1
51322,0
51323,0
51324,0
51325,0
51326,0
51327,1
51328,1
51329,0
51330,0
51331,0
51332,0
51333,0
51334,1
51335,0
51336,0
51337,0
51338,1
51339,0
51340,0
51341,0
51342,1
51343,0
51344,0
51345,1
51346,0
51347,1
51348,0
51349,0
51350,0
51351,0
51352,0
51353,1
51354,0
51355,1
51356,0
51357,0
51358,0
51359,0
51360,0
51361,1
51362,0
51363,1
51364,1
51365,0
51366,0
51367,0
51368,0
51369,0
51370,1
51371,1
51372,0
51373,0
51374,0
51375,0
51376,1
51377,0
51378,1
51379,1
51380,0
51381,0
51382,1
51383,0
51384,0
51385,0
51386,0
51387,0
51388,0
51389,0
51390,1
51391,0
51392,0
51393,0
51394,1
51395,1
51396,0
51397,1
51398,0
51399,0
51400,0
51401,0
51402,0
51403,1
51404,0
51405,0
51406,0
51407,0
51408,0
51409,0
51410,0
51411,0
51412,1
51413,0
51414,0
51415,1
51416,0
51417,0
51418,0
51419,0
51420,0
51421,0
51422,0
51423,1
51424,1
51425,0
51426,0
51427,1
51428,0
51429,0
51430,0
51431,1
51432,0
51433,0
51434,0
51435,0
51436,1
51437,0
51438,1
51439,1
51440,1
51441,0
51442,0
51443,0
51444,0
51445,0
51446,0
51447,0
51448,0
51449,0
51450,0
51451,1
51452,1
51453,1
51454,1
51455,1
51456,1
51457,1
51458,0
51459,0
51460,0
51461,0
51462,0
51463,0
51464,0
51465,0
51466,1
51467,1
51468,0
51469,0
51470,0
51471,0
51472,0
51473,1
51474,0
51475,1
51476,1
51477,1
51478,1
51479,1
51480,1
51481,0
51482,0
51483,1
51484,0
51485,0
51486,1
51487,1
51488,1
51489,0
51490,0
51491,0
51492,1
51493,0
51494,0
51495,0
51496,0
51497,0
51498,1
51499,0
51500,0
51501,1
51502,0
51503,0
51504,0
51505,0
51506,1
51507,0
51508,1
51509,1
51510,0
51511,0
51512,1
51513,0
51514,1
51515,0
51516,0
51517,1
51518,1
51519,1
51520,0
51521,0
51522,0
51523,0
51524,0
51525,1
51526,0
51527,0
51528,1
51529,1
51530,1
51531,0
51532,0
51533,1
51534,0
51535,0
51536,0
51537,0
51538,1
51539,1
51540,0
51541,0
51542,0
51543,1
51544,1
51545,0
51546,0
51547,0
51548,1
51549,1
51550,1
51551,0
51552,1
51553,1
51554,0
51555,0
51556,0
51557,0
51558,0
51559,0
51560,0
51561,0
51562,1
51563,0
51564,0
51565,0
51566,0
51567,1
51568,0
51569,0
51570,1
51571,1
51572,0
51573,1
51574,0
51575,1
51576,1
51577,0
51578,0
51579,1
51580,0
51581,1
51582,1
51583,1
51584,1
51585,0
51586,1
51587,1
51588,0
51589,1
51590,0
51591,0
51592,1
51593,0
51594,0
51595,0
51596,0
51597,0
51598,0
51599,0
51600,0
51601,0
51602,1
51603,1
51604,1
51605,0
51606,0
51607,0
51608,0
51609,1
51610,1
51611,0
51612,0
51613,1
51614,1
51615,0
51616,1
51617,0
51618,0
51619,0
51620,0
51621,0
51622,1
51623,0
51624,0
51625,1
51626,0
51627,1
51628,0
51629,0
51630,1
51631,1
51632,0
51633,0
51634,0
51635,1
51636,1
51637,1
51638,0
51639,0
51640,0
51641,0
51642,1
51643,0
51644,1
51645,0
51646,0
51647,1
51648,1
51649,1
51650,0
51651,1
51652,1
51653,0
51654,0
51655,0
51656,1
51657,0
51658,1
51659,1
51660,0
51661,0
51662,1
51663,1
51664,1
51665,1
51666,1
51667,0
51668,1
51669,0
51670,1
51671,0
51672,1
51673,1
51674,0
51675,0
51676,0
51677,1
51678,1
51679,1
51680,0
51681,0
51682,0
51683,1
51684,0
51685,1
51686,0
51687,1
51688,0
51689,0
51690,0
51691,1
51692,1
51693,0
51694,0
51695,0
51696,0
51697,0
51698,0
51699,0
51700,0
51701,0
51702,1
51703,1
51704,0
51705,0
51706,0
51707,0
51708,1
51709,0
51710,1
51711,0
51712,0
51713,0
51714,0
51715,0
51716,0
51717,1
51718,1
51719,1
51720,0
51721,0
51722,0
51723,0
51724,0
51725,1
51726,1
51727,1
51728,1
51729,1
51730,0
51731,1
51732,1
51733,0
51734,0
51735,1
51736,0
51737,0
51738,0
51739,0
51740,0
51741,1
51742,0
51743,0
51744,1
51745,0
51746,1
51747,0
51748,0
51749,1
51750,0
51751,1
51752,1
51753,1
51754,1
51755,1
51756,0
51757,0
51758,1
51759,0
51760,1
51761,0
51762,1
51763,0
51764,0
51765,0
51766,0
51767,1
51768,0
51769,1
51770,1
51771,0
51772,0
51773,1
51774,0
51775,0
51776,0
51777,0
51778,0
51779,1
51780,1
51781,0
51782,1
51783,0
51784,1
51785,1
51786,0
51787,1
51788,1
51789,0
51790,0
51791,1
51792,1
51793,0
51794,0
51795,1
51796,0
51797,0
51798,0
51799,0
51800,1
51801,1
51802,1
51803,1
51804,0
51805,0
51806,0
51807,1
51808,1
51809,0
51810,0
51811,1
51812,0
51813,1
51814,0
51815,0
51816,0
51817,0
51818,0
51819,1
51820,0
51821,0
51822,1
51823,1
51824,1
51825,1
51826,0
51827,0
51828,0
51829,0
51830,0
51831,1
51832,0
51833,0
51834,0
51835,0
51836,0
51837,1
51838,0
51839,0
51840,0
51841,0
51842,0
51843,1
51844,1
51845,1
51846,0
51847,1
51848,1
51849,0
51850,0
51851,1
51852,1
51853,0
51854,0
51855,0
51856,0
51857,1
51858,1
51859,0
51860,0
51861,0
51862,0
51863,0
51864,0
51865,0
51866,0
51867,0
51868,0
51869,1
51870,0
51871,0
51872,0
51873,1
51874,0
51875,0
51876,0
51877,0
51878,1
51879,0
51880,1
51881,0
51882,1
51883,1
51884,1
51885,0
51886,1
51887,0
51888,0
51889,0
51890,0
51891,0
51892,0
51893,1
51894,0
51895,1
51896,0
51897,0
51898,0
51899,1
51900,0
51901,0
51902,0
51903,0
51904,0
51905,1
51906,0
51907,0
51908,0
51909,0
51910,0
51911,0
51912,0
51913,0
51914,0
51915,0
51916,0
51917,0
51918,1
51919,1
51920,1
51921,0
51922,0
51923,1
51924,0
51925,1
51926,0
51927,0
51928,0
51929,1
51930,1
51931,0
51932,1
51933,1
51934,0
51935,0
51936,1
51937,1
51938,1
51939,0
51940,0
51941,1
51942,1
51943,0
51944,1
51945,0
51946,0
51947,1
51948,0
51949,0
51950,0
51951,0
51952,0
51953,0
51954,0
51955,1
51956,1
51957,1
51958,0
51959,1
51960,0
51961,1
51962,1
51963,0
51964,0
51965,0
51966,1
51967,1
51968,0
51969,0
51970,0
51971,1
51972,0
51973,0
51974,1
51975,0
51976,1
51977,0
51978,0
51979,0
51980,0
51981,1
51982,1
51983,1
51984,0
51985,1
51986,1
51987,1
51988,1
51989,0
51990,0
51991,0
51992,1
51993,0
51994,1
51995,0
51996,0
51997,1
51998,0
51999,1
52000,0
52001,0
52002,1
52003,1
52004,0
52005,1
52006,0
52007,0
52008,0
52009,1
52010,1
52011,1
52012,0
52013,1
52014,1
52015,0
52016,1
52017,1
52018,0
52019,0
52020,0
52021,0
52022,1
52023,0
52024,0
52025,1
52026,0
52027,0
52028,0
52029,0
52030,1
52031,0
52032,0
52033,1
52034,1
52035,1
52036,1
52037,0
52038,0
52039,0
52040,1
52041,1
52042,1
52043,0
52044,1
52045,0
52046,1
52047,0
52048,1
52049,0
52050,0
52051,0
52052,1
52053,0
52054,1
52055,1
52056,0
52057,0
52058,1
52059,0
52060,0
52061,1
52062,0
52063,0
52064,0
52065,1
52066,0
52067,0
52068,0
52069,0
52070,1
52071,0
52072,0
52073,0
52074,1
52075,0
52076,0
52077,1
52078,0
52079,1
52080,1
52081,0
52082,0
52083,1
52084,0
52085,0
52086,1
52087,0
52088,0
52089,1
52090,0
52091,1
52092,0
52093,0
52094,1
52095,0
52096,1
52097,0
52098,0
52099,0
52100,1
52101,0
52102,0
52103,0
52104,1
52105,1
52106,0
52107,0
52108,1
52109,0
52110,0
52111,0
52112,0
52113,0
52114,0
52115,0
52116,0
52117,0
52118,1
52119,0
52120,0
52121,0
52122,0
52123,1
52124,0
52125,1
52126,0
52127,0
52128,1
52129,0
52130,0
52131,0
52132,0
52133,0
52134,0
52135,0
52136,1
52137,0
52138,0
52139,1
52140,1
52141,1
52142,0
52143,0
52144,0
52145,0
52146,1
52147,0
52148,0
52149,0
52150,0
52151,1
52152,0
52153,0
52154,1
52155,0
52156,1
52157,1
52158,0
52159,0
52160,0
52161,0
52162,0
52163,1
52164,0
52165,0
52166,0
52167,1
52168,0
52169,1
52170,0
52171,1
52172,0
52173,0
52174,0
52175,0
52176,0
52177,0
52178,1
52179,0
52180,0
52181,1
52182,1
52183,0
52184,0
52185,1
52186,0
52187,1
52188,1
52189,0
52190,1
52191,1
52192,1
52193,0
52194,1
52195,0
52196,0
52197,1
52198,0
52199,0
52200,0
52201,0
52202,0
52203,0
52204,0
52205,0
52206,0
52207,0
52208,1
52209,0
52210,1
52211,0
52212,0
52213,0
52214,0
52215,0
52216,1
52217,1
52218,0
52219,0
52220,0
52221,1
52222,0
52223,1
52224,0
52225,1
52226,0
52227,1
52228,1
52229,0
52230,0
52231,1
52232,0
52233,0
52234,0
52235,0
52236,0
52237,0
52238,0
52239,0
52240,1
52241,0
52242,1
52243,0
52244,0
52245,0
52246,0
52247,1
52248,0
52249,0
52250,0
52251,1
52252,1
52253,0
52254,0
52255,0
52256,0
52257,1
52258,0
52259,1
52260,0
52261,0
52262,0
52263,0
52264,0
52265,1
52266,1
52267,1
52268,0
52269,0
52270,0
52271,0
52272,0
52273,1
52274,1
52275,1
52276,0
52277,0
52278,0
52279,0
52280,1
52281,0
52282,1
52283,0
52284,1
52285,0
52286,0
52287,0
52288,0
52289,1
52290,1
52291,0
52292,0
52293,0
52294,0
52295,0
52296,0
52297,0
52298,0
52299,0
52300,0
52301,0
52302,0
52303,1
52304,1
52305,1
52306,1
52307,1
52308,0
52309,0
52310,1
52311,0
52312,0
52313,0
52314,0
52315,0
52316,1
52317,1
52318,0
52319,1
52320,0
52321,0
52322,1
52323,1
52324,0
52325,0
52326,0
52327,0
52328,0
52329,1
52330,1
52331,0
52332,0
52333,0
52334,0
52335,0
52336,1
52337,0
52338,1
52339,0
52340,1
52341,1
52342,1
52343,1
52344,1
52345,0
52346,1
52347,0
52348,1
52349,1
52350,1
52351,1
52352,1
52353,0
52354,1
52355,0
52356,1
52357,1
52358,1
52359,0
52360,1
52361,0
52362,0
52363,1
52364,1
52365,0
52366,1
52367,0
52368,1
52369,0
52370,0
52371,0
52372,1
52373,1
52374,0
52375,1
52376,1
52377,1
52378,0
52379,1
52380,1
52381,0
52382,0
52383,0
52384,1
52385,0
52386,1
52387,0
52388,1
52389,0
52390,1
52391,1
52392,1
52393,1
52394,0
52395,0
52396,0
52397,0
52398,1
52399,0
52400,0
52401,1
52402,0
52403,1
52404,0
52405,0
52406,0
52407,1
52408,1
52409,0
52410,1
52411,1
52412,0
52413,1
52414,0
52415,1
52416,0
52417,0
52418,0
52419,0
52420,0
52421,1
52422,0
52423,1
52424,0
52425,1
52426,0
52427,1
52428,1
52429,0
52430,1
52431,0
52432,1
52433,1
52434,1
52435,0
52436,1
52437,0
52438,1
52439,1
52440,1
52441,0
52442,0
52443,0
52444,1
52445,1
52446,0
52447,1
52448,0
52449,0
52450,0
52451,0
52452,0
52453,1
52454,0
52455,0
52456,1
52457,0
52458,0
52459,1
52460,0
52461,1
52462,0
52463,1
52464,0
52465,1
52466,1
52467,0
52468,0
52469,0
52470,0
52471,0
52472,0
52473,1
52474,1
52475,1
52476,0
52477,0
52478,0
52479,1
52480,0
52481,0
52482,0
52483,1
52484,1
52485,1
52486,1
52487,0
52488,0
52489,1
52490,1
52491,1
52492,1
52493,1
52494,0
52495,0
52496,0
52497,0
52498,1
52499,0
52500,0
52501,0
52502,0
52503,0
52504,0
52505,1
52506,0
52507,0
52508,0
52509,0
52510,1
52511,1
52512,0
52513,1
52514,1
52515,0
52516,0
52517,0
52518,0
52519,0
52520,0
52521,1
52522,0
52523,1
52524,0
52525,1
52526,0
52527,0
52528,0
52529,0
52530,0
52531,1
52532,1
52533,1
52534,0
52535,0
52536,1
52537,1
52538,1
52539,0
52540,0
52541,1
52542,1
52543,0
52544,0
52545,0
52546,0
52547,0
52548,1
52549,0
52550,0
52551,1
52552,1
52553,0
52554,1
52555,0
52556,1
52557,0
52558,0
52559,0
52560,1
52561,0
52562,0
52563,0
52564,0
52565,1
52566,1
52567,0
52568,0
52569,1
52570,1
52571,0
52572,1
52573,0
52574,0
52575,0
52576,1
52577,0
52578,1
52579,0
52580,0
52581,1
52582,1
52583,0
52584,1
52585,0
52586,0
52587,0
52588,0
52589,1
52590,0
52591,0
52592,0
52593,0
52594,0
52595,1
52596,0
52597,0
52598,1
52599,0
52600,0
52601,0
52602,1
52603,0
52604,0
52605,0
52606,0
52607,0
52608,1
52609,0
52610,0
52611,0
52612,0
52613,0
52614,1
52615,1
52616,1
52617,0
52618,1
52619,0
52620,0
52621,0
52622,0
52623,1
52624,0
52625,0
52626,0
52627,0
52628,1
52629,1
52630,0
52631,0
52632,0
52633,0
52634,0
52635,1
52636,0
52637,0
52638,0
52639,1
52640,0
52641,0
52642,1
52643,0
52644,1
52645,1
52646,0
52647,1
52648,1
52649,0
52650,0
52651,0
52652,0
52653,1
52654,0
52655,0
52656,0
52657,0
52658,1
52659,0
52660,0
52661,0
52662,0
52663,1
52664,1
52665,0
52666,0
52667,0
52668,0
52669,0
52670,1
52671,0
52672,1
52673,1
52674,1
52675,0
52676,1
52677,0
52678,0
52679,0
52680,1
52681,1
52682,0
52683,0
52684,0
52685,0
52686,1
52687,0
52688,0
52689,1
52690,0
52691,0
52692,1
52693,0
52694,1
52695,0
52696,0
52697,1
52698,1
52699,1
52700,0
52701,0
52702,0
52703,0
52704,0
52705,0
52706,0
52707,0
52708,0
52709,0
52710,1
52711,1
52712,0
52713,1
52714,0
52715,0
52716,1
52717,1
52718,0
52719,0
52720,1
52721,1
52722,1
52723,0
52724,0
52725,0
52726,0
52727,0
52728,0
52729,0
52730,0
52731,0
52732,0
52733,0
52734,0
52735,0
52736,0
52737,1
52738,1
52739,0
52740,0
52741,1
52742,0
52743,0
52744,1
52745,1
52746,1
52747,0
52748,0
52749,0
52750,0
52751,0
52752,1
52753,1
52754,0
52755,0
52756,0
52757,0
52758,0
52759,0
52760,0
52761,0
52762,1
52763,0
52764,0
52765,1
52766,0
52767,0
52768,1
52769,0
52770,0
52771,1
52772,1
52773,1
52774,0
52775,0
52776,0
52777,0
52778,0
52779,0
52780,0
52781,0
52782,0
52783,0
52784,0
52785,0
52786,1
52787,1
52788,1
52789,0
52790,1
52791,0
52792,0
52793,0
52794,0
52795,0
52796,1
52797,0
52798,0
52799,0
52800,1
52801,0
52802,0
52803,0
52804,0
52805,0
52806,0
52807,0
52808,1
52809,1
52810,1
52811,0
52812,0
52813,0
52814,0
52815,1
52816,0
52817,0
52818,1
52819,1
52820,1
52821,1
52822,0
52823,1
52824,0
52825,0
52826,1
52827,0
52828,1
52829,0
52830,0
52831,0
52832,0
52833,1
52834,0
52835,1
52836,0
52837,0
52838,1
52839,1
52840,0
52841,0
52842,0
52843,0
52844,0
52845,1
52846,0
52847,1
52848,0
52849,0
52850,1
52851,0
52852,1
52853,0
52854,1
52855,0
52856,1
52857,0
52858,0
52859,1
52860,1
52861,1
52862,1
52863,0
52864,1
52865,0
52866,0
52867,0
52868,0
52869,1
52870,0
52871,0
52872,0
52873,0
52874,0
52875,1
52876,1
52877,0
52878,1
52879,1
52880,0
52881,1
52882,0
52883,0
52884,1
52885,0
52886,1
52887,1
52888,1
52889,0
52890,1
52891,1
52892,0
52893,1
52894,0
52895,0
52896,0
52897,0
52898,0
52899,0
52900,1
52901,1
52902,0
52903,1
52904,1
52905,1
52906,1
52907,1
52908,1
52909,1
52910,1
52911,0
52912,1
52913,1
52914,1
52915,0
52916,1
52917,0
52918,1
52919,0
52920,1
52921,0
52922,1
52923,1
52924,0
52925,0
52926,1
52927,0
52928,0
52929,0
52930,1
52931,1
52932,0
52933,1
52934,0
52935,0
52936,1
52937,0
52938,1
52939,0
52940,0
52941,0
52942,1
52943,0
52944,0
52945,0
52946,0
52947,0
52948,0
52949,0
52950,1
52951,1
52952,1
52953,0
52954,1
52955,1
52956,1
52957,1
52958,1
52959,0
52960,0
52961,1
52962,0
52963,0
52964,0
52965,1
52966,0
52967,1
52968,0
52969,0
52970,0
52971,1
52972,1
52973,0
52974,1
52975,0
52976,0
52977,1
52978,0
52979,1
52980,0
52981,1
52982,0
52983,0
52984,0
52985,0
52986,0
52987,0
52988,0
52989,0
52990,0
52991,1
52992,1
52993,1
52994,0
52995,0
52996,0
52997,0
52998,0
52999,0
53000,1
53001,0
53002,1
53003,1
53004,1
53005,1
53006,0
53007,1
53008,0
53009,0
53010,0
53011,0
53012,0
53013,1
53014,0
53015,0
53016,0
53017,1
53018,0
53019,1
53020,1
53021,0
53022,1
53023,1
53024,0
53025,0
53026,0
53027,1
53028,0
53029,1
53030,1
53031,0
53032,0
53033,1
53034,0
53035,1
53036,0
53037,0
53038,1
53039,0
53040,0
53041,1
53042,1
53043,0
53044,1
53045,0
53046,1
53047,0
53048,0
53049,0
53050,0
53051,0
53052,0
53053,0
53054,1
53055,1
53056,0
53057,1
53058,1
53059,0
53060,0
53061,0
53062,1
53063,0
53064,1
53065,0
53066,0
53067,1
53068,0
53069,0
53070,0
53071,1
53072,1
53073,1
53074,1
53075,0
53076,1
53077,0
53078,1
53079,1
53080,0
53081,0
53082,1
53083,1
53084,0
53085,0
53086,0
53087,0
53088,0
53089,1
53090,0
53091,1
53092,1
53093,0
53094,1
53095,0
53096,1
53097,0
53098,0
53099,1
53100,1
53101,1
53102,1
53103,0
53104,1
53105,0
53106,0
53107,1
53108,0
53109,0
53110,1
53111,0
53112,0
53113,0
53114,1
53115,0
53116,0
53117,0
53118,0
53119,0
53120,0
53121,1
53122,1
53123,0
53124,0
53125,0
53126,0
53127,0
53128,0
53129,0
53130,0
53131,0
53132,0
53133,0
53134,0
53135,0
53136,0
53137,0
53138,0
53139,0
53140,0
53141,0
53142,1
53143,1
53144,1
53145,0
53146,0
53147,1
53148,0
53149,0
53150,0
53151,1
53152,1
53153,0
53154,0
53155,0
53156,0
53157,1
53158,1
53159,0
53160,0
53161,1
53162,0
53163,1
53164,0
53165,0
53166,0
53167,0
53168,1
53169,1
53170,1
53171,0
53172,1
53173,1
53174,1
53175,0
53176,1
53177,0
53178,1
53179,0
53180,0
53181,0
53182,1
53183,1
53184,0
53185,0
53186,0
53187,0
53188,0
53189,1
53190,0
53191,1
53192,0
53193,0
53194,1
53195,0
53196,1
53197,1
53198,0
53199,1
53200,0
53201,1
53202,1
53203,0
53204,1
53205,0
53206,1
53207,0
53208,0
53209,0
53210,0
53211,0
53212,1
53213,0
53214,0
53215,0
53216,0
53217,1
53218,0
53219,0
53220,1
53221,0
53222,1
53223,0
53224,1
53225,0
53226,1
53227,0
53228,0
53229,0
53230,0
53231,1
53232,1
53233,0
53234,1
53235,0
53236,0
53237,0
53238,1
53239,1
53240,1
53241,0
53242,0
53243,1
53244,0
53245,1
53246,0
53247,0
53248,0
53249,0
53250,0
53251,0
53252,1
53253,0
53254,1
53255,0
53256,0
53257,1
53258,0
53259,1
53260,1
53261,0
53262,0
53263,0
53264,0
53265,0
53266,0
53267,1
53268,0
53269,0
53270,0
53271,0
53272,0
53273,1
53274,0
53275,0
53276,0
53277,0
53278,1
53279,1
53280,0
53281,0
53282,0
53283,0
53284,1
53285,0
53286,1
53287,1
53288,1
53289,0
53290,0
53291,1
53292,0
53293,1
53294,1
53295,0
53296,0
53297,0
53298,0
53299,0
53300,0
53301,0
53302,1
53303,0
53304,1
53305,1
53306,1
53307,0
53308,0
53309,1
53310,0
53311,0
53312,0
53313,0
53314,0
53315,0
53316,0
53317,0
53318,0
53319,1
53320,0
53321,1
53322,0
53323,0
53324,0
53325,0
53326,0
53327,0
53328,0
53329,0
53330,1
53331,1
53332,1
53333,1
53334,0
53335,1
53336,0
53337,1
53338,0
53339,0
53340,0
53341,0
53342,0
53343,1
53344,0
53345,1
53346,0
53347,0
53348,0
53349,1
53350,1
53351,1
53352,0
53353,0
53354,1
53355,0
53356,1
53357,1
53358,0
53359,0
53360,0
53361,1
53362,1
53363,0
53364,1
53365,0
53366,0
53367,1
53368,0
53369,0
53370,0
53371,1
53372,1
53373,1
53374,1
53375,0
53376,0
53377,0
53378,1
53379,1
53380,0
53381,1
53382,0
53383,1
53384,1
53385,1
53386,0
53387,1
53388,0
53389,0
53390,0
53391,1
53392,0
53393,1
53394,0
53395,1
53396,0
53397,1
53398,0
53399,0
53400,1
53401,0
53402,0
53403,0
53404,0
53405,1
53406,1
53407,0
53408,0
53409,0
53410,0
53411,0
53412,0
53413,0
53414,0
53415,0
53416,0
53417,0
53418,0
53419,0
53420,1
53421,1
53422,0
53423,1
53424,1
53425,0
53426,0
53427,1
53428,0
53429,0
53430,0
53431,0
53432,0
53433,0
53434,1
53435,0
53436,0
53437,0
53438,0
53439,0
53440,1
53441,0
53442,1
53443,1
53444,1
53445,1
53446,1
53447,0
53448,0
53449,1
53450,0
53451,1
53452,1
53453,0
53454,0
53455,0
53456,0
53457,1
53458,1
53459,0
53460,0
53461,0
53462,0
53463,0
53464,0
53465,0
53466,0
53467,0
53468,0
53469,0
53470,1
53471,1
53472,1
53473,0
53474,1
53475,0
53476,0
53477,1
53478,0
53479,0
53480,1
53481,0
53482,0
53483,0
53484,1
53485,0
53486,0
53487,0
53488,1
53489,0
53490,0
53491,1
53492,1
53493,0
53494,1
53495,0
53496,0
53497,1
53498,0
53499,1
53500,0
53501,1
53502,0
53503,0
53504,0
53505,1
53506,0
53507,0
53508,1
53509,1
53510,0
53511,1
53512,0
53513,1
53514,0
53515,1
53516,1
53517,1
53518,0
53519,0
53520,0
53521,1
53522,0
53523,0
53524,0
53525,1
53526,1
53527,1
53528,1
53529,0
53530,0
53531,0
53532,1
53533,0
53534,1
53535,0
53536,0
53537,0
53538,0
53539,1
53540,0
53541,0
53542,0
53543,0
53544,0
53545,1
53546,1
53547,1
53548,0
53549,0
53550,1
53551,0
53552,0
53553,1
53554,0
53555,1
53556,1
53557,0
53558,1
53559,1
53560,1
53561,0
53562,1
53563,1
53564,0
53565,0
53566,1
53567,1
53568,1
53569,0
53570,0
53571,0
53572,0
53573,0
53574,1
53575,0
53576,1
53577,0
53578,0
53579,1
53580,0
53581,0
53582,0
53583,1
53584,0
53585,0
53586,1
53587,0
53588,0
53589,1
53590,0
53591,0
53592,1
53593,0
53594,0
53595,0
53596,0
53597,1
53598,1
53599,1
53600,0
53601,0
53602,1
53603,0
53604,0
53605,1
53606,0
53607,1
53608,0
53609,1
53610,1
53611,0
53612,0
53613,0
53614,0
53615,0
53616,0
53617,0
53618,0
53619,1
53620,0
53621,1
53622,0
53623,1
53624,1
53625,0
53626,0
53627,0
53628,0
53629,0
53630,1
53631,1
53632,0
53633,0
53634,0
53635,1
53636,1
53637,1
53638,0
53639,0
53640,0
53641,0
53642,0
53643,0
53644,1
53645,0
53646,1
53647,0
53648,1
53649,1
53650,0
53651,0
53652,0
53653,1
53654,0
53655,1
53656,0
53657,1
53658,1
53659,1
53660,0
53661,0
53662,0
53663,1
53664,1
53665,0
53666,0
53667,1
53668,0
53669,0
53670,0
53671,0
53672,1
53673,1
53674,1
53675,0
53676,0
53677,0
53678,1
53679,1
53680,0
53681,1
53682,0
53683,0
53684,1
53685,0
53686,0
53687,0
53688,0
53689,0
53690,0
53691,1
53692,0
53693,0
53694,1
53695,0
53696,0
53697,1
53698,1
53699,0
53700,0
53701,0
53702,0
53703,0
53704,0
53705,0
53706,0
53707,1
53708,1
53709,0
53710,1
53711,1
53712,0
53713,0
53714,1
53715,1
53716,0
53717,0
53718,0
53719,1
53720,0
53721,0
53722,0
53723,0
53724,1
53725,1
53726,0
53727,0
53728,0
53729,1
53730,0
53731,0
53732,0
53733,0
53734,1
53735,0
53736,0
53737,0
53738,1
53739,0
53740,0
53741,1
53742,0
53743,1
53744,1
53745,0
53746,0
53747,1
53748,0
53749,0
53750,1
53751,1
53752,0
53753,0
53754,0
53755,0
53756,1
53757,0
53758,0
53759,0
53760,1
53761,1
53762,1
53763,0
53764,1
53765,1
53766,0
53767,1
53768,1
53769,0
53770,0
53771,0
53772,0
53773,0
53774,0
53775,0
53776,0
53777,0
53778,1
53779,0
53780,1
53781,0
53782,0
53783,0
53784,0
53785,0
53786,0
53787,0
53788,0
53789,0
53790,1
53791,1
53792,1
53793,0
53794,0
53795,0
53796,1
53797,0
53798,1
53799,1
53800,0
53801,0
53802,1
53803,1
53804,0
53805,1
53806,0
53807,0
53808,1
53809,0
53810,0
53811,0
53812,0
53813,1
53814,1
53815,0
53816,1
53817,1
53818,1
53819,0
53820,0
53821,1
53822,0
53823,1
53824,0
53825,0
53826,0
53827,0
53828,0
53829,1
53830,0
53831,1
53832,1
53833,0
53834,0
53835,1
53836,1
53837,1
53838,0
53839,0
53840,0
53841,0
53842,0
53843,0
53844,1
53845,0
53846,0
53847,0
53848,0
53849,0
53850,1
53851,0
53852,0
53853,0
53854,0
53855,1
53856,0
53857,0
53858,0
53859,1
53860,0
53861,0
53862,0
53863,0
53864,1
53865,0
53866,1
53867,0
53868,0
53869,0
53870,0
53871,0
53872,0
53873,1
53874,0
53875,0
53876,0
53877,0
53878,0
53879,1
53880,0
53881,1
53882,0
53883,0
53884,1
53885,1
53886,0
53887,0
53888,0
53889,0
53890,0
53891,0
53892,1
53893,1
53894,0
53895,1
53896,1
53897,0
53898,0
53899,0
53900,0
53901,1
53902,0
53903,0
53904,0
53905,1
53906,0
53907,0
53908,0
53909,0
53910,1
53911,0
53912,0
53913,0
53914,0
53915,0
53916,1
53917,1
53918,0
53919,0
53920,1
53921,0
53922,0
53923,1
53924,1
53925,0
53926,0
53927,0
53928,1
53929,0
53930,0
53931,0
53932,0
53933,0
53934,1
53935,0
53936,1
53937,0
53938,0
53939,0
53940,0
53941,1
53942,1
53943,1
53944,1
53945,0
53946,0
53947,0
53948,1
53949,0
53950,1
53951,1
53952,0
53953,0
53954,0
53955,1
53956,0
53957,0
53958,0
53959,1
53960,1
53961,0
53962,0
53963,1
53964,0
53965,1
53966,0
53967,0
53968,1
53969,0
53970,0
53971,0
53972,0
53973,0
53974,1
53975,0
53976,0
53977,0
53978,0
53979,0
53980,0
53981,0
53982,0
53983,0
53984,0
53985,0
53986,1
53987,1
53988,1
53989,0
53990,0
53991,1
53992,1
53993,0
53994,0
53995,0
53996,1
53997,0
53998,0
53999,1
54000,0
54001,1
54002,0
54003,0
54004,0
54005,0
54006,1
54007,0
54008,0
54009,1
54010,0
54011,0
54012,0
54013,0
54014,0
54015,1
54016,1
54017,1
54018,1
54019,0
54020,1
54021,1
54022,1
54023,1
54024,0
54025,0
54026,1
54027,1
54028,1
54029,1
54030,0
54031,1
54032,1
54033,1
54034,0
54035,1
54036,0
54037,0
54038,0
54039,0
54040,1
54041,0
54042,0
54043,0
54044,1
54045,1
54046,0
54047,0
54048,1
54049,0
54050,0
54051,0
54052,1
54053,1
54054,1
54055,1
54056,0
54057,0
54058,0
54059,1
54060,1
54061,0
54062,1
54063,0
54064,0
54065,0
54066,0
54067,0
54068,0
54069,0
54070,0
54071,1
54072,0
54073,1
54074,1
54075,1
54076,1
54077,0
54078,0
54079,1
54080,1
54081,0
54082,1
54083,1
54084,1
54085,0
54086,1
54087,0
54088,0
54089,0
54090,0
54091,1
54092,0
54093,1
54094,1
54095,1
54096,1
54097,1
54098,0
54099,1
54100,1
54101,1
54102,0
54103,0
54104,0
54105,1
54106,1
54107,0
54108,0
54109,0
54110,0
54111,1
54112,1
54113,1
54114,0
54115,1
54116,0
54117,0
54118,0
54119,0
54120,0
54121,1
54122,1
54123,0
54124,1
54125,1
54126,0
54127,1
54128,1
54129,1
54130,0
54131,1
54132,0
54133,0
54134,1
54135,0
54136,0
54137,1
54138,0
54139,0
54140,1
54141,0
54142,0
54143,1
54144,1
54145,0
54146,1
54147,1
54148,0
54149,0
54150,0
54151,0
54152,1
54153,1
54154,0
54155,0
54156,0
54157,0
54158,1
54159,0
54160,0
54161,0
54162,0
54163,0
54164,1
54165,1
54166,0
54167,1
54168,0
54169,0
54170,0
54171,0
54172,1
54173,0
54174,0
54175,0
54176,1
54177,0
54178,0
54179,0
54180,1
54181,0
54182,0
54183,1
54184,0
54185,1
54186,0
54187,0
54188,1
54189,1
54190,1
54191,1
54192,0
54193,1
54194,0
54195,0
54196,0
54197,1
54198,0
54199,0
54200,0
54201,0
54202,1
54203,1
54204,0
54205,0
54206,1
54207,0
54208,1
54209,1
54210,0
54211,1
54212,0
54213,1
54214,0
54215,1
54216,1
54217,0
54218,0
54219,0
54220,1
54221,0
54222,1
54223,0
54224,0
54225,1
54226,0
54227,0
54228,0
54229,1
54230,0
54231,0
54232,1
54233,0
54234,0
54235,0
54236,0
54237,1
54238,0
54239,0
54240,1
54241,0
54242,0
54243,1
54244,0
54245,0
54246,1
54247,0
54248,1
54249,0
54250,0
54251,0
54252,0
54253,0
54254,1
54255,0
54256,1
54257,0
54258,1
54259,0
54260,1
54261,1
54262,1
54263,1
54264,0
54265,0
54266,0
54267,0
54268,1
54269,1
54270,1
54271,0
54272,0
54273,0
54274,0
54275,0
54276,0
54277,0
54278,1
54279,0
54280,0
54281,0
54282,1
54283,1
54284,1
54285,0
54286,1
54287,1
54288,0
54289,0
54290,0
54291,0
54292,1
54293,1
54294,1
54295,1
54296,0
54297,1
54298,1
54299,0
54300,0
54301,0
54302,1
54303,0
54304,0
54305,0
54306,0
54307,0
54308,0
54309,1
54310,0
54311,0
54312,0
54313,0
54314,0
54315,1
54316,0
54317,0
54318,0
54319,0
54320,0
54321,0
54322,0
54323,1
54324,0
54325,1
54326,0
54327,1
54328,0
54329,0
54330,0
54331,1
54332,0
54333,1
54334,0
54335,0
54336,1
54337,0
54338,0
54339,0
54340,0
54341,0
54342,0
54343,0
54344,0
54345,0
54346,0
54347,1
54348,0
54349,0
54350,1
54351,1
54352,1
54353,1
54354,0
54355,0
54356,1
54357,1
54358,0
54359,0
54360,0
54361,1
54362,1
54363,0
54364,0
54365,1
54366,0
54367,0
54368,0
54369,1
54370,0
54371,0
54372,0
54373,0
54374,0
54375,1
54376,0
54377,0
54378,1
54379,1
54380,0
54381,1
54382,0
54383,0
54384,1
54385,1
54386,0
54387,0
54388,1
54389,0
54390,0
54391,1
54392,0
54393,0
54394,1
54395,1
54396,0
54397,1
54398,0
54399,0
54400,0
54401,0
54402,0
54403,1
54404,0
54405,0
54406,0
54407,0
54408,0
54409,0
54410,0
54411,1
54412,0
54413,0
54414,0
54415,0
54416,1
54417,1
54418,0
54419,0
54420,1
54421,1
54422,1
54423,0
54424,1
54425,0
54426,0
54427,0
54428,0
54429,0
54430,1
54431,1
54432,0
54433,0
54434,0
54435,1
54436,0
54437,0
54438,0
54439,0
54440,0
54441,0
54442,0
54443,0
54444,0
54445,1
54446,1
54447,0
54448,0
54449,1
54450,1
54451,0
54452,0
54453,0
54454,1
54455,0
54456,1
54457,0
54458,0
54459,0
54460,1
54461,1
54462,0
54463,0
54464,1
54465,0
54466,0
54467,1
54468,0
54469,0
54470,1
54471,0
54472,1
54473,1
54474,0
54475,0
54476,0
54477,0
54478,0
54479,0
54480,0
54481,0
54482,1
54483,0
54484,0
54485,1
54486,0
54487,1
54488,0
54489,0
54490,0
54491,0
54492,0
54493,1
54494,1
54495,1
54496,1
54497,1
54498,0
54499,0
54500,1
54501,0
54502,0
54503,0
54504,1
54505,1
54506,0
54507,1
54508,0
54509,1
54510,1
54511,0
54512,1
54513,0
54514,1
54515,1
54516,0
54517,0
54518,1
54519,1
54520,1
54521,0
54522,0
54523,1
54524,0
54525,1
54526,0
54527,0
54528,0
54529,0
54530,0
54531,0
54532,0
54533,0
54534,0
54535,1
54536,1
54537,1
54538,0
54539,0
54540,0
54541,0
54542,0
54543,0
54544,0
54545,0
54546,1
54547,0
54548,0
54549,0
54550,1
54551,0
54552,0
54553,0
54554,0
54555,0
54556,0
54557,0
54558,1
54559,0
54560,1
54561,0
54562,0
54563,0
54564,0
54565,0
54566,1
54567,1
54568,0
54569,0
54570,1
54571,0
54572,0
54573,0
54574,0
54575,1
54576,0
54577,0
54578,1
54579,0
54580,1
54581,0
54582,0
54583,1
54584,1
54585,0
54586,0
54587,1
54588,0
54589,0
54590,1
54591,0
54592,0
54593,0
54594,1
54595,0
54596,0
54597,0
54598,0
54599,0
54600,0
54601,1
54602,0
54603,0
54604,1
54605,0
54606,0
54607,0
54608,0
54609,0
54610,0
54611,0
54612,1
54613,0
54614,0
54615,1
54616,0
54617,1
54618,1
54619,0
54620,0
54621,0
54622,0
54623,1
54624,0
54625,0
54626,0
54627,0
54628,1
54629,0
54630,1
54631,0
54632,1
54633,0
54634,0
54635,0
54636,1
54637,0
54638,1
54639,0
54640,0
54641,0
54642,1
54643,0
54644,0
54645,0
54646,0
54647,1
54648,0
54649,0
54650,1
54651,0
54652,0
54653,0
54654,0
54655,0
54656,1
54657,1
54658,1
54659,0
54660,1
54661,0
54662,0
54663,0
54664,1
54665,0
54666,0
54667,0
54668,0
54669,0
54670,0
54671,1
54672,0
54673,1
54674,0
54675,1
54676,1
54677,0
54678,0
54679,0
54680,0
54681,0
54682,0
54683,0
54684,1
54685,0
54686,1
54687,0
54688,0
54689,1
54690,0
54691,0
54692,1
54693,0
54694,1
54695,0
54696,0
54697,0
54698,0
54699,0
54700,0
54701,0
54702,0
54703,0
54704,1
54705,0
54706,0
54707,0
54708,0
54709,0
54710,0
54711,1
54712,1
54713,0
54714,1
54715,0
54716,0
54717,0
54718,1
54719,0
54720,0
54721,1
54722,1
54723,0
54724,0
54725,0
54726,1
54727,1
54728,0
54729,1
54730,1
54731,0
54732,1
54733,0
54734,0
54735,0
54736,0
54737,1
54738,1
54739,0
54740,1
54741,0
54742,0
54743,0
54744,1
54745,0
54746,1
54747,0
54748,1
54749,0
54750,0
54751,1
54752,1
54753,0
54754,0
54755,0
54756,0
54757,0
54758,0
54759,1
54760,1
54761,0
54762,0
54763,1
54764,0
54765,0
54766,1
54767,1
54768,0
54769,1
54770,1
54771,0
54772,1
54773,0
54774,0
54775,0
54776,0
54777,1
54778,1
54779,1
54780,0
54781,0
54782,0
54783,0
54784,0
54785,0
54786,1
54787,0
54788,1
54789,0
54790,1
54791,0
54792,1
54793,1
54794,0
54795,0
54796,0
54797,0
54798,0
54799,0
54800,0
54801,0
54802,1
54803,1
54804,0
54805,0
54806,0
54807,1
54808,1
54809,0
54810,0
54811,0
54812,1
54813,1
54814,0
54815,0
54816,1
54817,0
54818,0
54819,1
54820,0
54821,0
54822,0
54823,0
54824,0
54825,0
54826,0
54827,0
54828,1
54829,0
54830,0
54831,1
54832,0
54833,1
54834,0
54835,1
54836,0
54837,1
54838,0
54839,0
54840,0
54841,0
54842,0
54843,0
54844,1
54845,1
54846,0
54847,0
54848,0
54849,0
54850,1
54851,0
54852,0
54853,0
54854,1
54855,0
54856,1
54857,0
54858,0
54859,1
54860,1
54861,0
54862,1
54863,1
54864,0
54865,1
54866,0
54867,0
54868,0
54869,1
54870,0
54871,0
54872,1
54873,0
54874,1
54875,0
54876,0
54877,1
54878,0
54879,0
54880,1
54881,0
54882,0
54883,0
54884,1
54885,0
54886,0
54887,0
54888,0
54889,0
54890,1
54891,0
54892,0
54893,0
54894,0
54895,0
54896,1
54897,0
54898,0
54899,0
54900,0
54901,0
54902,0
54903,1
54904,0
54905,0
54906,0
54907,1
54908,0
54909,0
54910,1
54911,0
54912,0
54913,0
54914,0
54915,0
54916,0
54917,1
54918,1
54919,0
54920,0
54921,0
54922,0
54923,0
54924,1
54925,0
54926,1
54927,0
54928,0
54929,1
54930,1
54931,1
54932,0
54933,1
54934,0
54935,0
54936,1
54937,0
54938,1
54939,1
54940,0
54941,0
54942,0
54943,0
54944,0
54945,0
54946,0
54947,0
54948,0
54949,0
54950,0
54951,1
54952,0
54953,0
54954,0
54955,1
54956,1
54957,1
54958,0
54959,1
54960,0
54961,1
54962,0
54963,1
54964,0
54965,0
54966,1
54967,0
54968,1
54969,1
54970,1
54971,1
54972,0
54973,0
54974,1
54975,0
54976,0
54977,1
54978,0
54979,1
54980,0
54981,1
54982,1
54983,0
54984,1
54985,0
54986,0
54987,1
54988,0
54989,1
54990,0
54991,1
54992,0
54993,0
54994,0
54995,0
54996,0
54997,1
54998,0
54999,0
55000,1
55001,0
55002,0
55003,0
55004,0
55005,0
55006,0
55007,1
55008,0
55009,0
55010,1
55011,0
55012,0
55013,1
55014,0
55015,1
55016,0
55017,0
55018,0
55019,0
55020,0
55021,0
55022,0
55023,1
55024,1
55025,0
55026,1
55027,1
55028,0
55029,1
55030,0
55031,0
55032,0
55033,0
55034,1
55035,1
55036,0
55037,0
55038,0
55039,0
55040,0
55041,0
55042,1
55043,0
55044,0
55045,1
55046,0
55047,0
55048,0
55049,1
55050,0
55051,1
55052,0
55053,0
55054,0
55055,1
55056,0
55057,1
55058,1
55059,0
55060,0
55061,0
55062,1
55063,1
55064,1
55065,0
55066,0
55067,0
55068,0
55069,1
55070,1
55071,1
55072,0
55073,1
55074,0
55075,0
55076,0
55077,1
55078,1
55079,0
55080,0
55081,1
55082,1
55083,1
55084,0
55085,0
55086,0
55087,0
55088,0
55089,0
55090,0
55091,0
55092,0
55093,0
55094,0
55095,0
55096,0
55097,0
55098,1
55099,0
55100,1
55101,1
55102,0
55103,1
55104,0
55105,1
55106,0
55107,1
55108,0
55109,0
55110,1
55111,0
55112,1
55113,0
55114,0
55115,0
55116,0
55117,1
55118,0
55119,0
55120,1
55121,1
55122,0
55123,0
55124,1
55125,0
55126,0
55127,1
55128,0
55129,0
55130,0
55131,0
55132,1
55133,1
55134,0
55135,0
55136,0
55137,0
55138,0
55139,1
55140,0
55141,1
55142,1
55143,1
55144,0
55145,1
55146,0
55147,0
55148,0
55149,0
55150,0
55151,0
55152,1
55153,1
55154,0
55155,0
55156,0
55157,1
55158,0
55159,0
55160,0
55161,1
55162,0
55163,0
55164,0
55165,0
55166,0
55167,1
55168,1
55169,1
55170,1
55171,0
55172,0
55173,0
55174,1
55175,1
55176,1
55177,1
55178,0
55179,0
55180,1
55181,0
55182,0
55183,1
55184,0
55185,0
55186,1
55187,1
55188,0
55189,0
55190,0
55191,1
55192,0
55193,1
55194,1
55195,1
55196,1
55197,0
55198,1
55199,0
55200,0
55201,0
55202,0
55203,1
55204,0
55205,0
55206,0
55207,1
55208,1
55209,0
55210,1
55211,1
55212,0
55213,1
55214,0
55215,0
55216,1
55217,0
55218,1
55219,1
55220,0
55221,0
55222,1
55223,0
55224,1
55225,0
55226,1
55227,0
55228,0
55229,1
55230,1
55231,0
55232,1
55233,1
55234,0
55235,0
55236,0
55237,0
55238,0
55239,1
55240,0
55241,1
55242,0
55243,0
55244,1
55245,0
55246,0
55247,0
55248,0
55249,0
55250,0
55251,1
55252,0
55253,1
55254,0
55255,0
55256,0
55257,1
55258,0
55259,0
55260,1
55261,0
55262,1
55263,0
55264,1
55265,0
55266,1
55267,0
55268,0
55269,1
55270,0
55271,1
55272,1
55273,1
55274,1
55275,0
55276,0
55277,0
55278,0
55279,0
55280,0
55281,1
55282,0
55283,1
55284,1
55285,0
55286,0
55287,0
55288,0
55289,1
55290,0
55291,0
55292,0
55293,0
55294,1
55295,1
55296,1
55297,0
55298,0
55299,0
55300,0
55301,1
55302,1
55303,0
55304,0
55305,0
55306,0
55307,0
55308,0
55309,0
55310,0
55311,1
55312,0
55313,0
55314,0
55315,0
55316,0
55317,1
55318,0
55319,1
55320,0
55321,1
55322,1
55323,1
55324,0
55325,1
55326,0
55327,0
55328,0
55329,1
55330,1
55331,0
55332,0
55333,0
55334,0
55335,0
55336,0
55337,1
55338,1
55339,0
55340,0
55341,0
55342,0
55343,1
55344,0
55345,0
55346,1
55347,1
55348,0
55349,0
55350,0
55351,1
55352,0
55353,1
55354,1
55355,1
55356,0
55357,0
55358,0
55359,0
55360,1
55361,0
55362,0
55363,0
55364,0
55365,0
55366,0
55367,0
55368,1
55369,0
55370,0
55371,0
55372,0
55373,0
55374,0
55375,1
55376,1
55377,0
55378,0
55379,0
55380,0
55381,0
55382,1
55383,1
55384,0
55385,0
55386,0
55387,0
55388,0
55389,1
55390,1
55391,0
55392,1
55393,1
55394,0
55395,0
55396,0
55397,1
55398,0
55399,1
55400,1
55401,1
55402,0
55403,0
55404,1
55405,0
55406,1
55407,0
55408,0
55409,0
55410,1
55411,0
55412,0
55413,0
55414,0
55415,1
55416,0
55417,1
55418,0
55419,1
55420,0
55421,0
55422,0
55423,0
55424,0
55425,0
55426,0
55427,1
55428,0
55429,0
55430,1
55431,1
55432,1
55433,0
55434,1
55435,0
55436,1
55437,0
55438,0
55439,0
55440,0
55441,0
55442,1
55443,0
55444,0
55445,0
55446,1
55447,1
55448,0
55449,0
55450,0
55451,0
55452,0
55453,0
55454,0
55455,0
55456,0
55457,0
55458,0
55459,1
55460,0
55461,0
55462,1
55463,0
55464,0
55465,1
55466,0
55467,0
55468,0
55469,0
55470,0
55471,0
55472,0
55473,1
55474,1
55475,1
55476,0
55477,1
55478,1
55479,1
55480,0
55481,0
55482,1
55483,1
55484,0
55485,1
55486,0
55487,0
55488,0
55489,1
55490,0
55491,0
55492,1
55493,1
55494,1
55495,0
55496,1
55497,0
55498,0
55499,0
55500,0
55501,1
55502,0
55503,0
55504,1
55505,0
55506,0
55507,0
55508,1
55509,0
55510,1
55511,0
55512,1
55513,1
55514,1
55515,0
55516,1
55517,0
55518,0
55519,1
55520,1
55521,0
55522,0
55523,0
55524,0
55525,0
55526,0
55527,1
55528,0
55529,1
55530,0
55531,0
55532,0
55533,1
55534,0
55535,0
55536,0
55537,0
55538,1
55539,0
55540,0
55541,0
55542,0
55543,0
55544,0
55545,1
55546,1
55547,1
55548,0
55549,0
55550,1
55551,0
55552,1
55553,0
55554,1
55555,0
55556,0
55557,0
55558,0
55559,0
55560,1
55561,0
55562,0
55563,0
55564,0
55565,0
55566,0
55567,1
55568,0
55569,0
55570,0
55571,0
55572,0
55573,0
55574,0
55575,0
55576,1
55577,0
55578,0
55579,1
55580,0
55581,1
55582,0
55583,0
55584,1
55585,1
55586,0
55587,1
55588,1
55589,1
55590,1
55591,0
55592,0
55593,1
55594,1
55595,0
55596,1
55597,1
55598,1
55599,0
55600,0
55601,0
55602,0
55603,1
55604,0
55605,0
55606,0
55607,1
55608,0
55609,0
55610,0
55611,1
55612,0
55613,0
55614,0
55615,0
55616,0
55617,0
55618,0
55619,1
55620,0
55621,0
55622,1
55623,0
55624,0
55625,0
55626,0
55627,0
55628,1
55629,0
55630,1
55631,0
55632,0
55633,1
55634,1
55635,0
55636,0
55637,0
55638,1
55639,0
55640,1
55641,0
55642,1
55643,1
55644,1
55645,0
55646,0
55647,1
55648,1
55649,0
55650,0
55651,1
55652,0
55653,0
55654,0
55655,0
55656,0
55657,1
55658,0
55659,0
55660,1
55661,0
55662,1
55663,0
55664,1
55665,0
55666,1
55667,0
55668,0
55669,0
55670,0
55671,0
55672,0
55673,1
55674,0
55675,1
55676,1
55677,0
55678,1
55679,0
55680,0
55681,0
55682,0
55683,0
55684,1
55685,0
55686,1
55687,0
55688,0
55689,0
55690,0
55691,1
55692,0
55693,0
55694,1
55695,1
55696,0
55697,0
55698,1
55699,1
55700,0
55701,0
55702,0
55703,0
55704,0
55705,0
55706,0
55707,0
55708,1
55709,0
55710,0
55711,1
55712,0
55713,0
55714,0
55715,1
55716,1
55717,0
55718,0
55719,0
55720,1
55721,1
55722,0
55723,0
55724,1
55725,1
55726,1
55727,1
55728,0
55729,1
55730,1
55731,0
55732,0
55733,0
55734,0
55735,0
55736,0
55737,0
55738,0
55739,0
55740,0
55741,1
55742,0
55743,0
55744,0
55745,1
55746,1
55747,1
55748,1
55749,1
55750,0
55751,0
55752,0
55753,0
55754,0
55755,0
55756,0
55757,0
55758,1
55759,0
55760,0
55761,0
55762,0
55763,0
55764,1
55765,0
55766,0
55767,1
55768,1
55769,0
55770,0
55771,0
55772,0
55773,1
55774,1
55775,1
55776,1
55777,0
55778,0
55779,0
55780,1
55781,0
55782,1
55783,1
55784,0
55785,0
55786,0
55787,0
55788,0
55789,0
55790,0
55791,1
55792,0
55793,0
55794,0
55795,1
55796,0
55797,0
55798,0
55799,0
55800,0
55801,0
55802,1
55803,0
55804,1
55805,1
55806,1
55807,1
55808,0
55809,0
55810,1
55811,0
55812,0
55813,0
55814,1
55815,0
55816,0
55817,1
55818,0
55819,1
55820,1
55821,0
55822,0
55823,0
55824,0
55825,0
55826,1
55827,1
55828,0
55829,0
55830,0
55831,0
55832,0
55833,0
55834,0
55835,1
55836,0
55837,0
55838,0
55839,0
55840,0
55841,1
55842,0
55843,0
55844,0
55845,0
55846,0
55847,0
55848,0
55849,0
55850,1
55851,1
55852,1
55853,0
55854,0
55855,0
55856,0
55857,1
55858,0
55859,0
55860,1
55861,0
55862,1
55863,0
55864,1
55865,1
55866,1
55867,0
55868,1
55869,0
55870,0
55871,0
55872,0
55873,1
55874,0
55875,1
55876,0
55877,0
55878,0
55879,0
55880,1
55881,0
55882,0
55883,0
55884,1
55885,0
55886,1
55887,0
55888,1
55889,0
55890,1
55891,0
55892,1
55893,0
55894,0
55895,0
55896,1
55897,0
55898,1
55899,0
55900,0
55901,0
55902,0
55903,0
55904,0
55905,0
55906,0
55907,0
55908,1
55909,0
55910,0
55911,1
55912,0
55913,1
55914,1
55915,0
55916,0
55917,0
55918,0
55919,0
55920,1
55921,0
55922,0
55923,0
55924,0
55925,0
55926,1
55927,1
55928,0
55929,0
55930,0
55931,0
55932,0
55933,0
55934,0
55935,0
55936,0
55937,1
55938,1
55939,0
55940,0
55941,0
55942,0
55943,0
55944,0
55945,0
55946,1
55947,0
55948,0
55949,0
55950,1
55951,1
55952,0
55953,1
55954,0
55955,0
55956,0
55957,1
55958,1
55959,0
55960,0
55961,0
55962,1
55963,1
55964,0
55965,0
55966,0
55967,1
55968,1
55969,1
55970,1
55971,1
55972,1
55973,0
55974,1
55975,1
55976,0
55977,1
55978,0
55979,0
55980,0
55981,0
55982,0
55983,0
55984,0
55985,0
55986,1
55987,0
55988,1
55989,1
55990,1
55991,1
55992,0
55993,0
55994,0
55995,1
55996,1
55997,0
55998,0
55999,0
56000,0
56001,1
56002,0
56003,0
56004,1
56005,0
56006,0
56007,0
56008,0
56009,0
56010,0
56011,0
56012,0
56013,1
56014,0
56015,0
56016,0
56017,1
56018,0
56019,0
56020,1
56021,1
56022,1
56023,0
56024,1
56025,1
56026,0
56027,1
56028,1
56029,0
56030,0
56031,0
56032,1
56033,0
56034,1
56035,0
56036,0
56037,1
56038,0
56039,0
56040,0
56041,0
56042,1
56043,1
56044,1
56045,0
56046,1
56047,0
56048,0
56049,1
56050,0
56051,0
56052,0
56053,1
56054,1
56055,1
56056,1
56057,0
56058,1
56059,0
56060,0
56061,0
56062,0
56063,0
56064,0
56065,0
56066,0
56067,0
56068,1
56069,1
56070,1
56071,0
56072,1
56073,1
56074,0
56075,1
56076,1
56077,0
56078,0
56079,0
56080,0
56081,0
56082,0
56083,1
56084,0
56085,0
56086,0
56087,0
56088,0
56089,0
56090,0
56091,0
56092,0
56093,0
56094,0
56095,1
56096,1
56097,0
56098,0
56099,0
56100,0
56101,0
56102,0
56103,1
56104,1
56105,1
56106,0
56107,0
56108,0
56109,1
56110,0
56111,0
56112,1
56113,0
56114,0
56115,1
56116,1
56117,0
56118,0
56119,0
56120,0
56121,1
56122,1
56123,1
56124,1
56125,1
56126,0
56127,1
56128,0
56129,0
56130,0
56131,1
56132,0
56133,0
56134,1
56135,1
56136,1
56137,0
56138,0
56139,0
56140,1
56141,1
56142,0
56143,0
56144,1
56145,1
56146,1
56147,1
56148,0
56149,1
56150,0
56151,0
56152,0
56153,0
56154,1
56155,0
56156,1
56157,0
56158,0
56159,1
56160,0
56161,1
56162,0
56163,0
56164,0
56165,0
56166,0
56167,1
56168,0
56169,0
56170,1
56171,0
56172,0
56173,0
56174,1
56175,0
56176,0
56177,1
56178,1
56179,0
56180,0
56181,0
56182,0
56183,0
56184,1
56185,1
56186,1
56187,0
56188,1
56189,0
56190,0
56191,1
56192,1
56193,0
56194,1
56195,1
56196,1
56197,1
56198,1
56199,1
56200,1
56201,0
56202,0
56203,1
56204,0
56205,0
56206,0
56207,0
56208,1
56209,0
56210,0
56211,1
56212,1
56213,0
56214,0
56215,0
56216,1
56217,1
56218,1
56219,0
56220,0
56221,1
56222,0
56223,0
56224,1
56225,0
56226,0
56227,1
56228,0
56229,0
56230,0
56231,1
56232,0
56233,0
56234,0
56235,0
56236,0
56237,0
56238,1
56239,0
56240,1
56241,1
56242,0
56243,1
56244,1
56245,0
56246,0
56247,1
56248,1
56249,0
56250,0
56251,0
56252,1
56253,0
56254,0
56255,1
56256,1
56257,1
56258,0
56259,0
56260,0
56261,1
56262,0
56263,1
56264,0
56265,1
56266,0
56267,0
56268,0
56269,1
56270,1
56271,1
56272,0
56273,0
56274,1
56275,1
56276,1
56277,0
56278,1
56279,0
56280,0
56281,1
56282,0
56283,0
56284,0
56285,0
56286,0
56287,0
56288,0
56289,0
56290,1
56291,0
56292,0
56293,0
56294,1
56295,0
56296,0
56297,0
56298,0
56299,0
56300,0
56301,0
56302,0
56303,1
56304,0
56305,1
56306,0
56307,1
56308,0
56309,1
56310,1
56311,1
56312,0
56313,0
56314,0
56315,0
56316,1
56317,1
56318,1
56319,0
56320,0
56321,1
56322,1
56323,0
56324,1
56325,0
56326,1
56327,0
56328,0
56329,1
56330,1
56331,1
56332,1
56333,1
56334,0
56335,0
56336,1
56337,1
56338,1
56339,1
56340,1
56341,0
56342,0
56343,0
56344,0
56345,0
56346,1
56347,0
56348,0
56349,0
56350,1
56351,0
56352,0
56353,0
56354,1
56355,0
56356,1
56357,1
56358,0
56359,1
56360,0
56361,1
56362,0
56363,1
56364,0
56365,0
56366,1
56367,0
56368,1
56369,0
56370,1
56371,1
56372,0
56373,0
56374,0
56375,0
56376,1
56377,0
56378,0
56379,0
56380,0
56381,1
56382,0
56383,0
56384,0
56385,0
56386,0
56387,1
56388,0
56389,0
56390,0
56391,0
56392,1
56393,0
56394,0
56395,0
56396,0
56397,1
56398,0
56399,1
56400,0
56401,1
56402,1
56403,1
56404,1
56405,1
56406,0
56407,0
56408,1
56409,0
56410,0
56411,0
56412,0
56413,0
56414,0
56415,1
56416,0
56417,0
56418,0
56419,1
56420,0
56421,0
56422,0
56423,0
56424,0
56425,0
56426,0
56427,1
56428,1
56429,0
56430,1
56431,0
56432,0
56433,1
56434,0
56435,1
56436,0
56437,0
56438,0
56439,0
56440,1
56441,0
56442,1
56443,1
56444,0
56445,0
56446,0
56447,0
56448,0
56449,1
56450,0
56451,0
56452,1
56453,0
56454,1
56455,0
56456,1
56457,0
56458,0
56459,1
56460,0
56461,0
56462,0
56463,1
56464,1
56465,0
56466,0
56467,0
56468,1
56469,1
56470,1
56471,0
56472,0
56473,0
56474,1
56475,0
56476,0
56477,1
56478,1
56479,0
56480,0
56481,0
56482,1
56483,0
56484,1
56485,1
56486,0
56487,1
56488,0
56489,0
56490,1
56491,0
56492,0
56493,0
56494,0
56495,0
56496,0
56497,0
56498,1
56499,1
56500,0
56501,1
56502,1
56503,0
56504,1
56505,1
56506,0
56507,0
56508,1
56509,1
56510,0
56511,1
56512,0
56513,1
56514,0
56515,1
56516,1
56517,0
56518,0
56519,0
56520,1
56521,0
56522,0
56523,0
56524,0
56525,1
56526,0
56527,0
56528,0
56529,1
56530,0
56531,0
56532,0
56533,0
56534,0
56535,0
56536,0
56537,0
56538,0
56539,1
56540,0
56541,0
56542,0
56543,0
56544,1
56545,0
56546,0
56547,0
56548,0
56549,1
56550,1
56551,0
56552,0
56553,0
56554,0
56555,0
56556,0
56557,1
56558,0
56559,0
56560,0
56561,1
56562,1
56563,1
56564,0
56565,1
56566,0
56567,0
56568,0
56569,0
56570,0
56571,0
56572,0
56573,1
56574,0
56575,1
56576,1
56577,0
56578,1
56579,0
56580,0
56581,0
56582,1
56583,1
56584,0
56585,0
56586,0
56587,1
56588,0
56589,1
56590,1
56591,0
56592,1
56593,0
56594,1
56595,0
56596,0
56597,0
56598,1
56599,1
56600,1
56601,0
56602,1
56603,0
56604,0
56605,1
56606,0
56607,0
56608,0
56609,0
56610,1
56611,0
56612,0
56613,0
56614,1
56615,0
56616,1
56617,0
56618,0
56619,0
56620,0
56621,0
56622,0
56623,1
56624,1
56625,0
56626,1
56627,0
56628,0
56629,0
56630,1
56631,1
56632,1
56633,1
56634,0
56635,0
56636,0
56637,0
56638,0
56639,0
56640,0
56641,1
56642,0
56643,0
56644,0
56645,0
56646,0
56647,1
56648,1
56649,0
56650,0
56651,0
56652,0
56653,1
56654,0
56655,0
56656,0
56657,1
56658,0
56659,1
56660,0
56661,1
56662,0
56663,0
56664,0
56665,0
56666,0
56667,0
56668,0
56669,1
56670,0
56671,0
56672,0
56673,0
56674,0
56675,1
56676,0
56677,0
56678,0
56679,0
56680,0
56681,0
56682,0
56683,0
56684,0
56685,1
56686,0
56687,0
56688,0
56689,0
56690,0
56691,1
56692,1
56693,0
56694,1
56695,0
56696,0
56697,0
56698,0
56699,0
56700,1
56701,1
56702,0
56703,0
56704,1
56705,0
56706,1
56707,0
56708,1
56709,1
56710,1
56711,0
56712,1
56713,0
56714,0
56715,0
56716,1
56717,0
56718,0
56719,1
56720,0
56721,0
56722,0
56723,1
56724,0
56725,0
56726,0
56727,1
56728,0
56729,0
56730,1
56731,0
56732,0
56733,1
56734,1
56735,0
56736,0
56737,1
56738,0
56739,0
56740,1
56741,1
56742,0
56743,0
56744,0
56745,0
56746,0
56747,0
56748,1
56749,0
56750,0
56751,0
56752,0
56753,0
56754,1
56755,0
56756,1
56757,0
56758,1
56759,0
56760,1
56761,1
56762,1
56763,0
56764,1
56765,1
56766,0
56767,0
56768,1
56769,0
56770,0
56771,0
56772,0
56773,1
56774,1
56775,0
56776,1
56777,0
56778,0
56779,0
56780,0
56781,1
56782,0
56783,1
56784,0
56785,1
56786,0
56787,0
56788,1
56789,0
56790,0
56791,1
56792,0
56793,0
56794,0
56795,1
56796,0
56797,0
56798,0
56799,1
56800,0
56801,0
56802,0
56803,1
56804,1
56805,0
56806,1
56807,0
56808,0
56809,1
56810,0
56811,1
56812,1
56813,1
56814,0
56815,1
56816,1
56817,1
56818,1
56819,0
56820,0
56821,0
56822,0
56823,0
56824,0
56825,0
56826,1
56827,0
56828,0
56829,1
56830,0
56831,0
56832,0
56833,0
56834,1
56835,0
56836,0
56837,0
56838,0
56839,1
56840,0
56841,0
56842,0
56843,1
56844,1
56845,0
56846,0
56847,1
56848,1
56849,1
56850,1
56851,1
56852,0
56853,1
56854,1
56855,1
56856,1
56857,0
56858,1
56859,1
56860,0
56861,1
56862,0
56863,0
56864,1
56865,0
56866,1
56867,0
56868,1
56869,1
56870,0
56871,0
56872,0
56873,0
56874,0
56875,1
56876,1
56877,0
56878,0
56879,0
56880,0
56881,0
56882,0
56883,1
56884,0
56885,1
56886,0
56887,0
56888,0
56889,1
56890,0
56891,0
56892,0
56893,1
56894,0
56895,1
56896,0
56897,1
56898,1
56899,0
56900,1
56901,0
56902,0
56903,0
56904,0
56905,1
56906,0
56907,0
56908,0
56909,1
56910,0
56911,0
56912,0
56913,1
56914,0
56915,1
56916,1
56917,0
56918,0
56919,1
56920,0
56921,1
56922,0
56923,0
56924,0
56925,1
56926,0
56927,0
56928,0
56929,1
56930,1
56931,0
56932,0
56933,0
56934,0
56935,0
56936,0
56937,1
56938,0
56939,0
56940,1
56941,1
56942,0
56943,0
56944,1
56945,0
56946,0
56947,0
56948,0
56949,0
56950,0
56951,0
56952,0
56953,0
56954,0
56955,1
56956,0
56957,0
56958,1
56959,1
56960,0
56961,1
56962,1
56963,0
56964,1
56965,0
56966,1
56967,0
56968,1
56969,0
56970,0
56971,0
56972,0
56973,0
56974,0
56975,0
56976,0
56977,0
56978,0
56979,1
56980,0
56981,1
56982,0
56983,1
56984,1
56985,1
56986,1
56987,0
56988,1
56989,0
56990,0
56991,0
56992,0
56993,0
56994,1
56995,1
56996,0
56997,1
56998,1
56999,0
57000,0
57001,0
57002,1
57003,0
57004,1
57005,0
57006,0
57007,0
57008,0
57009,0
57010,0
57011,0
57012,0
57013,0
57014,1
57015,1
57016,0
57017,1
57018,0
57019,1
57020,0
57021,1
57022,0
57023,0
57024,0
57025,0
57026,0
57027,0
57028,0
57029,1
57030,1
57031,0
57032,1
57033,0
57034,1
57035,1
57036,0
57037,0
57038,0
57039,1
57040,0
57041,0
57042,1
57043,0
57044,1
57045,0
57046,0
57047,0
57048,1
57049,0
57050,0
57051,1
57052,1
57053,1
57054,0
57055,0
57056,0
57057,0
57058,0
57059,0
57060,0
57061,1
57062,0
57063,0
57064,0
57065,1
57066,1
57067,0
57068,0
57069,1
57070,0
57071,0
57072,0
57073,1
57074,0
57075,0
57076,0
57077,0
57078,1
57079,1
57080,0
57081,1
57082,1
57083,0
57084,0
57085,0
57086,0
57087,0
57088,1
57089,0
57090,1
57091,0
57092,0
57093,0
57094,0
57095,0
57096,0
57097,1
57098,0
57099,0
57100,0
57101,0
57102,1
57103,1
57104,0
57105,0
57106,0
57107,0
57108,0
57109,0
57110,1
57111,1
57112,0
57113,1
57114,0
57115,0
57116,0
57117,1
57118,1
57119,0
57120,0
57121,0
57122,0
57123,0
57124,1
57125,0
57126,1
57127,1
57128,1
57129,1
57130,0
57131,0
57132,1
57133,1
57134,0
57135,0
57136,0
57137,1
57138,0
57139,0
57140,0
57141,1
57142,0
57143,0
57144,0
57145,0
57146,0
57147,0
57148,1
57149,1
57150,0
57151,0
57152,0
57153,0
57154,0
57155,1
57156,1
57157,0
57158,0
57159,0
57160,1
57161,1
57162,0
57163,0
57164,1
57165,1
57166,0
57167,0
57168,0
57169,0
57170,1
57171,0
57172,0
57173,1
57174,0
57175,1
57176,1
57177,0
57178,0
57179,1
57180,0
57181,0
57182,0
57183,0
57184,0
57185,0
57186,0
57187,1
57188,0
57189,0
57190,0
57191,1
57192,0
57193,0
57194,1
57195,0
57196,1
57197,0
57198,0
57199,1
57200,1
57201,1
57202,0
57203,1
57204,0
57205,0
57206,0
57207,0
57208,0
57209,0
57210,1
57211,0
57212,0
57213,0
57214,1
57215,1
57216,1
57217,0
57218,0
57219,1
57220,0
57221,0
57222,1
57223,0
57224,1
57225,1
57226,1
57227,0
57228,1
57229,0
57230,0
57231,0
57232,1
57233,0
57234,0
57235,1
57236,0
57237,0
57238,0
57239,1
57240,1
57241,1
57242,0
57243,1
57244,0
57245,0
57246,0
57247,0
57248,1
57249,1
57250,1
57251,0
57252,1
57253,0
57254,0
57255,0
57256,1
57257,0
57258,0
57259,1
57260,0
57261,0
57262,0
57263,0
57264,0
57265,0
57266,1
57267,0
57268,0
57269,0
57270,0
57271,1
57272,0
57273,1
57274,0
57275,0
57276,0
57277,1
57278,1
57279,1
57280,0
57281,0
57282,0
57283,0
57284,0
57285,0
57286,1
57287,1
57288,0
57289,0
57290,0
57291,1
57292,0
57293,0
57294,0
57295,0
57296,0
57297,0
57298,1
57299,0
57300,1
57301,0
57302,0
57303,0
57304,1
57305,0
57306,0
57307,0
57308,1
57309,0
57310,0
57311,0
57312,0
57313,0
57314,0
57315,0
57316,1
57317,1
57318,1
57319,0
57320,0
57321,0
57322,0
57323,1
57324,0
57325,0
57326,0
57327,0
57328,0
57329,0
57330,0
57331,1
57332,0
57333,0
57334,0
57335,0
57336,0
57337,0
57338,0
57339,1
57340,0
57341,1
57342,0
57343,0
57344,1
57345,0
57346,0
57347,0
57348,0
57349,0
57350,0
57351,0
57352,1
57353,0
57354,0
57355,1
57356,0
57357,0
57358,0
57359,0
57360,0
57361,0
57362,0
57363,1
57364,1
57365,1
57366,0
57367,0
57368,0
57369,0
57370,1
57371,0
57372,1
57373,0
57374,1
57375,1
57376,0
57377,0
57378,1
57379,1
57380,0
57381,0
57382,1
57383,1
57384,0
57385,0
57386,1
57387,0
57388,0
57389,1
57390,0
57391,0
57392,0
57393,1
57394,1
57395,0
57396,1
57397,1
57398,1
57399,1
57400,1
57401,0
57402,1
57403,1
57404,1
57405,1
57406,0
57407,0
57408,1
57409,0
57410,0
57411,0
57412,0
57413,1
57414,0
57415,1
57416,0
57417,0
57418,0
57419,0
57420,0
57421,1
57422,1
57423,1
57424,0
57425,0
57426,1
57427,0
57428,1
57429,1
57430,1
57431,0
57432,0
57433,1
57434,0
57435,0
57436,0
57437,0
57438,1
57439,0
57440,0
57441,0
57442,0
57443,0
57444,0
57445,0
57446,0
57447,0
57448,1
57449,0
57450,0
57451,0
57452,1
57453,0
57454,0
57455,0
57456,0
57457,0
57458,1
57459,0
57460,0
57461,1
57462,0
57463,1
57464,0
57465,1
57466,0
57467,1
57468,0
57469,1
57470,0
57471,1
57472,1
57473,1
57474,0
57475,0
57476,1
57477,1
57478,0
57479,0
57480,0
57481,0
57482,0
57483,1
57484,1
57485,1
57486,0
57487,1
57488,0
57489,0
57490,1
57491,0
57492,0
57493,0
57494,0
57495,0
57496,0
57497,1
57498,0
57499,0
57500,0
57501,0
57502,0
57503,1
57504,0
57505,0
57506,0
57507,0
57508,0
57509,0
57510,0
57511,0
57512,0
57513,0
57514,0
57515,1
57516,0
57517,0
57518,1
57519,0
57520,0
57521,1
57522,0
57523,0
57524,0
57525,1
57526,0
57527,0
57528,1
57529,0
57530,1
57531,0
57532,0
57533,0
57534,0
57535,1
57536,0
57537,1
57538,0
57539,0
57540,1
57541,1
57542,1
57543,0
57544,0
57545,1
57546,1
57547,1
57548,1
57549,1
57550,0
57551,1
57552,0
57553,1
57554,0
57555,0
57556,0
57557,0
57558,0
57559,1
57560,0
57561,1
57562,0
57563,0
57564,0
57565,0
57566,1
57567,0
57568,1
57569,0
57570,0
57571,1
57572,0
57573,0
57574,0
57575,1
57576,1
57577,1
57578,0
57579,0
57580,0
57581,0
57582,1
57583,0
57584,0
57585,1
57586,1
57587,1
57588,1
57589,0
57590,0
57591,1
57592,0
57593,0
57594,0
57595,1
57596,1
57597,0
57598,1
57599,1
57600,1
57601,1
57602,1
57603,0
57604,0
57605,0
57606,0
57607,1
57608,1
57609,0
57610,0
57611,0
57612,0
57613,1
57614,0
57615,0
57616,0
57617,0
57618,1
57619,0
57620,0
57621,0
57622,1
57623,0
57624,1
57625,1
57626,1
57627,1
57628,0
57629,0
57630,0
57631,1
57632,1
57633,0
57634,0
57635,0
57636,1
57637,1
57638,1
57639,0
57640,1
57641,0
57642,1
57643,0
57644,0
57645,0
57646,0
57647,0
57648,0
57649,0
57650,0
57651,0
57652,1
57653,1
57654,0
57655,0
57656,0
57657,1
57658,1
57659,0
57660,1
57661,0
57662,0
57663,1
57664,1
57665,0
57666,0
57667,0
57668,0
57669,1
57670,0
57671,0
57672,1
57673,1
57674,1
57675,0
57676,0
57677,0
57678,0
57679,0
57680,0
57681,0
57682,1
57683,0
57684,0
57685,0
57686,1
57687,1
57688,0
57689,0
57690,1
57691,1
57692,0
57693,1
57694,0
57695,0
57696,1
57697,0
57698,0
57699,1
57700,0
57701,0
57702,0
57703,0
57704,0
57705,0
57706,0
57707,1
57708,0
57709,1
57710,0
57711,0
57712,0
57713,1
57714,1
57715,1
57716,1
57717,0
57718,0
57719,1
57720,1
57721,0
57722,0
57723,0
57724,0
57725,1
57726,0
57727,0
57728,0
57729,1
57730,0
57731,0
57732,1
57733,0
57734,1
57735,0
57736,1
57737,1
57738,1
57739,1
57740,1
57741,0
57742,0
57743,0
57744,0
57745,0
57746,0
57747,0
57748,0
57749,0
57750,1
57751,1
57752,0
57753,1
57754,0
57755,0
57756,0
57757,0
57758,0
57759,1
57760,1
57761,0
57762,0
57763,0
57764,0
57765,0
57766,0
57767,0
57768,0
57769,0
57770,1
57771,0
57772,0
57773,0
57774,1
57775,0
57776,0
57777,0
57778,0
57779,1
57780,1
57781,0
57782,1
57783,1
57784,0
57785,0
57786,0
57787,0
57788,0
57789,0
57790,0
57791,1
57792,1
57793,0
57794,1
57795,0
57796,0
57797,0
57798,1
57799,0
57800,0
57801,1
57802,1
57803,0
57804,0
57805,0
57806,1
57807,1
57808,0
57809,1
57810,1
57811,0
57812,0
57813,1
57814,0
57815,0
57816,0
57817,0
57818,0
57819,0
57820,0
57821,1
57822,0
57823,0
57824,0
57825,1
57826,0
57827,0
57828,0
57829,0
57830,1
57831,1
57832,0
57833,0
57834,0
57835,0
57836,0
57837,0
57838,1
57839,0
57840,0
57841,0
57842,0
57843,0
57844,0
57845,0
57846,1
57847,0
57848,0
57849,0
57850,1
57851,0
57852,0
57853,0
57854,0
57855,0
57856,0
57857,0
57858,0
57859,1
57860,0
57861,1
57862,0
57863,1
57864,1
57865,0
57866,1
57867,1
57868,1
57869,0
57870,1
57871,0
57872,1
57873,0
57874,1
57875,0
57876,1
57877,0
57878,0
57879,0
57880,1
57881,1
57882,0
57883,0
57884,0
57885,0
57886,1
57887,0
57888,1
57889,0
57890,0
57891,1
57892,0
57893,0
57894,0
57895,0
57896,1
57897,0
57898,0
57899,1
57900,0
57901,0
57902,1
57903,0
57904,0
57905,1
57906,0
57907,1
57908,1
57909,0
57910,0
57911,1
57912,0
57913,0
57914,1
57915,0
57916,1
57917,0
57918,0
57919,0
57920,1
57921,0
57922,1
57923,1
57924,0
57925,0
57926,1
57927,1
57928,0
57929,1
57930,0
57931,0
57932,1
57933,0
57934,0
57935,0
57936,0
57937,1
57938,1
57939,1
57940,0
57941,1
57942,0
57943,0
57944,0
57945,0
57946,0
57947,0
57948,0
57949,1
57950,0
57951,0
57952,1
57953,0
57954,0
57955,1
57956,0
57957,0
57958,0
57959,0
57960,1
57961,1
57962,1
57963,1
57964,1
57965,0
57966,1
57967,0
57968,1
57969,0
57970,0
57971,0
57972,1
57973,0
57974,0
57975,0
57976,0
57977,0
57978,0
57979,0
57980,0
57981,0
57982,0
57983,1
57984,1
57985,0
57986,0
57987,0
57988,1
57989,0
57990,0
57991,1
57992,0
57993,0
57994,1
57995,0
57996,1
57997,0
57998,0
57999,1
58000,1
58001,0
58002,0
58003,0
58004,1
58005,1
58006,0
58007,1
58008,1
58009,1
58010,1
58011,1
58012,0
58013,1
58014,0
58015,0
58016,1
58017,0
58018,0
58019,1
58020,1
58021,0
58022,1
58023,1
58024,0
58025,0
58026,0
58027,0
58028,1
58029,0
58030,1
58031,0
58032,1
58033,0
58034,0
58035,0
58036,0
58037,1
58038,0
58039,0
58040,0
58041,1
58042,0
58043,1
58044,0
58045,0
58046,1
58047,0
58048,0
58049,0
58050,0
58051,0
58052,0
58053,0
58054,0
58055,1
58056,0
58057,0
58058,0
58059,0
58060,1
58061,0
58062,0
58063,1
58064,0
58065,0
58066,0
58067,0
58068,1
58069,1
58070,0
58071,0
58072,0
58073,1
58074,0
58075,0
58076,1
58077,1
58078,1
58079,0
58080,0
58081,1
58082,0
58083,1
58084,0
58085,1
58086,0
58087,1
58088,0
58089,0
58090,0
58091,0
58092,0
58093,0
58094,0
58095,0
58096,0
58097,1
58098,0
58099,0
58100,0
58101,1
58102,0
58103,0
58104,0
58105,1
58106,1
58107,0
58108,0
58109,0
58110,0
58111,0
58112,0
58113,1
58114,0
58115,0
58116,0
58117,0
58118,1
58119,0
58120,0
58121,0
58122,0
58123,1
58124,0
58125,0
58126,1
58127,0
58128,0
58129,1
58130,0
58131,1
58132,0
58133,0
58134,0
58135,0
58136,0
58137,0
58138,0
58139,0
58140,0
58141,0
58142,1
58143,0
58144,0
58145,0
58146,0
58147,1
58148,1
58149,0
58150,1
58151,0
58152,0
58153,0
58154,0
58155,0
58156,0
58157,1
58158,0
58159,0
58160,0
58161,0
58162,0
58163,0
58164,0
58165,0
58166,1
58167,1
58168,0
58169,1
58170,1
58171,1
58172,0
58173,1
58174,0
58175,1
58176,1
58177,0
58178,0
58179,1
58180,0
58181,1
58182,0
58183,1
58184,0
58185,0
58186,0
58187,0
58188,1
58189,0
58190,0
58191,0
58192,0
58193,1
58194,1
58195,0
58196,1
58197,0
58198,1
58199,0
58200,1
58201,0
58202,0
58203,0
58204,0
58205,0
58206,0
58207,0
58208,1
58209,0
58210,1
58211,0
58212,0
58213,0
58214,0
58215,1
58216,1
58217,0
58218,0
58219,1
58220,1
58221,1
58222,1
58223,0
58224,1
58225,1
58226,0
58227,1
58228,0
58229,0
58230,0
58231,0
58232,0
58233,0
58234,1
58235,0
58236,0
58237,0
58238,0
58239,0
58240,0
58241,0
58242,0
58243,0
58244,1
58245,0
58246,0
58247,0
58248,1
58249,1
58250,0
58251,0
58252,0
58253,1
58254,0
58255,1
58256,0
58257,0
58258,1
58259,1
58260,1
58261,0
58262,0
58263,0
58264,0
58265,1
58266,0
58267,0
58268,0
58269,1
58270,0
58271,1
58272,0
58273,1
58274,1
58275,0
58276,0
58277,0
58278,1
58279,1
58280,0
58281,1
58282,0
58283,0
58284,0
58285,0
58286,1
58287,0
58288,0
58289,0
58290,0
58291,1
58292,0
58293,1
58294,0
58295,0
58296,1
58297,0
58298,0
58299,1
58300,1
58301,0
58302,1
58303,0
58304,0
58305,0
58306,1
58307,1
58308,0
58309,1
58310,0
58311,0
58312,0
58313,0
58314,0
58315,1
58316,1
58317,0
58318,1
58319,1
58320,0
58321,1
58322,1
58323,1
58324,1
58325,0
58326,0
58327,0
58328,0
58329,1
58330,1
58331,1
58332,0
58333,1
58334,1
58335,1
58336,0
58337,1
58338,1
58339,0
58340,0
58341,0
58342,1
58343,0
58344,0
58345,1
58346,0
58347,0
58348,0
58349,0
58350,1
58351,0
58352,0
58353,0
58354,0
58355,0
58356,0
58357,1
58358,0
58359,0
58360,0
58361,1
58362,0
58363,0
58364,1
58365,1
58366,0
58367,1
58368,1
58369,1
58370,0
58371,1
58372,0
58373,0
58374,0
58375,0
58376,1
58377,0
58378,0
58379,0
58380,0
58381,0
58382,0
58383,1
58384,0
58385,1
58386,1
58387,0
58388,0
58389,0
58390,0
58391,1
58392,1
58393,0
58394,1
58395,0
58396,0
58397,1
58398,0
58399,1
58400,1
58401,1
58402,0
58403,1
58404,1
58405,0
58406,0
58407,0
58408,0
58409,0
58410,1
58411,0
58412,0
58413,0
58414,0
58415,0
58416,0
58417,0
58418,0
58419,0
58420,0
58421,1
58422,0
58423,1
58424,0
58425,0
58426,1
58427,0
58428,0
58429,0
58430,1
58431,1
58432,1
58433,1
58434,1
58435,0
58436,0
58437,0
58438,1
58439,0
58440,0
58441,1
58442,0
58443,1
58444,1
58445,1
58446,1
58447,0
58448,0
58449,0
58450,1
58451,1
58452,0
58453,1
58454,0
58455,0
58456,0
58457,1
58458,0
58459,0
58460,1
58461,1
58462,0
58463,1
58464,0
58465,0
58466,0
58467,0
58468,0
58469,1
58470,0
58471,0
58472,1
58473,1
58474,0
58475,0
58476,1
58477,0
58478,0
58479,1
58480,1
58481,0
58482,1
58483,1
58484,1
58485,0
58486,0
58487,0
58488,1
58489,0
58490,1
58491,0
58492,0
58493,1
58494,0
58495,1
58496,0
58497,0
58498,0
58499,1
58500,1
58501,0
58502,0
58503,0
58504,0
58505,0
58506,1
58507,0
58508,1
58509,0
58510,0
58511,1
58512,0
58513,0
58514,0
58515,0
58516,1
58517,1
58518,0
58519,1
58520,0
58521,1
58522,0
58523,0
58524,1
58525,0
58526,1
58527,1
58528,0
58529,1
58530,0
58531,1
58532,0
58533,0
58534,0
58535,0
58536,0
58537,1
58538,0
58539,1
58540,0
58541,1
58542,0
58543,1
58544,1
58545,0
58546,1
58547,1
58548,1
58549,0
58550,0
58551,0
58552,0
58553,0
58554,0
58555,0
58556,0
58557,0
58558,0
58559,0
58560,0
58561,0
58562,1
58563,0
58564,0
58565,1
58566,0
58567,0
58568,0
58569,1
58570,0
58571,0
58572,1
58573,0
58574,0
58575,1
58576,0
58577,1
58578,1
58579,1
58580,0
58581,0
58582,0
58583,0
58584,0
58585,0
58586,1
58587,0
58588,1
58589,0
58590,0
58591,0
58592,0
58593,1
58594,0
58595,0
58596,0
58597,1
58598,0
58599,0
58600,1
58601,1
58602,0
58603,0
58604,0
58605,0
58606,1
58607,1
58608,0
58609,0
58610,1
58611,1
58612,0
58613,1
58614,0
58615,1
58616,0
58617,0
58618,1
58619,0
58620,1
58621,0
58622,1
58623,0
58624,1
58625,1
58626,1
58627,0
58628,0
58629,0
58630,0
58631,0
58632,0
58633,0
58634,1
58635,1
58636,1
58637,0
58638,0
58639,0
58640,1
58641,0
58642,0
58643,0
58644,0
58645,0
58646,1
58647,0
58648,0
58649,0
58650,0
58651,0
58652,0
58653,0
58654,0
58655,0
58656,0
58657,0
58658,1
58659,0
58660,0
58661,0
58662,1
58663,1
58664,0
58665,0
58666,0
58667,0
58668,1
58669,1
58670,1
58671,1
58672,0
58673,0
58674,1
58675,0
58676,1
58677,1
58678,0
58679,0
58680,0
58681,0
58682,1
58683,1
58684,1
58685,0
58686,0
58687,0
58688,0
58689,0
58690,1
58691,0
58692,0
58693,0
58694,0
58695,1
58696,1
58697,0
58698,0
58699,0
58700,0
58701,1
58702,1
58703,0
58704,1
58705,0
58706,1
58707,1
58708,0
58709,1
58710,0
58711,1
58712,0
58713,0
58714,1
58715,1
58716,1
58717,1
58718,0
58719,1
58720,0
58721,0
58722,1
58723,1
58724,0
58725,0
58726,0
58727,0
58728,1
58729,1
58730,0
58731,0
58732,0
58733,0
58734,0
58735,0
58736,0
58737,1
58738,1
58739,0
58740,1
58741,0
58742,0
58743,0
58744,1
58745,0
58746,1
58747,0
58748,0
58749,0
58750,1
58751,0
58752,1
58753,0
58754,1
58755,1
58756,1
58757,0
58758,1
58759,1
58760,0
58761,0
58762,0
58763,0
58764,0
58765,1
58766,0
58767,0
58768,1
58769,0
58770,0
58771,1
58772,0
58773,0
58774,1
58775,0
58776,0
58777,0
58778,0
58779,0
58780,1
58781,0
58782,1
58783,0
58784,1
58785,0
58786,1
58787,1
58788,1
58789,0
58790,1
58791,0
58792,0
58793,1
58794,0
58795,0
58796,0
58797,0
58798,0
58799,0
58800,1
58801,0
58802,0
58803,1
58804,0
58805,0
58806,0
58807,1
58808,0
58809,0
58810,0
58811,1
58812,0
58813,0
58814,0
58815,0
58816,0
58817,1
58818,0
58819,1
58820,0
58821,1
58822,0
58823,0
58824,0
58825,0
58826,0
58827,0
58828,0
58829,0
58830,1
58831,0
58832,0
58833,1
58834,0
58835,1
58836,0
58837,0
58838,0
58839,1
58840,0
58841,0
58842,1
58843,0
58844,0
58845,0
58846,0
58847,0
58848,0
58849,1
58850,1
58851,0
58852,0
58853,0
58854,1
58855,1
58856,0
58857,0
58858,1
58859,0
58860,1
58861,0
58862,0
58863,0
58864,0
58865,0
58866,1
58867,0
58868,0
58869,0
58870,1
58871,1
58872,0
58873,0
58874,0
58875,0
58876,0
58877,0
58878,0
58879,1
58880,0
58881,1
58882,0
58883,0
58884,0
58885,0
58886,0
58887,0
58888,1
58889,0
58890,0
58891,0
58892,0
58893,1
58894,1
58895,0
58896,0
58897,0
58898,0
58899,0
58900,0
58901,0
58902,1
58903,1
58904,1
58905,0
58906,1
58907,1
58908,1
58909,0
58910,0
58911,0
58912,0
58913,1
58914,1
58915,1
58916,0
58917,0
58918,0
58919,0
58920,0
58921,0
58922,1
58923,1
58924,1
58925,1
58926,1
58927,0
58928,0
58929,0
58930,1
58931,1
58932,0
58933,0
58934,0
58935,1
58936,0
58937,0
58938,0
58939,0
58940,0
58941,0
58942,0
58943,0
58944,1
58945,0
58946,0
58947,0
58948,0
58949,0
58950,1
58951,0
58952,1
58953,1
58954,0
58955,0
58956,1
58957,0
58958,0
58959,0
58960,1
58961,0
58962,1
58963,0
58964,0
58965,0
58966,0
58967,1
58968,1
58969,1
58970,1
58971,1
58972,1
58973,0
58974,1
58975,0
58976,0
58977,0
58978,0
58979,0
58980,1
58981,1
58982,0
58983,0
58984,0
58985,0
58986,0
58987,0
58988,0
58989,0
58990,1
58991,0
58992,0
58993,0
58994,0
58995,1
58996,0
58997,0
58998,0
58999,0
59000,0
59001,0
59002,1
59003,1
59004,0
59005,0
59006,1
59007,1
59008,1
59009,1
59010,1
59011,0
59012,1
59013,0
59014,1
59015,1
59016,1
59017,1
59018,1
59019,1
59020,0
59021,1
59022,0
59023,0
59024,0
59025,1
59026,0
59027,0
59028,0
59029,0
59030,0
59031,1
59032,1
59033,1
59034,0
59035,0
59036,0
59037,1
59038,0
59039,1
59040,0
59041,1
59042,0
59043,0
59044,1
59045,0
59046,0
59047,0
59048,0
59049,0
59050,1
59051,1
59052,0
59053,0
59054,0
59055,0
59056,1
59057,0
59058,1
59059,0
59060,0
59061,0
59062,1
59063,0
59064,1
59065,1
59066,0
59067,0
59068,0
59069,0
59070,1
59071,1
59072,1
59073,1
59074,0
59075,0
59076,1
59077,0
59078,1
59079,1
59080,0
59081,0
59082,0
59083,1
59084,0
59085,0
59086,0
59087,0
59088,1
59089,0
59090,0
59091,0
59092,1
59093,1
59094,1
59095,0
59096,0
59097,0
59098,0
59099,0
59100,1
59101,0
59102,0
59103,1
59104,0
59105,0
59106,1
59107,0
59108,0
59109,1
59110,0
59111,0
59112,0
59113,1
59114,0
59115,0
59116,0
59117,0
59118,1
59119,1
59120,0
59121,0
59122,0
59123,1
59124,1
59125,1
59126,1
59127,0
59128,1
59129,1
59130,0
59131,1
59132,0
59133,0
59134,0
59135,0
59136,0
59137,0
59138,1
59139,0
59140,0
59141,1
59142,0
59143,0
59144,0
59145,1
59146,0
59147,1
59148,0
59149,0
59150,0
59151,0
59152,1
59153,0
59154,1
59155,1
59156,0
59157,1
59158,1
59159,1
59160,1
59161,0
59162,1
59163,0
59164,0
59165,1
59166,1
59167,0
59168,1
59169,1
59170,0
59171,0
59172,0
59173,0
59174,1
59175,1
59176,0
59177,0
59178,0
59179,0
59180,1
59181,0
59182,0
59183,0
59184,1
59185,1
59186,0
59187,1
59188,0
59189,1
59190,0
59191,1
59192,0
59193,1
59194,0
59195,0
59196,0
59197,1
59198,1
59199,1
59200,0
59201,0
59202,1
59203,1
59204,0
59205,0
59206,1
59207,0
59208,0
59209,1
59210,1
59211,0
59212,1
59213,0
59214,1
59215,0
59216,0
59217,1
59218,0
59219,0
59220,0
59221,0
59222,0
59223,0
59224,1
59225,1
59226,0
59227,0
59228,1
59229,1
59230,1
59231,0
59232,0
59233,0
59234,0
59235,0
59236,1
59237,1
59238,1
59239,1
59240,0
59241,1
59242,0
59243,1
59244,0
59245,1
59246,1
59247,0
59248,1
59249,0
59250,0
59251,1
59252,1
59253,0
59254,1
59255,1
59256,0
59257,0
59258,1
59259,0
59260,0
59261,0
59262,0
59263,0
59264,1
59265,1
59266,1
59267,0
59268,1
59269,0
59270,0
59271,0
59272,1
59273,0
59274,0
59275,0
59276,1
59277,0
59278,0
59279,0
59280,0
59281,0
59282,0
59283,0
59284,1
59285,1
59286,1
59287,1
59288,1
59289,0
59290,1
59291,0
59292,0
59293,1
59294,0
59295,0
59296,1
59297,0
59298,0
59299,1
59300,0
59301,1
59302,1
59303,0
59304,0
59305,1
59306,0
59307,0
59308,1
59309,1
59310,0
59311,0
59312,1
59313,0
59314,1
59315,0
59316,0
59317,1
59318,1
59319,0
59320,1
59321,0
59322,0
59323,1
59324,0
59325,0
59326,0
59327,0
59328,0
59329,0
59330,1
59331,0
59332,0
59333,0
59334,0
59335,0
59336,0
59337,0
59338,0
59339,0
59340,0
59341,1
59342,1
59343,0
59344,0
59345,0
59346,1
59347,1
59348,0
59349,1
59350,0
59351,0
59352,1
59353,1
59354,0
59355,0
59356,0
59357,1
59358,0
59359,0
59360,0
59361,1
59362,0
59363,0
59364,1
59365,0
59366,1
59367,1
59368,0
59369,0
59370,1
59371,0
59372,0
59373,0
59374,0
59375,0
59376,0
59377,0
59378,1
59379,0
59380,0
59381,0
59382,0
59383,0
59384,0
59385,0
59386,0
59387,1
59388,1
59389,0
59390,1
59391,0
59392,0
59393,0
59394,1
59395,1
59396,0
59397,1
59398,1
59399,1
59400,1
59401,1
59402,0
59403,1
59404,0
59405,0
59406,1
59407,0
59408,0
59409,0
59410,1
59411,1
59412,0
59413,1
59414,0
59415,1
59416,1
59417,0
59418,0
59419,1
59420,1
59421,1
59422,0
59423,0
59424,1
59425,1
59426,1
59427,0
59428,0
59429,0
59430,0
59431,0
59432,0
59433,1
59434,1
59435,1
59436,1
59437,0
59438,0
59439,0
59440,0
59441,0
59442,0
59443,1
59444,0
59445,0
59446,1
59447,1
59448,1
59449,1
59450,0
59451,0
59452,1
59453,0
59454,1
59455,0
59456,0
59457,1
59458,1
59459,1
59460,0
59461,0
59462,0
59463,0
59464,1
59465,1
59466,0
59467,0
59468,0
59469,0
59470,0
59471,0
59472,0
59473,0
59474,0
59475,0
59476,0
59477,1
59478,0
59479,1
59480,1
59481,0
59482,0
59483,1
59484,0
59485,0
59486,0
59487,1
59488,0
59489,0
59490,0
59491,1
59492,1
59493,0
59494,0
59495,0
59496,0
59497,0
59498,0
59499,0
59500,1
59501,0
59502,0
59503,0
59504,0
59505,0
59506,1
59507,1
59508,0
59509,0
59510,1
59511,1
59512,0
59513,0
59514,1
59515,0
59516,0
59517,1
59518,0
59519,0
59520,0
59521,1
59522,0
59523,1
59524,0
59525,0
59526,0
59527,1
59528,0
59529,0
59530,1
59531,1
59532,0
59533,1
59534,0
59535,0
59536,0
59537,1
59538,1
59539,1
59540,0
59541,0
59542,0
59543,0
59544,1
59545,0
59546,1
59547,0
59548,1
59549,1
59550,0
59551,1
59552,1
59553,0
59554,1
59555,0
59556,0
59557,0
59558,1
59559,0
59560,1
59561,0
59562,1
59563,0
59564,0
59565,0
59566,1
59567,0
59568,1
59569,1
59570,0
59571,0
59572,1
59573,1
59574,0
59575,0
59576,1
59577,0
59578,0
59579,0
59580,0
59581,0
59582,1
59583,1
59584,1
59585,0
59586,0
59587,0
59588,1
59589,1
59590,1
59591,1
59592,0
59593,0
59594,0
59595,0
59596,0
59597,1
59598,1
59599,0
59600,1
59601,1
59602,0
59603,0
59604,0
59605,0
59606,0
59607,1
59608,0
59609,1
59610,1
59611,1
59612,0
59613,0
59614,0
59615,1
59616,0
59617,0
59618,1
59619,0
59620,1
59621,0
59622,0
59623,0
59624,0
59625,0
59626,0
59627,0
59628,0
59629,1
59630,0
59631,0
59632,0
59633,0
59634,0
59635,1
59636,1
59637,1
59638,1
59639,0
59640,0
59641,0
59642,0
59643,1
59644,0
59645,0
59646,0
59647,0
59648,0
59649,1
59650,0
59651,1
59652,0
59653,1
59654,1
59655,0
59656,0
59657,1
59658,0
59659,1
59660,0
59661,0
59662,0
59663,0
59664,1
59665,0
59666,1
59667,0
59668,1
59669,0
59670,0
59671,1
59672,0
59673,0
59674,0
59675,0
59676,0
59677,0
59678,0
59679,0
59680,0
59681,0
59682,0
59683,0
59684,1
59685,0
59686,1
59687,1
59688,0
59689,0
59690,0
59691,1
59692,1
59693,1
59694,1
59695,1
59696,1
59697,1
59698,1
59699,1
59700,0
59701,1
59702,0
59703,1
59704,0
59705,0
59706,0
59707,0
59708,0
59709,0
59710,0
59711,1
59712,0
59713,1
59714,0
59715,0
59716,1
59717,0
59718,1
59719,0
59720,0
59721,0
59722,0
59723,0
59724,0
59725,1
59726,1
59727,0
59728,0
59729,1
59730,1
59731,0
59732,0
59733,0
59734,1
59735,1
59736,0
59737,0
59738,0
59739,0
59740,0
59741,1
59742,0
59743,0
59744,0
59745,1
59746,0
59747,0
59748,1
59749,0
59750,1
59751,1
59752,0
59753,1
59754,0
59755,0
59756,0
59757,0
59758,0
59759,0
59760,1
59761,0
59762,0
59763,1
59764,1
59765,1
59766,1
59767,0
59768,0
59769,1
59770,0
59771,0
59772,0
59773,1
59774,0
59775,0
59776,1
59777,0
59778,1
59779,0
59780,0
59781,0
59782,0
59783,0
59784,0
59785,1
59786,0
59787,0
59788,1
59789,0
59790,0
59791,0
59792,0
59793,0
59794,0
59795,1
59796,1
59797,0
59798,1
59799,0
59800,1
59801,1
59802,0
59803,0
59804,1
59805,1
59806,1
59807,0
59808,0
59809,0
59810,1
59811,0
59812,1
59813,1
59814,0
59815,0
59816,0
59817,1
59818,0
59819,0
59820,0
59821,0
59822,0
59823,0
59824,0
59825,1
59826,1
59827,1
59828,0
59829,0
59830,0
59831,0
59832,1
59833,1
59834,0
59835,1
59836,0
59837,0
59838,1
59839,0
59840,0
59841,0
59842,0
59843,0
59844,0
59845,0
59846,1
59847,0
59848,0
59849,0
59850,0
59851,1
59852,0
59853,1
59854,0
59855,0
59856,0
59857,0
59858,1
59859,0
59860,1
59861,0
59862,0
59863,0
59864,1
59865,0
59866,1
59867,0
59868,1
59869,0
59870,1
59871,0
59872,0
59873,1
59874,0
59875,0
59876,1
59877,1
59878,1
59879,1
59880,1
59881,0
59882,0
59883,0
59884,0
59885,0
59886,0
59887,0
59888,0
59889,0
59890,1
59891,0
59892,0
59893,1
59894,1
59895,0
59896,0
59897,0
59898,0
59899,0
59900,1
59901,0
59902,1
59903,1
59904,0
59905,0
59906,0
59907,1
59908,0
59909,0
59910,1
59911,0
59912,0
59913,0
59914,1
59915,0
59916,1
59917,0
59918,0
59919,1
59920,0
59921,1
59922,0
59923,0
59924,0
59925,1
59926,0
59927,0
59928,1
59929,0
59930,0
59931,1
59932,0
59933,0
59934,0
59935,0
59936,0
59937,1
59938,0
59939,1
59940,0
59941,0
59942,1
59943,0
59944,1
59945,0
59946,0
59947,0
59948,1
59949,0
59950,0
59951,0
59952,0
59953,1
59954,0
59955,0
59956,1
59957,0
59958,1
59959,0
59960,0
59961,0
59962,1
59963,0
59964,0
59965,0
59966,0
59967,1
59968,0
59969,0
59970,0
59971,1
59972,0
59973,1
59974,1
59975,0
59976,0
59977,1
59978,1
59979,1
59980,1
59981,0
59982,1
59983,0
59984,1
59985,1
59986,1
59987,1
59988,0
59989,0
59990,0
59991,0
59992,0
59993,0
59994,0
59995,0
59996,0
59997,1
59998,1
59999,0
60000,0
60001,0
60002,1
60003,1
60004,0
60005,1
60006,0
60007,0
60008,0
60009,1
60010,1
60011,0
60012,0
60013,0
60014,1
60015,0
60016,1
60017,0
60018,0
60019,1
60020,1
60021,1
60022,0
60023,0
60024,0
60025,1
60026,1
60027,0
60028,1
60029,0
60030,1
60031,1
60032,0
60033,0
60034,1
60035,1
60036,0
60037,0
60038,0
60039,0
60040,0
60041,0
60042,1
60043,1
60044,0
60045,1
60046,1
60047,0
60048,1
60049,0
60050,0
60051,0
60052,0
60053,0
60054,0
60055,0
60056,1
60057,0
60058,0
60059,0
60060,0
60061,1
60062,0
60063,0
60064,0
60065,0
60066,0
60067,1
60068,0
60069,1
60070,1
60071,0
60072,0
60073,1
60074,0
60075,0
60076,0
60077,0
60078,0
60079,0
60080,0
60081,0
60082,0
60083,0
60084,1
60085,1
60086,0
60087,1
60088,0
60089,0
60090,1
60091,1
60092,0
60093,0
60094,1
60095,0
60096,1
60097,0
60098,1
60099,1
60100,0
60101,0
60102,0
60103,0
60104,0
60105,1
60106,0
60107,0
60108,0
60109,0
60110,1
60111,0
60112,0
60113,0
60114,0
60115,0
60116,0
60117,1
60118,0
60119,0
60120,1
60121,1
60122,0
60123,0
60124,0
60125,1
60126,0
60127,1
60128,1
60129,0
60130,1
60131,0
60132,1
60133,0
60134,1
60135,0
60136,1
60137,0
60138,1
60139,0
60140,1
60141,1
60142,0
60143,0
60144,1
60145,0
60146,0
60147,0
60148,0
60149,0
60150,0
60151,0
60152,1
60153,0
60154,0
60155,1
60156,1
60157,0
60158,1
60159,1
60160,0
60161,1
60162,1
60163,1
60164,0
60165,1
60166,0
60167,0
60168,1
60169,0
60170,1
60171,0
60172,1
60173,0
60174,0
60175,0
60176,1
60177,1
60178,0
60179,0
60180,0
60181,1
60182,0
60183,0
60184,0
60185,1
60186,0
60187,0
60188,1
60189,1
60190,0
60191,0
60192,0
60193,0
60194,0
60195,1
60196,0
60197,1
60198,0
60199,0
60200,0
60201,0
60202,0
60203,0
60204,1
60205,0
60206,0
60207,0
60208,1
60209,0
60210,0
60211,0
60212,0
60213,1
60214,1
60215,0
60216,0
60217,0
60218,0
60219,0
60220,0
60221,0
60222,1
60223,0
60224,0
60225,0
60226,1
60227,0
60228,0
60229,0
60230,0
60231,1
60232,0
60233,0
60234,1
60235,0
60236,0
60237,0
60238,0
60239,1
60240,0
60241,0
60242,0
60243,1
60244,0
60245,1
60246,1
60247,0
60248,1
60249,0
60250,1
60251,0
60252,0
60253,0
60254,1
60255,1
60256,0
60257,1
60258,1
60259,0
60260,1
60261,1
60262,0
60263,0
60264,0
60265,0
60266,1
60267,1
60268,1
60269,1
60270,0
60271,1
60272,1
60273,0
60274,0
60275,1
60276,0
60277,0
60278,0
60279,1
60280,0
60281,0
60282,0
60283,0
60284,0
60285,1
60286,0
60287,1
60288,0
60289,1
60290,0
60291,0
60292,1
60293,0
60294,0
60295,1
60296,1
60297,0
60298,0
60299,0
60300,0
60301,0
60302,0
60303,1
60304,0
60305,1
60306,0
60307,0
60308,0
60309,0
60310,0
60311,0
60312,0
60313,0
60314,1
60315,0
60316,0
60317,1
60318,0
60319,0
60320,0
60321,0
60322,1
60323,0
60324,0
60325,0
60326,0
60327,0
60328,1
60329,0
60330,1
60331,0
60332,0
60333,1
60334,0
60335,0
60336,0
60337,0
60338,0
60339,1
60340,0
60341,1
60342,0
60343,1
60344,0
60345,0
60346,0
60347,1
60348,0
60349,1
60350,0
60351,0
60352,0
60353,1
60354,1
60355,1
60356,1
60357,1
60358,0
60359,0
60360,0
60361,0
60362,1
60363,0
60364,0
60365,0
60366,0
60367,1
60368,1
60369,0
60370,0
60371,1
60372,1
60373,1
60374,0
60375,0
60376,0
60377,1
60378,0
60379,0
60380,1
60381,1
60382,1
60383,0
60384,0
60385,0
60386,0
60387,1
60388,0
60389,0
60390,0
60391,0
60392,1
60393,0
60394,0
60395,0
60396,0
60397,0
60398,0
60399,1
60400,0
60401,0
60402,1
60403,0
60404,1
60405,0
60406,1
60407,1
60408,0
60409,0
60410,1
60411,0
60412,1
60413,1
60414,1
60415,0
60416,0
60417,0
60418,1
60419,0
60420,0
60421,1
60422,0
60423,0
60424,0
60425,0
60426,1
60427,1
60428,1
60429,0
60430,1
60431,1
60432,0
60433,1
60434,1
60435,1
60436,0
60437,1
60438,1
60439,0
60440,1
60441,0
60442,0
60443,0
60444,1
60445,0
60446,0
60447,1
60448,0
60449,0
60450,0
60451,0
60452,0
60453,0
60454,0
60455,0
60456,1
60457,0
60458,0
60459,0
60460,1
60461,1
60462,0
60463,1
60464,1
60465,0
60466,0
60467,0
60468,1
60469,1
60470,1
60471,0
60472,0
60473,0
60474,1
60475,1
60476,0
60477,0
60478,1
60479,0
60480,0
60481,1
60482,1
60483,0
60484,0
60485,1
60486,1
60487,0
60488,1
60489,1
60490,0
60491,0
60492,1
60493,1
60494,0
60495,1
60496,1
60497,1
60498,1
60499,1
60500,0
60501,0
60502,0
60503,0
60504,0
60505,1
60506,1
60507,0
60508,0
60509,1
60510,0
60511,0
60512,1
60513,1
60514,1
60515,0
60516,0
60517,0
60518,0
60519,0
60520,1
60521,1
60522,0
60523,1
60524,0
60525,0
60526,1
60527,0
60528,0
60529,0
60530,0
60531,1
60532,0
60533,0
60534,0
60535,0
60536,0
60537,0
60538,0
60539,0
60540,1
60541,0
60542,0
60543,0
60544,0
60545,0
60546,0
60547,1
60548,0
60549,0
60550,0
60551,0
60552,0
60553,1
60554,1
60555,0
60556,0
60557,0
60558,0
60559,0
60560,1
60561,0
60562,0
60563,1
60564,0
60565,0
60566,0
60567,0
60568,1
60569,1
60570,0
60571,0
60572,1
60573,0
60574,1
60575,0
60576,1
60577,0
60578,0
60579,0
60580,0
60581,0
60582,0
60583,1
60584,0
60585,0
60586,0
60587,1
60588,1
60589,0
60590,0
60591,0
60592,1
60593,0
60594,0
60595,0
60596,0
60597,0
60598,1
60599,1
60600,0
60601,1
60602,1
60603,0
60604,1
60605,1
60606,0
60607,0
60608,0
60609,1
60610,0
60611,1
60612,0
60613,1
60614,0
60615,1
60616,0
60617,0
60618,1
60619,1
60620,1
60621,0
60622,0
60623,0
60624,1
60625,0
60626,1
60627,1
60628,0
60629,0
60630,0
60631,1
60632,0
60633,0
60634,0
60635,1
60636,0
60637,1
60638,0
60639,0
60640,0
60641,0
60642,0
60643,0
60644,0
60645,0
60646,0
60647,1
60648,1
60649,0
60650,0
60651,0
60652,0
60653,0
60654,0
60655,1
60656,1
60657,0
60658,0
60659,1
60660,0
60661,0
60662,0
60663,0
60664,1
60665,1
60666,1
60667,0
60668,0
60669,1
60670,0
60671,0
60672,0
60673,0
60674,1
60675,0
60676,0
60677,0
60678,0
60679,1
60680,1
60681,1
60682,1
60683,0
60684,0
60685,0
60686,0
60687,0
60688,0
60689,0
60690,0
60691,1
60692,0
60693,1
60694,1
60695,1
60696,1
60697,0
60698,1
60699,1
60700,1
60701,0
60702,0
60703,0
60704,0
60705,1
60706,1
60707,0
60708,0
60709,1
60710,1
60711,0
60712,0
60713,1
60714,0
60715,1
60716,1
60717,1
60718,1
60719,0
60720,0
60721,0
60722,1
60723,1
60724,0
60725,0
60726,0
60727,1
60728,1
60729,0
60730,0
60731,0
60732,0
60733,0
60734,0
60735,1
60736,0
60737,0
60738,0
60739,1
60740,0
60741,0
60742,0
60743,1
60744,1
60745,0
60746,1
60747,0
60748,0
60749,1
60750,1
60751,0
60752,0
60753,0
60754,1
60755,1
60756,1
60757,0
60758,1
60759,1
60760,0
60761,0
60762,0
60763,0
60764,0
60765,1
60766,0
60767,1
60768,0
60769,0
60770,0
60771,0
60772,0
60773,1
60774,0
60775,1
60776,0
60777,0
60778,1
60779,0
60780,1
60781,0
60782,0
60783,1
60784,1
60785,0
60786,1
60787,1
60788,1
60789,0
60790,0
60791,1
60792,1
60793,0
60794,1
60795,0
60796,0
60797,1
60798,1
60799,0
60800,1
60801,0
60802,1
60803,1
60804,0
60805,0
60806,0
60807,0
60808,1
60809,0
60810,0
60811,1
60812,0
60813,1
60814,0
60815,1
60816,1
60817,0
60818,1
60819,1
60820,0
60821,1
60822,0
60823,0
60824,0
60825,0
60826,0
60827,0
60828,0
60829,1
60830,0
60831,0
60832,1
60833,0
60834,1
60835,0
60836,0
60837,0
60838,1
60839,0
60840,0
60841,1
60842,0
60843,1
60844,0
60845,0
60846,0
60847,0
60848,0
60849,0
60850,1
60851,1
60852,0
60853,0
60854,0
60855,0
60856,1
60857,0
60858,0
60859,0
60860,0
60861,1
60862,1
60863,0
60864,0
60865,0
60866,0
60867,0
60868,0
60869,0
60870,1
60871,0
60872,1
60873,1
60874,0
60875,1
60876,1
60877,0
60878,0
60879,0
60880,0
60881,0
60882,0
60883,0
60884,0
60885,1
60886,0
60887,1
60888,1
60889,1
60890,0
60891,1
60892,0
60893,1
60894,1
60895,0
60896,0
60897,1
60898,0
60899,1
60900,1
60901,0
60902,0
60903,1
60904,0
60905,1
60906,0
60907,0
60908,1
60909,1
60910,0
60911,1
60912,0
60913,0
60914,0
60915,1
60916,1
60917,0
60918,0
60919,0
60920,1
60921,1
60922,0
60923,1
60924,0
60925,0
60926,0
60927,0
60928,1
60929,1
60930,0
60931,0
60932,0
60933,0
60934,0
60935,0
60936,0
60937,1
60938,1
60939,1
60940,0
60941,0
60942,0
60943,0
60944,0
60945,0
60946,0
60947,1
60948,0
60949,1
60950,0
60951,0
60952,0
60953,1
60954,0
60955,0
60956,0
60957,0
60958,1
60959,0
60960,0
60961,1
60962,0
60963,0
60964,0
60965,1
60966,1
60967,0
60968,0
60969,0
60970,0
60971,0
60972,1
60973,1
60974,0
60975,1
60976,0
60977,0
60978,0
60979,0
60980,0
60981,0
60982,1
60983,1
60984,0
60985,1
60986,0
60987,0
60988,1
60989,0
60990,0
60991,1
60992,0
60993,1
60994,0
60995,0
60996,0
60997,0
60998,1
60999,1
61000,1
61001,1
61002,0
61003,1
61004,1
61005,0
61006,1
61007,1
61008,0
61009,0
61010,1
61011,0
61012,0
61013,0
61014,0
61015,0
61016,1
61017,1
61018,0
61019,0
61020,0
61021,0
61022,0
61023,1
61024,0
61025,0
61026,0
61027,0
61028,0
61029,1
61030,1
61031,0
61032,0
61033,1
61034,1
61035,0
61036,0
61037,1
61038,1
61039,0
61040,0
61041,0
61042,0
61043,0
61044,0
61045,0
61046,1
61047,0
61048,1
61049,0
61050,0
61051,0
61052,1
61053,0
61054,1
61055,0
61056,0
61057,0
61058,0
61059,0
61060,1
61061,0
61062,1
61063,1
61064,1
61065,0
61066,0
61067,0
61068,0
61069,0
61070,0
61071,1
61072,1
61073,1
61074,0
61075,1
61076,0
61077,1
61078,0
61079,0
61080,0
61081,1
61082,1
61083,1
61084,1
61085,0
61086,1
61087,1
61088,0
61089,0
61090,0
61091,1
61092,0
61093,0
61094,1
61095,0
61096,0
61097,0
61098,1
61099,0
61100,0
61101,0
61102,0
61103,0
61104,0
61105,0
61106,0
61107,1
61108,0
61109,0
61110,0
61111,0
61112,0
61113,0
61114,0
61115,0
61116,0
61117,0
61118,1
61119,0
61120,0
61121,1
61122,0
61123,0
61124,1
61125,0
61126,1
61127,0
61128,0
61129,1
61130,0
61131,0
61132,0
61133,1
61134,0
61135,0
61136,0
61137,0
61138,0
61139,0
61140,0
61141,1
61142,1
61143,1
61144,1
61145,1
61146,1
61147,1
61148,0
61149,1
61150,0
61151,0
61152,0
61153,0
61154,0
61155,0
61156,0
61157,0
61158,0
61159,1
61160,1
61161,0
61162,0
61163,0
61164,0
61165,0
61166,0
61167,1
61168,1
61169,0
61170,1
61171,1
61172,0
61173,1
61174,0
61175,1
61176,1
61177,1
61178,0
61179,1
61180,1
61181,1
61182,1
61183,0
61184,0
61185,0
61186,0
61187,0
61188,0
61189,1
61190,0
61191,0
61192,0
61193,1
61194,0
61195,0
61196,1
61197,0
61198,1
61199,0
61200,0
61201,1
61202,1
61203,0
61204,0
61205,0
61206,1
61207,0
61208,0
61209,0
61210,0
61211,0
61212,0
61213,0
61214,1
61215,0
61216,0
61217,0
61218,1
61219,0
61220,0
61221,0
61222,0
61223,0
61224,1
61225,0
61226,0
61227,1
61228,0
61229,0
61230,1
61231,0
61232,0
61233,1
61234,0
61235,1
61236,0
61237,0
61238,0
61239,1
61240,1
61241,0
61242,0
61243,0
61244,0
61245,0
61246,0
61247,0
61248,0
61249,0
61250,0
61251,1
61252,0
61253,1
61254,1
61255,0
61256,0
61257,0
61258,1
61259,0
61260,0
61261,1
61262,0
61263,0
61264,1
61265,0
61266,1
61267,0
61268,1
61269,1
61270,1
61271,0
61272,1
61273,1
61274,0
61275,0
61276,0
61277,1
61278,0
61279,0
61280,1
61281,1
61282,0
61283,0
61284,0
61285,0
61286,0
61287,0
61288,1
61289,0
61290,0
61291,1
61292,1
61293,1
61294,1
61295,0
61296,0
61297,0
61298,0
61299,0
61300,0
61301,0
61302,0
61303,0
61304,1
61305,1
61306,1
61307,1
61308,1
61309,0
61310,0
61311,1
61312,0
61313,0
61314,0
61315,1
61316,0
61317,0
61318,1
61319,1
61320,0
61321,0
61322,1
61323,1
61324,1
61325,1
61326,0
61327,0
61328,1
61329,0
61330,1
61331,0
61332,0
61333,0
61334,1
61335,1
61336,0
61337,0
61338,0
61339,1
61340,1
61341,1
61342,1
61343,0
61344,1
61345,1
61346,0
61347,0
61348,0
61349,1
61350,1
61351,0
61352,0
61353,1
61354,0
61355,0
61356,0
61357,0
61358,0
61359,1
61360,1
61361,0
61362,1
61363,0
61364,1
61365,1
61366,1
61367,0
61368,0
61369,0
61370,1
61371,0
61372,0
61373,0
61374,0
61375,1
61376,1
61377,1
61378,0
61379,0
61380,1
61381,0
61382,0
61383,0
61384,0
61385,1
61386,0
61387,0
61388,0
61389,0
61390,1
61391,1
61392,1
61393,0
61394,1
61395,1
61396,1
61397,0
61398,0
61399,1
61400,1
61401,0
61402,0
61403,0
61404,1
61405,0
61406,0
61407,0
61408,0
61409,0
61410,0
61411,1
61412,1
61413,0
61414,0
61415,0
61416,1
61417,1
61418,0
61419,1
61420,1
61421,0
61422,0
61423,0
61424,0
61425,0
61426,0
61427,1
61428,1
61429,0
61430,0
61431,0
61432,1
61433,0
61434,1
61435,0
61436,0
61437,0
61438,1
61439,0
61440,0
61441,0
61442,0
61443,1
61444,0
61445,1
61446,1
61447,1
61448,1
61449,0
61450,1
61451,1
61452,0
61453,0
61454,0
61455,1
61456,0
61457,0
61458,0
61459,0
61460,0
61461,0
61462,0
61463,0
61464,0
61465,0
61466,0
61467,0
61468,0
61469,1
61470,0
61471,0
61472,0
61473,0
61474,0
61475,0
61476,0
61477,1
61478,1
61479,0
61480,1
61481,0
61482,0
61483,1
61484,0
61485,0
61486,1
61487,1
61488,1
61489,0
61490,0
61491,0
61492,1
61493,0
61494,0
61495,0
61496,1
61497,0
61498,0
61499,0
61500,1
61501,0
61502,1
61503,0
61504,1
61505,0
61506,0
61507,1
61508,0
61509,0
61510,0
61511,0
61512,1
61513,0
61514,0
61515,0
61516,0
61517,0
61518,0
61519,0
61520,1
61521,0
61522,1
61523,1
61524,1
61525,0
61526,1
61527,1
61528,0
61529,0
61530,1
61531,0
61532,1
61533,0
61534,0
61535,1
61536,0
61537,0
61538,1
61539,0
61540,0
61541,0
61542,1
61543,1
61544,1
61545,1
61546,0
61547,1
61548,1
61549,0
61550,0
61551,1
61552,1
61553,0
61554,1
61555,1
61556,0
61557,0
61558,0
61559,0
61560,1
61561,1
61562,0
61563,0
61564,0
61565,0
61566,0
61567,0
61568,1
61569,0
61570,0
61571,0
61572,1
61573,1
61574,0
61575,0
61576,0
61577,0
61578,0
61579,0
61580,0
61581,1
61582,0
61583,1
61584,0
61585,0
61586,0
61587,0
61588,0
61589,1
61590,1
61591,0
61592,0
61593,0
61594,1
61595,0
61596,0
61597,0
61598,0
61599,0
61600,1
61601,0
61602,0
61603,0
61604,1
61605,0
61606,1
61607,1
61608,0
61609,0
61610,1
61611,1
61612,0
61613,1
61614,0
61615,0
61616,0
61617,1
61618,1
61619,1
61620,1
61621,1
61622,0
61623,0
61624,0
61625,1
61626,1
61627,1
61628,0
61629,1
61630,0
61631,0
61632,0
61633,0
61634,0
61635,0
61636,1
61637,1
61638,1
61639,1
61640,0
61641,0
61642,1
61643,0
61644,0
61645,1
61646,1
61647,0
61648,0
61649,0
61650,1
61651,0
61652,1
61653,0
61654,0
61655,1
61656,0
61657,1
61658,0
61659,0
61660,1
61661,0
61662,0
61663,0
61664,1
61665,0
61666,1
61667,0
61668,1
61669,0
61670,0
61671,0
61672,1
61673,1
61674,0
61675,0
61676,0
61677,1
61678,0
61679,1
61680,0
61681,1
61682,1
61683,1
61684,0
61685,0
61686,0
61687,0
61688,1
61689,0
61690,0
61691,0
61692,0
61693,0
61694,0
61695,0
61696,1
61697,0
61698,0
61699,0
61700,1
61701,1
61702,0
61703,0
61704,0
61705,0
61706,0
61707,1
61708,0
61709,1
61710,0
61711,0
61712,0
61713,0
61714,0
61715,0
61716,1
61717,1
61718,0
61719,0
61720,0
61721,0
61722,1
61723,1
61724,0
61725,0
61726,1
61727,0
61728,0
61729,1
61730,0
61731,0
61732,1
61733,0
61734,0
61735,0
61736,0
61737,0
61738,0
61739,1
61740,1
61741,0
61742,0
61743,0
61744,0
61745,1
61746,1
61747,0
61748,0
61749,0
61750,1
61751,0
61752,0
61753,1
61754,1
61755,0
61756,0
61757,1
61758,0
61759,0
61760,1
61761,0
61762,0
61763,0
61764,1
61765,1
61766,0
61767,1
61768,1
61769,0
61770,0
61771,0
61772,0
61773,0
61774,0
61775,0
61776,0
61777,0
61778,0
61779,1
61780,1
61781,0
61782,1
61783,0
61784,0
61785,0
61786,0
61787,0
61788,0
61789,0
61790,0
61791,0
61792,1
61793,1
61794,0
61795,0
61796,1
61797,1
61798,0
61799,0
61800,1
61801,0
61802,0
61803,1
61804,0
61805,1
61806,0
61807,0
61808,0
61809,1
61810,0
61811,0
61812,0
61813,1
61814,0
61815,0
61816,0
61817,1
61818,1
61819,0
61820,1
61821,1
61822,0
61823,0
61824,0
61825,0
61826,1
61827,0
61828,1
61829,1
61830,1
61831,0
61832,0
61833,0
61834,1
61835,0
61836,0
61837,0
61838,0
61839,0
61840,1
61841,0
61842,0
61843,0
61844,0
61845,0
61846,0
61847,0
61848,0
61849,0
61850,0
61851,1
61852,1
61853,0
61854,1
61855,0
61856,0
61857,1
61858,1
61859,0
61860,0
61861,1
61862,0
61863,0
61864,0
61865,0
61866,1
61867,1
61868,0
61869,0
61870,1
61871,0
61872,1
61873,0
61874,1
61875,0
61876,0
61877,0
61878,0
61879,0
61880,1
61881,1
61882,1
61883,0
61884,1
61885,1
61886,1
61887,0
61888,0
61889,0
61890,0
61891,0
61892,0
61893,0
61894,1
61895,0
61896,0
61897,0
61898,1
61899,1
61900,1
61901,1
61902,0
61903,1
61904,0
61905,0
61906,0
61907,0
61908,0
61909,1
61910,1
61911,0
61912,1
61913,0
61914,0
61915,0
61916,0
61917,0
61918,0
61919,1
61920,1
61921,0
61922,0
61923,0
61924,1
61925,0
61926,0
61927,0
61928,0
61929,0
61930,0
61931,1
61932,0
61933,1
61934,0
61935,0
61936,0
61937,0
61938,0
61939,0
61940,0
61941,1
61942,1
61943,0
61944,0
61945,0
61946,0
61947,0
61948,0
61949,1
61950,1
61951,0
61952,0
61953,0
61954,1
61955,0
61956,0
61957,1
61958,0
61959,1
61960,0
61961,0
61962,0
61963,0
61964,0
61965,1
61966,0
61967,0
61968,0
61969,0
61970,1
61971,1
61972,0
61973,0
61974,0
61975,0
61976,1
61977,0
61978,1
61979,0
61980,0
61981,0
61982,0
61983,1
61984,0
61985,0
61986,0
61987,0
61988,0
61989,0
61990,1
61991,1
61992,1
61993,0
61994,0
61995,1
61996,0
61997,0
61998,1
61999,0
62000,1
62001,0
62002,0
62003,0
62004,0
62005,0
62006,0
62007,1
62008,0
62009,1
62010,1
62011,1
62012,1
62013,1
62014,0
62015,0
62016,1
62017,0
62018,0
62019,1
62020,1
62021,0
62022,1
62023,1
62024,0
62025,0
62026,1
62027,0
62028,1
62029,1
62030,0
62031,1
62032,0
62033,0
62034,1
62035,0
62036,1
62037,1
62038,1
62039,0
62040,0
62041,0
62042,0
62043,0
62044,0
62045,0
62046,1
62047,1
62048,0
62049,1
62050,0
62051,0
62052,1
62053,0
62054,1
62055,1
62056,0
62057,0
62058,0
62059,0
62060,0
62061,1
62062,0
62063,1
62064,0
62065,0
62066,0
62067,1
62068,0
62069,0
62070,1
62071,0
62072,1
62073,0
62074,0
62075,0
62076,1
62077,0
62078,0
62079,0
62080,0
62081,0
62082,0
62083,0
62084,0
62085,0
62086,0
62087,0
62088,1
62089,0
62090,0
62091,0
62092,0
62093,0
62094,0
62095,0
62096,0
62097,1
62098,1
62099,1
62100,0
62101,1
62102,1
62103,1
62104,0
62105,0
62106,0
62107,0
62108,0
62109,0
62110,1
62111,0
62112,0
62113,1
62114,0
62115,0
62116,1
62117,0
62118,0
62119,0
62120,0
62121,0
62122,0
62123,0
62124,1
62125,0
62126,1
62127,1
62128,1
62129,0
62130,0
62131,0
62132,0
62133,0
62134,0
62135,0
62136,0
62137,1
62138,0
62139,1
62140,0
62141,1
62142,0
62143,1
62144,0
62145,0
62146,0
62147,1
62148,1
62149,1
62150,1
62151,1
62152,0
62153,0
62154,0
62155,1
62156,1
62157,1
62158,1
62159,1
62160,0
62161,0
62162,1
62163,0
62164,0
62165,0
62166,1
62167,0
62168,1
62169,0
62170,1
62171,0
62172,0
62173,0
62174,0
62175,0
62176,0
62177,0
62178,0
62179,0
62180,1
62181,1
62182,1
62183,0
62184,0
62185,0
62186,0
62187,1
62188,0
62189,0
62190,1
62191,0
62192,0
62193,1
62194,0
62195,0
62196,0
62197,1
62198,0
62199,0
62200,1
62201,1
62202,1
62203,0
62204,0
62205,0
62206,0
62207,0
62208,1
62209,0
62210,1
62211,0
62212,0
62213,1
62214,1
62215,0
62216,0
62217,0
62218,1
62219,0
62220,1
62221,0
62222,0
62223,0
62224,0
62225,0
62226,1
62227,0
62228,1
62229,1
62230,0
62231,0
62232,0
62233,0
62234,1
62235,0
62236,0
62237,1
62238,0
62239,0
62240,1
62241,1
62242,1
62243,0
62244,0
62245,0
62246,1
62247,0
62248,0
62249,0
62250,0
62251,0
62252,0
62253,0
62254,1
62255,0
62256,0
62257,1
62258,0
62259,1
62260,1
62261,1
62262,1
62263,1
62264,1
62265,1
62266,0
62267,0
62268,0
62269,1
62270,0
62271,0
62272,0
62273,0
62274,0
62275,0
62276,0
62277,0
62278,0
62279,0
62280,0
62281,0
62282,1
62283,0
62284,1
62285,1
62286,0
62287,1
62288,0
62289,0
62290,1
62291,0
62292,0
62293,0
62294,0
62295,0
62296,1
62297,0
62298,1
62299,0
62300,0
62301,0
62302,0
62303,0
62304,0
62305,1
62306,0
62307,1
62308,0
62309,0
62310,0
62311,0
62312,0
62313,0
62314,0
62315,1
62316,0
62317,1
62318,1
62319,1
62320,0
62321,0
62322,0
62323,1
62324,1
62325,1
62326,1
62327,1
62328,0
62329,0
62330,1
62331,0
62332,0
62333,0
62334,0
62335,1
62336,0
62337,0
62338,1
62339,0
62340,0
62341,0
62342,0
62343,1
62344,0
62345,1
62346,0
62347,1
62348,1
62349,1
62350,0
62351,0
62352,0
62353,0
62354,1
62355,0
62356,1
62357,0
62358,0
62359,0
62360,1
62361,0
62362,0
62363,1
62364,0
62365,1
62366,1
62367,0
62368,0
62369,1
62370,0
62371,1
62372,1
62373,1
62374,1
62375,0
62376,0
62377,1
62378,0
62379,0
62380,1
62381,0
62382,0
62383,1
62384,1
62385,0
62386,0
62387,1
62388,1
62389,1
62390,1
62391,1
62392,1
62393,0
62394,0
62395,0
62396,0
62397,1
62398,0
62399,0
62400,0
62401,0
62402,0
62403,0
62404,1
62405,0
62406,0
62407,0
62408,0
62409,0
62410,1
62411,0
62412,1
62413,0
62414,0
62415,1
62416,1
62417,0
62418,0
62419,0
62420,1
62421,1
62422,0
62423,0
62424,1
62425,0
62426,0
62427,1
62428,1
62429,1
62430,1
62431,1
62432,1
62433,0
62434,1
62435,1
62436,0
62437,1
62438,0
62439,0
62440,0
62441,0
62442,0
62443,0
62444,0
62445,1
62446,1
62447,0
62448,0
62449,1
62450,1
62451,0
62452,1
62453,0
62454,1
62455,0
62456,0
62457,1
62458,1
62459,0
62460,1
62461,1
62462,1
62463,0
62464,0
62465,1
62466,0
62467,0
62468,0
62469,0
62470,0
62471,1
62472,1
62473,1
62474,1
62475,1
62476,0
62477,0
62478,0
62479,0
62480,1
62481,0
62482,0
62483,0
62484,1
62485,0
62486,0
62487,0
62488,0
62489,1
62490,0
62491,0
62492,0
62493,1
62494,1
62495,1
62496,1
62497,0
62498,1
62499,0
62500,1
62501,1
62502,1
62503,0
62504,0
62505,0
62506,0
62507,1
62508,0
62509,0
62510,0
62511,0
62512,0
62513,0
62514,0
62515,0
62516,1
62517,1
62518,0
62519,0
62520,0
62521,0
62522,1
62523,0
62524,1
62525,0
62526,0
62527,0
62528,0
62529,1
62530,0
62531,1
62532,0
62533,0
62534,0
62535,0
62536,0
62537,0
62538,1
62539,0
62540,0
62541,0
62542,0
62543,1
62544,0
62545,0
62546,0
62547,0
62548,0
62549,0
62550,1
62551,1
62552,0
62553,0
62554,0
62555,0
62556,0
62557,1
62558,1
62559,1
62560,0
62561,0
62562,0
62563,0
62564,0
62565,0
62566,0
62567,0
62568,1
62569,0
62570,1
62571,0
62572,0
62573,0
62574,0
62575,0
62576,1
62577,0
62578,1
62579,0
62580,0
62581,1
62582,1
62583,0
62584,0
62585,0
62586,1
62587,0
62588,0
62589,0
62590,1
62591,0
62592,0
62593,1
62594,0
62595,1
62596,0
62597,0
62598,0
62599,0
62600,0
62601,1
62602,1
62603,0
62604,1
62605,0
62606,1
62607,0
62608,1
62609,0
62610,1
62611,0
62612,0
62613,1
62614,0
62615,1
62616,0
62617,0
62618,1
62619,0
62620,0
62621,1
62622,0
62623,0
62624,0
62625,0
62626,0
62627,0
62628,0
62629,1
62630,1
62631,1
62632,1
62633,1
62634,1
62635,0
62636,0
62637,1
62638,0
62639,1
62640,0
62641,0
62642,1
62643,0
62644,0
62645,0
62646,0
62647,0
62648,0
62649,1
62650,0
62651,1
62652,1
62653,0
62654,0
62655,0
62656,1
62657,0
62658,0
62659,1
62660,1
62661,1
62662,0
62663,0
62664,0
62665,0
62666,1
62667,0
62668,0
62669,1
62670,1
62671,0
62672,0
62673,0
62674,0
62675,0
62676,1
62677,0
62678,0
62679,0
62680,0
62681,0
62682,1
62683,0
62684,0
62685,1
62686,0
62687,0
62688,0
62689,0
62690,0
62691,0
62692,0
62693,1
62694,1
62695,1
62696,1
62697,1
62698,1
62699,0
62700,0
62701,1
62702,0
62703,1
62704,1
62705,1
62706,0
62707,0
62708,1
62709,0
62710,0
62711,0
62712,0
62713,0
62714,0
62715,1
62716,0
62717,0
62718,0
62719,1
62720,1
62721,1
62722,0
62723,0
62724,0
62725,0
62726,1
62727,0
62728,1
62729,0
62730,0
62731,1
62732,0
62733,0
62734,1
62735,0
62736,0
62737,0
62738,0
62739,1
62740,0
62741,1
62742,0
62743,0
62744,0
62745,1
62746,1
62747,0
62748,0
62749,1
62750,0
62751,1
62752,0
62753,1
62754,0
62755,1
62756,1
62757,0
62758,0
62759,1
62760,0
62761,0
62762,1
62763,1
62764,0
62765,0
62766,0
62767,0
62768,0
62769,0
62770,1
62771,0
62772,0
62773,1
62774,0
62775,0
62776,0
62777,1
62778,0
62779,0
62780,0
62781,0
62782,0
62783,0
62784,1
62785,0
62786,0
62787,1
62788,1
62789,1
62790,0
62791,1
62792,0
62793,0
62794,0
62795,0
62796,0
62797,0
62798,0
62799,0
62800,0
62801,0
62802,1
62803,1
62804,0
62805,1
62806,0
62807,0
62808,0
62809,0
62810,0
62811,0
62812,0
62813,1
62814,0
62815,1
62816,1
62817,0
62818,0
62819,1
62820,1
62821,0
62822,0
62823,0
62824,0
62825,1
62826,1
62827,0
62828,0
62829,1
62830,1
62831,0
62832,0
62833,0
62834,1
62835,0
62836,0
62837,1
62838,1
62839,0
62840,0
62841,0
62842,0
62843,0
62844,0
62845,0
62846,0
62847,0
62848,0
62849,0
62850,1
62851,0
62852,0
62853,0
62854,0
62855,0
62856,1
62857,0
62858,0
62859,0
62860,0
62861,0
62862,0
62863,1
62864,0
62865,0
62866,1
62867,0
62868,0
62869,1
62870,0
62871,1
62872,0
62873,0
62874,0
62875,1
62876,1
62877,0
62878,0
62879,0
62880,1
62881,0
62882,0
62883,1
62884,0
62885,1
62886,1
62887,0
62888,0
62889,0
62890,0
62891,1
62892,0
62893,0
62894,0
62895,1
62896,0
62897,0
62898,1
62899,0
62900,0
62901,0
62902,0
62903,0
62904,0
62905,0
62906,0
62907,0
62908,1
62909,1
62910,1
62911,0
62912,1
62913,0
62914,0
62915,1
62916,0
62917,0
62918,0
62919,1
62920,0
62921,0
62922,0
62923,0
62924,0
62925,0
62926,0
62927,1
62928,0
62929,0
62930,1
62931,0
62932,0
62933,0
62934,0
62935,1
62936,0
62937,0
62938,0
62939,0
62940,0
62941,1
62942,1
62943,0
62944,1
62945,0
62946,0
62947,0
62948,1
62949,1
62950,0
62951,1
62952,0
62953,0
62954,0
62955,1
62956,0
62957,0
62958,0
62959,0
62960,0
62961,1
62962,0
62963,1
62964,0
62965,0
62966,0
62967,0
62968,0
62969,0
62970,1
62971,0
62972,0
62973,0
62974,0
62975,0
62976,1
62977,0
62978,0
62979,0
62980,0
62981,0
62982,0
62983,0
62984,0
62985,1
62986,0
62987,1
62988,1
62989,1
62990,1
62991,0
62992,0
62993,1
62994,1
62995,0
62996,0
62997,1
62998,0
62999,0
63000,1
63001,1
63002,0
63003,0
63004,1
63005,0
63006,0
63007,1
63008,0
63009,1
63010,1
63011,1
63012,0
63013,1
63014,1
63015,0
63016,1
63017,1
63018,1
63019,0
63020,0
63021,0
63022,0
63023,0
63024,1
63025,1
63026,1
63027,0
63028,0
63029,0
63030,0
63031,1
63032,0
63033,1
63034,0
63035,0
63036,0
63037,1
63038,0
63039,1
63040,1
63041,0
63042,0
63043,0
63044,1
63045,0
63046,1
63047,0
63048,0
63049,1
63050,0
63051,1
63052,0
63053,0
63054,1
63055,0
63056,0
63057,0
63058,0
63059,0
63060,1
63061,0
63062,1
63063,1
63064,0
63065,1
63066,0
63067,1
63068,1
63069,0
63070,0
63071,1
63072,0
63073,1
63074,0
63075,0
63076,0
63077,1
63078,0
63079,1
63080,0
63081,0
63082,0
63083,0
63084,0
63085,0
63086,0
63087,0
63088,0
63089,0
63090,0
63091,0
63092,1
63093,0
63094,0
63095,0
63096,0
63097,1
63098,1
63099,0
63100,1
63101,1
63102,1
63103,0
63104,0
63105,1
63106,0
63107,0
63108,0
63109,0
63110,0
63111,1
63112,0
63113,0
63114,1
63115,1
63116,1
63117,0
63118,1
63119,1
63120,0
63121,0
63122,0
63123,1
63124,0
63125,0
63126,0
63127,0
63128,0
63129,0
63130,0
63131,1
63132,0
63133,0
63134,0
63135,0
63136,1
63137,1
63138,1
63139,0
63140,1
63141,1
63142,0
63143,1
63144,0
63145,0
63146,0
63147,0
63148,0
63149,0
63150,0
63151,0
63152,1
63153,1
63154,1
63155,1
63156,1
63157,0
63158,0
63159,0
63160,0
63161,1
63162,0
63163,1
63164,0
63165,1
63166,0
63167,0
63168,0
63169,1
63170,1
63171,1
63172,0
63173,1
63174,1
63175,0
63176,1
63177,1
63178,1
63179,1
63180,0
63181,1
63182,0
63183,0
63184,1
63185,0
63186,1
63187,1
63188,1
63189,1
63190,0
63191,1
63192,0
63193,1
63194,0
63195,0
63196,0
63197,0
63198,1
63199,1
63200,1
63201,1
63202,1
63203,0
63204,0
63205,0
63206,1
63207,0
63208,0
63209,1
63210,1
63211,0
63212,1
63213,0
63214,1
63215,0
63216,0
63217,1
63218,0
63219,0
63220,1
63221,0
63222,1
63223,0
63224,1
63225,0
63226,1
63227,0
63228,0
63229,1
63230,1
63231,0
63232,0
63233,0
63234,0
63235,0
63236,0
63237,0
63238,1
63239,0
63240,1
63241,0
63242,0
63243,0
63244,1
63245,1
63246,0
63247,0
63248,0
63249,0
63250,1
63251,1
63252,0
63253,1
63254,1
63255,0
63256,1
63257,0
63258,1
63259,0
63260,0
63261,1
63262,1
63263,1
63264,0
63265,0
63266,0
63267,0
63268,0
63269,1
63270,1
63271,0
63272,1
63273,0
63274,1
63275,0
63276,0
63277,0
63278,0
63279,1
63280,0
63281,1
63282,1
63283,0
63284,0
63285,0
63286,0
63287,1
63288,1
63289,0
63290,1
63291,1
63292,0
63293,0
63294,0
63295,0
63296,1
63297,0
63298,0
63299,1
63300,1
63301,1
63302,1
63303,0
63304,1
63305,0
63306,1
63307,0
63308,0
63309,1
63310,0
63311,1
63312,1
63313,1
63314,1
63315,0
63316,1
63317,0
63318,0
63319,1
63320,1
63321,0
63322,1
63323,1
63324,1
63325,1
63326,0
63327,1
63328,0
63329,0
63330,0
63331,1
63332,1
63333,1
63334,1
63335,0
63336,1
63337,0
63338,0
63339,0
63340,0
63341,0
63342,0
63343,0
63344,0
63345,0
63346,1
63347,1
63348,1
63349,0
63350,0
63351,1
63352,0
63353,0
63354,0
63355,0
63356,1
63357,0
63358,0
63359,1
63360,0
63361,0
63362,0
63363,0
63364,1
63365,1
63366,0
63367,1
63368,1
63369,1
63370,0
63371,0
63372,0
63373,0
63374,1
63375,0
63376,1
63377,1
63378,1
63379,0
63380,0
63381,0
63382,0
63383,0
63384,0
63385,0
63386,0
63387,1
63388,1
63389,0
63390,0
63391,1
63392,0
63393,0
63394,0
63395,1
63396,1
63397,1
63398,0
63399,0
63400,0
63401,1
63402,0
63403,0
63404,0
63405,1
63406,1
63407,0
63408,1
63409,0
63410,0
63411,0
63412,0
63413,0
63414,1
63415,0
63416,0
63417,1
63418,0
63419,0
63420,1
63421,0
63422,1
63423,1
63424,1
63425,0
63426,1
63427,0
63428,0
63429,1
63430,0
63431,0
63432,0
63433,1
63434,0
63435,0
63436,0
63437,0
63438,0
63439,1
63440,0
63441,1
63442,0
63443,0
63444,0
63445,0
63446,1
63447,0
63448,0
63449,1
63450,0
63451,1
63452,0
63453,0
63454,1
63455,0
63456,0
63457,0
63458,0
63459,0
63460,0
63461,0
63462,0
63463,1
63464,0
63465,1
63466,0
63467,1
63468,0
63469,0
63470,0
63471,0
63472,0
63473,1
63474,1
63475,1
63476,1
63477,0
63478,0
63479,0
63480,1
63481,0
63482,1
63483,1
63484,1
63485,0
63486,0
63487,1
63488,0
63489,0
63490,0
63491,0
63492,0
63493,0
63494,0
63495,1
63496,0
63497,1
63498,1
63499,0
63500,0
63501,0
63502,0
63503,1
63504,0
63505,0
63506,1
63507,1
63508,1
63509,0
63510,0
63511,0
63512,1
63513,1
63514,0
63515,0
63516,0
63517,0
63518,0
63519,1
63520,1
63521,0
63522,0
63523,0
63524,0
63525,1
63526,0
63527,1
63528,0
63529,0
63530,1
63531,0
63532,1
63533,1
63534,0
63535,1
63536,0
63537,0
63538,1
63539,0
63540,0
63541,0
63542,0
63543,0
63544,0
63545,0
63546,1
63547,1
63548,0
63549,0
63550,1
63551,1
63552,0
63553,0
63554,0
63555,1
63556,0
63557,1
63558,0
63559,0
63560,0
63561,0
63562,1
63563,1
63564,1
63565,1
63566,0
63567,1
63568,0
63569,0
63570,0
63571,0
63572,0
63573,0
63574,0
63575,1
63576,1
63577,1
63578,0
63579,0
63580,0
63581,1
63582,0
63583,0
63584,1
63585,1
63586,1
63587,0
63588,1
63589,0
63590,1
63591,0
63592,1
63593,1
63594,0
63595,0
63596,0
63597,1
63598,0
63599,0
63600,1
63601,0
63602,1
63603,1
63604,1
63605,0
63606,0
63607,1
63608,1
63609,0
63610,1
63611,0
63612,0
63613,1
63614,0
63615,1
63616,1
63617,1
63618,0
63619,1
63620,0
63621,1
63622,0
63623,0
63624,0
63625,0
63626,0
63627,1
63628,1
63629,1
63630,0
63631,1
63632,0
63633,0
63634,1
63635,1
63636,0
63637,0
63638,0
63639,1
63640,0
63641,0
63642,0
63643,1
63644,0
63645,0
63646,0
63647,0
63648,0
63649,1
63650,1
63651,1
63652,0
63653,0
63654,1
63655,0
63656,0
63657,0
63658,1
63659,1
63660,0
63661,0
63662,1
63663,1
63664,0
63665,1
63666,0
63667,1
63668,0
63669,1
63670,0
63671,0
63672,0
63673,1
63674,0
63675,1
63676,1
63677,0
63678,0
63679,0
63680,0
63681,0
63682,1
63683,0
63684,1
63685,1
63686,0
63687,0
63688,0
63689,1
63690,0
63691,1
63692,0
63693,1
63694,1
63695,0
63696,0
63697,0
63698,1
63699,0
63700,0
63701,1
63702,0
63703,0
63704,1
63705,0
63706,0
63707,0
63708,0
63709,0
63710,0
63711,1
63712,0
63713,1
63714,1
63715,0
63716,0
63717,0
63718,0
63719,0
63720,0
63721,0
63722,1
63723,1
63724,0
63725,1
63726,0
63727,1
63728,0
63729,0
63730,1
63731,0
63732,1
63733,0
63734,1
63735,0
63736,1
63737,0
63738,1
63739,0
63740,0
63741,0
63742,0
63743,0
63744,1
63745,1
63746,0
63747,1
63748,1
63749,1
63750,0
63751,1
63752,1
63753,0
63754,1
63755,1
63756,1
63757,1
63758,0
63759,0
63760,1
63761,0
63762,0
63763,0
63764,0
63765,0
63766,0
63767,1
63768,0
63769,0
63770,0
63771,0
63772,1
63773,1
63774,0
63775,1
63776,0
63777,0
63778,1
63779,0
63780,1
63781,0
63782,0
63783,1
63784,0
63785,0
63786,0
63787,0
63788,0
63789,1
63790,0
63791,1
63792,0
63793,0
63794,0
63795,1
63796,1
63797,1
63798,0
63799,0
63800,0
63801,0
63802,1
63803,0
63804,0
63805,0
63806,1
63807,0
63808,0
63809,0
63810,1
63811,0
63812,0
63813,0
63814,0
63815,1
63816,1
63817,0
63818,1
63819,0
63820,1
63821,1
63822,1
63823,1
63824,1
63825,0
63826,0
63827,0
63828,0
63829,1
63830,0
63831,0
63832,1
63833,1
63834,0
63835,1
63836,1
63837,0
63838,1
63839,0
63840,0
63841,0
63842,0
63843,0
63844,0
63845,1
63846,0
63847,1
63848,0
63849,0
63850,1
63851,0
63852,0
63853,0
63854,1
63855,0
63856,1
63857,0
63858,1
63859,0
63860,0
63861,1
63862,0
63863,0
63864,1
63865,1
63866,0
63867,0
63868,1
63869,1
63870,0
63871,1
63872,1
63873,1
63874,1
63875,0
63876,1
63877,1
63878,0
63879,0
63880,1
63881,0
63882,1
63883,1
63884,1
63885,0
63886,1
63887,0
63888,0
63889,0
63890,1
63891,0
63892,0
63893,1
63894,1
63895,1
63896,1
63897,0
63898,0
63899,1
63900,0
63901,0
63902,0
63903,0
63904,0
63905,1
63906,0
63907,0
63908,1
63909,1
63910,1
63911,1
63912,1
63913,0
63914,0
63915,0
63916,0
63917,1
63918,0
63919,0
63920,1
63921,1
63922,0
63923,0
63924,0
63925,0
63926,0
63927,0
63928,0
63929,1
63930,1
63931,0
63932,0
63933,1
63934,1
63935,1
63936,0
63937,0
63938,0
63939,0
63940,0
63941,0
63942,1
63943,1
63944,1
63945,1
63946,1
63947,0
63948,1
63949,0
63950,1
63951,0
63952,0
63953,1
63954,1
63955,1
63956,0
63957,0
63958,1
63959,1
63960,0
63961,0
63962,1
63963,0
63964,1
63965,0
63966,0
63967,0
63968,1
63969,0
63970,0
63971,1
63972,0
63973,0
63974,1
63975,0
63976,0
63977,1
63978,0
63979,1
63980,0
63981,1
63982,0
63983,0
63984,0
63985,0
63986,0
63987,0
63988,1
63989,0
63990,0
63991,0
63992,0
63993,0
63994,0
63995,1
63996,0
63997,1
63998,1
63999,1
64000,1
64001,1
64002,0
64003,1
64004,0
64005,0
64006,0
64007,1
64008,0
64009,0
64010,0
64011,0
64012,0
64013,0
64014,0
64015,0
64016,1
64017,0
64018,0
64019,0
64020,0
64021,0
64022,0
64023,0
64024,0
64025,0
64026,0
64027,0
64028,1
64029,0
64030,1
64031,0
64032,0
64033,1
64034,0
64035,0
64036,0
64037,1
64038,1
64039,0
64040,0
64041,1
64042,0
64043,1
64044,0
64045,1
64046,0
64047,0
64048,1
64049,0
64050,0
64051,0
64052,1
64053,0
64054,0
64055,1
64056,1
64057,1
64058,1
64059,0
64060,0
64061,0
64062,0
64063,1
64064,0
64065,0
64066,0
64067,1
64068,0
64069,0
64070,0
64071,0
64072,1
64073,0
64074,1
64075,0
64076,0
64077,1
64078,0
64079,0
64080,0
64081,1
64082,0
64083,0
64084,1
64085,0
64086,0
64087,0
64088,0
64089,1
64090,0
64091,1
64092,0
64093,1
64094,0
64095,1
64096,1
64097,0
64098,1
64099,0
64100,0
64101,1
64102,0
64103,0
64104,0
64105,0
64106,0
64107,0
64108,0
64109,0
64110,0
64111,0
64112,0
64113,0
64114,0
64115,1
64116,1
64117,1
64118,0
64119,0
64120,0
64121,0
64122,0
64123,0
64124,0
64125,0
64126,0
64127,0
64128,1
64129,0
64130,0
64131,0
64132,0
64133,1
64134,1
64135,1
64136,0
64137,0
64138,1
64139,0
64140,0
64141,0
64142,1
64143,0
64144,0
64145,1
64146,0
64147,1
64148,1
64149,0
64150,0
64151,1
64152,0
64153,1
64154,0
64155,0
64156,1
64157,1
64158,0
64159,0
64160,1
64161,0
64162,1
64163,1
64164,1
64165,1
64166,0
64167,1
64168,1
64169,0
64170,1
64171,0
64172,0
64173,1
64174,0
64175,1
64176,0
64177,0
64178,1
64179,0
64180,0
64181,0
64182,0
64183,1
64184,0
64185,1
64186,1
64187,0
64188,0
64189,1
64190,0
64191,0
64192,1
64193,0
64194,0
64195,0
64196,0
64197,0
64198,0
64199,1
64200,0
64201,0
64202,1
64203,0
64204,1
64205,0
64206,1
64207,0
64208,0
64209,1
64210,0
64211,0
64212,0
64213,1
64214,0
64215,0
64216,1
64217,0
64218,1
64219,0
64220,1
64221,1
64222,0
64223,1
64224,0
64225,1
64226,1
64227,0
64228,0
64229,1
64230,0
64231,0
64232,0
64233,1
64234,1
64235,0
64236,1
64237,0
64238,1
64239,0
64240,1
64241,1
64242,0
64243,0
64244,0
64245,0
64246,0
64247,1
64248,1
64249,0
64250,0
64251,0
64252,0
64253,0
64254,0
64255,1
64256,0
64257,0
64258,0
64259,0
64260,1
64261,0
64262,1
64263,0
64264,1
64265,0
64266,0
64267,0
64268,0
64269,0
64270,1
64271,0
64272,1
64273,0
64274,0
64275,0
64276,1
64277,0
64278,0
64279,0
64280,0
64281,0
64282,0
64283,1
64284,0
64285,0
64286,0
64287,0
64288,0
64289,0
64290,0
64291,0
64292,0
64293,0
64294,0
64295,0
64296,1
64297,0
64298,0
64299,0
64300,1
64301,0
64302,0
64303,0
64304,0
64305,0
64306,1
64307,1
64308,1
64309,0
64310,1
64311,0
64312,0
64313,0
64314,0
64315,0
64316,0
64317,0
64318,0
64319,0
64320,0
64321,1
64322,0
64323,1
64324,1
64325,0
64326,1
64327,0
64328,0
64329,1
64330,1
64331,1
64332,0
64333,0
64334,1
64335,0
64336,0
64337,0
64338,0
64339,0
64340,1
64341,0
64342,0
64343,0
64344,0
64345,0
64346,1
64347,1
64348,0
64349,0
64350,0
64351,0
64352,1
64353,0
64354,0
64355,1
64356,0
64357,0
64358,0
64359,0
64360,0
64361,0
64362,0
64363,0
64364,0
64365,1
64366,0
64367,1
64368,0
64369,1
64370,1
64371,1
64372,0
64373,0
64374,0
64375,0
64376,0
64377,0
64378,1
64379,0
64380,0
64381,0
64382,0
64383,0
64384,0
64385,1
64386,1
64387,0
64388,0
64389,1
64390,0
64391,1
64392,0
64393,1
64394,0
64395,0
64396,0
64397,0
64398,0
64399,1
64400,0
64401,1
64402,0
64403,0
64404,0
64405,0
64406,1
64407,0
64408,0
64409,1
64410,0
64411,0
64412,1
64413,1
64414,0
64415,1
64416,1
64417,0
64418,1
64419,0
64420,1
64421,0
64422,1
64423,1
64424,0
64425,0
64426,0
64427,1
64428,0
64429,0
64430,0
64431,1
64432,1
64433,0
64434,1
64435,0
64436,0
64437,1
64438,0
64439,1
64440,1
64441,1
64442,0
64443,0
64444,0
64445,0
64446,0
64447,1
64448,1
64449,0
64450,0
64451,0
64452,1
64453,0
64454,0
64455,1
64456,1
64457,0
64458,0
64459,0
64460,0
64461,1
64462,0
64463,0
64464,0
64465,0
64466,0
64467,0
64468,0
64469,1
64470,1
64471,0
64472,0
64473,1
64474,0
64475,1
64476,0
64477,0
64478,0
64479,0
64480,0
64481,1
64482,0
64483,0
64484,0
64485,0
64486,0
64487,0
64488,0
64489,0
64490,0
64491,1
64492,0
64493,1
64494,0
64495,0
64496,1
64497,1
64498,0
64499,1
64500,0
64501,0
64502,0
64503,0
64504,1
64505,0
64506,0
64507,0
64508,0
64509,1
64510,1
64511,1
64512,1
64513,0
64514,0
64515,0
64516,0
64517,0
64518,0
64519,0
64520,0
64521,1
64522,0
64523,1
64524,1
64525,1
64526,1
64527,0
64528,0
64529,0
64530,0
64531,0
64532,0
64533,1
64534,0
64535,0
64536,0
64537,0
64538,1
64539,0
64540,0
64541,1
64542,0
64543,1
64544,0
64545,0
64546,0
64547,1
64548,1
64549,1
64550,0
64551,1
64552,0
64553,1
64554,0
64555,0
64556,0
64557,0
64558,1
64559,0
64560,0
64561,0
64562,0
64563,0
64564,0
64565,0
64566,1
64567,0
64568,0
64569,0
64570,1
64571,0
64572,1
64573,1
64574,0
64575,1
64576,0
64577,1
64578,0
64579,0
64580,0
64581,0
64582,0
64583,0
64584,0
64585,0
64586,1
64587,0
64588,0
64589,1
64590,0
64591,1
64592,0
64593,1
64594,0
64595,1
64596,0
64597,1
64598,0
64599,0
64600,1
64601,1
64602,1
64603,0
64604,1
64605,0
64606,0
64607,0
64608,0
64609,1
64610,0
64611,1
64612,0
64613,0
64614,0
64615,0
64616,1
64617,0
64618,0
64619,0
64620,0
64621,0
64622,0
64623,1
64624,1
64625,0
64626,1
64627,1
64628,0
64629,0
64630,0
64631,0
64632,0
64633,0
64634,0
64635,0
64636,1
64637,0
64638,0
64639,1
64640,1
64641,1
64642,0
64643,0
64644,1
64645,0
64646,1
64647,1
64648,0
64649,1
64650,1
64651,1
64652,0
64653,1
64654,1
64655,1
64656,0
64657,0
64658,0
64659,1
64660,0
64661,1
64662,0
64663,0
64664,0
64665,1
64666,1
64667,0
64668,1
64669,1
64670,0
64671,0
64672,0
64673,1
64674,0
64675,1
64676,1
64677,0
64678,0
64679,1
64680,0
64681,1
64682,0
64683,0
64684,0
64685,1
64686,0
64687,0
64688,0
64689,1
64690,0
64691,0
64692,0
64693,0
64694,0
64695,0
64696,1
64697,0
64698,0
64699,0
64700,0
64701,0
64702,0
64703,0
64704,0
64705,0
64706,0
64707,0
64708,0
64709,1
64710,0
64711,0
64712,1
64713,0
64714,1
64715,0
64716,0
64717,1
64718,1
64719,1
64720,1
64721,0
64722,0
64723,0
64724,0
64725,0
64726,1
64727,0
64728,1
64729,1
64730,0
64731,0
64732,0
64733,0
64734,1
64735,0
64736,1
64737,0
64738,0
64739,0
64740,1
64741,1
64742,0
64743,1
64744,1
64745,0
64746,1
64747,0
64748,0
64749,0
64750,1
64751,1
64752,1
64753,1
64754,0
64755,0
64756,0
64757,1
64758,0
64759,1
64760,1
64761,0
64762,0
64763,1
64764,1
64765,1
64766,0
64767,1
64768,0
64769,0
64770,0
64771,1
64772,1
64773,0
64774,1
64775,0
64776,0
64777,1
64778,0
64779,1
64780,0
64781,1
64782,0
64783,0
64784,0
64785,0
64786,1
64787,1
64788,0
64789,1
64790,0
64791,0
64792,1
64793,1
64794,0
64795,0
64796,1
64797,1
64798,0
64799,0
64800,0
64801,1
64802,0
64803,0
64804,0
64805,1
64806,0
64807,0
64808,0
64809,1
64810,0
64811,0
64812,0
64813,0
64814,0
64815,0
64816,0
64817,1
64818,0
64819,0
64820,0
64821,0
64822,0
64823,0
64824,1
64825,0
64826,0
64827,0
64828,0
64829,0
64830,1
64831,1
64832,1
64833,0
64834,1
64835,1
64836,0
64837,0
64838,0
64839,1
64840,1
64841,0
64842,0
64843,1
64844,0
64845,0
64846,1
64847,0
64848,0
64849,0
64850,1
64851,0
64852,1
64853,0
64854,0
64855,0
64856,0
64857,1
64858,1
64859,1
64860,0
64861,0
64862,1
64863,0
64864,0
64865,0
64866,0
64867,1
64868,1
64869,0
64870,0
64871,1
64872,1
64873,0
64874,1
64875,0
64876,1
64877,1
64878,0
64879,1
64880,1
64881,1
64882,0
64883,0
64884,0
64885,1
64886,0
64887,0
64888,0
64889,0
64890,0
64891,0
64892,0
64893,0
64894,0
64895,0
64896,0
64897,0
64898,0
64899,0
64900,1
64901,0
64902,1
64903,1
64904,0
64905,1
64906,1
64907,0
64908,0
64909,1
64910,0
64911,0
64912,1
64913,0
64914,0
64915,0
64916,0
64917,1
64918,1
64919,0
64920,1
64921,0
64922,0
64923,0
64924,0
64925,0
64926,0
64927,0
64928,1
64929,0
64930,0
64931,0
64932,0
64933,1
64934,0
64935,1
64936,0
64937,1
64938,0
64939,1
64940,0
64941,0
64942,0
64943,1
64944,1
64945,0
64946,0
64947,0
64948,0
64949,1
64950,0
64951,1
64952,0
64953,0
64954,1
64955,1
64956,0
64957,0
64958,0
64959,1
64960,0
64961,0
64962,0
64963,1
64964,0
64965,0
64966,0
64967,0
64968,1
64969,0
64970,1
64971,1
64972,1
64973,0
64974,0
64975,0
64976,1
64977,1
64978,1
64979,0
64980,1
64981,0
64982,0
64983,1
64984,0
64985,0
64986,0
64987,1
64988,1
64989,1
64990,0
64991,1
64992,1
64993,0
64994,0
64995,0
64996,0
64997,1
64998,1
64999,0
65000,0
65001,0
65002,0
65003,1
65004,0
65005,1
65006,0
65007,0
65008,0
65009,1
65010,1
65011,1
65012,0
65013,0
65014,0
65015,0
65016,1
65017,1
65018,1
65019,0
65020,1
65021,0
65022,0
65023,0
65024,1
65025,0
65026,0
65027,1
65028,1
65029,1
65030,0
65031,1
65032,0
65033,1
65034,0
65035,0
65036,1
65037,0
65038,0
65039,1
65040,1
65041,0
65042,0
65043,0
65044,1
65045,0
65046,0
65047,0
65048,1
65049,1
65050,1
65051,1
65052,0
65053,1
65054,0
65055,0
65056,0
65057,0
65058,1
65059,0
65060,0
65061,1
65062,0
65063,0
65064,0
65065,0
65066,0
65067,0
65068,1
65069,0
65070,0
65071,0
65072,0
65073,0
65074,0
65075,1
65076,0
65077,0
65078,0
65079,1
65080,1
65081,0
65082,1
65083,0
65084,1
65085,0
65086,0
65087,0
65088,0
65089,1
65090,1
65091,0
65092,1
65093,0
65094,0
65095,1
65096,0
65097,1
65098,0
65099,0
65100,0
65101,0
65102,0
65103,0
65104,0
65105,0
65106,0
65107,0
65108,0
65109,0
65110,1
65111,0
65112,1
65113,0
65114,1
65115,1
65116,0
65117,1
65118,1
65119,0
65120,0
65121,0
65122,0
65123,0
65124,1
65125,0
65126,1
65127,0
65128,0
65129,1
65130,1
65131,0
65132,0
65133,1
65134,1
65135,0
65136,0
65137,0
65138,0
65139,1
65140,0
65141,0
65142,0
65143,0
65144,0
65145,0
65146,0
65147,1
65148,0
65149,0
65150,0
65151,1
65152,1
65153,1
65154,1
65155,1
65156,0
65157,0
65158,1
65159,0
65160,1
65161,1
65162,0
65163,1
65164,1
65165,0
65166,0
65167,1
65168,0
65169,1
65170,0
65171,0
65172,0
65173,1
65174,0
65175,0
65176,0
65177,1
65178,1
65179,0
65180,0
65181,0
65182,0
65183,0
65184,1
65185,1
65186,0
65187,0
65188,0
65189,0
65190,1
65191,1
65192,0
65193,0
65194,1
65195,0
65196,0
65197,0
65198,0
65199,0
65200,1
65201,0
65202,1
65203,0
65204,0
65205,0
65206,0
65207,0
65208,0
65209,0
65210,1
65211,0
65212,0
65213,0
65214,0
65215,0
65216,1
65217,1
65218,0
65219,0
65220,0
65221,1
65222,0
65223,1
65224,0
65225,1
65226,0
65227,0
65228,0
65229,0
65230,0
65231,0
65232,0
65233,0
65234,1
65235,1
65236,0
65237,1
65238,0
65239,1
65240,0
65241,1
65242,0
65243,0
65244,0
65245,0
65246,0
65247,0
65248,1
65249,0
65250,1
65251,0
65252,0
65253,0
65254,1
65255,0
65256,0
65257,1
65258,0
65259,0
65260,0
65261,0
65262,0
65263,1
65264,0
65265,0
65266,0
65267,1
65268,0
65269,0
65270,0
65271,0
65272,0
65273,0
65274,0
65275,1
65276,0
65277,0
65278,0
65279,0
65280,0
65281,0
65282,0
65283,0
65284,1
65285,1
65286,0
65287,1
65288,1
65289,0
65290,0
65291,0
65292,1
65293,0
65294,1
65295,1
65296,1
65297,1
65298,0
65299,0
65300,1
65301,0
65302,1
65303,1
65304,1
65305,0
65306,0
65307,0
65308,1
65309,0
65310,1
65311,1
65312,0
65313,1
65314,0
65315,0
65316,0
65317,0
65318,0
65319,0
65320,0
65321,0
65322,1
65323,0
65324,0
65325,1
65326,1
65327,0
65328,1
65329,0
65330,0
65331,0
65332,1
65333,0
65334,1
65335,0
65336,0
65337,1
65338,0
65339,0
65340,1
65341,0
65342,1
65343,0
65344,0
65345,1
65346,1
65347,0
65348,0
65349,1
65350,1
65351,1
65352,1
65353,0
65354,1
65355,1
65356,0
65357,0
65358,0
65359,0
65360,0
65361,0
65362,0
65363,1
65364,0
65365,0
65366,0
65367,1
65368,0
65369,1
65370,0
65371,1
65372,1
65373,0
65374,1
65375,1
65376,0
65377,0
65378,0
65379,0
65380,1
65381,0
65382,1
65383,0
65384,0
65385,0
65386,0
65387,0
65388,0
65389,1
65390,0
65391,1
65392,0
65393,0
65394,1
65395,1
65396,1
65397,0
65398,0
65399,0
65400,1
65401,1
65402,1
65403,1
65404,0
65405,0
65406,0
65407,1
65408,0
65409,0
65410,0
65411,0
65412,1
65413,1
65414,0
65415,1
65416,0
65417,1
65418,0
65419,0
65420,0
65421,0
65422,0
65423,0
65424,0
65425,1
65426,0
65427,0
65428,1
65429,0
65430,1
65431,0
65432,1
65433,0
65434,1
65435,1
65436,0
65437,0
65438,0
65439,0
65440,0
65441,1
65442,0
65443,1
65444,0
65445,0
65446,1
65447,0
65448,0
65449,0
65450,1
65451,0
65452,0
65453,1
65454,0
65455,0
65456,1
65457,1
65458,1
65459,1
65460,0
65461,0
65462,0
65463,1
65464,0
65465,0
65466,0
65467,0
65468,0
65469,1
65470,1
65471,0
65472,0
65473,1
65474,0
65475,0
65476,1
65477,0
65478,0
65479,1
65480,0
65481,0
65482,0
65483,0
65484,0
65485,0
65486,0
65487,0
65488,0
65489,1
65490,0
65491,0
65492,0
65493,0
65494,0
65495,1
65496,1
65497,0
65498,1
65499,1
65500,0
65501,1
65502,0
65503,1
65504,1
65505,1
65506,1
65507,1
65508,1
65509,0
65510,0
65511,0
65512,0
65513,1
65514,0
65515,1
65516,1
65517,1
65518,0
65519,1
65520,0
65521,0
65522,0
65523,0
65524,0
65525,0
65526,0
65527,0
65528,0
65529,0
65530,0
65531,1
65532,1
65533,1
65534,0
65535,1
65536,0
65537,1
65538,0
65539,0
65540,1
65541,1
65542,0
65543,0
65544,0
65545,0
65546,0
65547,0
65548,0
65549,0
65550,0
65551,0
65552,1
65553,1
65554,1
65555,1
65556,0
65557,0
65558,0
65559,0
65560,0
65561,0
65562,0
65563,0
65564,0
65565,0
65566,0
65567,0
65568,1
65569,0
65570,1
65571,1
65572,0
65573,1
65574,0
65575,0
65576,0
65577,0
65578,0
65579,1
65580,0
65581,1
65582,1
65583,0
65584,0
65585,1
65586,0
65587,0
65588,0
65589,1
65590,1
65591,1
65592,0
65593,0
65594,1
65595,1
65596,1
65597,0
65598,1
65599,0
65600,1
65601,1
65602,1
65603,1
65604,0
65605,0
65606,0
65607,0
65608,0
65609,0
65610,0
65611,0
65612,1
65613,1
65614,0
65615,0
65616,0
65617,0
65618,0
65619,0
65620,0
65621,0
65622,0
65623,0
65624,1
65625,1
65626,0
65627,0
65628,0
65629,1
65630,1
65631,0
65632,0
65633,0
65634,1
65635,0
65636,0
65637,0
65638,1
65639,0
65640,0
65641,0
65642,0
65643,0
65644,0
65645,0
65646,1
65647,0
65648,0
65649,0
65650,0
65651,0
65652,0
65653,1
65654,0
65655,0
65656,1
65657,0
65658,1
65659,1
65660,0
65661,1
65662,1
65663,0
65664,0
65665,1
65666,1
65667,0
65668,0
65669,1
65670,1
65671,0
65672,1
65673,1
65674,1
65675,0
65676,0
65677,1
65678,0
65679,0
65680,0
65681,1
65682,1
65683,0
65684,1
65685,1
65686,0
65687,0
65688,0
65689,0
65690,0
65691,0
65692,0
65693,0
65694,1
65695,0
65696,0
65697,1
65698,1
65699,1
65700,1
65701,0
65702,0
65703,0
65704,0
65705,0
65706,0
65707,0
65708,0
65709,0
65710,0
65711,0
65712,1
65713,0
65714,0
65715,0
65716,1
65717,0
65718,1
65719,0
65720,0
65721,0
65722,1
65723,0
65724,0
65725,1
65726,0
65727,0
65728,0
65729,0
65730,0
65731,0
65732,0
65733,1
65734,1
65735,1
65736,0
65737,0
65738,0
65739,0
65740,0
65741,1
65742,0
65743,0
65744,0
65745,1
65746,0
65747,1
65748,0
65749,1
65750,1
65751,0
65752,0
65753,1
65754,0
65755,1
65756,1
65757,0
65758,0
65759,0
65760,0
65761,0
65762,1
65763,0
65764,1
65765,0
65766,1
65767,0
65768,0
65769,1
65770,0
65771,0
65772,1
65773,1
65774,1
65775,1
65776,0
65777,0
65778,1
65779,1
65780,0
65781,1
65782,1
65783,0
65784,0
65785,1
65786,0
65787,0
65788,0
65789,0
65790,1
65791,1
65792,0
65793,1
65794,0
65795,1
65796,0
65797,0
65798,0
65799,1
65800,1
65801,1
65802,0
65803,0
65804,0
65805,0
65806,1
65807,0
65808,0
65809,0
65810,1
65811,1
65812,0
65813,0
65814,1
65815,1
65816,0
65817,0
65818,0
65819,1
65820,1
65821,1
65822,0
65823,0
65824,0
65825,0
65826,0
65827,0
65828,0
65829,1
65830,0
65831,0
65832,1
65833,1
65834,1
65835,1
65836,1
65837,1
65838,1
65839,0
65840,0
65841,1
65842,1
65843,1
65844,0
65845,0
65846,1
65847,1
65848,0
65849,0
65850,1
65851,1
65852,0
65853,1
65854,0
65855,0
65856,0
65857,0
65858,0
65859,0
65860,0
65861,0
65862,1
65863,1
65864,1
65865,1
65866,0
65867,0
65868,0
65869,0
65870,1
65871,0
65872,1
65873,1
65874,1
65875,0
65876,1
65877,0
65878,0
65879,0
65880,0
65881,0
65882,1
65883,0
65884,1
65885,1
65886,0
65887,1
65888,0
65889,0
65890,0
65891,0
65892,0
65893,0
65894,0
65895,0
65896,0
65897,1
65898,0
65899,0
65900,1
65901,0
65902,0
65903,0
65904,1
65905,0
65906,0
65907,0
65908,1
65909,1
65910,0
65911,0
65912,0
65913,1
65914,0
65915,0
65916,1
65917,1
65918,0
65919,0
65920,0
65921,1
65922,0
65923,1
65924,1
65925,1
65926,0
65927,0
65928,0
65929,1
65930,0
65931,0
65932,1
65933,1
65934,0
65935,0
65936,0
65937,1
65938,0
65939,0
65940,0
65941,1
65942,1
65943,1
65944,0
65945,0
65946,0
65947,0
65948,0
65949,0
65950,0
65951,0
65952,0
65953,1
65954,1
65955,0
65956,0
65957,0
65958,0
65959,0
65960,0
65961,1
65962,0
65963,0
65964,1
65965,0
65966,0
65967,0
65968,1
65969,0
65970,0
65971,0
65972,0
65973,0
65974,1
65975,0
65976,1
65977,0
65978,1
65979,1
65980,1
65981,0
65982,0
65983,0
65984,0
65985,0
65986,0
65987,0
65988,0
65989,0
65990,0
65991,0
65992,0
65993,1
65994,0
65995,1
65996,1
65997,0
65998,0
65999,1
66000,0
66001,0
66002,1
66003,0
66004,0
66005,0
66006,0
66007,1
66008,1
66009,0
66010,0
66011,0
66012,0
66013,0
66014,1
66015,1
66016,0
66017,0
66018,1
66019,0
66020,0
66021,0
66022,1
66023,1
66024,1
66025,1
66026,1
66027,0
66028,1
66029,0
66030,1
66031,0
66032,1
66033,1
66034,1
66035,1
66036,0
66037,1
66038,1
66039,1
66040,0
66041,0
66042,0
66043,0
66044,1
66045,1
66046,1
66047,1
66048,1
66049,0
66050,1
66051,0
66052,0
66053,0
66054,0
66055,0
66056,0
66057,0
66058,0
66059,1
66060,1
66061,0
66062,1
66063,1
66064,1
66065,0
66066,0
66067,1
66068,0
66069,0
66070,0
66071,1
66072,0
66073,0
66074,0
66075,1
66076,0
66077,1
66078,0
66079,0
66080,1
66081,0
66082,0
66083,0
66084,0
66085,0
66086,0
66087,1
66088,0
66089,0
66090,1
66091,0
66092,1
66093,0
66094,0
66095,0
66096,1
66097,1
66098,1
66099,0
66100,0
66101,1
66102,1
66103,0
66104,0
66105,0
66106,0
66107,0
66108,1
66109,1
66110,1
66111,0
66112,0
66113,0
66114,0
66115,0
66116,1
66117,0
66118,0
66119,0
66120,0
66121,1
66122,0
66123,0
66124,1
66125,0
66126,1
66127,0
66128,0
66129,0
66130,0
66131,1
66132,1
66133,0
66134,1
66135,0
66136,0
66137,1
66138,1
66139,0
66140,0
66141,1
66142,0
66143,1
66144,1
66145,0
66146,1
66147,1
66148,1
66149,0
66150,0
66151,0
66152,0
66153,1
66154,0
66155,0
66156,1
66157,0
66158,0
66159,1
66160,0
66161,0
66162,0
66163,0
66164,1
66165,1
66166,1
66167,0
66168,0
66169,0
66170,1
66171,0
66172,0
66173,0
66174,0
66175,1
66176,0
66177,0
66178,0
66179,0
66180,1
66181,0
66182,0
66183,1
66184,1
66185,0
66186,1
66187,1
66188,1
66189,0
66190,0
66191,0
66192,0
66193,1
66194,0
66195,0
66196,0
66197,0
66198,0
66199,1
66200,0
66201,0
66202,0
66203,1
66204,0
66205,0
66206,1
66207,0
66208,1
66209,0
66210,1
66211,0
66212,1
66213,0
66214,0
66215,1
66216,0
66217,1
66218,0
66219,1
66220,0
66221,0
66222,0
66223,0
66224,1
66225,0
66226,1
66227,0
66228,1
66229,1
66230,0
66231,1
66232,0
66233,0
66234,0
66235,0
66236,0
66237,0
66238,0
66239,0
66240,0
66241,0
66242,1
66243,1
66244,1
66245,0
66246,0
66247,0
66248,1
66249,0
66250,0
66251,0
66252,0
66253,0
66254,0
66255,1
66256,1
66257,0
66258,0
66259,1
66260,0
66261,0
66262,0
66263,0
66264,0
66265,0
66266,1
66267,1
66268,0
66269,0
66270,0
66271,0
66272,1
66273,1
66274,0
66275,0
66276,0
66277,1
66278,1
66279,1
66280,1
66281,0
66282,0
66283,1
66284,0
66285,1
66286,1
66287,1
66288,0
66289,1
66290,0
66291,0
66292,0
66293,0
66294,0
66295,0
66296,0
66297,1
66298,1
66299,0
66300,0
66301,0
66302,0
66303,0
66304,1
66305,1
66306,1
66307,0
66308,0
66309,1
66310,1
66311,0
66312,0
66313,0
66314,0
66315,0
66316,1
66317,1
66318,0
66319,0
66320,0
66321,1
66322,1
66323,0
66324,1
66325,0
66326,0
66327,0
66328,0
66329,0
66330,0
66331,0
66332,1
66333,1
66334,0
66335,1
66336,0
66337,1
66338,0
66339,1
66340,1
66341,0
66342,0
66343,1
66344,0
66345,1
66346,1
66347,0
66348,1
66349,0
66350,0
66351,0
66352,1
66353,1
66354,0
66355,0
66356,0
66357,0
66358,0
66359,0
66360,1
66361,0
66362,0
66363,1
66364,0
66365,0
66366,1
66367,0
66368,1
66369,1
66370,1
66371,0
66372,1
66373,0
66374,0
66375,0
66376,1
66377,0
66378,0
66379,1
66380,0
66381,0
66382,0
66383,0
66384,1
66385,1
66386,1
66387,0
66388,1
66389,1
66390,1
66391,1
66392,1
66393,0
66394,0
66395,0
66396,1
66397,1
66398,1
66399,0
66400,1
66401,0
66402,1
66403,0
66404,0
66405,1
66406,0
66407,0
66408,0
66409,1
66410,1
66411,0
66412,0
66413,0
66414,1
66415,0
66416,1
66417,0
66418,0
66419,0
66420,0
66421,0
66422,1
66423,0
66424,0
66425,0
66426,0
66427,1
66428,0
66429,1
66430,1
66431,0
66432,0
66433,0
66434,0
66435,0
66436,0
66437,1
66438,1
66439,0
66440,1
66441,0
66442,0
66443,0
66444,0
66445,0
66446,1
66447,1
66448,0
66449,0
66450,0
66451,0
66452,0
66453,1
66454,0
66455,0
66456,1
66457,0
66458,0
66459,1
66460,0
66461,0
66462,1
66463,1
66464,1
66465,0
66466,0
66467,0
66468,1
66469,1
66470,1
66471,0
66472,1
66473,0
66474,1
66475,0
66476,0
66477,0
66478,1
66479,1
66480,0
66481,1
66482,0
66483,1
66484,0
66485,0
66486,0
66487,1
66488,1
66489,1
66490,0
66491,1
66492,0
66493,0
66494,0
66495,0
66496,0
66497,1
66498,0
66499,0
66500,0
66501,1
66502,0
66503,0
66504,0
66505,0
66506,1
66507,0
66508,0
66509,0
66510,1
66511,0
66512,0
66513,0
66514,0
66515,0
66516,0
66517,0
66518,0
66519,0
66520,1
66521,0
66522,0
66523,1
66524,1
66525,1
66526,0
66527,1
66528,1
66529,0
66530,0
66531,1
66532,0
66533,0
66534,1
66535,0
66536,1
66537,0
66538,1
66539,0
66540,0
66541,0
66542,0
66543,0
66544,0
66545,0
66546,0
66547,1
66548,0
66549,0
66550,0
66551,0
66552,0
66553,0
66554,0
66555,1
66556,0
66557,0
66558,0
66559,0
66560,0
66561,0
66562,0
66563,1
66564,0
66565,1
66566,0
66567,0
66568,0
66569,0
66570,0
66571,0
66572,0
66573,0
66574,1
66575,0
66576,0
66577,0
66578,0
66579,0
66580,0
66581,1
66582,1
66583,0
66584,1
66585,1
66586,0
66587,1
66588,0
66589,1
66590,0
66591,1
66592,0
66593,0
66594,0
66595,1
66596,0
66597,1
66598,1
66599,0
66600,1
66601,0
66602,1
66603,1
66604,0
66605,0
66606,0
66607,0
66608,1
66609,0
66610,0
66611,0
66612,1
66613,0
66614,0
66615,1
66616,0
66617,0
66618,0
66619,0
66620,1
66621,1
66622,1
66623,0
66624,0
66625,0
66626,0
66627,0
66628,0
66629,1
66630,1
66631,0
66632,0
66633,1
66634,0
66635,0
66636,0
66637,0
66638,1
66639,0
66640,0
66641,1
66642,0
66643,0
66644,0
66645,0
66646,0
66647,0
66648,0
66649,0
66650,1
66651,0
66652,1
66653,0
66654,0
66655,1
66656,0
66657,0
66658,1
66659,0
66660,0
66661,1
66662,0
66663,0
66664,1
66665,0
66666,1
66667,0
66668,0
66669,0
66670,0
66671,0
66672,0
66673,0
66674,1
66675,0
66676,0
66677,0
66678,0
66679,0
66680,0
66681,1
66682,1
66683,0
66684,0
66685,1
66686,0
66687,0
66688,1
66689,0
66690,0
66691,1
66692,0
66693,0
66694,0
66695,0
66696,1
66697,0
66698,0
66699,0
66700,1
66701,1
66702,1
66703,1
66704,1
66705,0
66706,0
66707,1
66708,1
66709,0
66710,1
66711,1
66712,0
66713,0
66714,1
66715,1
66716,1
66717,1
66718,0
66719,1
66720,0
66721,0
66722,0
66723,1
66724,1
66725,1
66726,0
66727,0
66728,1
66729,1
66730,0
66731,1
66732,0
66733,0
66734,1
66735,1
66736,1
66737,1
66738,0
66739,1
66740,1
66741,1
66742,0
66743,0
66744,0
66745,0
66746,1
66747,0
66748,1
66749,0
66750,1
66751,1
66752,0
66753,0
66754,1
66755,1
66756,1
66757,0
66758,0
66759,1
66760,0
66761,0
66762,1
66763,0
66764,1
66765,1
66766,1
66767,0
66768,0
66769,0
66770,1
66771,0
66772,0
66773,1
66774,0
66775,0
66776,0
66777,0
66778,0
66779,1
66780,0
66781,0
66782,0
66783,1
66784,1
66785,0
66786,0
66787,0
66788,1
66789,1
66790,1
66791,0
66792,0
66793,0
66794,1
66795,0
66796,1
66797,0
66798,0
66799,0
66800,1
66801,0
66802,1
66803,1
66804,0
66805,0
66806,0
66807,0
66808,0
66809,0
66810,0
66811,1
66812,0
66813,0
66814,0
66815,0
66816,0
66817,1
66818,1
66819,1
66820,0
66821,0
66822,1
66823,0
66824,1
66825,0
66826,0
66827,1
66828,0
66829,1
66830,1
66831,0
66832,0
66833,0
66834,1
66835,1
66836,1
66837,0
66838,1
66839,0
66840,1
66841,0
66842,1
66843,0
66844,0
66845,1
66846,0
66847,0
66848,1
66849,0
66850,1
66851,1
66852,0
66853,1
66854,1
66855,0
66856,0
66857,1
66858,0
66859,0
66860,0
66861,0
66862,1
66863,0
66864,0
66865,1
66866,0
66867,1
66868,1
66869,0
66870,1
66871,0
66872,0
66873,0
66874,0
66875,0
66876,0
66877,1
66878,0
66879,0
66880,0
66881,1
66882,0
66883,1
66884,1
66885,0
66886,0
66887,0
66888,1
66889,0
66890,1
66891,0
66892,0
66893,0
66894,0
66895,1
66896,0
66897,0
66898,0
66899,0
66900,0
66901,1
66902,0
66903,0
66904,1
66905,0
66906,1
66907,0
66908,1
66909,0
66910,0
66911,0
66912,0
66913,0
66914,0
66915,1
66916,1
66917,0
66918,0
66919,1
66920,1
66921,0
66922,0
66923,1
66924,1
66925,0
66926,0
66927,1
66928,1
66929,0
66930,1
66931,0
66932,0
66933,1
66934,1
66935,0
66936,0
66937,0
66938,0
66939,0
66940,1
66941,0
66942,0
66943,0
66944,1
66945,0
66946,0
66947,0
66948,1
66949,0
66950,0
66951,1
66952,0
66953,1
66954,1
66955,0
66956,0
66957,0
66958,1
66959,1
66960,1
66961,1
66962,0
66963,1
66964,0
66965,1
66966,0
66967,1
66968,0
66969,1
66970,1
66971,0
66972,0
66973,0
66974,0
66975,1
66976,1
66977,1
66978,0
66979,1
66980,0
66981,1
66982,0
66983,1
66984,0
66985,0
66986,0
66987,0
66988,0
66989,0
66990,0
66991,1
66992,1
66993,0
66994,0
66995,0
66996,1
66997,0
66998,0
66999,1
67000,0
67001,1
67002,1
67003,0
67004,0
67005,0
67006,0
67007,0
67008,0
67009,0
67010,0
67011,0
67012,1
67013,0
67014,0
67015,0
67016,0
67017,1
67018,1
67019,0
67020,0
67021,1
67022,1
67023,0
67024,0
67025,0
67026,0
67027,0
67028,1
67029,0
67030,0
67031,1
67032,0
67033,0
67034,0
67035,1
67036,1
67037,1
67038,0
67039,0
67040,0
67041,0
67042,1
67043,0
67044,1
67045,0
67046,1
67047,1
67048,0
67049,0
67050,0
67051,0
67052,1
67053,1
67054,1
67055,1
67056,0
67057,1
67058,0
67059,0
67060,0
67061,1
67062,1
67063,0
67064,0
67065,0
67066,0
67067,1
67068,1
67069,0
67070,0
67071,0
67072,1
67073,0
67074,0
67075,0
67076,0
67077,0
67078,0
67079,0
67080,0
67081,0
67082,0
67083,0
67084,1
67085,1
67086,1
67087,1
67088,0
67089,0
67090,0
67091,0
67092,0
67093,0
67094,1
67095,0
67096,1
67097,1
67098,1
67099,0
67100,0
67101,1
67102,0
67103,1
67104,0
67105,0
67106,0
67107,0
67108,1
67109,0
67110,1
67111,0
67112,0
67113,0
67114,0
67115,0
67116,0
67117,1
67118,1
67119,0
67120,1
67121,0
67122,0
67123,1
67124,0
67125,1
67126,0
67127,0
67128,0
67129,1
67130,0
67131,1
67132,1
67133,0
67134,1
67135,0
67136,0
67137,0
67138,0
67139,1
67140,1
67141,1
67142,0
67143,0
67144,1
67145,0
67146,0
67147,1
67148,1
67149,1
67150,0
67151,0
67152,1
67153,0
67154,1
67155,1
67156,0
67157,0
67158,1
67159,0
67160,0
67161,1
67162,0
67163,1
67164,0
67165,0
67166,0
67167,0
67168,1
67169,0
67170,1
67171,0
67172,0
67173,1
67174,0
67175,0
67176,0
67177,1
67178,0
67179,0
67180,0
67181,0
67182,0
67183,0
67184,0
67185,0
67186,0
67187,1
67188,0
67189,0
67190,0
67191,0
67192,0
67193,1
67194,0
67195,0
67196,0
67197,0
67198,0
67199,1
67200,0
67201,0
67202,1
67203,1
67204,1
67205,0
67206,0
67207,0
67208,1
67209,1
67210,0
67211,0
67212,0
67213,1
67214,1
67215,0
67216,0
67217,1
67218,0
67219,1
67220,1
67221,1
67222,1
67223,1
67224,1
67225,1
67226,1
67227,0
67228,0
67229,0
67230,0
67231,0
67232,0
67233,0
67234,1
67235,1
67236,1
67237,1
67238,0
67239,0
67240,1
67241,0
67242,1
67243,0
67244,0
67245,0
67246,1
67247,0
67248,1
67249,1
67250,1
67251,0
67252,0
67253,0
67254,0
67255,1
67256,0
67257,0
67258,0
67259,1
67260,1
67261,0
67262,1
67263,1
67264,0
67265,1
67266,1
67267,0
67268,1
67269,0
67270,0
67271,0
67272,0
67273,0
67274,0
67275,1
67276,1
67277,1
67278,0
67279,0
67280,1
67281,1
67282,1
67283,1
67284,1
67285,0
67286,1
67287,0
67288,0
67289,1
67290,0
67291,1
67292,1
67293,1
67294,0
67295,0
67296,1
67297,0
67298,0
67299,0
67300,0
67301,1
67302,0
67303,1
67304,0
67305,0
67306,1
67307,1
67308,0
67309,1
67310,1
67311,1
67312,0
67313,0
67314,0
67315,1
67316,1
67317,1
67318,0
67319,1
67320,0
67321,1
67322,0
67323,1
67324,0
67325,0
67326,0
67327,0
67328,1
67329,0
67330,0
67331,0
67332,0
67333,0
67334,0
67335,0
67336,1
67337,0
67338,0
67339,0
67340,0
67341,0
67342,0
67343,0
67344,0
67345,0
67346,1
67347,1
67348,0
67349,0
67350,0
67351,0
67352,1
67353,1
67354,1
67355,0
67356,0
67357,1
67358,0
67359,0
67360,1
67361,0
67362,0
67363,0
67364,0
67365,0
67366,1
67367,0
67368,1
67369,1
67370,0
67371,0
67372,0
67373,1
67374,0
67375,1
67376,1
67377,0
67378,1
67379,1
67380,1
67381,0
67382,0
67383,1
67384,0
67385,0
67386,0
67387,1
67388,0
67389,0
67390,1
67391,0
67392,1
67393,0
67394,0
67395,0
67396,0
67397,1
67398,1
67399,1
67400,0
67401,0
67402,0
67403,0
67404,0
67405,0
67406,1
67407,1
67408,1
67409,0
67410,1
67411,0
67412,0
67413,0
67414,1
67415,1
67416,0
67417,1
67418,0
67419,0
67420,0
67421,0
67422,1
67423,1
67424,0
67425,0
67426,1
67427,1
67428,0
67429,0
67430,1
67431,1
67432,0
67433,1
67434,0
67435,0
67436,0
67437,0
67438,0
67439,0
67440,0
67441,0
67442,0
67443,0
67444,1
67445,0
67446,0
67447,0
67448,0
67449,1
67450,0
67451,0
67452,0
67453,1
67454,0
67455,0
67456,1
67457,0
67458,0
67459,0
67460,1
67461,1
67462,0
67463,0
67464,1
67465,1
67466,0
67467,0
67468,1
67469,0
67470,0
67471,1
67472,1
67473,0
67474,0
67475,0
67476,1
67477,0
67478,0
67479,0
67480,0
67481,1
67482,0
67483,0
67484,1
67485,0
67486,1
67487,0
67488,1
67489,0
67490,0
67491,1
67492,0
67493,0
67494,1
67495,1
67496,0
67497,0
67498,0
67499,0
67500,1
67501,0
67502,0
67503,0
67504,1
67505,1
67506,1
67507,0
67508,1
67509,0
67510,0
67511,1
67512,1
67513,1
67514,0
67515,0
67516,1
67517,0
67518,0
67519,0
67520,1
67521,0
67522,0
67523,0
67524,0
67525,0
67526,0
67527,1
67528,1
67529,1
67530,0
67531,1
67532,0
67533,1
67534,0
67535,1
67536,1
67537,0
67538,0
67539,1
67540,0
67541,0
67542,1
67543,0
67544,1
67545,0
67546,0
67547,1
67548,0
67549,0
67550,1
67551,0
67552,1
67553,1
67554,1
67555,0
67556,0
67557,1
67558,1
67559,0
67560,1
67561,1
67562,0
67563,1
67564,0
67565,1
67566,0
67567,0
67568,1
67569,1
67570,1
67571,0
67572,0
67573,0
67574,1
67575,0
67576,0
67577,0
67578,1
67579,1
67580,1
67581,0
67582,1
67583,0
67584,1
67585,0
67586,0
67587,0
67588,0
67589,0
67590,0
67591,0
67592,0
67593,0
67594,0
67595,0
67596,0
67597,1
67598,1
67599,1
67600,1
67601,0
67602,0
67603,1
67604,1
67605,0
67606,0
67607,1
67608,1
67609,1
67610,1
67611,0
67612,0
67613,1
67614,1
67615,1
67616,0
67617,1
67618,0
67619,0
67620,1
67621,0
67622,1
67623,0
67624,0
67625,0
67626,0
67627,0
67628,0
67629,1
67630,0
67631,0
67632,0
67633,0
67634,0
67635,0
67636,0
67637,0
67638,0
67639,0
67640,0
67641,0
67642,1
67643,0
67644,0
67645,1
67646,0
67647,1
67648,1
67649,1
67650,1
67651,0
67652,0
67653,1
67654,1
67655,1
67656,0
67657,0
67658,0
67659,0
67660,0
67661,1
67662,1
67663,0
67664,0
67665,0
67666,0
67667,1
67668,0
67669,1
67670,0
67671,0
67672,1
67673,1
67674,0
67675,0
67676,0
67677,0
67678,1
67679,1
67680,1
67681,1
67682,0
67683,1
67684,0
67685,1
67686,1
67687,0
67688,0
67689,1
67690,0
67691,0
67692,0
67693,0
67694,0
67695,1
67696,0
67697,1
67698,0
67699,0
67700,0
67701,1
67702,1
67703,0
67704,0
67705,0
67706,0
67707,0
67708,0
67709,0
67710,0
67711,0
67712,0
67713,0
67714,0
67715,1
67716,0
67717,0
67718,1
67719,0
67720,1
67721,0
67722,0
67723,0
67724,0
67725,0
67726,0
67727,0
67728,0
67729,0
67730,1
67731,0
67732,1
67733,0
67734,0
67735,1
67736,1
67737,0
67738,1
67739,0
67740,1
67741,1
67742,0
67743,0
67744,1
67745,0
67746,1
67747,0
67748,1
67749,0
67750,0
67751,0
67752,1
67753,0
67754,0
67755,0
67756,0
67757,0
67758,1
67759,0
67760,1
67761,1
67762,0
67763,0
67764,1
67765,0
67766,1
67767,0
67768,0
67769,1
67770,1
67771,0
67772,0
67773,0
67774,1
67775,0
67776,0
67777,0
67778,1
67779,1
67780,0
67781,0
67782,1
67783,0
67784,1
67785,0
67786,1
67787,1
67788,0
67789,0
67790,1
67791,0
67792,0
67793,1
67794,0
67795,1
67796,1
67797,0
67798,0
67799,0
67800,1
67801,0
67802,1
67803,1
67804,1
67805,0
67806,1
67807,1
67808,0
67809,1
67810,0
67811,1
67812,0
67813,1
67814,0
67815,0
67816,1
67817,1
67818,0
67819,0
67820,1
67821,1
67822,1
67823,0
67824,0
67825,1
67826,1
67827,0
67828,0
67829,0
67830,0
67831,0
67832,1
67833,0
67834,1
67835,1
67836,0
67837,1
67838,0
67839,1
67840,0
67841,1
67842,1
67843,0
67844,0
67845,1
67846,0
67847,0
67848,1
67849,0
67850,0
67851,0
67852,0
67853,1
67854,0
67855,1
67856,1
67857,0
67858,1
67859,1
67860,0
67861,0
67862,0
67863,0
67864,0
67865,0
67866,1
67867,0
67868,1
67869,0
67870,1
67871,0
67872,0
67873,0
67874,0
67875,1
67876,0
67877,0
67878,1
67879,0
67880,0
67881,1
67882,0
67883,0
67884,1
67885,1
67886,0
67887,0
67888,0
67889,0
67890,1
67891,0
67892,1
67893,0
67894,0
67895,0
67896,1
67897,1
67898,0
67899,0
67900,0
67901,1
67902,0
67903,0
67904,1
67905,1
67906,1
67907,1
67908,0
67909,0
67910,1
67911,1
67912,0
67913,1
67914,0
67915,0
67916,1
67917,0
67918,0
67919,0
67920,1
67921,0
67922,0
67923,0
67924,0
67925,0
67926,0
67927,0
67928,1
67929,1
67930,0
67931,0
67932,0
67933,0
67934,1
67935,0
67936,1
67937,0
67938,0
67939,0
67940,0
67941,0
67942,0
67943,0
67944,0
67945,0
67946,1
67947,1
67948,0
67949,0
67950,1
67951,0
67952,1
67953,1
67954,0
67955,0
67956,0
67957,0
67958,0
67959,0
67960,0
67961,1
67962,1
67963,1
67964,1
67965,1
67966,0
67967,0
67968,1
67969,0
67970,0
67971,0
67972,0
67973,1
67974,1
67975,1
67976,0
67977,0
67978,1
67979,0
67980,0
67981,0
67982,0
67983,0
67984,1
67985,0
67986,0
67987,0
67988,0
67989,1
67990,1
67991,0
67992,0
67993,0
67994,0
67995,1
67996,1
67997,1
67998,1
67999,0
68000,1
68001,0
68002,1
68003,0
68004,0
68005,0
68006,0
68007,0
68008,1
68009,0
68010,1
68011,0
68012,0
68013,1
68014,1
68015,0
68016,0
68017,1
68018,0
68019,0
68020,0
68021,1
68022,0
68023,1
68024,0
68025,0
68026,0
68027,0
68028,1
68029,1
68030,0
68031,0
68032,0
68033,0
68034,0
68035,0
68036,0
68037,0
68038,1
68039,0
68040,0
68041,0
68042,0
68043,0
68044,1
68045,0
68046,0
68047,1
68048,0
68049,1
68050,0
68051,0
68052,0
68053,1
68054,0
68055,0
68056,1
68057,0
68058,0
68059,0
68060,0
68061,1
68062,0
68063,1
68064,0
68065,0
68066,0
68067,1
68068,0
68069,0
68070,0
68071,0
68072,0
68073,1
68074,0
68075,0
68076,1
68077,0
68078,1
68079,1
68080,0
68081,0
68082,0
68083,0
68084,0
68085,0
68086,1
68087,0
68088,0
68089,0
68090,1
68091,1
68092,1
68093,0
68094,0
68095,0
68096,0
68097,0
68098,1
68099,1
68100,0
68101,1
68102,0
68103,0
68104,0
68105,0
68106,0
68107,0
68108,1
68109,1
68110,0
68111,1
68112,0
68113,1
68114,0
68115,0
68116,0
68117,0
68118,0
68119,0
68120,0
68121,1
68122,0
68123,0
68124,1
68125,0
68126,0
68127,0
68128,0
68129,0
68130,0
68131,0
68132,0
68133,1
68134,0
68135,0
68136,1
68137,1
68138,0
68139,0
68140,0
68141,0
68142,0
68143,1
68144,0
68145,1
68146,0
68147,1
68148,0
68149,1
68150,1
68151,1
68152,1
68153,0
68154,1
68155,1
68156,1
68157,0
68158,1
68159,1
68160,0
68161,0
68162,0
68163,0
68164,1
68165,0
68166,0
68167,0
68168,0
68169,0
68170,1
68171,1
68172,0
68173,1
68174,0
68175,1
68176,1
68177,1
68178,1
68179,0
68180,1
68181,1
68182,1
68183,0
68184,0
68185,0
68186,1
68187,0
68188,0
68189,0
68190,0
68191,0
68192,0
68193,1
68194,0
68195,1
68196,0
68197,0
68198,1
68199,0
68200,0
68201,0
68202,1
68203,0
68204,1
68205,1
68206,0
68207,1
68208,0
68209,0
68210,1
68211,1
68212,0
68213,1
68214,1
68215,0
68216,0
68217,0
68218,1
68219,0
68220,0
68221,1
68222,0
68223,0
68224,0
68225,1
68226,0
68227,0
68228,0
68229,0
68230,0
68231,0
68232,0
68233,0
68234,1
68235,0
68236,0
68237,0
68238,1
68239,0
68240,0
68241,1
68242,0
68243,0
68244,0
68245,0
68246,0
68247,0
68248,0
68249,0
68250,1
68251,0
68252,0
68253,1
68254,0
68255,1
68256,0
68257,1
68258,1
68259,1
68260,0
68261,0
68262,0
68263,1
68264,0
68265,1
68266,0
68267,1
68268,0
68269,0
68270,0
68271,1
68272,0
68273,1
68274,1
68275,0
68276,0
68277,0
68278,0
68279,0
68280,0
68281,0
68282,1
68283,1
68284,1
68285,1
68286,1
68287,0
68288,1
68289,0
68290,1
68291,0
68292,1
68293,1
68294,0
68295,0
68296,0
68297,0
68298,0
68299,1
68300,0
68301,0
68302,0
68303,1
68304,0
68305,0
68306,1
68307,0
68308,0
68309,1
68310,1
68311,0
68312,1
68313,0
68314,0
68315,1
68316,0
68317,1
68318,0
68319,0
68320,1
68321,1
68322,0
68323,0
68324,1
68325,0
68326,0
68327,1
68328,0
68329,0
68330,0
68331,1
68332,0
68333,0
68334,0
68335,0
68336,0
68337,0
68338,1
68339,0
68340,0
68341,0
68342,0
68343,0
68344,0
68345,1
68346,1
68347,0
68348,1
68349,1
68350,0
68351,1
68352,0
68353,1
68354,0
68355,1
68356,0
68357,1
68358,0
68359,0
68360,0
68361,0
68362,1
68363,0
68364,0
68365,1
68366,1
68367,0
68368,0
68369,1
68370,0
68371,0
68372,0
68373,1
68374,0
68375,0
68376,0
68377,0
68378,0
68379,0
68380,0
68381,1
68382,1
68383,0
68384,0
68385,0
68386,1
68387,0
68388,0
68389,0
68390,1
68391,1
68392,0
68393,1
68394,0
68395,0
68396,1
68397,1
68398,1
68399,1
68400,1
68401,0
68402,1
68403,0
68404,0
68405,1
68406,0
68407,1
68408,0
68409,0
68410,1
68411,1
68412,1
68413,1
68414,1
68415,1
68416,1
68417,0
68418,0
68419,0
68420,0
68421,1
68422,1
68423,0
68424,0
68425,1
68426,1
68427,0
68428,0
68429,0
68430,0
68431,0
68432,0
68433,0
68434,0
68435,0
68436,0
68437,1
68438,0
68439,1
68440,0
68441,0
68442,0
68443,0
68444,0
68445,0
68446,0
68447,0
68448,1
68449,0
68450,0
68451,0
68452,0
68453,1
68454,1
68455,0
68456,0
68457,1
68458,1
68459,1
68460,1
68461,1
68462,1
68463,0
68464,0
68465,0
68466,1
68467,1
68468,1
68469,0
68470,0
68471,1
68472,1
68473,0
68474,1
68475,0
68476,0
68477,1
68478,1
68479,0
68480,0
68481,1
68482,0
68483,0
68484,0
68485,1
68486,1
68487,0
68488,0
68489,0
68490,1
68491,0
68492,0
68493,0
68494,0
68495,0
68496,1
68497,0
68498,0
68499,0
68500,0
68501,1
68502,1
68503,0
68504,1
68505,0
68506,0
68507,0
68508,0
68509,1
68510,0
68511,1
68512,0
68513,1
68514,0
68515,1
68516,1
68517,0
68518,0
68519,1
68520,0
68521,0
68522,0
68523,1
68524,1
68525,0
68526,1
68527,0
68528,1
68529,0
68530,0
68531,0
68532,1
68533,0
68534,0
68535,0
68536,0
68537,0
68538,1
68539,1
68540,0
68541,0
68542,1
68543,1
68544,1
68545,1
68546,0
68547,0
68548,0
68549,0
68550,0
68551,0
68552,0
68553,0
68554,0
68555,0
68556,0
68557,1
68558,1
68559,1
68560,1
68561,1
68562,0
68563,1
68564,0
68565,1
68566,1
68567,0
68568,0
68569,1
68570,0
68571,0
68572,0
68573,0
68574,0
68575,0
68576,0
68577,1
68578,0
68579,0
68580,0
68581,0
68582,0
68583,0
68584,1
68585,0
68586,1
68587,0
68588,1
68589,1
68590,1
68591,1
68592,1
68593,1
68594,0
68595,1
68596,1
68597,0
68598,0
68599,0
68600,0
68601,0
68602,1
68603,1
68604,1
68605,1
68606,0
68607,0
68608,0
68609,1
68610,0
68611,0
68612,0
68613,1
68614,0
68615,1
68616,0
68617,0
68618,0
68619,1
68620,0
68621,1
68622,1
68623,0
68624,0
68625,0
68626,0
68627,0
68628,0
68629,1
68630,0
68631,0
68632,0
68633,0
68634,0
68635,0
68636,1
68637,0
68638,0
68639,0
68640,0
68641,0
68642,1
68643,0
68644,1
68645,1
68646,0
68647,0
68648,1
68649,0
68650,1
68651,0
68652,0
68653,0
68654,1
68655,0
68656,1
68657,1
68658,0
68659,0
68660,1
68661,0
68662,0
68663,1
68664,1
68665,1
68666,1
68667,0
68668,0
68669,1
68670,0
68671,1
68672,1
68673,1
68674,1
68675,1
68676,0
68677,0
68678,1
68679,0
68680,0
68681,0
68682,0
68683,1
68684,0
68685,0
68686,0
68687,0
68688,0
68689,1
68690,0
68691,1
68692,1
68693,0
68694,0
68695,0
68696,1
68697,0
68698,1
68699,0
68700,1
68701,1
68702,0
68703,0
68704,0
68705,0
68706,0
68707,1
68708,0
68709,0
68710,1
68711,0
68712,0
68713,1
68714,0
68715,0
68716,0
68717,0
68718,1
68719,1
68720,1
68721,1
68722,0
68723,0
68724,0
68725,1
68726,0
68727,0
68728,0
68729,1
68730,0
68731,0
68732,1
68733,0
68734,0
68735,1
68736,0
68737,0
68738,1
68739,0
68740,1
68741,1
68742,0
68743,0
68744,1
68745,0
68746,1
68747,0
68748,0
68749,0
68750,0
68751,1
68752,0
68753,0
68754,1
68755,0
68756,0
68757,1
68758,1
68759,1
68760,0
68761,0
68762,0
68763,1
68764,0
68765,0
68766,0
68767,0
68768,0
68769,0
68770,0
68771,1
68772,1
68773,1
68774,0
68775,0
68776,0
68777,0
68778,1
68779,1
68780,1
68781,0
68782,1
68783,0
68784,0
68785,1
68786,0
68787,0
68788,0
68789,1
68790,0
68791,1
68792,0
68793,0
68794,1
68795,0
68796,0
68797,0
68798,1
68799,1
68800,0
68801,1
68802,1
68803,0
68804,0
68805,0
68806,0
68807,1
68808,0
68809,1
68810,0
68811,0
68812,1
68813,1
68814,1
68815,1
68816,1
68817,0
68818,0
68819,0
68820,0
68821,0
68822,0
68823,0
68824,0
68825,1
68826,0
68827,0
68828,0
68829,0
68830,1
68831,1
68832,0
68833,1
68834,1
68835,1
68836,0
68837,0
68838,1
68839,1
68840,1
68841,0
68842,0
68843,0
68844,0
68845,0
68846,1
68847,1
68848,0
68849,1
68850,1
68851,0
68852,1
68853,1
68854,0
68855,0
68856,1
68857,1
68858,0
68859,0
68860,0
68861,0
68862,0
68863,0
68864,0
68865,0
68866,0
68867,0
68868,0
68869,0
68870,0
68871,0
68872,0
68873,1
68874,0
68875,1
68876,0
68877,0
68878,0
68879,0
68880,1
68881,1
68882,0
68883,0
68884,0
68885,0
68886,0
68887,1
68888,1
68889,0
68890,1
68891,0
68892,0
68893,1
68894,0
68895,1
68896,0
68897,1
68898,0
68899,1
68900,0
68901,0
68902,1
68903,1
68904,0
68905,1
68906,0
68907,0
68908,1
68909,0
68910,1
68911,0
68912,1
68913,1
68914,1
68915,0
68916,0
68917,0
68918,0
68919,0
68920,0
68921,0
68922,0
68923,0
68924,1
68925,0
68926,1
68927,0
68928,1
68929,1
68930,0
68931,0
68932,0
68933,0
68934,0
68935,1
68936,1
68937,1
68938,1
68939,0
68940,1
68941,0
68942,0
68943,0
68944,0
68945,1
68946,1
68947,0
68948,1
68949,1
68950,0
68951,0
68952,1
68953,0
68954,1
68955,1
68956,0
68957,0
68958,1
68959,0
68960,0
68961,0
68962,1
68963,1
68964,0
68965,1
68966,0
68967,1
68968,0
68969,1
68970,0
68971,0
68972,0
68973,0
68974,0
68975,0
68976,1
68977,0
68978,1
68979,0
68980,0
68981,0
68982,0
68983,0
68984,0
68985,1
68986,0
68987,0
68988,0
68989,0
68990,0
68991,0
68992,0
68993,0
68994,0
68995,0
68996,0
68997,1
68998,1
68999,1
69000,0
69001,1
69002,0
69003,0
69004,1
69005,1
69006,0
69007,0
69008,0
69009,1
69010,1
69011,1
69012,0
69013,1
69014,0
69015,0
69016,1
69017,0
69018,0
69019,0
69020,0
69021,0
69022,1
69023,0
69024,0
69025,0
69026,0
69027,1
69028,0
69029,0
69030,0
69031,0
69032,1
69033,0
69034,0
69035,1
69036,0
69037,1
69038,1
69039,1
69040,1
69041,1
69042,1
69043,0
69044,0
69045,0
69046,1
69047,0
69048,1
69049,0
69050,0
69051,0
69052,0
69053,0
69054,0
69055,1
69056,1
69057,0
69058,0
69059,0
69060,1
69061,0
69062,0
69063,1
69064,0
69065,1
69066,0
69067,0
69068,0
69069,0
69070,0
69071,0
69072,1
69073,0
69074,1
69075,0
69076,1
69077,0
69078,1
69079,0
69080,0
69081,0
69082,1
69083,0
69084,0
69085,0
69086,0
69087,0
69088,1
69089,0
69090,1
69091,0
69092,1
69093,0
69094,0
69095,1
69096,0
69097,0
69098,1
69099,1
69100,0
69101,0
69102,0
69103,0
69104,0
69105,1
69106,0
69107,0
69108,0
69109,0
69110,1
69111,0
69112,0
69113,0
69114,0
69115,0
69116,0
69117,0
69118,0
69119,0
69120,0
69121,0
69122,0
69123,0
69124,0
69125,0
69126,0
69127,1
69128,0
69129,1
69130,0
69131,0
69132,0
69133,1
69134,0
69135,0
69136,0
69137,1
69138,0
69139,0
69140,0
69141,0
69142,0
69143,0
69144,1
69145,1
69146,0
69147,0
69148,0
69149,0
69150,1
69151,1
69152,1
69153,0
69154,0
69155,1
69156,0
69157,0
69158,0
69159,0
69160,0
69161,0
69162,0
69163,0
69164,0
69165,0
69166,0
69167,0
69168,1
69169,1
69170,0
69171,0
69172,0
69173,0
69174,1
69175,1
69176,0
69177,0
69178,0
69179,1
69180,1
69181,0
69182,0
69183,1
69184,1
69185,1
69186,1
69187,0
69188,1
69189,1
69190,1
69191,1
69192,0
69193,1
69194,0
69195,0
69196,1
69197,0
69198,0
69199,0
69200,0
69201,0
69202,0
69203,0
69204,1
69205,0
69206,0
69207,0
69208,0
69209,0
69210,0
69211,0
69212,0
69213,0
69214,1
69215,0
69216,0
69217,0
69218,1
69219,0
69220,0
69221,1
69222,1
69223,0
69224,1
69225,0
69226,0
69227,0
69228,0
69229,1
69230,0
69231,0
69232,0
69233,1
69234,1
69235,1
69236,0
69237,0
69238,0
69239,0
69240,0
69241,1
69242,1
69243,1
69244,0
69245,0
69246,0
69247,1
69248,1
69249,0
69250,0
69251,0
69252,1
69253,0
69254,1
69255,1
69256,1
69257,0
69258,1
69259,0
69260,0
69261,0
69262,1
69263,0
69264,0
69265,1
69266,0
69267,0
69268,0
69269,1
69270,1
69271,0
69272,1
69273,0
69274,1
69275,0
69276,0
69277,0
69278,0
69279,0
69280,1
69281,1
69282,1
69283,1
69284,0
69285,0
69286,0
69287,1
69288,0
69289,0
69290,0
69291,0
69292,0
69293,0
69294,0
69295,1
69296,0
69297,0
69298,0
69299,0
69300,1
69301,0
69302,1
69303,1
69304,1
69305,0
69306,0
69307,0
69308,0
69309,0
69310,0
69311,1
69312,0
69313,1
69314,1
69315,0
69316,0
69317,0
69318,1
69319,0
69320,0
69321,0
69322,1
69323,0
69324,0
69325,0
69326,0
69327,0
69328,0
69329,0
69330,1
69331,1
69332,1
69333,1
69334,0
69335,0
69336,0
69337,1
69338,1
69339,1
69340,0
69341,0
69342,0
69343,1
69344,1
69345,1
69346,1
69347,1
69348,0
69349,1
69350,0
69351,0
69352,0
69353,0
69354,0
69355,0
69356,1
69357,0
69358,0
69359,1
69360,0
69361,0
69362,1
69363,1
69364,1
69365,1
69366,1
69367,1
69368,0
69369,0
69370,1
69371,1
69372,0
69373,0
69374,1
69375,0
69376,1
69377,1
69378,0
69379,1
69380,1
69381,0
69382,0
69383,0
69384,1
69385,0
69386,0
69387,0
69388,1
69389,0
69390,1
69391,1
69392,1
69393,0
69394,1
69395,0
69396,1
69397,0
69398,0
69399,1
69400,0
69401,0
69402,0
69403,0
69404,0
69405,1
69406,0
69407,0
69408,1
69409,0
69410,0
69411,0
69412,1
69413,0
69414,1
69415,0
69416,1
69417,0
69418,0
69419,1
69420,0
69421,0
69422,0
69423,0
69424,1
69425,1
69426,1
69427,1
69428,0
69429,1
69430,0
69431,0
69432,1
69433,0
69434,0
69435,0
69436,0
69437,0
69438,0
69439,0
69440,1
69441,1
69442,0
69443,1
69444,1
69445,1
69446,1
69447,0
69448,1
69449,0
69450,1
69451,1
69452,1
69453,1
69454,1
69455,0
69456,0
69457,0
69458,0
69459,1
69460,1
69461,0
69462,0
69463,1
69464,0
69465,0
69466,1
69467,0
69468,0
69469,0
69470,0
69471,0
69472,0
69473,0
69474,0
69475,0
69476,0
69477,1
69478,0
69479,0
69480,0
69481,1
69482,0
69483,0
69484,0
69485,0
69486,0
69487,0
69488,0
69489,1
69490,0
69491,1
69492,0
69493,0
69494,0
69495,0
69496,1
69497,1
69498,1
69499,1
69500,1
69501,1
69502,1
69503,1
69504,0
69505,0
69506,1
69507,0
69508,1
69509,0
69510,0
69511,0
69512,0
69513,0
69514,0
69515,0
69516,0
69517,1
69518,0
69519,1
69520,0
69521,1
69522,0
69523,0
69524,0
69525,1
69526,1
69527,0
69528,0
69529,0
69530,1
69531,1
69532,1
69533,0
69534,0
69535,0
69536,0
69537,0
69538,0
69539,1
69540,0
69541,0
69542,1
69543,0
69544,0
69545,0
69546,1
69547,0
69548,1
69549,0
69550,0
69551,0
69552,0
69553,0
69554,1
69555,0
69556,0
69557,1
69558,0
69559,0
69560,0
69561,1
69562,0
69563,0
69564,1
69565,0
69566,0
69567,0
69568,1
69569,0
69570,1
69571,1
69572,1
69573,0
69574,0
69575,0
69576,0
69577,0
69578,0
69579,1
69580,1
69581,1
69582,0
69583,0
69584,1
69585,0
69586,1
69587,0
69588,0
69589,0
69590,0
69591,1
69592,1
69593,0
69594,1
69595,0
69596,1
69597,0
69598,0
69599,1
69600,1
69601,0
69602,0
69603,0
69604,0
69605,1
69606,0
69607,0
69608,0
69609,0
69610,1
69611,0
69612,1
69613,1
69614,0
69615,0
69616,1
69617,0
69618,1
69619,1
69620,0
69621,0
69622,0
69623,1
69624,0
69625,0
69626,0
69627,0
69628,0
69629,0
69630,0
69631,0
69632,0
69633,0
69634,0
69635,0
69636,0
69637,1
69638,0
69639,0
69640,0
69641,1
69642,0
69643,0
69644,1
69645,1
69646,0
69647,0
69648,0
69649,1
69650,1
69651,1
69652,0
69653,0
69654,1
69655,0
69656,1
69657,0
69658,1
69659,0
69660,0
69661,0
69662,0
69663,1
69664,0
69665,0
69666,1
69667,0
69668,0
69669,0
69670,0
69671,1
69672,0
69673,0
69674,1
69675,0
69676,0
69677,0
69678,0
69679,0
69680,0
69681,0
69682,1
69683,0
69684,0
69685,0
69686,1
69687,0
69688,1
69689,0
69690,1
69691,0
69692,1
69693,1
69694,0
69695,1
69696,0
69697,1
69698,0
69699,0
69700,0
69701,0
69702,1
69703,0
69704,0
69705,1
69706,0
69707,0
69708,0
69709,0
69710,1
69711,1
69712,0
69713,0
69714,1
69715,1
69716,1
69717,1
69718,0
69719,1
69720,1
69721,0
69722,0
69723,0
69724,0
69725,0
69726,0
69727,0
69728,0
69729,1
69730,0
69731,1
69732,1
69733,0
69734,0
69735,1
69736,0
69737,1
69738,1
69739,0
69740,1
69741,0
69742,0
69743,1
69744,0
69745,0
69746,1
69747,1
69748,0
69749,0
69750,1
69751,0
69752,0
69753,1
69754,0
69755,1
69756,1
69757,1
69758,1
69759,1
69760,1
69761,0
69762,1
69763,1
69764,1
69765,0
69766,1
69767,1
69768,0
69769,0
69770,1
69771,0
69772,0
69773,1
69774,0
69775,0
69776,1
69777,0
69778,1
69779,1
69780,0
69781,0
69782,1
69783,0
69784,1
69785,0
69786,0
69787,1
69788,1
69789,0
69790,0
69791,1
69792,1
69793,0
69794,0
69795,1
69796,0
69797,0
69798,0
69799,1
69800,0
69801,1
69802,0
69803,0
69804,0
69805,0
69806,0
69807,0
69808,1
69809,1
69810,1
69811,0
69812,1
69813,1
69814,0
69815,0
69816,0
69817,0
69818,1
69819,0
69820,0
69821,0
69822,1
69823,0
69824,0
69825,0
69826,1
69827,1
69828,1
69829,1
69830,1
69831,1
69832,0
69833,0
69834,1
69835,0
69836,0
69837,0
69838,0
69839,1
69840,1
69841,0
69842,0
69843,0
69844,1
69845,0
69846,0
69847,1
69848,1
69849,0
69850,0
69851,1
69852,0
69853,0
69854,0
69855,0
69856,1
69857,0
69858,0
69859,0
69860,1
69861,0
69862,1
69863,0
69864,1
69865,0
69866,0
69867,1
69868,1
69869,1
69870,0
69871,0
69872,0
69873,0
69874,1
69875,0
69876,0
69877,1
69878,1
69879,1
69880,0
69881,0
69882,1
69883,0
69884,1
69885,0
69886,0
69887,1
69888,1
69889,1
69890,0
69891,0
69892,0
69893,0
69894,0
69895,1
69896,0
69897,1
69898,1
69899,0
69900,0
69901,0
69902,0
69903,0
69904,1
69905,0
69906,1
69907,0
69908,0
69909,0
69910,0
69911,0
69912,0
69913,1
69914,0
69915,0
69916,0
69917,0
69918,1
69919,0
69920,1
69921,0
69922,0
69923,0
69924,1
69925,0
69926,0
69927,0
69928,0
69929,1
69930,0
69931,1
69932,0
69933,1
69934,1
69935,0
69936,0
69937,0
69938,0
69939,1
69940,0
69941,0
69942,0
69943,1
69944,1
69945,0
69946,0
69947,1
69948,0
69949,1
69950,0
69951,1
69952,0
69953,0
69954,0
69955,0
69956,1
69957,1
69958,0
69959,0
69960,0
69961,0
69962,1
69963,1
69964,1
69965,0
69966,0
69967,1
69968,0
69969,0
69970,0
69971,1
69972,0
69973,0
69974,0
69975,1
69976,0
69977,0
69978,1
69979,0
69980,1
69981,0
69982,0
69983,0
69984,1
69985,0
69986,0
69987,0
69988,0
69989,0
69990,0
69991,1
69992,0
69993,0
69994,0
69995,0
69996,0
69997,0
69998,0
69999,0
70000,0
70001,0
70002,0
70003,1
70004,0
70005,0
70006,1
70007,0
70008,1
70009,0
70010,0
70011,0
70012,1
70013,0
70014,0
70015,0
70016,0
70017,0
70018,0
70019,0
70020,0
70021,0
70022,1
70023,0
70024,0
70025,0
70026,0
70027,1
70028,0
70029,1
70030,1
70031,0
70032,0
70033,0
70034,0
70035,0
70036,0
70037,1
70038,1
70039,1
70040,1
70041,1
70042,1
70043,0
70044,0
70045,0
70046,1
70047,0
70048,1
70049,0
70050,0
70051,1
70052,0
70053,0
70054,0
70055,0
70056,1
70057,0
70058,0
70059,1
70060,0
70061,1
70062,1
70063,1
70064,0
70065,0
70066,0
70067,1
70068,1
70069,1
70070,0
70071,1
70072,0
70073,0
70074,0
70075,1
70076,0
70077,1
70078,0
70079,0
70080,1
70081,0
70082,1
70083,1
70084,0
70085,0
70086,1
70087,0
70088,0
70089,0
70090,0
70091,1
70092,1
70093,0
70094,1
70095,0
70096,0
70097,1
70098,0
70099,0
70100,0
70101,1
70102,0
70103,0
70104,1
70105,0
70106,0
70107,0
70108,1
70109,0
70110,0
70111,0
70112,1
70113,1
70114,0
70115,0
70116,1
70117,1
70118,1
70119,0
70120,1
70121,0
70122,0
70123,0
70124,0
70125,1
70126,0
70127,1
70128,1
70129,1
70130,0
70131,0
70132,0
70133,1
70134,0
70135,0
70136,0
70137,1
70138,0
70139,0
70140,0
70141,0
70142,0
70143,1
70144,0
70145,0
70146,0
70147,0
70148,0
70149,1
70150,1
70151,1
70152,0
70153,0
70154,0
70155,1
70156,0
70157,1
70158,1
70159,0
70160,0
70161,0
70162,1
70163,1
70164,0
70165,0
70166,1
70167,0
70168,1
70169,0
70170,1
70171,0
70172,0
70173,1
70174,1
70175,0
70176,0
70177,0
70178,0
70179,0
70180,0
70181,0
70182,0
70183,0
70184,0
70185,0
70186,1
70187,1
70188,1
70189,0
70190,0
70191,0
70192,1
70193,0
70194,0
70195,1
70196,0
70197,1
70198,0
70199,1
70200,0
70201,0
70202,0
70203,1
70204,1
70205,0
70206,0
70207,0
70208,0
70209,0
70210,0
70211,0
70212,1
70213,0
70214,0
70215,1
70216,1
70217,0
70218,0
70219,0
70220,0
70221,0
70222,0
70223,1
70224,0
70225,1
70226,1
70227,0
70228,1
70229,0
70230,0
70231,1
70232,0
70233,0
70234,0
70235,0
70236,0
70237,0
70238,0
70239,1
70240,0
70241,1
70242,1
70243,1
70244,1
70245,0
70246,0
70247,0
70248,1
70249,0
70250,1
70251,1
70252,1
70253,1
70254,1
70255,1
70256,0
70257,0
70258,1
70259,0
70260,0
70261,0
70262,0
70263,1
70264,0
70265,1
70266,0
70267,0
70268,1
70269,0
70270,1
70271,0
70272,0
70273,1
70274,1
70275,0
70276,0
70277,1
70278,0
70279,0
70280,1
70281,1
70282,0
70283,0
70284,0
70285,1
70286,0
70287,0
70288,1
70289,0
70290,1
70291,0
70292,0
70293,0
70294,0
70295,1
70296,0
70297,1
70298,1
70299,1
70300,1
70301,1
70302,0
70303,0
70304,0
70305,1
70306,0
70307,0
70308,1
70309,1
70310,0
70311,0
70312,1
70313,1
70314,0
70315,0
70316,0
70317,0
70318,0
70319,0
70320,1
70321,0
70322,0
70323,1
70324,0
70325,0
70326,1
70327,1
70328,0
70329,0
70330,0
70331,1
70332,0
70333,1
70334,1
70335,1
70336,1
70337,1
70338,1
70339,1
70340,0
70341,0
70342,0
70343,0
70344,1
70345,0
70346,0
70347,1
70348,0
70349,1
70350,0
70351,0
70352,0
70353,0
70354,1
70355,0
70356,1
70357,1
70358,0
70359,0
70360,0
70361,0
70362,0
70363,0
70364,0
70365,1
70366,0
70367,0
70368,1
70369,1
70370,1
70371,0
70372,1
70373,0
70374,0
70375,0
70376,0
70377,0
70378,0
70379,1
70380,0
70381,1
70382,1
70383,1
70384,1
70385,1
70386,0
70387,0
70388,0
70389,1
70390,0
70391,1
70392,0
70393,0
70394,1
70395,0
70396,1
70397,0
70398,0
70399,0
70400,0
70401,1
70402,0
70403,0
70404,0
70405,1
70406,0
70407,0
70408,1
70409,1
70410,1
70411,0
70412,1
70413,1
70414,0
70415,0
70416,1
70417,0
70418,1
70419,1
70420,0
70421,1
70422,0
70423,1
70424,1
70425,0
70426,1
70427,0
70428,1
70429,0
70430,0
70431,1
70432,0
70433,1
70434,0
70435,1
70436,0
70437,1
70438,1
70439,0
70440,0
70441,0
70442,1
70443,0
70444,0
70445,0
70446,1
70447,0
70448,0
70449,1
70450,0
70451,0
70452,0
70453,1
70454,0
70455,0
70456,1
70457,1
70458,0
70459,1
70460,1
70461,0
70462,1
70463,0
70464,1
70465,0
70466,1
70467,1
70468,1
70469,0
70470,1
70471,0
70472,1
70473,1
70474,0
70475,1
70476,0
70477,0
70478,1
70479,1
70480,0
70481,0
70482,1
70483,1
70484,1
70485,1
70486,1
70487,0
70488,0
70489,0
70490,1
70491,0
70492,0
70493,1
70494,0
70495,0
70496,1
70497,1
70498,1
70499,0
70500,0
70501,0
70502,0
70503,0
70504,1
70505,0
70506,0
70507,0
70508,1
70509,0
70510,0
70511,0
70512,1
70513,0
70514,0
70515,0
70516,0
70517,1
70518,1
70519,0
70520,0
70521,1
70522,1
70523,0
70524,1
70525,0
70526,1
70527,0
70528,0
70529,1
70530,0
70531,1
70532,0
70533,0
70534,0
70535,0
70536,0
70537,0
70538,1
70539,1
70540,0
70541,0
70542,1
70543,0
70544,0
70545,1
70546,0
70547,1
70548,0
70549,0
70550,0
70551,0
70552,0
70553,0
70554,0
70555,0
70556,0
70557,0
70558,0
70559,0
70560,0
70561,0
70562,0
70563,0
70564,0
70565,0
70566,0
70567,0
70568,0
70569,0
70570,0
70571,1
70572,0
70573,0
70574,0
70575,1
70576,0
70577,0
70578,0
70579,0
70580,1
70581,1
70582,0
70583,1
70584,0
70585,1
70586,0
70587,1
70588,0
70589,0
70590,1
70591,1
70592,1
70593,0
70594,1
70595,0
70596,0
70597,1
70598,1
70599,0
70600,0
70601,1
70602,0
70603,0
70604,1
70605,1
70606,1
70607,1
70608,0
70609,0
70610,0
70611,0
70612,0
70613,0
70614,0
70615,0
70616,0
70617,0
70618,0
70619,1
70620,0
70621,1
70622,0
70623,0
70624,0
70625,0
70626,1
70627,0
70628,1
70629,1
70630,0
70631,1
70632,1
70633,0
70634,0
70635,1
70636,0
70637,0
70638,1
70639,0
70640,0
70641,0
70642,0
70643,1
70644,1
70645,0
70646,1
70647,1
70648,0
70649,1
70650,0
70651,1
70652,0
70653,1
70654,0
70655,0
70656,0
70657,0
70658,0
70659,1
70660,0
70661,1
70662,0
70663,1
70664,1
70665,0
70666,1
70667,0
70668,0
70669,0
70670,0
70671,1
70672,0
70673,0
70674,0
70675,0
70676,0
70677,0
70678,0
70679,0
70680,1
70681,1
70682,0
70683,0
70684,0
70685,1
70686,0
70687,1
70688,0
70689,0
70690,1
70691,1
70692,1
70693,1
70694,1
70695,0
70696,0
70697,0
70698,1
70699,1
70700,1
70701,1
70702,1
70703,0
70704,1
70705,0
70706,0
70707,0
70708,1
70709,0
70710,0
70711,0
70712,0
70713,0
70714,0
70715,1
70716,0
70717,0
70718,0
70719,0
70720,1
70721,1
70722,1
70723,1
70724,0
70725,1
70726,0
70727,0
70728,0
70729,1
70730,0
70731,0
70732,0
70733,0
70734,1
70735,1
70736,0
70737,1
70738,1
70739,0
70740,0
70741,0
70742,0
70743,0
70744,0
70745,0
70746,0
70747,0
70748,0
70749,1
70750,0
70751,0
70752,1
70753,0
70754,0
70755,0
70756,0
70757,0
70758,0
70759,0
70760,0
70761,1
70762,1
70763,0
70764,0
70765,0
70766,1
70767,1
70768,0
70769,0
70770,1
70771,1
70772,0
70773,1
70774,1
70775,0
70776,0
70777,0
70778,1
70779,0
70780,0
70781,0
70782,0
70783,0
70784,1
70785,1
70786,0
70787,0
70788,0
70789,0
70790,0
70791,1
70792,1
70793,1
70794,0
70795,0
70796,1
70797,0
70798,0
70799,1
70800,0
70801,0
70802,0
70803,1
70804,0
70805,0
70806,1
70807,0
70808,0
70809,1
70810,0
70811,1
70812,1
70813,1
70814,0
70815,0
70816,0
70817,1
70818,0
70819,0
70820,0
70821,0
70822,0
70823,0
70824,1
70825,1
70826,0
70827,0
70828,0
70829,0
70830,0
70831,1
70832,0
70833,1
70834,0
70835,0
70836,1
70837,0
70838,0
70839,1
70840,0
70841,1
70842,1
70843,1
70844,1
70845,0
70846,0
70847,0
70848,0
70849,0
70850,0
70851,0
70852,0
70853,0
70854,0
70855,0
70856,1
70857,0
70858,0
70859,1
70860,1
70861,0
70862,1
70863,0
70864,0
70865,1
70866,0
70867,0
70868,0
70869,0
70870,0
70871,1
70872,1
70873,1
70874,0
70875,0
70876,0
70877,0
70878,1
70879,1
70880,0
70881,1
70882,0
70883,0
70884,0
70885,1
70886,1
70887,1
70888,1
70889,1
70890,0
70891,1
70892,0
70893,0
70894,0
70895,0
70896,1
70897,0
70898,0
70899,0
70900,0
70901,1
70902,1
70903,0
70904,1
70905,1
70906,0
70907,1
70908,0
70909,1
70910,0
70911,0
70912,0
70913,0
70914,0
70915,0
70916,1
70917,0
70918,0
70919,0
70920,1
70921,0
70922,0
70923,0
70924,0
70925,0
70926,0
70927,1
70928,0
70929,0
70930,1
70931,1
70932,1
70933,0
70934,1
70935,1
70936,1
70937,0
70938,0
70939,0
70940,0
70941,1
70942,1
70943,0
70944,0
70945,1
70946,0
70947,1
70948,0
70949,1
70950,1
70951,0
70952,0
70953,0
70954,1
70955,0
70956,1
70957,0
70958,0
70959,0
70960,0
70961,0
70962,0
70963,0
70964,0
70965,0
70966,0
70967,0
70968,0
70969,0
70970,0
70971,1
70972,0
70973,1
70974,1
70975,0
70976,1
70977,0
70978,1
70979,1
70980,0
70981,0
70982,0
70983,0
70984,1
70985,0
70986,0
70987,0
70988,0
70989,0
70990,0
70991,1
70992,0
70993,0
70994,0
70995,1
70996,0
70997,1
70998,1
70999,0
71000,0
71001,1
71002,1
71003,1
71004,1
71005,1
71006,0
71007,0
71008,0
71009,0
71010,1
71011,0
71012,1
71013,1
71014,1
71015,0
71016,0
71017,1
71018,1
71019,1
71020,0
71021,0
71022,0
71023,1
71024,1
71025,1
71026,0
71027,1
71028,0
71029,0
71030,0
71031,1
71032,0
71033,1
71034,1
71035,0
71036,0
71037,0
71038,0
71039,1
71040,0
71041,0
71042,0
71043,0
71044,0
71045,0
71046,0
71047,1
71048,1
71049,0
71050,1
71051,1
71052,1
71053,0
71054,0
71055,0
71056,0
71057,1
71058,0
71059,0
71060,0
71061,0
71062,0
71063,0
71064,0
71065,0
71066,0
71067,1
71068,1
71069,0
71070,0
71071,0
71072,0
71073,1
71074,0
71075,1
71076,0
71077,0
71078,0
71079,0
71080,0
71081,0
71082,1
71083,1
71084,1
71085,0
71086,0
71087,1
71088,1
71089,1
71090,1
71091,0
71092,1
71093,1
71094,1
71095,1
71096,0
71097,0
71098,0
71099,0
71100,0
71101,1
71102,1
71103,0
71104,0
71105,1
71106,0
71107,0
71108,1
71109,0
71110,1
71111,0
71112,0
71113,0
71114,0
71115,0
71116,0
71117,1
71118,1
71119,1
71120,0
71121,0
71122,0
71123,1
71124,0
71125,0
71126,1
71127,1
71128,1
71129,0
71130,1
71131,0
71132,0
71133,0
71134,0
71135,1
71136,1
71137,0
71138,1
71139,0
71140,1
71141,0
71142,0
71143,1
71144,1
71145,0
71146,0
71147,1
71148,0
71149,0
71150,1
71151,0
71152,0
71153,0
71154,1
71155,0
71156,1
71157,1
71158,1
71159,0
71160,1
71161,0
71162,0
71163,0
71164,0
71165,1
71166,0
71167,1
71168,1
71169,0
71170,1
71171,0
71172,0
71173,0
71174,1
71175,0
71176,0
71177,1
71178,1
71179,0
71180,1
71181,0
71182,0
71183,1
71184,0
71185,0
71186,0
71187,0
71188,0
71189,1
71190,0
71191,0
71192,1
71193,0
71194,0
71195,0
71196,1
71197,0
71198,0
71199,0
71200,1
71201,0
71202,0
71203,1
71204,1
71205,1
71206,0
71207,0
71208,0
71209,0
71210,0
71211,0
71212,1
71213,0
71214,1
71215,1
71216,0
71217,0
71218,1
71219,0
71220,0
71221,1
71222,0
71223,1
71224,0
71225,0
71226,1
71227,0
71228,1
71229,1
71230,0
71231,0
71232,0
71233,0
71234,0
71235,0
71236,1
71237,0
71238,0
71239,0
71240,0
71241,0
71242,0
71243,0
71244,0
71245,1
71246,1
71247,0
71248,0
71249,1
71250,1
71251,1
71252,0
71253,0
71254,0
71255,0
71256,1
71257,0
71258,0
71259,1
71260,1
71261,0
71262,1
71263,1
71264,0
71265,0
71266,1
71267,1
71268,1
71269,1
71270,0
71271,0
71272,1
71273,0
71274,0
71275,0
71276,0
71277,0
71278,0
71279,0
71280,0
71281,0
71282,1
71283,0
71284,1
71285,1
71286,0
71287,1
71288,1
71289,0
71290,0
71291,0
71292,1
71293,0
71294,0
71295,0
71296,0
71297,0
71298,0
71299,0
71300,1
71301,0
71302,0
71303,0
71304,0
71305,0
71306,0
71307,1
71308,1
71309,0
71310,1
71311,0
71312,1
71313,0
71314,1
71315,0
71316,1
71317,0
71318,0
71319,0
71320,1
71321,0
71322,0
71323,0
71324,1
71325,1
71326,1
71327,0
71328,0
71329,0
71330,0
71331,0
71332,1
71333,0
71334,0
71335,0
71336,1
71337,0
71338,0
71339,0
71340,1
71341,1
71342,1
71343,1
71344,0
71345,1
71346,1
71347,0
71348,0
71349,0
71350,0
71351,0
71352,0
71353,1
71354,1
71355,0
71356,1
71357,0
71358,1
71359,0
71360,0
71361,1
71362,1
71363,1
71364,0
71365,0
71366,0
71367,1
71368,0
71369,0
71370,0
71371,0
71372,1
71373,0
71374,0
71375,0
71376,0
71377,0
71378,1
71379,0
71380,0
71381,1
71382,0
71383,1
71384,0
71385,0
71386,1
71387,0
71388,0
71389,0
71390,0
71391,0
71392,0
71393,1
71394,0
71395,0
71396,0
71397,0
71398,1
71399,0
71400,0
71401,1
71402,0
71403,0
71404,0
71405,1
71406,0
71407,0
71408,0
71409,1
71410,0
71411,0
71412,0
71413,0
71414,0
71415,0
71416,0
71417,1
71418,0
71419,0
71420,0
71421,1
71422,1
71423,0
71424,0
71425,0
71426,1
71427,0
71428,0
71429,0
71430,1
71431,1
71432,0
71433,0
71434,1
71435,0
71436,1
71437,0
71438,0
71439,0
71440,1
71441,1
71442,0
71443,0
71444,1
71445,0
71446,0
71447,1
71448,0
71449,0
71450,1
71451,1
71452,0
71453,0
71454,0
71455,0
71456,0
71457,0
71458,0
71459,1
71460,0
71461,0
71462,1
71463,1
71464,0
71465,0
71466,0
71467,0
71468,0
71469,0
71470,0
71471,0
71472,0
71473,0
71474,1
71475,1
71476,1
71477,1
71478,0
71479,1
71480,0
71481,0
71482,0
71483,0
71484,0
71485,0
71486,0
71487,0
71488,0
71489,0
71490,0
71491,0
71492,0
71493,0
71494,0
71495,1
71496,0
71497,0
71498,1
71499,1
71500,0
71501,0
71502,0
71503,1
71504,1
71505,1
71506,0
71507,1
71508,0
71509,0
71510,1
71511,0
71512,1
71513,0
71514,0
71515,1
71516,0
71517,0
71518,0
71519,0
71520,1
71521,1
71522,0
71523,1
71524,1
71525,1
71526,0
71527,1
71528,1
71529,0
71530,0
71531,0
71532,0
71533,0
71534,1
71535,0
71536,0
71537,0
71538,0
71539,0
71540,0
71541,1
71542,0
71543,1
71544,0
71545,0
71546,1
71547,0
71548,0
71549,1
71550,0
71551,1
71552,0
71553,0
71554,0
71555,1
71556,1
71557,1
71558,0
71559,0
71560,1
71561,0
71562,0
71563,1
71564,0
71565,0
71566,1
71567,1
71568,0
71569,1
71570,0
71571,0
71572,1
71573,0
71574,1
71575,1
71576,0
71577,1
71578,1
71579,1
71580,0
71581,0
71582,1
71583,0
71584,0
71585,0
71586,1
71587,1
71588,1
71589,1
71590,0
71591,0
71592,1
71593,0
71594,0
71595,1
71596,0
71597,0
71598,0
71599,0
71600,0
71601,0
71602,0
71603,1
71604,0
71605,0
71606,0
71607,0
71608,0
71609,0
71610,0
71611,0
71612,0
71613,0
71614,1
71615,1
71616,0
71617,0
71618,0
71619,0
71620,1
71621,0
71622,0
71623,0
71624,1
71625,1
71626,0
71627,1
71628,1
71629,0
71630,0
71631,0
71632,1
71633,0
71634,0
71635,0
71636,1
71637,0
71638,1
71639,0
71640,0
71641,0
71642,1
71643,0
71644,1
71645,0
71646,0
71647,0
71648,1
71649,0
71650,1
71651,1
71652,0
71653,0
71654,1
71655,0
71656,0
71657,0
71658,0
71659,0
71660,0
71661,1
71662,0
71663,0
71664,0
71665,0
71666,0
71667,1
71668,1
71669,0
71670,0
71671,1
71672,0
71673,0
71674,0
71675,0
71676,1
71677,0
71678,0
71679,1
71680,1
71681,0
71682,0
71683,0
71684,0
71685,0
71686,0
71687,0
71688,1
71689,1
71690,0
71691,1
71692,1
71693,0
71694,1
71695,1
71696,0
71697,0
71698,0
71699,0
71700,0
71701,1
71702,0
71703,0
71704,0
71705,1
71706,0
71707,0
71708,0
71709,0
71710,0
71711,1
71712,0
71713,1
71714,0
71715,1
71716,0
71717,0
71718,1
71719,0
71720,1
71721,0
71722,0
71723,1
71724,0
71725,0
71726,1
71727,1
71728,1
71729,0
71730,0
71731,1
71732,0
71733,0
71734,1
71735,0
71736,1
71737,1
71738,0
71739,0
71740,0
71741,1
71742,1
71743,1
71744,0
71745,1
71746,0
71747,0
71748,0
71749,0
71750,1
71751,0
71752,1
71753,1
71754,0
71755,0
71756,0
71757,0
71758,0
71759,0
71760,0
71761,1
71762,0
71763,0
71764,0
71765,1
71766,0
71767,1
71768,0
71769,0
71770,1
71771,1
71772,0
71773,1
71774,0
71775,1
71776,0
71777,0
71778,0
71779,0
71780,0
71781,1
71782,0
71783,0
71784,0
71785,0
71786,0
71787,0
71788,1
71789,0
71790,0
71791,0
71792,0
71793,1
71794,0
71795,0
71796,1
71797,1
71798,1
71799,0
71800,0
71801,1
71802,0
71803,1
71804,1
71805,0
71806,0
71807,1
71808,0
71809,0
71810,0
71811,0
71812,0
71813,1
71814,0
71815,1
71816,1
71817,1
71818,1
71819,0
71820,0
71821,0
71822,0
71823,0
71824,1
71825,0
71826,1
71827,0
71828,0
71829,1
71830,1
71831,0
71832,0
71833,1
71834,1
71835,1
71836,1
71837,0
71838,1
71839,0
71840,1
71841,0
71842,0
71843,1
71844,0
71845,0
71846,0
71847,0
71848,1
71849,0
71850,1
71851,0
71852,1
71853,0
71854,1
71855,1
71856,0
71857,0
71858,1
71859,1
71860,0
71861,0
71862,0
71863,1
71864,1
71865,0
71866,1
71867,0
71868,0
71869,0
71870,1
71871,0
71872,0
71873,1
71874,1
71875,1
71876,1
71877,0
71878,1
71879,1
71880,0
71881,0
71882,0
71883,0
71884,0
71885,0
71886,0
71887,0
71888,1
71889,1
71890,0
71891,1
71892,0
71893,0
71894,0
71895,1
71896,0
71897,1
71898,0
71899,0
71900,1
71901,0
71902,1
71903,1
71904,0
71905,0
71906,1
71907,0
71908,0
71909,1
71910,1
71911,0
71912,1
71913,0
71914,1
71915,1
71916,0
71917,1
71918,1
71919,1
71920,1
71921,0
71922,1
71923,0
71924,0
71925,1
71926,1
71927,0
71928,0
71929,0
71930,1
71931,1
71932,1
71933,0
71934,1
71935,0
71936,0
71937,0
71938,0
71939,0
71940,1
71941,1
71942,0
71943,0
71944,1
71945,0
71946,0
71947,1
71948,0
71949,0
71950,0
71951,0
71952,1
71953,1
71954,0
71955,1
71956,0
71957,0
71958,1
71959,1
71960,1
71961,0
71962,1
71963,1
71964,0
71965,0
71966,1
71967,1
71968,1
71969,0
71970,1
71971,0
71972,0
71973,1
71974,1
71975,0
71976,1
71977,0
71978,0
71979,0
71980,0
71981,0
71982,1
71983,1
71984,0
71985,1
71986,1
71987,0
71988,0
71989,0
71990,0
71991,0
71992,1
71993,0
71994,0
71995,1
71996,0
71997,0
71998,1
71999,0
72000,0
72001,0
72002,1
72003,1
72004,0
72005,1
72006,1
72007,1
72008,1
72009,1
72010,0
72011,0
72012,1
72013,0
72014,0
72015,0
72016,1
72017,0
72018,0
72019,0
72020,0
72021,0
72022,0
72023,1
72024,0
72025,0
72026,1
72027,0
72028,1
72029,0
72030,0
72031,0
72032,1
72033,0
72034,1
72035,0
72036,1
72037,0
72038,1
72039,0
72040,1
72041,0
72042,1
72043,1
72044,1
72045,0
72046,0
72047,1
72048,1
72049,1
72050,0
72051,0
72052,0
72053,0
72054,0
72055,1
72056,0
72057,0
72058,1
72059,0
72060,0
72061,1
72062,0
72063,0
72064,1
72065,0
72066,1
72067,1
72068,0
72069,0
72070,1
72071,1
72072,1
72073,0
72074,0
72075,1
72076,0
72077,0
72078,0
72079,0
72080,0
72081,0
72082,0
72083,0
72084,1
72085,0
72086,1
72087,0
72088,1
72089,0
72090,1
72091,0
72092,0
72093,0
72094,1
72095,0
72096,1
72097,1
72098,0
72099,0
72100,0
72101,1
72102,0
72103,0
72104,1
72105,1
72106,1
72107,1
72108,0
72109,1
72110,0
72111,1
72112,0
72113,0
72114,1
72115,0
72116,0
72117,1
72118,0
72119,0
72120,0
72121,0
72122,0
72123,0
72124,0
72125,0
72126,0
72127,0
72128,1
72129,0
72130,0
72131,1
72132,0
72133,1
72134,0
72135,0
72136,0
72137,0
72138,1
72139,1
72140,0
72141,0
72142,0
72143,0
72144,0
72145,1
72146,0
72147,0
72148,0
72149,1
72150,0
72151,0
72152,1
72153,0
72154,0
72155,0
72156,0
72157,1
72158,0
72159,1
72160,0
72161,0
72162,1
72163,0
72164,0
72165,0
72166,1
72167,1
72168,0
72169,1
72170,0
72171,1
72172,1
72173,1
72174,0
72175,0
72176,0
72177,0
72178,0
72179,0
72180,1
72181,1
72182,0
72183,1
72184,1
72185,1
72186,0
72187,0
72188,0
72189,1
72190,1
72191,0
72192,0
72193,1
72194,1
72195,0
72196,0
72197,0
72198,0
72199,0
72200,0
72201,0
72202,0
72203,1
72204,0
72205,0
72206,0
72207,0
72208,0
72209,0
72210,1
72211,0
72212,0
72213,0
72214,0
72215,0
72216,1
72217,0
72218,1
72219,0
72220,0
72221,0
72222,0
72223,1
72224,0
72225,0
72226,0
72227,1
72228,1
72229,0
72230,0
72231,1
72232,1
72233,0
72234,1
72235,1
72236,1
72237,1
72238,1
72239,0
72240,0
72241,1
72242,1
72243,0
72244,0
72245,1
72246,0
72247,0
72248,0
72249,1
72250,0
72251,0
72252,1
72253,1
72254,1
72255,0
72256,1
72257,0
72258,0
72259,0
72260,1
72261,0
72262,1
72263,0
72264,0
72265,1
72266,0
72267,0
72268,0
72269,0
72270,0
72271,0
72272,1
72273,1
72274,0
72275,1
72276,1
72277,0
72278,0
72279,1
72280,1
72281,0
72282,1
72283,0
72284,1
72285,0
72286,0
72287,1
72288,1
72289,0
72290,1
72291,0
72292,0
72293,1
72294,1
72295,1
72296,0
72297,0
72298,0
72299,0
72300,1
72301,0
72302,0
72303,0
72304,1
72305,1
72306,0
72307,0
72308,0
72309,0
72310,0
72311,0
72312,1
72313,1
72314,1
72315,0
72316,1
72317,0
72318,0
72319,1
72320,1
72321,0
72322,0
72323,0
72324,0
72325,0
72326,0
72327,0
72328,1
72329,0
72330,0
72331,0
72332,1
72333,0
72334,0
72335,1
72336,0
72337,0
72338,0
72339,0
72340,0
72341,0
72342,1
72343,0
72344,1
72345,0
72346,1
72347,0
72348,1
72349,0
72350,0
72351,0
72352,0
72353,1
72354,0
72355,1
72356,0
72357,0
72358,0
72359,1
72360,1
72361,0
72362,1
72363,0
72364,0
72365,0
72366,1
72367,0
72368,0
72369,0
72370,0
72371,1
72372,0
72373,0
72374,0
72375,0
72376,1
72377,0
72378,0
72379,0
72380,1
72381,1
72382,1
72383,1
72384,0
72385,0
72386,1
72387,0
72388,0
72389,0
72390,0
72391,0
72392,1
72393,1
72394,0
72395,0
72396,0
72397,1
72398,1
72399,0
72400,0
72401,1
72402,1
72403,1
72404,0
72405,0
72406,1
72407,0
72408,1
72409,0
72410,0
72411,1
72412,1
72413,0
72414,0
72415,0
72416,1
72417,1
72418,0
72419,1
72420,0
72421,0
72422,0
72423,1
72424,1
72425,0
72426,1
72427,0
72428,1
72429,1
72430,1
72431,1
72432,0
72433,0
72434,1
72435,0
72436,0
72437,1
72438,1
72439,0
72440,1
72441,1
72442,0
72443,1
72444,1
72445,1
72446,0
72447,1
72448,1
72449,0
72450,0
72451,1
72452,0
72453,0
72454,0
72455,0
72456,1
72457,1
72458,0
72459,0
72460,1
72461,0
72462,0
72463,1
72464,1
72465,0
72466,1
72467,1
72468,0
72469,1
72470,0
72471,0
72472,0
72473,0
72474,0
72475,0
72476,1
72477,1
72478,1
72479,0
72480,1
72481,0
72482,0
72483,1
72484,0
72485,1
72486,0
72487,0
72488,0
72489,1
72490,0
72491,0
72492,0
72493,0
72494,1
72495,0
72496,1
72497,0
72498,0
72499,0
72500,0
72501,0
72502,0
72503,0
72504,0
72505,0
72506,0
72507,1
72508,0
72509,1
72510,1
72511,1
72512,0
72513,0
72514,1
72515,0
72516,1
72517,0
72518,1
72519,1
72520,0
72521,1
72522,1
72523,1
72524,0
72525,0
72526,0
72527,1
72528,1
72529,1
72530,0
72531,1
72532,1
72533,1
72534,0
72535,0
72536,0
72537,0
72538,1
72539,1
72540,1
72541,1
72542,0
72543,0
72544,0
72545,0
72546,0
72547,0
72548,1
72549,1
72550,1
72551,1
72552,0
72553,1
72554,1
72555,1
72556,0
72557,0
72558,0
72559,1
72560,0
72561,0
72562,1
72563,1
72564,1
72565,1
72566,0
72567,1
72568,1
72569,1
72570,0
72571,1
72572,1
72573,1
72574,0
72575,1
72576,0
72577,0
72578,0
72579,1
72580,0
72581,0
72582,0
72583,0
72584,0
72585,0
72586,0
72587,0
72588,0
72589,0
72590,0
72591,0
72592,1
72593,1
72594,0
72595,0
72596,1
72597,0
72598,0
72599,0
72600,0
72601,0
72602,0
72603,0
72604,0
72605,0
72606,0
72607,1
72608,0
72609,1
72610,1
72611,1
72612,0
72613,1
72614,0
72615,0
72616,1
72617,1
72618,0
72619,0
72620,1
72621,0
72622,1
72623,0
72624,0
72625,0
72626,0
72627,0
72628,1
72629,0
72630,1
72631,0
72632,1
72633,1
72634,1
72635,0
72636,1
72637,1
72638,1
72639,0
72640,0
72641,1
72642,0
72643,0
72644,1
72645,0
72646,0
72647,0
72648,0
72649,1
72650,0
72651,1
72652,1
72653,1
72654,0
72655,1
72656,0
72657,1
72658,1
72659,0
72660,0
72661,0
72662,0
72663,0
72664,1
72665,0
72666,1
72667,1
72668,1
72669,0
72670,0
72671,0
72672,0
72673,1
72674,0
72675,0
72676,1
72677,0
72678,0
72679,1
72680,0
72681,1
72682,1
72683,1
72684,1
72685,1
72686,0
72687,0
72688,0
72689,0
72690,0
72691,1
72692,1
72693,1
72694,0
72695,0
72696,0
72697,1
72698,0
72699,1
72700,1
72701,1
72702,0
72703,0
72704,1
72705,0
72706,0
72707,1
72708,1
72709,0
72710,1
72711,0
72712,1
72713,0
72714,1
72715,0
72716,0
72717,1
72718,0
72719,0
72720,0
72721,0
72722,0
72723,0
72724,1
72725,1
72726,0
72727,0
72728,0
72729,1
72730,1
72731,0
72732,0
72733,0
72734,0
72735,0
72736,0
72737,1
72738,0
72739,0
72740,0
72741,0
72742,1
72743,0
72744,1
72745,0
72746,1
72747,0
72748,0
72749,1
72750,1
72751,0
72752,1
72753,1
72754,1
72755,0
72756,0
72757,0
72758,0
72759,1
72760,1
72761,0
72762,0
72763,0
72764,0
72765,1
72766,0
72767,0
72768,1
72769,0
72770,1
72771,0
72772,0
72773,1
72774,0
72775,1
72776,0
72777,0
72778,0
72779,0
72780,0
72781,1
72782,0
72783,1
72784,0
72785,0
72786,1
72787,0
72788,0
72789,0
72790,1
72791,0
72792,0
72793,1
72794,1
72795,0
72796,0
72797,0
72798,0
72799,0
72800,0
72801,0
72802,1
72803,0
72804,0
72805,1
72806,0
72807,1
72808,0
72809,0
72810,1
72811,0
72812,0
72813,1
72814,1
72815,0
72816,0
72817,0
72818,1
72819,0
72820,0
72821,0
72822,0
72823,0
72824,0
72825,0
72826,0
72827,0
72828,0
72829,0
72830,0
72831,0
72832,0
72833,1
72834,0
72835,0
72836,1
72837,0
72838,0
72839,0
72840,0
72841,0
72842,1
72843,1
72844,0
72845,1
72846,0
72847,0
72848,0
72849,0
72850,0
72851,0
72852,0
72853,0
72854,0
72855,1
72856,0
72857,0
72858,0
72859,0
72860,0
72861,0
72862,1
72863,0
72864,1
72865,0
72866,0
72867,0
72868,0
72869,1
72870,0
72871,1
72872,1
72873,0
72874,1
72875,1
72876,0
72877,1
72878,1
72879,0
72880,0
72881,1
72882,0
72883,1
72884,1
72885,1
72886,1
72887,0
72888,0
72889,0
72890,0
72891,1
72892,0
72893,0
72894,0
72895,1
72896,1
72897,0
72898,0
72899,0
72900,0
72901,0
72902,0
72903,0
72904,0
72905,0
72906,0
72907,1
72908,1
72909,0
72910,1
72911,0
72912,0
72913,0
72914,0
72915,0
72916,0
72917,1
72918,0
72919,0
72920,0
72921,0
72922,0
72923,0
72924,0
72925,1
72926,0
72927,1
72928,1
72929,0
72930,0
72931,0
72932,1
72933,0
72934,1
72935,1
72936,0
72937,0
72938,1
72939,0
72940,1
72941,0
72942,0
72943,0
72944,0
72945,0
72946,0
72947,0
72948,0
72949,1
72950,0
72951,0
72952,1
72953,1
72954,1
72955,0
72956,1
72957,0
72958,0
72959,1
72960,1
72961,0
72962,0
72963,1
72964,0
72965,1
72966,0
72967,1
72968,0
72969,0
72970,1
72971,0
72972,0
72973,1
72974,1
72975,0
72976,0
72977,0
72978,0
72979,0
72980,1
72981,1
72982,1
72983,1
72984,0
72985,0
72986,0
72987,0
72988,1
72989,1
72990,1
72991,1
72992,0
72993,0
72994,0
72995,0
72996,0
72997,0
72998,0
72999,0
73000,1
73001,0
73002,0
73003,0
73004,0
73005,0
73006,1
73007,1
73008,1
73009,0
73010,0
73011,0
73012,1
73013,0
73014,1
73015,0
73016,0
73017,0
73018,1
73019,0
73020,0
73021,0
73022,1
73023,0
73024,1
73025,0
73026,1
73027,1
73028,0
73029,1
73030,1
73031,1
73032,0
73033,1
73034,0
73035,0
73036,0
73037,1
73038,0
73039,1
73040,1
73041,1
73042,0
73043,0
73044,1
73045,0
73046,0
73047,0
73048,0
73049,0
73050,1
73051,0
73052,0
73053,0
73054,1
73055,0
73056,0
73057,1
73058,0
73059,0
73060,1
73061,0
73062,0
73063,0
73064,0
73065,0
73066,0
73067,1
73068,0
73069,0
73070,0
73071,0
73072,1
73073,0
73074,0
73075,1
73076,1
73077,1
73078,0
73079,1
73080,1
73081,0
73082,1
73083,1
73084,0
73085,0
73086,0
73087,0
73088,0
73089,1
73090,0
73091,1
73092,0
73093,0
73094,0
73095,0
73096,1
73097,1
73098,0
73099,0
73100,0
73101,0
73102,0
73103,0
73104,0
73105,0
73106,0
73107,0
73108,1
73109,1
73110,0
73111,0
73112,0
73113,0
73114,0
73115,1
73116,1
73117,0
73118,1
73119,1
73120,1
73121,0
73122,1
73123,1
73124,0
73125,1
73126,0
73127,0
73128,0
73129,0
73130,0
73131,0
73132,0
73133,0
73134,0
73135,0
73136,0
73137,0
73138,1
73139,1
73140,0
73141,1
73142,0
73143,1
73144,0
73145,1
73146,0
73147,0
73148,0
73149,0
73150,1
73151,0
73152,1
73153,0
73154,0
73155,1
73156,1
73157,1
73158,1
73159,0
73160,0
73161,0
73162,1
73163,0
73164,1
73165,0
73166,0
73167,0
73168,0
73169,0
73170,0
73171,1
73172,1
73173,0
73174,0
73175,0
73176,1
73177,1
73178,1
73179,1
73180,0
73181,0
73182,1
73183,0
73184,1
73185,0
73186,1
73187,1
73188,0
73189,0
73190,0
73191,0
73192,0
73193,0
73194,1
73195,1
73196,0
73197,1
73198,0
73199,1
73200,1
73201,0
73202,0
73203,1
73204,0
73205,1
73206,0
73207,0
73208,0
73209,0
73210,1
73211,0
73212,0
73213,1
73214,0
73215,0
73216,0
73217,0
73218,0
73219,0
73220,0
73221,0
73222,0
73223,0
73224,1
73225,0
73226,1
73227,0
73228,0
73229,0
73230,1
73231,1
73232,1
73233,0
73234,0
73235,0
73236,0
73237,0
73238,0
73239,0
73240,0
73241,1
73242,0
73243,0
73244,1
73245,0
73246,1
73247,0
73248,1
73249,0
73250,1
73251,1
73252,1
73253,0
73254,1
73255,0
73256,0
73257,0
73258,0
73259,0
73260,1
73261,0
73262,0
73263,0
73264,0
73265,0
73266,0
73267,0
73268,0
73269,1
73270,0
73271,1
73272,0
73273,0
73274,0
73275,0
73276,1
73277,0
73278,0
73279,0
73280,0
73281,1
73282,0
73283,0
73284,0
73285,1
73286,0
73287,0
73288,0
73289,0
73290,0
73291,0
73292,0
73293,0
73294,0
73295,0
73296,1
73297,1
73298,0
73299,0
73300,1
73301,0
73302,0
73303,0
73304,0
73305,0
73306,0
73307,0
73308,0
73309,0
73310,1
73311,0
73312,1
73313,1
73314,1
73315,0
73316,0
73317,0
73318,1
73319,0
73320,0
73321,1
73322,0
73323,0
73324,1
73325,1
73326,0
73327,0
73328,0
73329,1
73330,0
73331,1
73332,1
73333,1
73334,0
73335,1
73336,1
73337,0
73338,0
73339,1
73340,0
73341,0
73342,0
73343,0
73344,0
73345,0
73346,0
73347,0
73348,0
73349,1
73350,1
73351,0
73352,0
73353,0
73354,0
73355,1
73356,1
73357,1
73358,1
73359,1
73360,1
73361,0
73362,0
73363,1
73364,0
73365,1
73366,0
73367,0
73368,0
73369,0
73370,1
73371,0
73372,0
73373,1
73374,0
73375,1
73376,0
73377,1
73378,0
73379,0
73380,0
73381,0
73382,0
73383,0
73384,0
73385,0
73386,0
73387,1
73388,0
73389,0
73390,0
73391,0
73392,0
73393,1
73394,1
73395,1
73396,0
73397,0
73398,0
73399,1
73400,0
73401,0
73402,0
73403,0
73404,0
73405,0
73406,0
73407,1
73408,0
73409,0
73410,0
73411,0
73412,0
73413,0
73414,0
73415,0
73416,0
73417,0
73418,0
73419,0
73420,0
73421,0
73422,0
73423,0
73424,0
73425,0
73426,1
73427,1
73428,1
73429,0
73430,0
73431,0
73432,1
73433,0
73434,1
73435,0
73436,0
73437,1
73438,0
73439,1
73440,0
73441,0
73442,0
73443,0
73444,1
73445,0
73446,0
73447,0
73448,0
73449,0
73450,0
73451,0
73452,0
73453,1
73454,1
73455,1
73456,0
73457,0
73458,1
73459,0
73460,0
73461,0
73462,0
73463,1
73464,0
73465,1
73466,0
73467,0
73468,0
73469,0
73470,0
73471,0
73472,0
73473,1
73474,0
73475,0
73476,0
73477,0
73478,0
73479,0
73480,0
73481,1
73482,0
73483,0
73484,0
73485,1
73486,0
73487,0
73488,0
73489,0
73490,0
73491,1
73492,0
73493,0
73494,1
73495,0
73496,0
73497,0
73498,0
73499,0
73500,0
73501,0
73502,1
73503,0
73504,1
73505,0
73506,0
73507,0
73508,0
73509,0
73510,1
73511,1
73512,0
73513,1
73514,0
73515,0
73516,1
73517,0
73518,1
73519,0
73520,1
73521,1
73522,0
73523,0
73524,0
73525,0
73526,1
73527,0
73528,0
73529,0
73530,1
73531,1
73532,0
73533,1
73534,1
73535,0
73536,1
73537,0
73538,0
73539,1
73540,1
73541,0
73542,1
73543,0
73544,1
73545,0
73546,1
73547,1
73548,0
73549,1
73550,1
73551,0
73552,0
73553,0
73554,0
73555,0
73556,0
73557,0
73558,0
73559,0
73560,1
73561,0
73562,0
73563,1
73564,1
73565,0
73566,0
73567,1
73568,0
73569,0
73570,1
73571,0
73572,0
73573,0
73574,0
73575,0
73576,1
73577,0
73578,0
73579,0
73580,1
73581,0
73582,1
73583,0
73584,1
73585,1
73586,0
73587,1
73588,0
73589,0
73590,0
73591,0
73592,0
73593,0
73594,0
73595,0
73596,0
73597,1
73598,0
73599,0
73600,0
73601,1
73602,1
73603,1
73604,0
73605,0
73606,1
73607,1
73608,1
73609,0
73610,1
73611,0
73612,1
73613,0
73614,0
73615,0
73616,0
73617,1
73618,0
73619,1
73620,0
73621,1
73622,0
73623,1
73624,0
73625,1
73626,0
73627,1
73628,1
73629,0
73630,1
73631,1
73632,0
73633,0
73634,0
73635,0
73636,1
73637,1
73638,0
73639,1
73640,1
73641,0
73642,0
73643,1
73644,0
73645,0
73646,0
73647,0
73648,0
73649,0
73650,0
73651,0
73652,0
73653,1
73654,0
73655,1
73656,0
73657,0
73658,0
73659,0
73660,1
73661,0
73662,0
73663,1
73664,0
73665,0
73666,0
73667,0
73668,0
73669,0
73670,1
73671,1
73672,0
73673,0
73674,1
73675,1
73676,1
73677,0
73678,0
73679,1
73680,0
73681,0
73682,0
73683,0
73684,1
73685,0
73686,1
73687,1
73688,0
73689,1
73690,0
73691,0
73692,1
73693,0
73694,1
73695,0
73696,0
73697,1
73698,1
73699,0
73700,0
73701,0
73702,0
73703,1
73704,0
73705,1
73706,1
73707,0
73708,0
73709,0
73710,1
73711,0
73712,0
73713,0
73714,0
73715,0
73716,0
73717,0
73718,1
73719,0
73720,0
73721,0
73722,0
73723,0
73724,0
73725,0
73726,0
73727,0
73728,1
73729,1
73730,0
73731,1
73732,0
73733,1
73734,0
73735,0
73736,0
73737,1
73738,0
73739,0
73740,1
73741,0
73742,1
73743,1
73744,0
73745,0
73746,1
73747,1
73748,0
73749,0
73750,1
73751,0
73752,0
73753,0
73754,1
73755,0
73756,0
73757,0
73758,0
73759,0
73760,0
73761,0
73762,0
73763,0
73764,0
73765,0
73766,1
73767,0
73768,1
73769,1
73770,0
73771,0
73772,0
73773,0
73774,0
73775,0
73776,0
73777,1
73778,0
73779,0
73780,1
73781,0
73782,1
73783,0
73784,1
73785,1
73786,0
73787,0
73788,0
73789,0
73790,0
73791,0
73792,0
73793,0
73794,0
73795,0
73796,0
73797,0
73798,1
73799,0
73800,1
73801,1
73802,1
73803,0
73804,0
73805,0
73806,0
73807,0
73808,1
73809,0
73810,1
73811,0
73812,0
73813,1
73814,1
73815,0
73816,0
73817,0
73818,0
73819,0
73820,1
73821,1
73822,0
73823,0
73824,0
73825,0
73826,1
73827,0
73828,0
73829,0
73830,0
73831,0
73832,1
73833,0
73834,0
73835,1
73836,0
73837,0
73838,1
73839,1
73840,1
73841,1
73842,1
73843,0
73844,1
73845,1
73846,0
73847,1
73848,0
73849,1
73850,1
73851,1
73852,1
73853,1
73854,1
73855,1
73856,0
73857,0
73858,0
73859,0
73860,1
73861,0
73862,1
73863,0
73864,0
73865,1
73866,0
73867,0
73868,1
73869,0
73870,0
73871,1
73872,0
73873,0
73874,0
73875,0
73876,0
73877,0
73878,1
73879,0
73880,0
73881,0
73882,1
73883,0
73884,0
73885,0
73886,0
73887,0
73888,1
73889,1
73890,0
73891,0
73892,0
73893,1
73894,1
73895,0
73896,1
73897,1
73898,0
73899,0
73900,0
73901,1
73902,1
73903,0
73904,1
73905,1
73906,0
73907,1
73908,0
73909,1
73910,1
73911,1
73912,0
73913,0
73914,1
73915,0
73916,0
73917,0
73918,0
73919,1
73920,0
73921,0
73922,0
73923,1
73924,0
73925,1
73926,0
73927,1
73928,1
73929,0
73930,0
73931,0
73932,1
73933,0
73934,1
73935,1
73936,0
73937,0
73938,0
73939,0
73940,1
73941,0
73942,0
73943,1
73944,0
73945,0
73946,1
73947,1
73948,0
73949,1
73950,1
73951,0
73952,0
73953,0
73954,1
73955,0
73956,1
73957,0
73958,0
73959,0
73960,0
73961,0
73962,0
73963,0
73964,1
73965,0
73966,0
73967,1
73968,0
73969,1
73970,0
73971,0
73972,0
73973,0
73974,1
73975,0
73976,0
73977,1
73978,0
73979,0
73980,0
73981,0
73982,1
73983,1
73984,0
73985,0
73986,0
73987,1
73988,1
73989,0
73990,0
73991,0
73992,1
73993,1
73994,0
73995,0
73996,1
73997,1
73998,0
73999,1
74000,0
74001,1
74002,0
74003,1
74004,0
74005,0
74006,0
74007,1
74008,1
74009,1
74010,0
74011,1
74012,0
74013,1
74014,1
74015,1
74016,0
74017,1
74018,0
74019,1
74020,0
74021,0
74022,0
74023,1
74024,0
74025,1
74026,1
74027,0
74028,0
74029,1
74030,0
74031,0
74032,0
74033,1
74034,0
74035,1
74036,1
74037,1
74038,0
74039,1
74040,0
74041,0
74042,0
74043,1
74044,1
74045,0
74046,0
74047,1
74048,0
74049,1
74050,1
74051,0
74052,1
74053,1
74054,0
74055,0
74056,0
74057,1
74058,0
74059,0
74060,1
74061,0
74062,0
74063,0
74064,0
74065,0
74066,0
74067,0
74068,1
74069,0
74070,1
74071,0
74072,1
74073,0
74074,0
74075,0
74076,1
74077,0
74078,1
74079,1
74080,0
74081,0
74082,0
74083,0
74084,0
74085,0
74086,1
74087,1
74088,0
74089,0
74090,1
74091,0
74092,1
74093,0
74094,0
74095,0
74096,0
74097,1
74098,1
74099,1
74100,0
74101,0
74102,0
74103,0
74104,1
74105,0
74106,1
74107,0
74108,0
74109,0
74110,1
74111,0
74112,0
74113,0
74114,1
74115,0
74116,1
74117,0
74118,1
74119,1
74120,0
74121,0
74122,0
74123,0
74124,0
74125,1
74126,0
74127,0
74128,1
74129,0
74130,0
74131,0
74132,0
74133,0
74134,1
74135,1
74136,0
74137,0
74138,1
74139,0
74140,1
74141,0
74142,0
74143,0
74144,0
74145,1
74146,0
74147,1
74148,0
74149,1
74150,0
74151,0
74152,0
74153,0
74154,0
74155,1
74156,0
74157,0
74158,0
74159,0
74160,0
74161,0
74162,1
74163,1
74164,0
74165,0
74166,0
74167,1
74168,0
74169,1
74170,1
74171,0
74172,1
74173,0
74174,0
74175,0
74176,1
74177,0
74178,0
74179,0
74180,0
74181,1
74182,0
74183,0
74184,0
74185,0
74186,0
74187,1
74188,0
74189,0
74190,0
74191,0
74192,1
74193,0
74194,1
74195,1
74196,0
74197,1
74198,1
74199,0
74200,0
74201,0
74202,0
74203,1
74204,1
74205,1
74206,0
74207,0
74208,0
74209,0
74210,0
74211,0
74212,0
74213,1
74214,0
74215,1
74216,1
74217,1
74218,0
74219,1
74220,0
74221,0
74222,0
74223,1
74224,1
74225,0
74226,1
74227,0
74228,0
74229,0
74230,0
74231,0
74232,1
74233,1
74234,0
74235,1
74236,0
74237,0
74238,1
74239,1
74240,1
74241,0
74242,1
74243,0
74244,0
74245,1
74246,1
74247,0
74248,0
74249,1
74250,0
74251,0
74252,0
74253,0
74254,0
74255,0
74256,0
74257,0
74258,1
74259,0
74260,0
74261,1
74262,0
74263,0
74264,0
74265,0
74266,1
74267,0
74268,0
74269,0
74270,0
74271,1
74272,1
74273,0
74274,0
74275,1
74276,0
74277,0
74278,0
74279,0
74280,0
74281,0
74282,0
74283,0
74284,0
74285,1
74286,1
74287,1
74288,0
74289,0
74290,1
74291,1
74292,0
74293,1
74294,0
74295,0
74296,0
74297,0
74298,1
74299,0
74300,0
74301,0
74302,0
74303,0
74304,1
74305,1
74306,0
74307,0
74308,1
74309,0
74310,1
74311,0
74312,1
74313,0
74314,0
74315,1
74316,1
74317,1
74318,0
74319,0
74320,0
74321,1
74322,1
74323,0
74324,0
74325,1
74326,0
74327,1
74328,1
74329,1
74330,0
74331,0
74332,1
74333,0
74334,0
74335,0
74336,0
74337,1
74338,1
74339,0
74340,0
74341,0
74342,0
74343,1
74344,1
74345,0
74346,0
74347,0
74348,0
74349,0
74350,1
74351,1
74352,0
74353,1
74354,0
74355,0
74356,1
74357,0
74358,0
74359,0
74360,0
74361,0
74362,0
74363,1
74364,0
74365,1
74366,0
74367,1
74368,1
74369,0
74370,1
74371,0
74372,0
74373,1
74374,1
74375,0
74376,0
74377,0
74378,0
74379,0
74380,0
74381,1
74382,0
74383,0
74384,1
74385,1
74386,0
74387,1
74388,0
74389,1
74390,0
74391,1
74392,0
74393,0
74394,1
74395,1
74396,0
74397,0
74398,1
74399,0
74400,1
74401,1
74402,0
74403,1
74404,0
74405,1
74406,0
74407,1
74408,0
74409,0
74410,1
74411,0
74412,1
74413,1
74414,0
74415,0
74416,1
74417,1
74418,0
74419,0
74420,0
74421,0
74422,1
74423,0
74424,0
74425,1
74426,0
74427,1
74428,1
74429,0
74430,0
74431,1
74432,0
74433,0
74434,0
74435,0
74436,0
74437,1
74438,0
74439,0
74440,0
74441,1
74442,0
74443,0
74444,0
74445,1
74446,0
74447,1
74448,0
74449,0
74450,0
74451,1
74452,0
74453,0
74454,0
74455,0
74456,0
74457,0
74458,0
74459,0
74460,0
74461,1
74462,0
74463,1
74464,0
74465,1
74466,1
74467,0
74468,0
74469,1
74470,1
74471,0
74472,1
74473,0
74474,1
74475,1
74476,0
74477,0
74478,0
74479,0
74480,1
74481,0
74482,0
74483,1
74484,0
74485,1
74486,0
74487,1
74488,1
74489,0
74490,0
74491,1
74492,1
74493,0
74494,0
74495,0
74496,1
74497,0
74498,0
74499,0
74500,0
74501,1
74502,1
74503,0
74504,0
74505,0
74506,0
74507,0
74508,0
74509,1
74510,0
74511,0
74512,0
74513,0
74514,0
74515,0
74516,0
74517,0
74518,1
74519,0
74520,1
74521,0
74522,1
74523,0
74524,1
74525,0
74526,0
74527,0
74528,0
74529,1
74530,0
74531,1
74532,0
74533,0
74534,1
74535,0
74536,0
74537,1
74538,1
74539,0
74540,1
74541,0
74542,0
74543,0
74544,0
74545,0
74546,0
74547,1
74548,0
74549,0
74550,1
74551,1
74552,1
74553,0
74554,0
74555,0
74556,1
74557,1
74558,1
74559,1
74560,0
74561,0
74562,0
74563,1
74564,0
74565,0
74566,0
74567,1
74568,1
74569,0
74570,0
74571,1
74572,1
74573,0
74574,0
74575,0
74576,0
74577,1
74578,0
74579,0
74580,0
74581,0
74582,0
74583,1
74584,1
74585,1
74586,0
74587,1
74588,1
74589,1
74590,1
74591,1
74592,0
74593,1
74594,0
74595,1
74596,0
74597,1
74598,0
74599,0
74600,1
74601,0
74602,0
74603,0
74604,0
74605,0
74606,1
74607,0
74608,0
74609,1
74610,0
74611,0
74612,1
74613,0
74614,1
74615,1
74616,1
74617,0
74618,1
74619,0
74620,1
74621,0
74622,0
74623,0
74624,1
74625,0
74626,0
74627,0
74628,0
74629,0
74630,0
74631,1
74632,1
74633,0
74634,0
74635,0
74636,1
74637,0
74638,0
74639,0
74640,0
74641,0
74642,0
74643,0
74644,0
74645,1
74646,1
74647,0
74648,1
74649,0
74650,1
74651,0
74652,0
74653,0
74654,0
74655,1
74656,0
74657,0
74658,0
74659,0
74660,0
74661,1
74662,0
74663,0
74664,0
74665,1
74666,0
74667,0
74668,0
74669,0
74670,0
74671,0
74672,1
74673,0
74674,1
74675,0
74676,1
74677,0
74678,1
74679,1
74680,1
74681,0
74682,1
74683,0
74684,0
74685,0
74686,0
74687,1
74688,0
74689,0
74690,1
74691,0
74692,1
74693,0
74694,1
74695,0
74696,0
74697,0
74698,0
74699,0
74700,0
74701,0
74702,0
74703,0
74704,0
74705,0
74706,1
74707,0
74708,0
74709,0
74710,0
74711,0
74712,0
74713,1
74714,1
74715,0
74716,1
74717,0
74718,1
74719,0
74720,1
74721,0
74722,0
74723,1
74724,0
74725,0
74726,1
74727,0
74728,0
74729,1
74730,1
74731,1
74732,0
74733,0
74734,0
74735,0
74736,0
74737,0
74738,0
74739,1
74740,1
74741,0
74742,1
74743,0
74744,0
74745,0
74746,0
74747,0
74748,0
74749,1
74750,1
74751,1
74752,0
74753,1
74754,0
74755,0
74756,0
74757,0
74758,0
74759,1
74760,0
74761,0
74762,0
74763,0
74764,1
74765,0
74766,1
74767,0
74768,0
74769,0
74770,0
74771,1
74772,1
74773,1
74774,0
74775,0
74776,1
74777,1
74778,1
74779,0
74780,1
74781,1
74782,1
74783,0
74784,1
74785,1
74786,0
74787,1
74788,1
74789,0
74790,1
74791,0
74792,0
74793,0
74794,1
74795,0
74796,0
74797,1
74798,1
74799,1
74800,0
74801,0
74802,0
74803,0
74804,0
74805,0
74806,0
74807,1
74808,0
74809,0
74810,0
74811,1
74812,1
74813,0
74814,0
74815,1
74816,1
74817,0
74818,1
74819,1
74820,0
74821,0
74822,0
74823,0
74824,1
74825,0
74826,1
74827,0
74828,1
74829,1
74830,0
74831,0
74832,0
74833,1
74834,0
74835,1
74836,1
74837,0
74838,0
74839,1
74840,0
74841,0
74842,1
74843,0
74844,1
74845,1
74846,0
74847,0
74848,0
74849,0
74850,0
74851,1
74852,1
74853,1
74854,0
74855,0
74856,0
74857,0
74858,0
74859,0
74860,1
74861,0
74862,1
74863,0
74864,0
74865,1
74866,1
74867,0
74868,0
74869,1
74870,1
74871,0
74872,0
74873,0
74874,0
74875,1
74876,0
74877,1
74878,1
74879,0
74880,0
74881,0
74882,0
74883,0
74884,0
74885,0
74886,0
74887,0
74888,1
74889,1
74890,0
74891,0
74892,0
74893,0
74894,0
74895,0
74896,0
74897,1
74898,1
74899,0
74900,0
74901,1
74902,0
74903,0
74904,0
74905,0
74906,1
74907,0
74908,1
74909,0
74910,0
74911,0
74912,0
74913,0
74914,1
74915,0
74916,1
74917,0
74918,0
74919,1
74920,0
74921,0
74922,0
74923,0
74924,0
74925,0
74926,0
74927,0
74928,1
74929,0
74930,1
74931,1
74932,1
74933,1
74934,0
74935,0
74936,1
74937,1
74938,0
74939,0
74940,0
74941,0
74942,0
74943,0
74944,0
74945,1
74946,1
74947,0
74948,1
74949,0
74950,0
74951,1
74952,0
74953,0
74954,0
74955,1
74956,0
74957,1
74958,0
74959,1
74960,1
74961,0
74962,0
74963,0
74964,1
74965,0
74966,0
74967,1
74968,0
74969,0
74970,0
74971,0
74972,0
74973,1
74974,0
74975,1
74976,0
74977,0
74978,0
74979,1
74980,1
74981,0
74982,1
74983,1
74984,1
74985,0
74986,0
74987,0
74988,0
74989,0
74990,0
74991,1
74992,0
74993,0
74994,0
74995,0
74996,1
74997,1
74998,0
74999,1
75000,0
75001,0
75002,1
75003,1
75004,0
75005,0
75006,1
75007,1
75008,0
75009,0
75010,1
75011,0
75012,1
75013,0
75014,0
75015,1
75016,0
75017,0
75018,1
75019,0
75020,1
75021,1
75022,1
75023,1
75024,0
75025,0
75026,0
75027,1
75028,0
75029,0
75030,1
75031,0
75032,1
75033,0
75034,0
75035,0
75036,1
75037,1
75038,0
75039,1
75040,1
75041,0
75042,0
75043,1
75044,0
75045,1
75046,0
75047,1
75048,1
75049,1
75050,0
75051,0
75052,0
75053,1
75054,0
75055,0
75056,0
75057,1
75058,0
75059,0
75060,0
75061,0
75062,0
75063,1
75064,0
75065,1
75066,0
75067,0
75068,0
75069,0
75070,0
75071,0
75072,1
75073,0
75074,0
75075,0
75076,1
75077,0
75078,0
75079,0
75080,0
75081,0
75082,0
75083,1
75084,0
75085,0
75086,0
75087,1
75088,0
75089,1
75090,0
75091,0
75092,1
75093,1
75094,0
75095,1
75096,0
75097,1
75098,0
75099,0
75100,1
75101,1
75102,1
75103,0
75104,1
75105,1
75106,0
75107,0
75108,1
75109,1
75110,0
75111,0
75112,0
75113,0
75114,0
75115,0
75116,1
75117,0
75118,0
75119,0
75120,0
75121,0
75122,0
75123,1
75124,1
75125,0
75126,0
75127,1
75128,1
75129,0
75130,1
75131,0
75132,1
75133,1
75134,0
75135,0
75136,0
75137,1
75138,0
75139,1
75140,1
75141,0
75142,0
75143,0
75144,0
75145,0
75146,0
75147,0
75148,0
75149,1
75150,0
75151,1
75152,0
75153,0
75154,1
75155,0
75156,1
75157,0
75158,0
75159,0
75160,0
75161,0
75162,1
75163,0
75164,1
75165,0
75166,0
75167,0
75168,1
75169,1
75170,1
75171,0
75172,0
75173,0
75174,1
75175,1
75176,1
75177,1
75178,0
75179,1
75180,0
75181,0
75182,0
75183,0
75184,0
75185,0
75186,0
75187,1
75188,0
75189,0
75190,1
75191,0
75192,1
75193,0
75194,0
75195,0
75196,0
75197,0
75198,0
75199,0
75200,1
75201,0
75202,1
75203,1
75204,0
75205,1
75206,0
75207,0
75208,0
75209,1
75210,1
75211,1
75212,0
75213,0
75214,0
75215,0
75216,0
75217,0
75218,0
75219,1
75220,0
75221,1
75222,0
75223,0
75224,0
75225,1
75226,1
75227,0
75228,0
75229,0
75230,0
75231,0
75232,0
75233,0
75234,1
75235,0
75236,0
75237,1
75238,0
75239,1
75240,1
75241,0
75242,0
75243,0
75244,0
75245,0
75246,0
75247,0
75248,0
75249,1
75250,0
75251,0
75252,1
75253,0
75254,1
75255,0
75256,1
75257,1
75258,0
75259,1
75260,0
75261,0
75262,0
75263,1
75264,1
75265,1
75266,0
75267,0
75268,0
75269,1
75270,0
75271,0
75272,1
75273,1
75274,1
75275,0
75276,0
75277,0
75278,1
75279,0
75280,0
75281,1
75282,1
75283,0
75284,0
75285,1
75286,1
75287,0
75288,0
75289,1
75290,1
75291,1
75292,0
75293,0
75294,0
75295,1
75296,1
75297,0
75298,0
75299,0
75300,0
75301,0
75302,1
75303,0
75304,1
75305,0
75306,0
75307,0
75308,0
75309,0
75310,1
75311,1
75312,1
75313,1
75314,1
75315,0
75316,0
75317,1
75318,0
75319,0
75320,0
75321,0
75322,1
75323,0
75324,1
75325,0
75326,0
75327,0
75328,1
75329,1
75330,1
75331,1
75332,1
75333,0
75334,1
75335,1
75336,0
75337,0
75338,0
75339,0
75340,1
75341,0
75342,0
75343,0
75344,0
75345,0
75346,0
75347,0
75348,1
75349,1
75350,1
75351,0
75352,0
75353,0
75354,0
75355,0
75356,1
75357,1
75358,0
75359,1
75360,0
75361,0
75362,1
75363,0
75364,1
75365,1
75366,1
75367,1
75368,1
75369,0
75370,0
75371,0
75372,1
75373,0
75374,1
75375,0
75376,0
75377,1
75378,1
75379,1
75380,0
75381,1
75382,0
75383,0
75384,0
75385,0
75386,0
75387,1
75388,0
75389,1
75390,0
75391,0
75392,0
75393,0
75394,0
75395,0
75396,0
75397,1
75398,0
75399,0
75400,0
75401,0
75402,0
75403,1
75404,0
75405,0
75406,1
75407,0
75408,0
75409,1
75410,0
75411,0
75412,0
75413,0
75414,0
75415,0
75416,1
75417,0
75418,1
75419,1
75420,0
75421,0
75422,1
75423,0
75424,0
75425,0
75426,1
75427,0
75428,1
75429,0
75430,0
75431,0
75432,0
75433,0
75434,0
75435,0
75436,1
75437,1
75438,0
75439,1
75440,1
75441,1
75442,1
75443,0
75444,1
75445,1
75446,0
75447,1
75448,0
75449,1
75450,1
75451,0
75452,1
75453,0
75454,0
75455,1
75456,0
75457,0
75458,0
75459,0
75460,0
75461,0
75462,0
75463,1
75464,1
75465,0
75466,0
75467,1
75468,0
75469,1
75470,0
75471,0
75472,1
75473,1
75474,1
75475,0
75476,0
75477,0
75478,0
75479,0
75480,0
75481,0
75482,0
75483,0
75484,0
75485,1
75486,0
75487,0
75488,0
75489,0
75490,0
75491,0
75492,0
75493,0
75494,0
75495,0
75496,1
75497,1
75498,0
75499,1
75500,1
75501,0
75502,0
75503,0
75504,1
75505,0
75506,1
75507,1
75508,0
75509,0
75510,0
75511,0
75512,0
75513,1
75514,0
75515,0
75516,1
75517,0
75518,0
75519,0
75520,0
75521,0
75522,0
75523,1
75524,1
75525,1
75526,0
75527,0
75528,0
75529,0
75530,0
75531,0
75532,1
75533,0
75534,0
75535,1
75536,0
75537,0
75538,1
75539,0
75540,1
75541,1
75542,0
75543,0
75544,0
75545,1
75546,0
75547,0
75548,0
75549,0
75550,1
75551,0
75552,0
75553,0
75554,0
75555,0
75556,1
75557,0
75558,1
75559,1
75560,0
75561,0
75562,0
75563,1
75564,0
75565,0
75566,1
75567,0
75568,0
75569,0
75570,0
75571,1
75572,0
75573,0
75574,1
75575,0
75576,0
75577,0
75578,0
75579,1
75580,0
75581,1
75582,0
75583,0
75584,0
75585,1
75586,1
75587,0
75588,0
75589,0
75590,0
75591,0
75592,0
75593,1
75594,1
75595,1
75596,0
75597,0
75598,0
75599,1
75600,0
75601,0
75602,0
75603,0
75604,0
75605,0
75606,0
75607,0
75608,0
75609,1
75610,1
75611,0
75612,0
75613,0
75614,0
75615,1
75616,0
75617,0
75618,0
75619,0
75620,0
75621,0
75622,1
75623,0
75624,0
75625,1
75626,0
75627,0
75628,1
75629,0
75630,1
75631,1
75632,0
75633,0
75634,0
75635,1
75636,1
75637,0
75638,1
75639,0
75640,0
75641,0
75642,0
75643,0
75644,1
75645,0
75646,1
75647,1
75648,0
75649,1
75650,0
75651,0
75652,0
75653,1
75654,0
75655,0
75656,0
75657,0
75658,1
75659,0
75660,1
75661,0
75662,1
75663,0
75664,0
75665,0
75666,1
75667,0
75668,0
75669,0
75670,1
75671,0
75672,0
75673,1
75674,1
75675,1
75676,0
75677,0
75678,1
75679,0
75680,0
75681,0
75682,1
75683,0
75684,1
75685,0
75686,1
75687,0
75688,1
75689,0
75690,1
75691,1
75692,1
75693,0
75694,0
75695,0
75696,0
75697,1
75698,0
75699,0
75700,1
75701,0
75702,0
75703,1
75704,1
75705,1
75706,1
75707,1
75708,0
75709,0
75710,0
75711,0
75712,0
75713,1
75714,1
75715,0
75716,0
75717,0
75718,1
75719,0
75720,0
75721,1
75722,0
75723,0
75724,0
75725,0
75726,0
75727,0
75728,0
75729,0
75730,0
75731,0
75732,0
75733,0
75734,0
75735,0
75736,1
75737,0
75738,0
75739,1
75740,0
75741,1
75742,0
75743,0
75744,0
75745,1
75746,0
75747,1
75748,0
75749,0
75750,0
75751,1
75752,1
75753,0
75754,0
75755,0
75756,0
75757,0
75758,0
75759,0
75760,0
75761,1
75762,0
75763,1
75764,0
75765,0
75766,0
75767,1
75768,0
75769,0
75770,0
75771,1
75772,0
75773,1
75774,1
75775,1
75776,0
75777,1
75778,1
75779,1
75780,0
75781,0
75782,1
75783,0
75784,0
75785,0
75786,0
75787,0
75788,0
75789,0
75790,1
75791,0
75792,0
75793,0
75794,0
75795,1
75796,0
75797,1
75798,1
75799,1
75800,1
75801,1
75802,0
75803,1
75804,1
75805,0
75806,1
75807,0
75808,0
75809,0
75810,0
75811,1
75812,0
75813,0
75814,0
75815,0
75816,0
75817,0
75818,0
75819,1
75820,1
75821,1
75822,1
75823,0
75824,0
75825,0
75826,1
75827,0
75828,1
75829,0
75830,0
75831,0
75832,0
75833,0
75834,0
75835,0
75836,0
75837,0
75838,0
75839,1
75840,0
75841,0
75842,0
75843,1
75844,0
75845,0
75846,1
75847,0
75848,1
75849,1
75850,0
75851,1
75852,0
75853,0
75854,0
75855,0
75856,1
75857,0
75858,0
75859,1
75860,0
75861,0
75862,1
75863,1
75864,0
75865,0
75866,0
75867,1
75868,1
75869,1
75870,0
75871,0
75872,1
75873,1
75874,0
75875,1
75876,0
75877,1
75878,0
75879,1
75880,0
75881,0
75882,0
75883,1
75884,1
75885,0
75886,0
75887,1
75888,0
75889,1
75890,0
75891,0
75892,1
75893,0
75894,0
75895,1
75896,1
75897,0
75898,0
75899,1
75900,0
75901,1
75902,0
75903,0
75904,0
75905,0
75906,1
75907,0
75908,1
75909,0
75910,0
75911,1
75912,0
75913,0
75914,1
75915,0
75916,0
75917,1
75918,0
75919,0
75920,0
75921,1
75922,1
75923,0
75924,1
75925,0
75926,0
75927,1
75928,0
75929,0
75930,0
75931,1
75932,0
75933,0
75934,1
75935,0
75936,0
75937,0
75938,0
75939,0
75940,1
75941,1
75942,0
75943,1
75944,0
75945,1
75946,0
75947,0
75948,0
75949,0
75950,0
75951,0
75952,0
75953,0
75954,0
75955,0
75956,0
75957,1
75958,0
75959,1
75960,0
75961,1
75962,1
75963,0
75964,1
75965,0
75966,1
75967,0
75968,1
75969,1
75970,0
75971,0
75972,1
75973,0
75974,0
75975,0
75976,0
75977,0
75978,1
75979,0
75980,0
75981,1
75982,1
75983,1
75984,1
75985,1
75986,0
75987,0
75988,1
75989,0
75990,0
75991,0
75992,1
75993,0
75994,0
75995,0
75996,1
75997,1
75998,0
75999,0
76000,1
76001,0
76002,0
76003,0
76004,0
76005,1
76006,0
76007,0
76008,1
76009,1
76010,0
76011,0
76012,1
76013,0
76014,0
76015,0
76016,0
76017,1
76018,0
76019,0
76020,0
76021,1
76022,0
76023,1
76024,1
76025,0
76026,0
76027,1
76028,0
76029,1
76030,0
76031,0
76032,0
76033,1
76034,0
76035,0
76036,0
76037,1
76038,0
76039,0
76040,0
76041,0
76042,0
76043,0
76044,0
76045,1
76046,0
76047,1
76048,0
76049,0
76050,0
76051,0
76052,1
76053,0
76054,1
76055,0
76056,1
76057,0
76058,0
76059,1
76060,1
76061,1
76062,0
76063,0
76064,0
76065,1
76066,0
76067,0
76068,1
76069,0
76070,0
76071,0
76072,1
76073,0
76074,0
76075,1
76076,1
76077,0
76078,0
76079,0
76080,1
76081,0
76082,1
76083,0
76084,0
76085,0
76086,0
76087,0
76088,1
76089,1
76090,0
76091,0
76092,1
76093,0
76094,1
76095,1
76096,0
76097,0
76098,1
76099,1
76100,1
76101,0
76102,1
76103,1
76104,0
76105,1
76106,1
76107,1
76108,1
76109,0
76110,1
76111,0
76112,0
76113,1
76114,0
76115,0
76116,1
76117,1
76118,0
76119,0
76120,1
76121,0
76122,1
76123,0
76124,0
76125,0
76126,0
76127,0
76128,1
76129,1
76130,0
76131,0
76132,1
76133,0
76134,1
76135,0
76136,0
76137,0
76138,0
76139,0
76140,0
76141,0
76142,0
76143,1
76144,0
76145,1
76146,0
76147,0
76148,0
76149,0
76150,0
76151,1
76152,1
76153,0
76154,0
76155,0
76156,1
76157,1
76158,0
76159,0
76160,1
76161,0
76162,0
76163,1
76164,0
76165,0
76166,0
76167,1
76168,1
76169,1
76170,0
76171,0
76172,0
76173,1
76174,0
76175,0
76176,1
76177,1
76178,1
76179,0
76180,1
76181,0
76182,0
76183,1
76184,0
76185,0
76186,0
76187,0
76188,0
76189,0
76190,0
76191,0
76192,1
76193,0
76194,0
76195,0
76196,0
76197,0
76198,1
76199,1
76200,0
76201,0
76202,0
76203,1
76204,0
76205,1
76206,1
76207,1
76208,1
76209,0
76210,1
76211,1
76212,1
76213,0
76214,0
76215,0
76216,0
76217,0
76218,1
76219,0
76220,0
76221,0
76222,1
76223,0
76224,1
76225,1
76226,0
76227,0
76228,1
76229,0
76230,0
76231,0
76232,1
76233,1
76234,1
76235,1
76236,0
76237,0
76238,0
76239,1
76240,0
76241,1
76242,1
76243,1
76244,0
76245,1
76246,0
76247,0
76248,0
76249,0
76250,0
76251,0
76252,0
76253,1
76254,1
76255,1
76256,1
76257,1
76258,1
76259,1
76260,0
76261,0
76262,0
76263,1
76264,1
76265,0
76266,0
76267,1
76268,0
76269,0
76270,0
76271,1
76272,0
76273,1
76274,0
76275,0
76276,1
76277,0
76278,1
76279,1
76280,0
76281,0
76282,0
76283,0
76284,1
76285,0
76286,1
76287,0
76288,0
76289,0
76290,1
76291,0
76292,0
76293,0
76294,1
76295,0
76296,1
76297,1
76298,0
76299,0
76300,0
76301,0
76302,1
76303,0
76304,0
76305,0
76306,0
76307,1
76308,1
76309,1
76310,0
76311,0
76312,1
76313,1
76314,1
76315,1
76316,1
76317,1
76318,0
76319,0
76320,1
76321,0
76322,1
76323,0
76324,0
76325,1
76326,0
76327,0
76328,0
76329,0
76330,1
76331,1
76332,1
76333,1
76334,1
76335,0
76336,1
76337,0
76338,1
76339,0
76340,0
76341,1
76342,1
76343,0
76344,0
76345,1
76346,0
76347,1
76348,0
76349,1
76350,0
76351,0
76352,1
76353,0
76354,0
76355,0
76356,1
76357,0
76358,0
76359,1
76360,0
76361,0
76362,1
76363,0
76364,0
76365,0
76366,0
76367,0
76368,1
76369,0
76370,0
76371,1
76372,0
76373,1
76374,0
76375,0
76376,0
76377,0
76378,0
76379,0
76380,1
76381,0
76382,0
76383,0
76384,1
76385,0
76386,0
76387,1
76388,0
76389,0
76390,1
76391,1
76392,0
76393,0
76394,0
76395,0
76396,1
76397,0
76398,0
76399,1
76400,1
76401,0
76402,0
76403,0
76404,0
76405,0
76406,1
76407,1
76408,0
76409,0
76410,0
76411,1
76412,1
76413,0
76414,0
76415,1
76416,1
76417,0
76418,0
76419,0
76420,1
76421,1
76422,0
76423,0
76424,0
76425,1
76426,0
76427,1
76428,1
76429,0
76430,1
76431,0
76432,0
76433,0
76434,0
76435,0
76436,0
76437,0
76438,1
76439,1
76440,1
76441,0
76442,1
76443,1
76444,1
76445,1
76446,1
76447,0
76448,1
76449,1
76450,1
76451,0
76452,0
76453,1
76454,1
76455,1
76456,1
76457,1
76458,0
76459,0
76460,0
76461,0
76462,0
76463,0
76464,1
76465,0
76466,0
76467,0
76468,0
76469,0
76470,1
76471,0
76472,1
76473,0
76474,0
76475,1
76476,0
76477,1
76478,0
76479,0
76480,1
76481,1
76482,0
76483,1
76484,1
76485,0
76486,0
76487,0
76488,0
76489,1
76490,0
76491,1
76492,0
76493,0
76494,0
76495,0
76496,1
76497,1
76498,0
76499,0
76500,0
76501,0
76502,0
76503,0
76504,1
76505,0
76506,0
76507,1
76508,0
76509,1
76510,1
76511,1
76512,0
76513,1
76514,0
76515,1
76516,0
76517,0
76518,0
76519,0
76520,1
76521,0
76522,1
76523,0
76524,1
76525,1
76526,0
76527,0
76528,1
76529,1
76530,0
76531,0
76532,1
76533,0
76534,1
76535,0
76536,0
76537,0
76538,0
76539,0
76540,1
76541,0
76542,0
76543,1
76544,0
76545,0
76546,1
76547,0
76548,0
76549,1
76550,1
76551,0
76552,0
76553,0
76554,1
76555,0
76556,0
76557,0
76558,0
76559,1
76560,0
76561,0
76562,1
76563,0
76564,0
76565,0
76566,1
76567,1
76568,0
76569,0
76570,1
76571,0
76572,0
76573,0
76574,0
76575,1
76576,0
76577,1
76578,0
76579,1
76580,0
76581,0
76582,1
76583,0
76584,0
76585,1
76586,1
76587,1
76588,1
76589,0
76590,0
76591,1
76592,0
76593,1
76594,1
76595,0
76596,0
76597,1
76598,1
76599,0
76600,0
76601,0
76602,1
76603,1
76604,0
76605,0
76606,0
76607,0
76608,0
76609,0
76610,1
76611,0
76612,1
76613,0
76614,0
76615,0
76616,0
76617,0
76618,0
76619,1
76620,0
76621,0
76622,1
76623,1
76624,0
76625,1
76626,0
76627,1
76628,1
76629,0
76630,0
76631,1
76632,1
76633,1
76634,1
76635,1
76636,0
76637,0
76638,0
76639,1
76640,0
76641,0
76642,0
76643,1
76644,0
76645,1
76646,0
76647,1
76648,0
76649,0
76650,1
76651,0
76652,0
76653,0
76654,0
76655,0
76656,0
76657,1
76658,0
76659,1
76660,0
76661,1
76662,0
76663,0
76664,1
76665,1
76666,0
76667,0
76668,1
76669,0
76670,0
76671,1
76672,0
76673,0
76674,0
76675,1
76676,0
76677,1
76678,0
76679,1
76680,0
76681,0
76682,0
76683,1
76684,0
76685,0
76686,1
76687,0
76688,0
76689,0
76690,1
76691,0
76692,1
76693,0
76694,0
76695,0
76696,0
76697,1
76698,0
76699,1
76700,1
76701,0
76702,0
76703,0
76704,0
76705,1
76706,0
76707,1
76708,1
76709,0
76710,0
76711,1
76712,1
76713,1
76714,0
76715,1
76716,0
76717,0
76718,1
76719,0
76720,1
76721,0
76722,1
76723,0
76724,0
76725,0
76726,0
76727,0
76728,0
76729,0
76730,0
76731,0
76732,1
76733,1
76734,1
76735,0
76736,0
76737,0
76738,0
76739,0
76740,1
76741,0
76742,0
76743,0
76744,0
76745,0
76746,1
76747,0
76748,0
76749,0
76750,0
76751,0
76752,0
76753,0
76754,0
76755,0
76756,1
76757,0
76758,1
76759,0
76760,0
76761,0
76762,1
76763,1
76764,0
76765,0
76766,0
76767,0
76768,1
76769,1
76770,0
76771,0
76772,0
76773,0
76774,0
76775,0
76776,1
76777,0
76778,0
76779,0
76780,0
76781,0
76782,0
76783,0
76784,0
76785,0
76786,1
76787,1
76788,0
76789,0
76790,1
76791,0
76792,0
76793,1
76794,1
76795,0
76796,0
76797,0
76798,1
76799,0
76800,0
76801,0
76802,0
76803,1
76804,1
76805,0
76806,1
76807,0
76808,0
76809,0
76810,1
76811,0
76812,0
76813,0
76814,0
76815,0
76816,0
76817,0
76818,0
76819,0
76820,0
76821,0
76822,0
76823,0
76824,0
76825,1
76826,1
76827,0
76828,0
76829,0
76830,0
76831,1
76832,1
76833,0
76834,0
76835,0
76836,0
76837,0
76838,0
76839,0
76840,0
76841,0
76842,1
76843,0
76844,0
76845,0
76846,0
76847,0
76848,1
76849,0
76850,0
76851,0
76852,0
76853,0
76854,1
76855,0
76856,0
76857,0
76858,0
76859,0
76860,0
76861,1
76862,1
76863,1
76864,1
76865,1
76866,0
76867,1
76868,0
76869,1
76870,1
76871,0
76872,0
76873,0
76874,1
76875,0
76876,1
76877,1
76878,0
76879,1
76880,0
76881,1
76882,0
76883,0
76884,1
76885,0
76886,0
76887,1
76888,0
76889,0
76890,0
76891,0
76892,1
76893,0
76894,1
76895,0
76896,0
76897,1
76898,0
76899,0
76900,0
76901,0
76902,0
76903,1
76904,0
76905,0
76906,1
76907,0
76908,0
76909,1
76910,0
76911,0
76912,0
76913,1
76914,1
76915,0
76916,0
76917,0
76918,1
76919,1
76920,0
76921,0
76922,1
76923,1
76924,1
76925,0
76926,0
76927,0
76928,0
76929,0
76930,1
76931,1
76932,0
76933,1
76934,0
76935,0
76936,1
76937,1
76938,0
76939,0
76940,1
76941,1
76942,0
76943,0
76944,0
76945,0
76946,0
76947,0
76948,0
76949,1
76950,1
76951,0
76952,0
76953,0
76954,0
76955,0
76956,0
76957,0
76958,1
76959,0
76960,0
76961,0
76962,1
76963,0
76964,0
76965,1
76966,0
76967,0
76968,0
76969,1
76970,0
76971,1
76972,0
76973,0
76974,0
76975,0
76976,0
76977,1
76978,1
76979,1
76980,0
76981,0
76982,0
76983,1
76984,1
76985,0
76986,0
76987,1
76988,1
76989,1
76990,0
76991,0
76992,0
76993,0
76994,0
76995,0
76996,0
76997,0
76998,1
76999,1
77000,0
77001,0
77002,0
77003,0
77004,0
77005,0
77006,0
77007,1
77008,1
77009,0
77010,0
77011,0
77012,0
77013,0
77014,0
77015,0
77016,0
77017,1
77018,0
77019,1
77020,1
77021,1
77022,1
77023,0
77024,0
77025,0
77026,1
77027,0
77028,0
77029,1
77030,0
77031,1
77032,0
77033,0
77034,0
77035,1
77036,0
77037,0
77038,0
77039,1
77040,0
77041,0
77042,1
77043,0
77044,1
77045,0
77046,0
77047,0
77048,1
77049,0
77050,1
77051,1
77052,1
77053,1
77054,0
77055,0
77056,0
77057,1
77058,0
77059,0
77060,0
77061,1
77062,1
77063,1
77064,0
77065,0
77066,0
77067,0
77068,0
77069,1
77070,0
77071,0
77072,0
77073,0
77074,0
77075,0
77076,1
77077,0
77078,0
77079,0
77080,0
77081,1
77082,0
77083,0
77084,1
77085,0
77086,1
77087,0
77088,0
77089,1
77090,0
77091,0
77092,0
77093,0
77094,1
77095,1
77096,0
77097,1
77098,1
77099,0
77100,1
77101,0
77102,1
77103,0
77104,1
77105,1
77106,0
77107,0
77108,1
77109,0
77110,0
77111,0
77112,1
77113,0
77114,0
77115,1
77116,0
77117,0
77118,0
77119,0
77120,0
77121,1
77122,0
77123,0
77124,1
77125,0
77126,1
77127,0
77128,0
77129,1
77130,0
77131,0
77132,0
77133,0
77134,1
77135,0
77136,1
77137,0
77138,0
77139,0
77140,0
77141,0
77142,0
77143,0
77144,1
77145,0
77146,0
77147,0
77148,0
77149,0
77150,0
77151,0
77152,0
77153,0
77154,0
77155,0
77156,0
77157,1
77158,0
77159,0
77160,0
77161,1
77162,1
77163,0
77164,0
77165,1
77166,0
77167,0
77168,1
77169,0
77170,0
77171,0
77172,0
77173,0
77174,1
77175,0
77176,0
77177,1
77178,0
77179,0
77180,0
77181,0
77182,0
77183,0
77184,0
77185,1
77186,1
77187,1
77188,1
77189,0
77190,1
77191,0
77192,0
77193,0
77194,1
77195,1
77196,0
77197,1
77198,1
77199,0
77200,1
77201,0
77202,0
77203,0
77204,1
77205,1
77206,0
77207,0
77208,1
77209,0
77210,0
77211,1
77212,0
77213,1
77214,0
77215,0
77216,0
77217,0
77218,0
77219,0
77220,1
77221,0
77222,1
77223,1
77224,0
77225,0
77226,0
77227,0
77228,0
77229,1
77230,0
77231,0
77232,1
77233,1
77234,0
77235,0
77236,1
77237,0
77238,0
77239,0
77240,0
77241,0
77242,0
77243,0
77244,0
77245,0
77246,0
77247,1
77248,0
77249,0
77250,0
77251,0
77252,0
77253,1
77254,0
77255,1
77256,0
77257,1
77258,0
77259,0
77260,1
77261,1
77262,0
77263,0
77264,0
77265,0
77266,0
77267,0
77268,0
77269,1
77270,0
77271,0
77272,0
77273,0
77274,1
77275,1
77276,0
77277,0
77278,0
77279,0
77280,1
77281,0
77282,0
77283,1
77284,0
77285,0
77286,0
77287,1
77288,0
77289,1
77290,0
77291,1
77292,0
77293,0
77294,0
77295,1
77296,0
77297,1
77298,0
77299,0
77300,1
77301,0
77302,1
77303,0
77304,0
77305,1
77306,0
77307,0
77308,1
77309,0
77310,0
77311,0
77312,0
77313,0
77314,1
77315,0
77316,0
77317,0
77318,0
77319,0
77320,0
77321,0
77322,0
77323,0
77324,0
77325,1
77326,1
77327,1
77328,0
77329,0
77330,1
77331,1
77332,0
77333,1
77334,0
77335,0
77336,0
77337,0
77338,0
77339,0
77340,0
77341,0
77342,1
77343,1
77344,0
77345,0
77346,0
77347,0
77348,0
77349,0
77350,1
77351,1
77352,1
77353,0
77354,1
77355,0
77356,0
77357,0
77358,1
77359,0
77360,1
77361,1
77362,0
77363,0
77364,0
77365,0
77366,0
77367,0
77368,0
77369,0
77370,1
77371,0
77372,0
77373,0
77374,0
77375,0
77376,0
77377,0
77378,0
77379,0
77380,0
77381,0
77382,0
77383,0
77384,0
77385,0
77386,1
77387,0
77388,0
77389,1
77390,1
77391,0
77392,0
77393,1
77394,0
77395,0
77396,1
77397,1
77398,0
77399,0
77400,0
77401,0
77402,0
77403,0
77404,1
77405,0
77406,1
77407,0
77408,0
77409,0
77410,0
77411,1
77412,1
77413,1
77414,0
77415,0
77416,1
77417,0
77418,1
77419,0
77420,1
77421,1
77422,1
77423,0
77424,1
77425,0
77426,1
77427,1
77428,0
77429,1
77430,0
77431,0
77432,0
77433,0
77434,1
77435,0
77436,1
77437,1
77438,0
77439,0
77440,0
77441,1
77442,0
77443,0
77444,0
77445,0
77446,0
77447,0
77448,1
77449,0
77450,0
77451,0
77452,0
77453,0
77454,0
77455,1
77456,0
77457,0
77458,1
77459,0
77460,1
77461,0
77462,0
77463,1
77464,0
77465,0
77466,0
77467,1
77468,1
77469,0
77470,0
77471,0
77472,1
77473,0
77474,0
77475,0
77476,1
77477,1
77478,0
77479,0
77480,1
77481,0
77482,0
77483,0
77484,0
77485,0
77486,0
77487,1
77488,1
77489,0
77490,1
77491,0
77492,0
77493,0
77494,0
77495,0
77496,0
77497,1
77498,0
77499,0
77500,0
77501,0
77502,0
77503,1
77504,1
77505,1
77506,0
77507,0
77508,1
77509,0
77510,0
77511,0
77512,0
77513,0
77514,1
77515,0
77516,0
77517,0
77518,0
77519,1
77520,1
77521,1
77522,0
77523,0
77524,0
77525,0
77526,1
77527,0
77528,0
77529,1
77530,0
77531,0
77532,1
77533,0
77534,1
77535,1
77536,1
77537,0
77538,0
77539,0
77540,1
77541,1
77542,0
77543,0
77544,1
77545,0
77546,1
77547,0
77548,0
77549,0
77550,1
77551,0
77552,0
77553,1
77554,0
77555,0
77556,0
77557,0
77558,1
77559,1
77560,0
77561,0
77562,0
77563,0
77564,0
77565,0
77566,0
77567,0
77568,0
77569,1
77570,1
77571,0
77572,1
77573,0
77574,0
77575,0
77576,1
77577,1
77578,1
77579,0
77580,0
77581,1
77582,0
77583,0
77584,0
77585,1
77586,1
77587,1
77588,0
77589,0
77590,0
77591,0
77592,0
77593,0
77594,1
77595,1
77596,0
77597,0
77598,0
77599,1
77600,0
77601,1
77602,0
77603,1
77604,0
77605,0
77606,1
77607,1
77608,1
77609,1
77610,0
77611,1
77612,0
77613,0
77614,0
77615,1
77616,1
77617,1
77618,0
77619,0
77620,1
77621,1
77622,1
77623,0
77624,0
77625,0
77626,1
77627,1
77628,0
77629,1
77630,1
77631,0
77632,0
77633,0
77634,0
77635,0
77636,1
77637,0
77638,1
77639,0
77640,0
77641,1
77642,0
77643,0
77644,1
77645,0
77646,0
77647,1
77648,0
77649,1
77650,1
77651,0
77652,0
77653,0
77654,1
77655,0
77656,1
77657,1
77658,0
77659,0
77660,1
77661,0
77662,0
77663,0
77664,1
77665,0
77666,0
77667,1
77668,1
77669,0
77670,0
77671,0
77672,0
77673,0
77674,0
77675,0
77676,0
77677,0
77678,0
77679,0
77680,0
77681,0
77682,0
77683,0
77684,0
77685,1
77686,1
77687,1
77688,1
77689,0
77690,0
77691,0
77692,0
77693,1
77694,1
77695,0
77696,1
77697,1
77698,1
77699,0
77700,0
77701,0
77702,1
77703,0
77704,0
77705,0
77706,0
77707,0
77708,0
77709,0
77710,0
77711,0
77712,0
77713,1
77714,1
77715,1
77716,1
77717,0
77718,0
77719,1
77720,0
77721,0
77722,1
77723,0
77724,0
77725,0
77726,0
77727,0
77728,0
77729,0
77730,1
77731,1
77732,1
77733,1
77734,0
77735,0
77736,0
77737,0
77738,1
77739,1
77740,1
77741,0
77742,0
77743,1
77744,0
77745,1
77746,0
77747,0
77748,0
77749,1
77750,0
77751,0
77752,0
77753,1
77754,1
77755,0
77756,0
77757,1
77758,0
77759,1
77760,0
77761,0
77762,1
77763,0
77764,0
77765,1
77766,0
77767,0
77768,0
77769,0
77770,0
77771,1
77772,1
77773,1
77774,1
77775,1
77776,0
77777,1
77778,0
77779,1
77780,1
77781,0
77782,0
77783,0
77784,0
77785,0
77786,0
77787,1
77788,1
77789,1
77790,1
77791,0
77792,0
77793,0
77794,0
77795,1
77796,0
77797,0
77798,0
77799,1
77800,0
77801,1
77802,0
77803,0
77804,0
77805,1
77806,0
77807,0
77808,0
77809,0
77810,0
77811,0
77812,0
77813,1
77814,1
77815,0
77816,0
77817,1
77818,0
77819,0
77820,1
77821,1
77822,1
77823,0
77824,1
77825,0
77826,0
77827,0
77828,0
77829,0
77830,1
77831,0
77832,0
77833,0
77834,0
77835,1
77836,0
77837,0
77838,0
77839,0
77840,0
77841,0
77842,1
77843,0
77844,0
77845,0
77846,0
77847,1
77848,0
77849,0
77850,1
77851,1
77852,1
77853,1
77854,1
77855,1
77856,1
77857,0
77858,0
77859,1
77860,1
77861,1
77862,0
77863,0
77864,0
77865,0
77866,0
77867,0
77868,0
77869,0
77870,0
77871,0
77872,0
77873,1
77874,1
77875,0
77876,0
77877,0
77878,1
77879,0
77880,0
77881,1
77882,0
77883,0
77884,0
77885,0
77886,0
77887,0
77888,1
77889,0
77890,1
77891,1
77892,0
77893,0
77894,1
77895,0
77896,1
77897,0
77898,1
77899,1
77900,0
77901,0
77902,0
77903,0
77904,0
77905,1
77906,1
77907,1
77908,1
77909,0
77910,0
77911,1
77912,0
77913,0
77914,0
77915,0
77916,1
77917,1
77918,1
77919,0
77920,0
77921,0
77922,0
77923,0
77924,0
77925,0
77926,0
77927,0
77928,1
77929,1
77930,0
77931,0
77932,1
77933,0
77934,0
77935,1
77936,0
77937,1
77938,0
77939,0
77940,0
77941,1
77942,0
77943,0
77944,1
77945,0
77946,0
77947,0
77948,0
77949,0
77950,1
77951,1
77952,0
77953,1
77954,1
77955,1
77956,1
77957,1
77958,0
77959,0
77960,0
77961,1
77962,1
77963,0
77964,1
77965,1
77966,0
77967,0
77968,1
77969,1
77970,0
77971,1
77972,1
77973,1
77974,0
77975,1
77976,1
77977,1
77978,0
77979,0
77980,0
77981,0
77982,0
77983,1
77984,1
77985,0
77986,0
77987,0
77988,0
77989,0
77990,0
77991,0
77992,1
77993,1
77994,0
77995,0
77996,0
77997,0
77998,0
77999,0
78000,0
78001,1
78002,0
78003,0
78004,1
78005,1
78006,0
78007,0
78008,1
78009,1
78010,0
78011,0
78012,0
78013,0
78014,0
78015,0
78016,0
78017,0
78018,1
78019,0
78020,1
78021,0
78022,1
78023,1
78024,0
78025,0
78026,0
78027,0
78028,0
78029,0
78030,0
78031,0
78032,1
78033,1
78034,0
78035,1
78036,0
78037,0
78038,0
78039,1
78040,0
78041,0
78042,0
78043,0
78044,0
78045,0
78046,0
78047,0
78048,0
78049,0
78050,0
78051,1
78052,1
78053,0
78054,0
78055,0
78056,0
78057,1
78058,0
78059,0
78060,0
78061,0
78062,0
78063,1
78064,0
78065,1
78066,0
78067,1
78068,0
78069,0
78070,1
78071,1
78072,0
78073,1
78074,0
78075,1
78076,0
78077,0
78078,0
78079,1
78080,1
78081,1
78082,1
78083,1
78084,1
78085,0
78086,0
78087,0
78088,1
78089,0
78090,1
78091,1
78092,1
78093,1
78094,0
78095,0
78096,0
78097,0
78098,0
78099,0
78100,1
78101,1
78102,0
78103,0
78104,0
78105,1
78106,1
78107,1
78108,1
78109,0
78110,0
78111,0
78112,0
78113,1
78114,0
78115,1
78116,1
78117,1
78118,0
78119,1
78120,1
78121,1
78122,0
78123,0
78124,1
78125,1
78126,0
78127,1
78128,1
78129,1
78130,0
78131,0
78132,0
78133,0
78134,1
78135,0
78136,0
78137,0
78138,1
78139,1
78140,1
78141,0
78142,1
78143,0
78144,0
78145,0
78146,0
78147,1
78148,1
78149,0
78150,1
78151,1
78152,0
78153,0
78154,0
78155,0
78156,0
78157,0
78158,1
78159,1
78160,0
78161,1
78162,0
78163,0
78164,0
78165,0
78166,0
78167,0
78168,0
78169,1
78170,1
78171,1
78172,0
78173,0
78174,0
78175,0
78176,1
78177,1
78178,0
78179,0
78180,1
78181,1
78182,1
78183,0
78184,0
78185,1
78186,0
78187,0
78188,0
78189,0
78190,0
78191,1
78192,0
78193,0
78194,0
78195,1
78196,0
78197,1
78198,1
78199,1
78200,0
78201,0
78202,0
78203,0
78204,0
78205,1
78206,0
78207,0
78208,0
78209,0
78210,0
78211,0
78212,0
78213,0
78214,0
78215,1
78216,1
78217,0
78218,0
78219,1
78220,0
78221,1
78222,0
78223,1
78224,1
78225,0
78226,0
78227,0
78228,0
78229,0
78230,1
78231,1
78232,0
78233,1
78234,0
78235,0
78236,1
78237,0
78238,0
78239,0
78240,1
78241,0
78242,1
78243,0
78244,1
78245,0
78246,0
78247,1
78248,1
78249,0
78250,1
78251,0
78252,0
78253,0
78254,0
78255,1
78256,1
78257,0
78258,0
78259,1
78260,0
78261,0
78262,1
78263,0
78264,0
78265,0
78266,0
78267,1
78268,1
78269,0
78270,0
78271,0
78272,0
78273,0
78274,0
78275,1
78276,0
78277,0
78278,1
78279,0
78280,1
78281,0
78282,1
78283,1
78284,0
78285,0
78286,0
78287,0
78288,0
78289,1
78290,0
78291,1
78292,1
78293,0
78294,0
78295,0
78296,1
78297,1
78298,0
78299,0
78300,0
78301,0
78302,1
78303,0
78304,0
78305,0
78306,0
78307,0
78308,0
78309,1
78310,0
78311,0
78312,0
78313,0
78314,0
78315,0
78316,0
78317,0
78318,1
78319,1
78320,1
78321,1
78322,0
78323,0
78324,0
78325,0
78326,0
78327,0
78328,0
78329,0
78330,0
78331,1
78332,1
78333,0
78334,0
78335,0
78336,1
78337,0
78338,1
78339,1
78340,1
78341,0
78342,0
78343,1
78344,0
78345,1
78346,1
78347,0
78348,0
78349,0
78350,0
78351,0
78352,1
78353,1
78354,1
78355,0
78356,1
78357,1
78358,1
78359,1
78360,0
78361,1
78362,1
78363,1
78364,0
78365,0
78366,1
78367,1
78368,0
78369,1
78370,0
78371,1
78372,1
78373,0
78374,0
78375,0
78376,0
78377,0
78378,1
78379,0
78380,1
78381,0
78382,0
78383,1
78384,0
78385,0
78386,0
78387,0
78388,0
78389,0
78390,1
78391,1
78392,0
78393,0
78394,0
78395,1
78396,1
78397,0
78398,1
78399,1
78400,0
78401,0
78402,1
78403,1
78404,1
78405,0
78406,0
78407,1
78408,0
78409,1
78410,0
78411,0
78412,0
78413,0
78414,1
78415,1
78416,0
78417,0
78418,1
78419,0
78420,0
78421,0
78422,1
78423,0
78424,0
78425,1
78426,0
78427,0
78428,1
78429,0
78430,0
78431,0
78432,1
78433,0
78434,0
78435,0
78436,0
78437,0
78438,0
78439,0
78440,0
78441,1
78442,1
78443,0
78444,0
78445,0
78446,0
78447,0
78448,1
78449,0
78450,1
78451,0
78452,0
78453,0
78454,0
78455,1
78456,0
78457,1
78458,0
78459,1
78460,0
78461,1
78462,1
78463,0
78464,0
78465,0
78466,0
78467,1
78468,0
78469,1
78470,0
78471,0
78472,0
78473,0
78474,0
78475,0
78476,0
78477,1
78478,1
78479,0
78480,1
78481,1
78482,1
78483,1
78484,1
78485,1
78486,0
78487,0
78488,1
78489,1
78490,1
78491,0
78492,1
78493,1
78494,1
78495,0
78496,0
78497,0
78498,1
78499,0
78500,1
78501,0
78502,0
78503,1
78504,1
78505,0
78506,1
78507,0
78508,0
78509,0
78510,0
78511,1
78512,0
78513,1
78514,0
78515,0
78516,0
78517,1
78518,0
78519,1
78520,0
78521,1
78522,1
78523,0
78524,1
78525,0
78526,1
78527,0
78528,1
78529,1
78530,0
78531,0
78532,1
78533,0
78534,1
78535,0
78536,0
78537,0
78538,1
78539,1
78540,0
78541,0
78542,0
78543,0
78544,1
78545,1
78546,0
78547,0
78548,0
78549,1
78550,1
78551,0
78552,1
78553,0
78554,0
78555,0
78556,0
78557,1
78558,0
78559,0
78560,1
78561,0
78562,1
78563,1
78564,1
78565,0
78566,1
78567,0
78568,1
78569,0
78570,0
78571,0
78572,1
78573,1
78574,0
78575,0
78576,0
78577,1
78578,0
78579,1
78580,0
78581,0
78582,0
78583,1
78584,0
78585,1
78586,1
78587,0
78588,0
78589,0
78590,1
78591,1
78592,0
78593,1
78594,1
78595,1
78596,0
78597,0
78598,1
78599,0
78600,0
78601,0
78602,0
78603,0
78604,0
78605,1
78606,0
78607,0
78608,0
78609,0
78610,0
78611,1
78612,0
78613,0
78614,0
78615,0
78616,0
78617,0
78618,1
78619,0
78620,0
78621,1
78622,0
78623,1
78624,0
78625,0
78626,0
78627,0
78628,0
78629,0
78630,0
78631,0
78632,1
78633,0
78634,1
78635,1
78636,1
78637,0
78638,0
78639,0
78640,1
78641,1
78642,0
78643,0
78644,0
78645,1
78646,1
78647,0
78648,1
78649,0
78650,0
78651,0
78652,0
78653,1
78654,0
78655,0
78656,0
78657,0
78658,0
78659,1
78660,1
78661,1
78662,0
78663,0
78664,0
78665,1
78666,1
78667,0
78668,0
78669,1
78670,0
78671,1
78672,0
78673,0
78674,0
78675,0
78676,0
78677,1
78678,1
78679,0
78680,1
78681,1
78682,0
78683,0
78684,1
78685,1
78686,0
78687,0
78688,0
78689,0
78690,1
78691,0
78692,0
78693,0
78694,1
78695,0
78696,0
78697,0
78698,1
78699,1
78700,1
78701,0
78702,0
78703,1
78704,0
78705,0
78706,1
78707,1
78708,1
78709,0
78710,0
78711,1
78712,1
78713,1
78714,0
78715,0
78716,1
78717,0
78718,0
78719,1
78720,0
78721,1
78722,0
78723,1
78724,1
78725,0
78726,1
78727,0
78728,1
78729,0
78730,0
78731,0
78732,1
78733,1
78734,0
78735,0
78736,0
78737,1
78738,0
78739,1
78740,0
78741,0
78742,1
78743,1
78744,0
78745,1
78746,0
78747,0
78748,0
78749,0
78750,0
78751,0
78752,0
78753,1
78754,0
78755,1
78756,1
78757,0
78758,0
78759,0
78760,0
78761,1
78762,0
78763,0
78764,1
78765,1
78766,0
78767,1
78768,0
78769,0
78770,0
78771,1
78772,1
78773,1
78774,1
78775,0
78776,0
78777,1
78778,0
78779,0
78780,1
78781,1
78782,0
78783,0
78784,1
78785,1
78786,1
78787,0
78788,1
78789,0
78790,0
78791,0
78792,1
78793,1
78794,0
78795,0
78796,1
78797,0
78798,1
78799,0
78800,1
78801,0
78802,1
78803,1
78804,1
78805,0
78806,0
78807,0
78808,0
78809,1
78810,0
78811,0
78812,0
78813,0
78814,0
78815,0
78816,0
78817,0
78818,0
78819,0
78820,0
78821,0
78822,0
78823,0
78824,0
78825,0
78826,0
78827,1
78828,0
78829,0
78830,1
78831,1
78832,0
78833,0
78834,0
78835,1
78836,1
78837,0
78838,1
78839,1
78840,0
78841,0
78842,0
78843,0
78844,1
78845,0
78846,0
78847,1
78848,0
78849,1
78850,0
78851,0
78852,0
78853,1
78854,1
78855,0
78856,1
78857,1
78858,0
78859,1
78860,0
78861,0
78862,0
78863,1
78864,0
78865,0
78866,1
78867,0
78868,0
78869,0
78870,1
78871,1
78872,1
78873,0
78874,0
78875,0
78876,0
78877,0
78878,0
78879,0
78880,1
78881,0
78882,1
78883,1
78884,0
78885,1
78886,1
78887,0
78888,0
78889,0
78890,0
78891,1
78892,1
78893,0
78894,1
78895,0
78896,0
78897,0
78898,1
78899,0
78900,0
78901,0
78902,0
78903,0
78904,0
78905,0
78906,0
78907,0
78908,1
78909,1
78910,0
78911,0
78912,1
78913,0
78914,0
78915,1
78916,1
78917,0
78918,0
78919,1
78920,1
78921,1
78922,0
78923,1
78924,1
78925,0
78926,0
78927,0
78928,1
78929,1
78930,1
78931,0
78932,1
78933,0
78934,0
78935,0
78936,0
78937,0
78938,0
78939,1
78940,1
78941,0
78942,1
78943,0
78944,1
78945,0
78946,0
78947,1
78948,0
78949,1
78950,1
78951,0
78952,0
78953,0
78954,1
78955,0
78956,1
78957,1
78958,0
78959,0
78960,0
78961,0
78962,0
78963,1
78964,1
78965,1
78966,1
78967,1
78968,1
78969,1
78970,0
78971,1
78972,0
78973,1
78974,0
78975,0
78976,0
78977,0
78978,0
78979,0
78980,0
78981,0
78982,0
78983,0
78984,0
78985,0
78986,1
78987,0
78988,0
78989,0
78990,1
78991,1
78992,0
78993,0
78994,0
78995,0
78996,1
78997,0
78998,0
78999,1
79000,1
79001,0
79002,1
79003,1
79004,0
79005,0
79006,0
79007,0
79008,0
79009,0
79010,0
79011,1
79012,0
79013,1
79014,0
79015,0
79016,0
79017,0
79018,0
79019,1
79020,0
79021,0
79022,0
79023,1
79024,1
79025,0
79026,1
79027,1
79028,0
79029,0
79030,1
79031,0
79032,1
79033,0
79034,0
79035,0
79036,0
79037,0
79038,0
79039,1
79040,1
79041,0
79042,0
79043,0
79044,1
79045,0
79046,0
79047,0
79048,1
79049,0
79050,0
79051,0
79052,1
79053,1
79054,1
79055,1
79056,0
79057,1
79058,1
79059,1
79060,0
79061,1
79062,0
79063,0
79064,1
79065,1
79066,0
79067,1
79068,0
79069,0
79070,0
79071,0
79072,0
79073,1
79074,0
79075,1
79076,1
79077,0
79078,1
79079,0
79080,1
79081,0
79082,0
79083,0
79084,1
79085,1
79086,1
79087,1
79088,1
79089,1
79090,0
79091,1
79092,0
79093,0
79094,0
79095,0
79096,0
79097,0
79098,1
79099,0
79100,0
79101,1
79102,0
79103,0
79104,0
79105,0
79106,0
79107,1
79108,1
79109,0
79110,0
79111,0
79112,0
79113,1
79114,0
79115,0
79116,1
79117,0
79118,0
79119,0
79120,1
79121,0
79122,1
79123,0
79124,1
79125,1
79126,0
79127,0
79128,0
79129,0
79130,1
79131,0
79132,1
79133,1
79134,1
79135,1
79136,0
79137,0
79138,0
79139,0
79140,1
79141,1
79142,0
79143,1
79144,0
79145,1
79146,1
79147,0
79148,1
79149,0
79150,0
79151,0
79152,0
79153,0
79154,0
79155,1
79156,0
79157,0
79158,0
79159,1
79160,0
79161,0
79162,1
79163,0
79164,1
79165,1
79166,0
79167,1
79168,0
79169,1
79170,0
79171,0
79172,1
79173,0
79174,1
79175,1
79176,0
79177,0
79178,0
79179,1
79180,0
79181,0
79182,1
79183,0
79184,0
79185,1
79186,0
79187,1
79188,1
79189,1
79190,0
79191,1
79192,0
79193,0
79194,1
79195,0
79196,1
79197,0
79198,0
79199,0
79200,1
79201,0
79202,1
79203,0
79204,0
79205,0
79206,1
79207,0
79208,1
79209,1
79210,0
79211,0
79212,0
79213,1
79214,1
79215,1
79216,0
79217,0
79218,0
79219,0
79220,0
79221,1
79222,1
79223,1
79224,0
79225,0
79226,0
79227,1
79228,0
79229,0
79230,0
79231,0
79232,0
79233,0
79234,0
79235,0
79236,0
79237,0
79238,0
79239,0
79240,1
79241,0
79242,0
79243,0
79244,1
79245,1
79246,0
79247,0
79248,1
79249,0
79250,0
79251,1
79252,0
79253,1
79254,0
79255,1
79256,0
79257,1
79258,0
79259,0
79260,0
79261,0
79262,0
79263,0
79264,0
79265,1
79266,0
79267,0
79268,0
79269,0
79270,0
79271,0
79272,0
79273,0
79274,1
79275,1
79276,0
79277,0
79278,1
79279,1
79280,0
79281,1
79282,1
79283,1
79284,1
79285,0
79286,0
79287,1
79288,0
79289,0
79290,1
79291,1
79292,0
79293,0
79294,0
79295,0
79296,0
79297,1
79298,0
79299,0
79300,1
79301,0
79302,1
79303,0
79304,1
79305,0
79306,0
79307,0
79308,0
79309,0
79310,0
79311,1
79312,1
79313,1
79314,0
79315,0
79316,0
79317,0
79318,0
79319,0
79320,0
79321,1
79322,0
79323,0
79324,0
79325,0
79326,0
79327,0
79328,0
79329,0
79330,1
79331,0
79332,0
79333,1
79334,0
79335,0
79336,0
79337,0
79338,1
79339,0
79340,0
79341,0
79342,1
79343,0
79344,1
79345,0
79346,1
79347,0
79348,1
79349,0
79350,1
79351,1
79352,0
79353,0
79354,0
79355,1
79356,0
79357,0
79358,1
79359,0
79360,0
79361,0
79362,1
79363,1
79364,1
79365,1
79366,0
79367,0
79368,0
79369,1
79370,0
79371,0
79372,0
79373,0
79374,0
79375,0
79376,0
79377,1
79378,1
79379,0
79380,0
79381,1
79382,1
79383,1
79384,1
79385,1
79386,0
79387,1
79388,0
79389,0
79390,0
79391,0
79392,0
79393,0
79394,1
79395,1
79396,0
79397,1
79398,1
79399,1
79400,1
79401,0
79402,0
79403,1
79404,0
79405,0
79406,0
79407,0
79408,0
79409,0
79410,0
79411,0
79412,0
79413,0
79414,0
79415,0
79416,1
79417,1
79418,0
79419,1
79420,1
79421,1
79422,0
79423,0
79424,0
79425,0
79426,0
79427,0
79428,0
79429,0
79430,1
79431,0
79432,0
79433,1
79434,0
79435,1
79436,0
79437,0
79438,1
79439,0
79440,0
79441,0
79442,0
79443,1
79444,1
79445,0
79446,1
79447,0
79448,0
79449,1
79450,1
79451,0
79452,1
79453,0
79454,1
79455,0
79456,0
79457,0
79458,1
79459,0
79460,0
79461,0
79462,1
79463,0
79464,1
79465,1
79466,0
79467,0
79468,1
79469,0
79470,0
79471,1
79472,0
79473,0
79474,1
79475,0
79476,1
79477,1
79478,1
79479,0
79480,0
79481,0
79482,1
79483,0
79484,0
79485,0
79486,1
79487,0
79488,0
79489,0
79490,0
79491,1
79492,0
79493,1
79494,1
79495,1
79496,1
79497,0
79498,0
79499,0
79500,0
79501,1
79502,0
79503,0
79504,0
79505,0
79506,0
79507,0
79508,1
79509,0
79510,0
79511,0
79512,1
79513,1
79514,0
79515,0
79516,0
79517,0
79518,0
79519,1
79520,0
79521,1
79522,0
79523,0
79524,0
79525,1
79526,0
79527,0
79528,0
79529,0
79530,0
79531,0
79532,1
79533,1
79534,1
79535,0
79536,0
79537,0
79538,0
79539,1
79540,1
79541,1
79542,0
79543,0
79544,0
79545,0
79546,0
79547,0
79548,0
79549,0
79550,0
79551,0
79552,0
79553,0
79554,1
79555,0
79556,0
79557,0
79558,0
79559,1
79560,0
79561,0
79562,0
79563,1
79564,1
79565,1
79566,0
79567,0
79568,0
79569,0
79570,0
79571,0
79572,1
79573,0
79574,1
79575,0
79576,1
79577,0
79578,0
79579,0
79580,0
79581,0
79582,0
79583,0
79584,1
79585,1
79586,0
79587,0
79588,0
79589,0
79590,0
79591,0
79592,0
79593,0
79594,0
79595,0
79596,0
79597,0
79598,0
79599,0
79600,0
79601,1
79602,0
79603,0
79604,1
79605,1
79606,0
79607,1
79608,1
79609,1
79610,0
79611,1
79612,1
79613,1
79614,1
79615,0
79616,0
79617,0
79618,1
79619,0
79620,0
79621,0
79622,1
79623,1
79624,1
79625,1
79626,0
79627,0
79628,1
79629,0
79630,1
79631,0
79632,1
79633,0
79634,0
79635,0
79636,0
79637,0
79638,0
79639,0
79640,0
79641,0
79642,0
79643,1
79644,0
79645,0
79646,0
79647,0
79648,0
79649,0
79650,0
79651,0
79652,0
79653,1
79654,0
79655,0
79656,0
79657,1
79658,1
79659,0
79660,1
79661,1
79662,0
79663,0
79664,0
79665,0
79666,1
79667,0
79668,0
79669,0
79670,0
79671,0
79672,0
79673,0
79674,1
79675,0
79676,1
79677,0
79678,0
79679,0
79680,0
79681,0
79682,0
79683,0
79684,0
79685,0
79686,0
79687,0
79688,1
79689,0
79690,1
79691,0
79692,0
79693,1
79694,1
79695,1
79696,0
79697,0
79698,0
79699,0
79700,0
79701,0
79702,0
79703,1
79704,1
79705,1
79706,0
79707,1
79708,1
79709,0
79710,1
79711,0
79712,0
79713,1
79714,0
79715,1
79716,1
79717,0
79718,1
79719,0
79720,1
79721,0
79722,1
79723,0
79724,0
79725,1
79726,0
79727,0
79728,0
79729,0
79730,0
79731,1
79732,0
79733,0
79734,1
79735,0
79736,1
79737,0
79738,0
79739,1
79740,0
79741,0
79742,0
79743,0
79744,0
79745,0
79746,0
79747,0
79748,0
79749,0
79750,0
79751,0
79752,0
79753,0
79754,0
79755,0
79756,0
79757,1
79758,1
79759,0
79760,0
79761,0
79762,1
79763,1
79764,1
79765,0
79766,1
79767,0
79768,0
79769,0
79770,1
79771,1
79772,0
79773,0
79774,0
79775,0
79776,1
79777,0
79778,1
79779,1
79780,1
79781,1
79782,0
79783,0
79784,0
79785,1
79786,0
79787,0
79788,0
79789,0
79790,1
79791,1
79792,0
79793,0
79794,0
79795,0
79796,1
79797,0
79798,0
79799,0
79800,1
79801,0
79802,1
79803,0
79804,0
79805,0
79806,0
79807,1
79808,0
79809,0
79810,0
79811,1
79812,1
79813,1
79814,1
79815,0
79816,0
79817,0
79818,0
79819,0
79820,0
79821,0
79822,1
79823,1
79824,1
79825,1
79826,0
79827,0
79828,0
79829,0
79830,0
79831,0
79832,0
79833,0
79834,0
79835,0
79836,1
79837,1
79838,1
79839,1
79840,1
79841,1
79842,1
79843,0
79844,1
79845,0
79846,0
79847,1
79848,1
79849,0
79850,1
79851,0
79852,0
79853,1
79854,0
79855,0
79856,1
79857,1
79858,0
79859,0
79860,1
79861,1
79862,0
79863,1
79864,1
79865,0
79866,1
79867,0
79868,0
79869,0
79870,1
79871,1
79872,0
79873,0
79874,1
79875,0
79876,1
79877,0
79878,1
79879,0
79880,0
79881,1
79882,0
79883,0
79884,0
79885,1
79886,0
79887,0
79888,0
79889,0
79890,0
79891,1
79892,0
79893,0
79894,0
79895,0
79896,0
79897,0
79898,0
79899,0
79900,1
79901,0
79902,0
79903,0
79904,1
79905,1
79906,0
79907,0
79908,0
79909,1
79910,1
79911,1
79912,0
79913,0
79914,0
79915,1
79916,1
79917,1
79918,1
79919,1
79920,0
79921,0
79922,0
79923,0
79924,0
79925,0
79926,0
79927,1
79928,1
79929,0
79930,1
79931,0
79932,0
79933,0
79934,0
79935,1
79936,0
79937,1
79938,1
79939,0
79940,0
79941,0
79942,0
79943,0
79944,0
79945,0
79946,0
79947,0
79948,1
79949,0
79950,0
79951,0
79952,0
79953,0
79954,0
79955,0
79956,1
79957,1
79958,0
79959,0
79960,0
79961,1
79962,0
79963,0
79964,1
79965,0
79966,0
79967,0
79968,0
79969,0
79970,0
79971,1
79972,0
79973,0
79974,0
79975,0
79976,1
79977,0
79978,0
79979,1
79980,0
79981,0
79982,1
79983,1
79984,1
79985,0
79986,0
79987,0
79988,0
79989,1
79990,0
79991,0
79992,1
79993,0
79994,0
79995,1
79996,1
79997,0
79998,1
79999,0
80000,0
80001,0
80002,1
80003,1
80004,0
80005,1
80006,1
80007,0
80008,0
80009,1
80010,1
80011,0
80012,1
80013,0
80014,0
80015,0
80016,0
80017,0
80018,1
80019,1
80020,0
80021,0
80022,0
80023,0
80024,1
80025,1
80026,0
80027,0
80028,0
80029,0
80030,0
80031,0
80032,0
80033,0
80034,0
80035,1
80036,0
80037,1
80038,0
80039,1
80040,0
80041,0
80042,1
80043,0
80044,0
80045,0
80046,0
80047,0
80048,0
80049,1
80050,0
80051,0
80052,1
80053,1
80054,0
80055,0
80056,0
80057,1
80058,0
80059,0
80060,0
80061,1
80062,0
80063,0
80064,0
80065,1
80066,0
80067,0
80068,0
80069,0
80070,1
80071,0
80072,1
80073,1
80074,1
80075,1
80076,0
80077,1
80078,0
80079,1
80080,1
80081,1
80082,0
80083,0
80084,0
80085,0
80086,0
80087,0
80088,0
80089,0
80090,1
80091,1
80092,1
80093,0
80094,0
80095,1
80096,0
80097,0
80098,1
80099,0
80100,0
80101,1
80102,1
80103,0
80104,0
80105,0
80106,0
80107,1
80108,0
80109,0
80110,0
80111,0
80112,1
80113,1
80114,0
80115,1
80116,1
80117,1
80118,0
80119,1
80120,1
80121,1
80122,0
80123,0
80124,1
80125,1
80126,0
80127,0
80128,0
80129,1
80130,0
80131,0
80132,0
80133,0
80134,0
80135,1
80136,0
80137,0
80138,0
80139,0
80140,1
80141,0
80142,0
80143,1
80144,1
80145,1
80146,0
80147,1
80148,0
80149,1
80150,0
80151,1
80152,0
80153,0
80154,1
80155,0
80156,0
80157,1
80158,1
80159,1
80160,1
80161,0
80162,0
80163,0
80164,0
80165,0
80166,1
80167,0
80168,0
80169,1
80170,0
80171,0
80172,0
80173,0
80174,1
80175,0
80176,0
80177,0
80178,0
80179,1
80180,0
80181,0
80182,1
80183,1
80184,0
80185,0
80186,0
80187,1
80188,1
80189,1
80190,1
80191,0
80192,0
80193,0
80194,0
80195,0
80196,0
80197,0
80198,0
80199,0
80200,0
80201,1
80202,0
80203,0
80204,0
80205,1
80206,0
80207,1
80208,0
80209,0
80210,0
80211,0
80212,1
80213,0
80214,0
80215,0
80216,1
80217,0
80218,1
80219,0
80220,0
80221,0
80222,0
80223,0
80224,0
80225,0
80226,0
80227,1
80228,1
80229,0
80230,0
80231,0
80232,1
80233,1
80234,1
80235,1
80236,1
80237,1
80238,0
80239,0
80240,1
80241,0
80242,1
80243,0
80244,0
80245,0
80246,0
80247,0
80248,0
80249,0
80250,0
80251,0
80252,0
80253,1
80254,0
80255,0
80256,0
80257,1
80258,0
80259,1
80260,0
80261,0
80262,1
80263,0
80264,1
80265,0
80266,0
80267,0
80268,0
80269,1
80270,0
80271,0
80272,0
80273,0
80274,1
80275,0
80276,1
80277,1
80278,0
80279,0
80280,1
80281,0
80282,0
80283,0
80284,0
80285,1
80286,0
80287,0
80288,0
80289,1
80290,0
80291,1
80292,1
80293,0
80294,1
80295,1
80296,0
80297,1
80298,0
80299,0
80300,0
80301,1
80302,0
80303,0
80304,1
80305,0
80306,1
80307,0
80308,0
80309,0
80310,0
80311,1
80312,0
80313,0
80314,0
80315,0
80316,0
80317,0
80318,1
80319,0
80320,1
80321,1
80322,0
80323,1
80324,1
80325,1
80326,0
80327,1
80328,0
80329,0
80330,0
80331,0
80332,0
80333,0
80334,0
80335,1
80336,1
80337,0
80338,1
80339,0
80340,0
80341,0
80342,0
80343,0
80344,1
80345,0
80346,1
80347,0
80348,0
80349,1
80350,0
80351,0
80352,0
80353,1
80354,1
80355,1
80356,0
80357,0
80358,0
80359,0
80360,1
80361,0
80362,1
80363,0
80364,0
80365,0
80366,1
80367,0
80368,0
80369,0
80370,0
80371,0
80372,0
80373,0
80374,0
80375,0
80376,0
80377,1
80378,0
80379,0
80380,0
80381,0
80382,1
80383,0
80384,0
80385,0
80386,0
80387,1
80388,1
80389,0
80390,0
80391,1
80392,1
80393,0
80394,1
80395,0
80396,1
80397,0
80398,0
80399,0
80400,0
80401,0
80402,1
80403,1
80404,0
80405,0
80406,0
80407,0
80408,1
80409,0
80410,0
80411,0
80412,1
80413,0
80414,1
80415,0
80416,0
80417,0
80418,0
80419,1
80420,0
80421,0
80422,1
80423,0
80424,0
80425,0
80426,0
80427,1
80428,0
80429,0
80430,0
80431,1
80432,0
80433,0
80434,1
80435,1
80436,1
80437,1
80438,0
80439,0
80440,1
80441,1
80442,1
80443,1
80444,0
80445,1
80446,0
80447,0
80448,0
80449,1
80450,0
80451,1
80452,0
80453,1
80454,0
80455,0
80456,0
80457,0
80458,0
80459,1
80460,1
80461,0
80462,0
80463,0
80464,0
80465,0
80466,0
80467,0
80468,0
80469,0
80470,1
80471,1
80472,0
80473,1
80474,0
80475,1
80476,1
80477,0
80478,0
80479,0
80480,1
80481,0
80482,1
80483,1
80484,0
80485,1
80486,0
80487,0
80488,1
80489,1
80490,1
80491,1
80492,0
80493,0
80494,0
80495,0
80496,1
80497,0
80498,0
80499,0
80500,1
80501,1
80502,0
80503,0
80504,1
80505,1
80506,0
80507,0
80508,1
80509,0
80510,1
80511,0
80512,1
80513,0
80514,0
80515,1
80516,0
80517,0
80518,0
80519,0
80520,1
80521,1
80522,1
80523,0
80524,0
80525,0
80526,0
80527,0
80528,0
80529,0
80530,0
80531,0
80532,1
80533,1
80534,0
80535,0
80536,0
80537,0
80538,0
80539,1
80540,1
80541,0
80542,1
80543,0
80544,1
80545,0
80546,0
80547,0
80548,1
80549,1
80550,0
80551,1
80552,1
80553,1
80554,0
80555,1
80556,1
80557,1
80558,0
80559,0
80560,1
80561,0
80562,1
80563,0
80564,0
80565,0
80566,0
80567,0
80568,0
80569,1
80570,0
80571,1
80572,1
80573,1
80574,0
80575,1
80576,1
80577,0
80578,0
80579,0
80580,0
80581,1
80582,0
80583,0
80584,1
80585,0
80586,1
80587,0
80588,0
80589,1
80590,0
80591,0
80592,1
80593,0
80594,1
80595,1
80596,1
80597,0
80598,0
80599,0
80600,1
80601,0
80602,0
80603,1
80604,0
80605,0
80606,0
80607,1
80608,1
80609,0
80610,1
80611,0
80612,0
80613,0
80614,0
80615,1
80616,1
80617,0
80618,0
80619,0
80620,1
80621,1
80622,1
80623,1
80624,1
80625,0
80626,0
80627,1
80628,1
80629,0
80630,0
80631,1
80632,0
80633,0
80634,1
80635,0
80636,1
80637,0
80638,0
80639,0
80640,0
80641,0
80642,1
80643,0
80644,0
80645,1
80646,0
80647,1
80648,0
80649,0
80650,0
80651,1
80652,1
80653,0
80654,0
80655,0
80656,0
80657,0
80658,0
80659,0
80660,1
80661,0
80662,0
80663,1
80664,1
80665,0
80666,0
80667,1
80668,1
80669,0
80670,0
80671,1
80672,0
80673,0
80674,0
80675,0
80676,0
80677,0
80678,1
80679,1
80680,1
80681,0
80682,0
80683,0
80684,0
80685,1
80686,0
80687,1
80688,0
80689,0
80690,1
80691,0
80692,0
80693,1
80694,0
80695,0
80696,0
80697,0
80698,1
80699,0
80700,0
80701,0
80702,1
80703,0
80704,0
80705,0
80706,0
80707,0
80708,0
80709,0
80710,0
80711,0
80712,0
80713,0
80714,1
80715,0
80716,1
80717,1
80718,0
80719,1
80720,1
80721,0
80722,1
80723,1
80724,0
80725,0
80726,0
80727,0
80728,0
80729,0
80730,0
80731,0
80732,0
80733,0
80734,0
80735,0
80736,0
80737,1
80738,1
80739,0
80740,0
80741,0
80742,0
80743,0
80744,0
80745,0
80746,0
80747,0
80748,0
80749,0
80750,0
80751,1
80752,0
80753,0
80754,1
80755,0
80756,0
80757,1
80758,0
80759,0
80760,0
80761,1
80762,1
80763,0
80764,1
80765,0
80766,0
80767,1
80768,0
80769,1
80770,0
80771,0
80772,0
80773,0
80774,1
80775,0
80776,0
80777,0
80778,1
80779,0
80780,0
80781,1
80782,0
80783,0
80784,1
80785,0
80786,1
80787,1
80788,1
80789,0
80790,0
80791,1
80792,0
80793,0
80794,0
80795,1
80796,0
80797,1
80798,0
80799,1
80800,1
80801,1
80802,0
80803,0
80804,1
80805,0
80806,1
80807,0
80808,0
80809,1
80810,0
80811,1
80812,1
80813,0
80814,1
80815,0
80816,1
80817,0
80818,1
80819,0
80820,0
80821,0
80822,0
80823,0
80824,0
80825,1
80826,0
80827,0
80828,0
80829,1
80830,1
80831,0
80832,1
80833,0
80834,0
80835,1
80836,1
80837,0
80838,1
80839,0
80840,0
80841,0
80842,0
80843,1
80844,0
80845,0
80846,1
80847,1
80848,1
80849,0
80850,0
80851,0
80852,0
80853,0
80854,0
80855,0
80856,1
80857,1
80858,1
80859,0
80860,0
80861,0
80862,1
80863,0
80864,0
80865,1
80866,0
80867,0
80868,0
80869,1
80870,1
80871,0
80872,0
80873,0
80874,0
80875,1
80876,0
80877,0
80878,0
80879,1
80880,1
80881,0
80882,1
80883,0
80884,0
80885,1
80886,0
80887,1
80888,0
80889,0
80890,0
80891,1
80892,0
80893,0
80894,0
80895,0
80896,1
80897,0
80898,0
80899,1
80900,0
80901,0
80902,0
80903,0
80904,0
80905,1
80906,0
80907,0
80908,0
80909,0
80910,1
80911,1
80912,0
80913,0
80914,1
80915,0
80916,0
80917,1
80918,0
80919,1
80920,0
80921,0
80922,1
80923,1
80924,0
80925,1
80926,1
80927,0
80928,0
80929,1
80930,0
80931,0
80932,0
80933,0
80934,0
80935,1
80936,0
80937,1
80938,0
80939,1
80940,1
80941,0
80942,0
80943,1
80944,0
80945,0
80946,0
80947,0
80948,0
80949,0
80950,0
80951,0
80952,1
80953,0
80954,0
80955,0
80956,1
80957,0
80958,1
80959,0
80960,0
80961,0
80962,1
80963,1
80964,0
80965,0
80966,0
80967,1
80968,1
80969,1
80970,0
80971,1
80972,0
80973,0
80974,0
80975,1
80976,1
80977,0
80978,0
80979,0
80980,0
80981,0
80982,0
80983,1
80984,1
80985,0
80986,0
80987,0
80988,1
80989,0
80990,1
80991,0
80992,0
80993,0
80994,1
80995,0
80996,1
80997,0
80998,0
80999,0
81000,0
81001,0
81002,0
81003,1
81004,0
81005,0
81006,0
81007,1
81008,0
81009,0
81010,0
81011,0
81012,0
81013,1
81014,0
81015,1
81016,0
81017,1
81018,1
81019,0
81020,0
81021,0
81022,1
81023,1
81024,1
81025,0
81026,1
81027,1
81028,1
81029,0
81030,1
81031,1
81032,0
81033,0
81034,0
81035,0
81036,0
81037,0
81038,0
81039,1
81040,0
81041,0
81042,1
81043,0
81044,1
81045,1
81046,0
81047,0
81048,0
81049,0
81050,1
81051,0
81052,1
81053,1
81054,0
81055,0
81056,0
81057,0
81058,0
81059,0
81060,0
81061,1
81062,0
81063,0
81064,0
81065,1
81066,1
81067,0
81068,1
81069,0
81070,1
81071,0
81072,1
81073,1
81074,1
81075,1
81076,1
81077,0
81078,1
81079,1
81080,0
81081,1
81082,0
81083,0
81084,1
81085,1
81086,0
81087,0
81088,1
81089,1
81090,0
81091,1
81092,0
81093,1
81094,0
81095,0
81096,0
81097,0
81098,0
81099,1
81100,1
81101,0
81102,1
81103,0
81104,0
81105,0
81106,1
81107,0
81108,0
81109,0
81110,1
81111,0
81112,1
81113,1
81114,1
81115,0
81116,0
81117,0
81118,1
81119,1
81120,0
81121,1
81122,0
81123,0
81124,1
81125,0
81126,0
81127,0
81128,0
81129,1
81130,0
81131,0
81132,0
81133,0
81134,1
81135,0
81136,0
81137,0
81138,1
81139,1
81140,1
81141,1
81142,0
81143,0
81144,1
81145,0
81146,0
81147,0
81148,0
81149,1
81150,1
81151,0
81152,0
81153,0
81154,0
81155,0
81156,1
81157,1
81158,0
81159,1
81160,1
81161,0
81162,1
81163,1
81164,1
81165,1
81166,0
81167,0
81168,0
81169,0
81170,1
81171,1
81172,1
81173,0
81174,0
81175,1
81176,0
81177,0
81178,0
81179,0
81180,1
81181,0
81182,1
81183,1
81184,0
81185,1
81186,1
81187,0
81188,1
81189,0
81190,0
81191,0
81192,1
81193,1
81194,0
81195,1
81196,1
81197,0
81198,0
81199,0
81200,1
81201,1
81202,1
81203,0
81204,0
81205,0
81206,0
81207,1
81208,0
81209,0
81210,1
81211,0
81212,1
81213,1
81214,0
81215,0
81216,1
81217,0
81218,1
81219,1
81220,1
81221,0
81222,1
81223,0
81224,1
81225,1
81226,0
81227,0
81228,0
81229,1
81230,0
81231,1
81232,0
81233,0
81234,0
81235,1
81236,0
81237,0
81238,0
81239,0
81240,0
81241,1
81242,0
81243,0
81244,0
81245,0
81246,0
81247,1
81248,0
81249,0
81250,0
81251,0
81252,0
81253,0
81254,0
81255,0
81256,1
81257,1
81258,0
81259,0
81260,0
81261,0
81262,1
81263,0
81264,0
81265,0
81266,1
81267,0
81268,0
81269,0
81270,0
81271,0
81272,1
81273,1
81274,0
81275,0
81276,1
81277,0
81278,0
81279,0
81280,0
81281,1
81282,1
81283,0
81284,1
81285,0
81286,0
81287,0
81288,1
81289,1
81290,0
81291,0
81292,0
81293,0
81294,0
81295,1
81296,1
81297,0
81298,0
81299,0
81300,0
81301,0
81302,0
81303,0
81304,0
81305,1
81306,1
81307,0
81308,1
81309,0
81310,0
81311,1
81312,1
81313,1
81314,0
81315,0
81316,1
81317,1
81318,0
81319,1
81320,0
81321,1
81322,1
81323,1
81324,1
81325,0
81326,0
81327,0
81328,0
81329,1
81330,0
81331,0
81332,1
81333,0
81334,0
81335,1
81336,1
81337,0
81338,1
81339,0
81340,0
81341,0
81342,0
81343,0
81344,0
81345,0
81346,1
81347,0
81348,1
81349,0
81350,1
81351,1
81352,0
81353,0
81354,1
81355,1
81356,0
81357,1
81358,0
81359,0
81360,1
81361,1
81362,0
81363,1
81364,1
81365,0
81366,1
81367,0
81368,0
81369,0
81370,0
81371,0
81372,0
81373,1
81374,1
81375,0
81376,0
81377,1
81378,0
81379,0
81380,0
81381,0
81382,0
81383,0
81384,0
81385,1
81386,0
81387,0
81388,0
81389,1
81390,0
81391,1
81392,0
81393,0
81394,1
81395,0
81396,1
81397,1
81398,0
81399,0
81400,1
81401,0
81402,0
81403,0
81404,0
81405,0
81406,1
81407,0
81408,1
81409,0
81410,1
81411,1
81412,1
81413,0
81414,0
81415,0
81416,1
81417,0
81418,0
81419,0
81420,0
81421,1
81422,1
81423,1
81424,0
81425,0
81426,0
81427,1
81428,0
81429,0
81430,0
81431,0
81432,0
81433,0
81434,1
81435,0
81436,0
81437,0
81438,0
81439,1
81440,0
81441,1
81442,0
81443,0
81444,1
81445,0
81446,0
81447,0
81448,0
81449,0
81450,1
81451,0
81452,0
81453,0
81454,0
81455,0
81456,0
81457,0
81458,0
81459,0
81460,0
81461,0
81462,0
81463,0
81464,0
81465,0
81466,0
81467,0
81468,0
81469,1
81470,0
81471,0
81472,1
81473,1
81474,0
81475,0
81476,0
81477,0
81478,1
81479,0
81480,1
81481,1
81482,0
81483,0
81484,0
81485,1
81486,1
81487,1
81488,1
81489,0
81490,0
81491,1
81492,0
81493,0
81494,1
81495,0
81496,0
81497,1
81498,1
81499,0
81500,1
81501,0
81502,0
81503,0
81504,0
81505,1
81506,0
81507,1
81508,0
81509,0
81510,1
81511,0
81512,1
81513,1
81514,0
81515,0
81516,1
81517,1
81518,1
81519,0
81520,0
81521,0
81522,0
81523,0
81524,0
81525,1
81526,0
81527,0
81528,1
81529,0
81530,0
81531,0
81532,0
81533,1
81534,0
81535,0
81536,1
81537,0
81538,0
81539,0
81540,0
81541,1
81542,0
81543,0
81544,1
81545,0
81546,0
81547,1
81548,1
81549,1
81550,0
81551,0
81552,1
81553,0
81554,1
81555,0
81556,1
81557,1
81558,0
81559,0
81560,0
81561,0
81562,0
81563,0
81564,1
81565,0
81566,0
81567,1
81568,0
81569,0
81570,0
81571,0
81572,0
81573,0
81574,1
81575,1
81576,0
81577,0
81578,1
81579,0
81580,0
81581,1
81582,1
81583,0
81584,1
81585,0
81586,0
81587,1
81588,0
81589,1
81590,0
81591,1
81592,1
81593,0
81594,0
81595,1
81596,1
81597,1
81598,0
81599,0
81600,1
81601,1
81602,0
81603,1
81604,0
81605,1
81606,0
81607,1
81608,0
81609,0
81610,0
81611,1
81612,0
81613,1
81614,1
81615,1
81616,1
81617,0
81618,1
81619,0
81620,0
81621,1
81622,0
81623,0
81624,1
81625,1
81626,1
81627,1
81628,0
81629,0
81630,1
81631,0
81632,0
81633,1
81634,0
81635,1
81636,0
81637,1
81638,0
81639,0
81640,1
81641,1
81642,0
81643,0
81644,1
81645,0
81646,0
81647,1
81648,0
81649,0
81650,0
81651,1
81652,1
81653,1
81654,0
81655,0
81656,0
81657,0
81658,0
81659,1
81660,0
81661,0
81662,0
81663,0
81664,1
81665,1
81666,0
81667,0
81668,0
81669,0
81670,0
81671,0
81672,0
81673,1
81674,1
81675,1
81676,0
81677,1
81678,1
81679,1
81680,1
81681,1
81682,0
81683,0
81684,0
81685,1
81686,0
81687,0
81688,0
81689,1
81690,0
81691,1
81692,0
81693,1
81694,1
81695,0
81696,0
81697,1
81698,1
81699,0
81700,0
81701,1
81702,0
81703,0
81704,0
81705,1
81706,0
81707,1
81708,0
81709,0
81710,1
81711,0
81712,0
81713,1
81714,0
81715,1
81716,1
81717,0
81718,0
81719,0
81720,0
81721,1
81722,1
81723,0
81724,0
81725,0
81726,0
81727,0
81728,0
81729,0
81730,0
81731,0
81732,0
81733,0
81734,0
81735,0
81736,1
81737,1
81738,0
81739,0
81740,1
81741,0
81742,1
81743,0
81744,1
81745,1
81746,0
81747,1
81748,0
81749,1
81750,0
81751,0
81752,0
81753,0
81754,0
81755,0
81756,1
81757,1
81758,1
81759,1
81760,0
81761,0
81762,0
81763,0
81764,1
81765,1
81766,1
81767,1
81768,0
81769,0
81770,0
81771,1
81772,1
81773,0
81774,0
81775,1
81776,0
81777,0
81778,1
81779,0
81780,0
81781,1
81782,0
81783,1
81784,1
81785,1
81786,0
81787,0
81788,0
81789,0
81790,0
81791,0
81792,1
81793,0
81794,0
81795,0
81796,0
81797,0
81798,0
81799,0
81800,0
81801,1
81802,1
81803,1
81804,1
81805,0
81806,1
81807,0
81808,0
81809,0
81810,0
81811,0
81812,0
81813,0
81814,1
81815,0
81816,1
81817,0
81818,0
81819,1
81820,1
81821,0
81822,0
81823,0
81824,0
81825,0
81826,0
81827,0
81828,0
81829,0
81830,0
81831,0
81832,0
81833,0
81834,1
81835,0
81836,1
81837,0
81838,0
81839,0
81840,0
81841,1
81842,1
81843,0
81844,0
81845,0
81846,0
81847,0
81848,1
81849,1
81850,0
81851,1
81852,1
81853,0
81854,1
81855,1
81856,0
81857,1
81858,1
81859,0
81860,0
81861,0
81862,1
81863,1
81864,0
81865,0
81866,0
81867,0
81868,0
81869,1
81870,1
81871,0
81872,0
81873,0
81874,0
81875,0
81876,1
81877,0
81878,1
81879,1
81880,0
81881,0
81882,0
81883,0
81884,0
81885,1
81886,0
81887,0
81888,0
81889,0
81890,0
81891,0
81892,0
81893,0
81894,1
81895,0
81896,0
81897,1
81898,0
81899,1
81900,1
81901,0
81902,0
81903,1
81904,0
81905,1
81906,1
81907,0
81908,1
81909,0
81910,0
81911,0
81912,1
81913,0
81914,1
81915,0
81916,0
81917,0
81918,0
81919,1
81920,0
81921,0
81922,1
81923,1
81924,0
81925,0
81926,0
81927,0
81928,0
81929,0
81930,0
81931,0
81932,0
81933,1
81934,0
81935,0
81936,0
81937,0
81938,0
81939,1
81940,1
81941,0
81942,1
81943,1
81944,0
81945,0
81946,0
81947,0
81948,0
81949,1
81950,0
81951,1
81952,0
81953,0
81954,0
81955,1
81956,0
81957,0
81958,0
81959,1
81960,0
81961,0
81962,0
81963,1
81964,1
81965,0
81966,0
81967,0
81968,0
81969,0
81970,1
81971,1
81972,1
81973,0
81974,1
81975,0
81976,0
81977,0
81978,0
81979,0
81980,0
81981,0
81982,0
81983,0
81984,0
81985,1
81986,1
81987,1
81988,0
81989,0
81990,0
81991,1
81992,0
81993,1
81994,0
81995,1
81996,1
81997,0
81998,0
81999,0
82000,0
82001,0
82002,1
82003,0
82004,0
82005,0
82006,1
82007,0
82008,0
82009,0
82010,1
82011,0
82012,0
82013,0
82014,1
82015,1
82016,0
82017,0
82018,0
82019,1
82020,1
82021,1
82022,0
82023,0
82024,1
82025,1
82026,0
82027,1
82028,0
82029,0
82030,0
82031,0
82032,1
82033,1
82034,1
82035,0
82036,1
82037,1
82038,0
82039,1
82040,0
82041,0
82042,0
82043,0
82044,0
82045,0
82046,1
82047,0
82048,0
82049,0
82050,0
82051,0
82052,1
82053,1
82054,1
82055,1
82056,0
82057,0
82058,0
82059,1
82060,0
82061,0
82062,1
82063,1
82064,1
82065,1
82066,0
82067,0
82068,1
82069,1
82070,1
82071,0
82072,0
82073,0
82074,0
82075,1
82076,1
82077,0
82078,1
82079,1
82080,0
82081,0
82082,0
82083,0
82084,0
82085,0
82086,0
82087,0
82088,0
82089,0
82090,1
82091,0
82092,0
82093,1
82094,0
82095,1
82096,1
82097,1
82098,1
82099,0
82100,0
82101,0
82102,0
82103,0
82104,0
82105,1
82106,0
82107,0
82108,1
82109,0
82110,1
82111,0
82112,1
82113,0
82114,0
82115,1
82116,0
82117,0
82118,0
82119,0
82120,0
82121,1
82122,1
82123,0
82124,0
82125,0
82126,0
82127,1
82128,0
82129,0
82130,1
82131,0
82132,1
82133,1
82134,0
82135,0
82136,0
82137,1
82138,0
82139,0
82140,1
82141,0
82142,1
82143,1
82144,1
82145,0
82146,1
82147,0
82148,0
82149,0
82150,0
82151,0
82152,1
82153,0
82154,0
82155,1
82156,0
82157,1
82158,0
82159,1
82160,0
82161,0
82162,1
82163,0
82164,0
82165,1
82166,0
82167,0
82168,0
82169,1
82170,1
82171,0
82172,1
82173,0
82174,1
82175,0
82176,1
82177,0
82178,0
82179,1
82180,0
82181,0
82182,1
82183,0
82184,0
82185,0
82186,0
82187,1
82188,0
82189,1
82190,1
82191,0
82192,0
82193,1
82194,0
82195,0
82196,1
82197,1
82198,0
82199,0
82200,0
82201,0
82202,1
82203,0
82204,0
82205,1
82206,0
82207,0
82208,1
82209,0
82210,0
82211,1
82212,0
82213,1
82214,0
82215,1
82216,0
82217,0
82218,0
82219,0
82220,0
82221,0
82222,0
82223,0
82224,0
82225,1
82226,0
82227,0
82228,0
82229,0
82230,0
82231,0
82232,1
82233,0
82234,1
82235,1
82236,0
82237,0
82238,0
82239,0
82240,0
82241,1
82242,0
82243,1
82244,0
82245,0
82246,1
82247,0
82248,0
82249,0
82250,0
82251,0
82252,0
82253,0
82254,1
82255,0
82256,0
82257,0
82258,0
82259,0
82260,0
82261,0
82262,0
82263,0
82264,1
82265,0
82266,0
82267,0
82268,0
82269,0
82270,1
82271,1
82272,1
82273,1
82274,1
82275,1
82276,0
82277,0
82278,0
82279,0
82280,0
82281,1
82282,1
82283,0
82284,1
82285,0
82286,1
82287,1
82288,1
82289,0
82290,0
82291,1
82292,1
82293,0
82294,0
82295,0
82296,0
82297,1
82298,1
82299,0
82300,0
82301,0
82302,0
82303,1
82304,0
82305,0
82306,1
82307,0
82308,0
82309,0
82310,0
82311,1
82312,1
82313,1
82314,1
82315,1
82316,1
82317,1
82318,0
82319,0
82320,0
82321,1
82322,0
82323,1
82324,0
82325,1
82326,0
82327,0
82328,0
82329,0
82330,0
82331,0
82332,0
82333,0
82334,0
82335,1
82336,0
82337,1
82338,1
82339,0
82340,0
82341,0
82342,0
82343,0
82344,0
82345,0
82346,0
82347,1
82348,0
82349,0
82350,0
82351,0
82352,0
82353,0
82354,0
82355,1
82356,0
82357,0
82358,1
82359,0
82360,1
82361,0
82362,1
82363,0
82364,0
82365,1
82366,1
82367,1
82368,0
82369,1
82370,0
82371,0
82372,1
82373,1
82374,0
82375,1
82376,0
82377,1
82378,0
82379,1
82380,1
82381,0
82382,0
82383,0
82384,1
82385,0
82386,0
82387,0
82388,0
82389,1
82390,0
82391,1
82392,0
82393,0
82394,0
82395,1
82396,0
82397,0
82398,1
82399,1
82400,1
82401,0
82402,0
82403,1
82404,0
82405,1
82406,0
82407,0
82408,0
82409,1
82410,0
82411,0
82412,0
82413,0
82414,0
82415,0
82416,0
82417,1
82418,1
82419,1
82420,0
82421,0
82422,1
82423,0
82424,1
82425,0
82426,0
82427,1
82428,1
82429,0
82430,0
82431,0
82432,0
82433,0
82434,0
82435,1
82436,1
82437,1
82438,0
82439,0
82440,1
82441,0
82442,0
82443,1
82444,0
82445,0
82446,1
82447,1
82448,1
82449,0
82450,0
82451,0
82452,0
82453,0
82454,0
82455,0
82456,0
82457,1
82458,0
82459,0
82460,0
82461,0
82462,0
82463,0
82464,0
82465,0
82466,1
82467,0
82468,0
82469,0
82470,0
82471,1
82472,1
82473,1
82474,0
82475,0
82476,0
82477,0
82478,0
82479,0
82480,1
82481,0
82482,0
82483,0
82484,1
82485,0
82486,0
82487,0
82488,0
82489,1
82490,0
82491,0
82492,0
82493,1
82494,0
82495,1
82496,0
82497,0
82498,0
82499,0
82500,1
82501,0
82502,0
82503,0
82504,0
82505,0
82506,1
82507,0
82508,0
82509,0
82510,0
82511,1
82512,1
82513,1
82514,0
82515,1
82516,0
82517,0
82518,0
82519,1
82520,1
82521,1
82522,1
82523,1
82524,1
82525,0
82526,1
82527,0
82528,1
82529,0
82530,0
82531,0
82532,0
82533,0
82534,0
82535,0
82536,1
82537,1
82538,0
82539,0
82540,0
82541,0
82542,0
82543,0
82544,0
82545,1
82546,0
82547,0
82548,0
82549,0
82550,0
82551,0
82552,0
82553,0
82554,0
82555,1
82556,0
82557,0
82558,0
82559,1
82560,0
82561,0
82562,0
82563,0
82564,0
82565,0
82566,1
82567,1
82568,1
82569,1
82570,1
82571,0
82572,0
82573,0
82574,1
82575,0
82576,1
82577,0
82578,1
82579,1
82580,0
82581,0
82582,0
82583,0
82584,1
82585,1
82586,0
82587,0
82588,0
82589,1
82590,0
82591,0
82592,0
82593,0
82594,1
82595,0
82596,0
82597,1
82598,0
82599,1
82600,0
82601,0
82602,0
82603,0
82604,0
82605,1
82606,0
82607,0
82608,0
82609,1
82610,0
82611,1
82612,0
82613,0
82614,0
82615,0
82616,0
82617,0
82618,1
82619,1
82620,0
82621,0
82622,0
82623,0
82624,0
82625,0
82626,0
82627,1
82628,0
82629,1
82630,1
82631,1
82632,0
82633,1
82634,1
82635,0
82636,0
82637,0
82638,1
82639,1
82640,1
82641,1
82642,1
82643,1
82644,0
82645,0
82646,0
82647,0
82648,0
82649,1
82650,1
82651,0
82652,0
82653,0
82654,1
82655,0
82656,0
82657,0
82658,1
82659,0
82660,0
82661,0
82662,0
82663,1
82664,0
82665,1
82666,0
82667,1
82668,1
82669,1
82670,0
82671,1
82672,0
82673,1
82674,0
82675,0
82676,1
82677,0
82678,0
82679,0
82680,0
82681,1
82682,1
82683,1
82684,1
82685,1
82686,0
82687,0
82688,1
82689,1
82690,0
82691,0
82692,0
82693,0
82694,0
82695,0
82696,0
82697,1
82698,1
82699,1
82700,0
82701,0
82702,0
82703,0
82704,1
82705,1
82706,1
82707,1
82708,0
82709,0
82710,1
82711,0
82712,0
82713,1
82714,1
82715,1
82716,0
82717,0
82718,1
82719,1
82720,1
82721,1
82722,0
82723,1
82724,1
82725,0
82726,1
82727,0
82728,0
82729,1
82730,0
82731,0
82732,1
82733,0
82734,1
82735,1
82736,0
82737,0
82738,1
82739,1
82740,0
82741,0
82742,1
82743,0
82744,0
82745,0
82746,0
82747,0
82748,0
82749,0
82750,0
82751,0
82752,0
82753,1
82754,1
82755,0
82756,1
82757,0
82758,1
82759,0
82760,0
82761,0
82762,0
82763,0
82764,1
82765,0
82766,1
82767,1
82768,0
82769,1
82770,1
82771,1
82772,0
82773,1
82774,1
82775,0
82776,0
82777,1
82778,0
82779,0
82780,0
82781,0
82782,0
82783,1
82784,0
82785,1
82786,1
82787,1
82788,0
82789,0
82790,1
82791,1
82792,0
82793,1
82794,0
82795,1
82796,1
82797,0
82798,0
82799,0
82800,0
82801,0
82802,0
82803,0
82804,1
82805,1
82806,0
82807,0
82808,0
82809,1
82810,1
82811,0
82812,0
82813,0
82814,1
82815,0
82816,1
82817,1
82818,1
82819,0
82820,0
82821,1
82822,0
82823,0
82824,1
82825,0
82826,1
82827,0
82828,0
82829,0
82830,0
82831,1
82832,0
82833,0
82834,0
82835,1
82836,0
82837,1
82838,0
82839,0
82840,0
82841,0
82842,1
82843,0
82844,0
82845,0
82846,1
82847,0
82848,1
82849,0
82850,0
82851,1
82852,0
82853,0
82854,0
82855,1
82856,0
82857,0
82858,1
82859,0
82860,0
82861,0
82862,0
82863,0
82864,0
82865,1
82866,0
82867,0
82868,0
82869,0
82870,0
82871,0
82872,0
82873,0
82874,0
82875,1
82876,0
82877,1
82878,0
82879,0
82880,0
82881,1
82882,0
82883,1
82884,1
82885,0
82886,1
82887,0
82888,0
82889,0
82890,0
82891,0
82892,0
82893,0
82894,1
82895,0
82896,0
82897,1
82898,1
82899,1
82900,0
82901,1
82902,0
82903,1
82904,0
82905,0
82906,0
82907,0
82908,1
82909,1
82910,1
82911,1
82912,1
82913,1
82914,0
82915,0
82916,1
82917,1
82918,1
82919,1
82920,0
82921,0
82922,1
82923,0
82924,1
82925,1
82926,0
82927,0
82928,0
82929,0
82930,1
82931,0
82932,0
82933,0
82934,0
82935,0
82936,0
82937,0
82938,0
82939,1
82940,1
82941,1
82942,0
82943,1
82944,0
82945,0
82946,1
82947,0
82948,1
82949,0
82950,1
82951,0
82952,1
82953,1
82954,0
82955,0
82956,1
82957,0
82958,1
82959,0
82960,0
82961,0
82962,1
82963,0
82964,1
82965,1
82966,1
82967,0
82968,0
82969,1
82970,1
82971,0
82972,1
82973,0
82974,0
82975,0
82976,0
82977,1
82978,0
82979,0
82980,0
82981,1
82982,1
82983,1
82984,0
82985,1
82986,0
82987,1
82988,0
82989,0
82990,0
82991,0
82992,0
82993,1
82994,0
82995,0
82996,1
82997,1
82998,1
82999,0
83000,1
83001,1
83002,1
83003,1
83004,0
83005,1
83006,0
83007,1
83008,0
83009,1
83010,1
83011,0
83012,1
83013,0
83014,0
83015,1
83016,1
83017,0
83018,0
83019,0
83020,0
83021,1
83022,0
83023,0
83024,0
83025,0
83026,1
83027,0
83028,0
83029,0
83030,0
83031,0
83032,1
83033,1
83034,0
83035,1
83036,0
83037,0
83038,0
83039,0
83040,0
83041,0
83042,0
83043,0
83044,0
83045,0
83046,0
83047,1
83048,0
83049,0
83050,1
83051,0
83052,0
83053,1
83054,0
83055,0
83056,1
83057,1
83058,0
83059,0
83060,1
83061,0
83062,1
83063,0
83064,1
83065,0
83066,0
83067,0
83068,0
83069,1
83070,1
83071,0
83072,0
83073,1
83074,1
83075,0
83076,0
83077,1
83078,0
83079,0
83080,0
83081,0
83082,1
83083,0
83084,0
83085,0
83086,0
83087,1
83088,1
83089,1
83090,0
83091,1
83092,1
83093,0
83094,1
83095,0
83096,1
83097,0
83098,1
83099,0
83100,0
83101,0
83102,0
83103,0
83104,0
83105,0
83106,0
83107,0
83108,0
83109,1
83110,0
83111,0
83112,1
83113,1
83114,0
83115,0
83116,0
83117,1
83118,0
83119,0
83120,0
83121,0
83122,0
83123,0
83124,0
83125,0
83126,1
83127,0
83128,0
83129,0
83130,0
83131,1
83132,1
83133,0
83134,0
83135,1
83136,1
83137,1
83138,0
83139,0
83140,0
83141,1
83142,0
83143,0
83144,1
83145,0
83146,0
83147,0
83148,0
83149,1
83150,1
83151,0
83152,0
83153,0
83154,0
83155,0
83156,0
83157,0
83158,1
83159,1
83160,0
83161,0
83162,0
83163,1
83164,0
83165,0
83166,0
83167,0
83168,0
83169,0
83170,1
83171,0
83172,0
83173,1
83174,1
83175,0
83176,1
83177,0
83178,0
83179,0
83180,0
83181,1
83182,1
83183,1
83184,1
83185,1
83186,1
83187,1
83188,0
83189,0
83190,0
83191,0
83192,0
83193,1
83194,0
83195,1
83196,0
83197,1
83198,0
83199,1
83200,0
83201,1
83202,0
83203,1
83204,0
83205,0
83206,1
83207,1
83208,0
83209,0
83210,0
83211,1
83212,0
83213,1
83214,1
83215,0
83216,1
83217,1
83218,1
83219,1
83220,0
83221,1
83222,1
83223,1
83224,0
83225,0
83226,0
83227,0
83228,0
83229,0
83230,0
83231,0
83232,0
83233,0
83234,0
83235,0
83236,0
83237,0
83238,0
83239,0
83240,1
83241,1
83242,1
83243,1
83244,0
83245,0
83246,1
83247,1
83248,0
83249,0
83250,0
83251,0
83252,0
83253,0
83254,0
83255,0
83256,0
83257,0
83258,0
83259,0
83260,1
83261,0
83262,0
83263,0
83264,0
83265,1
83266,0
83267,0
83268,0
83269,1
83270,1
83271,0
83272,0
83273,1
83274,0
83275,0
83276,0
83277,0
83278,0
83279,0
83280,0
83281,0
83282,0
83283,1
83284,1
83285,0
83286,0
83287,0
83288,0
83289,1
83290,1
83291,0
83292,1
83293,1
83294,0
83295,1
83296,0
83297,1
83298,1
83299,1
83300,0
83301,0
83302,0
83303,0
83304,0
83305,0
83306,0
83307,0
83308,0
83309,0
83310,0
83311,0
83312,0
83313,0
83314,0
83315,0
83316,1
83317,1
83318,0
83319,0
83320,1
83321,1
83322,0
83323,1
83324,1
83325,0
83326,0
83327,1
83328,0
83329,1
83330,0
83331,1
83332,1
83333,1
83334,0
83335,0
83336,0
83337,0
83338,1
83339,0
83340,0
83341,1
83342,0
83343,1
83344,0
83345,1
83346,0
83347,1
83348,1
83349,0
83350,0
83351,0
83352,0
83353,0
83354,0
83355,1
83356,1
83357,0
83358,0
83359,1
83360,0
83361,0
83362,0
83363,0
83364,0
83365,0
83366,0
83367,1
83368,1
83369,1
83370,1
83371,1
83372,0
83373,1
83374,0
83375,0
83376,0
83377,0
83378,0
83379,1
83380,0
83381,0
83382,0
83383,0
83384,0
83385,0
83386,1
83387,0
83388,1
83389,0
83390,0
83391,1
83392,0
83393,0
83394,0
83395,0
83396,0
83397,1
83398,0
83399,0
83400,0
83401,0
83402,0
83403,1
83404,0
83405,1
83406,0
83407,0
83408,0
83409,0
83410,1
83411,0
83412,0
83413,0
83414,0
83415,0
83416,0
83417,0
83418,0
83419,0
83420,1
83421,1
83422,0
83423,0
83424,0
83425,0
83426,1
83427,0
83428,0
83429,1
83430,0
83431,0
83432,0
83433,0
83434,1
83435,0
83436,1
83437,0
83438,0
83439,1
83440,1
83441,0
83442,0
83443,1
83444,1
83445,0
83446,1
83447,1
83448,0
83449,1
83450,0
83451,1
83452,1
83453,1
83454,0
83455,0
83456,1
83457,0
83458,0
83459,1
83460,0
83461,0
83462,1
83463,0
83464,1
83465,1
83466,0
83467,0
83468,0
83469,0
83470,0
83471,0
83472,0
83473,0
83474,0
83475,1
83476,0
83477,1
83478,0
83479,0
83480,1
83481,0
83482,0
83483,0
83484,0
83485,1
83486,0
83487,0
83488,0
83489,0
83490,1
83491,1
83492,0
83493,1
83494,0
83495,0
83496,0
83497,0
83498,1
83499,0
83500,1
83501,0
83502,1
83503,0
83504,0
83505,0
83506,0
83507,0
83508,1
83509,0
83510,1
83511,1
83512,0
83513,1
83514,1
83515,1
83516,1
83517,0
83518,1
83519,0
83520,0
83521,1
83522,0
83523,0
83524,0
83525,0
83526,0
83527,0
83528,0
83529,0
83530,0
83531,1
83532,0
83533,1
83534,0
83535,0
83536,0
83537,0
83538,0
83539,1
83540,0
83541,0
83542,0
83543,1
83544,0
83545,0
83546,1
83547,0
83548,1
83549,0
83550,1
83551,1
83552,0
83553,1
83554,0
83555,0
83556,0
83557,0
83558,0
83559,1
83560,1
83561,1
83562,1
83563,1
83564,1
83565,0
83566,1
83567,0
83568,0
83569,0
83570,1
83571,1
83572,0
83573,1
83574,0
83575,0
83576,0
83577,0
83578,0
83579,1
83580,1
83581,1
83582,0
83583,0
83584,0
83585,1
83586,1
83587,0
83588,0
83589,0
83590,1
83591,0
83592,1
83593,1
83594,1
83595,0
83596,0
83597,1
83598,1
83599,0
83600,0
83601,1
83602,1
83603,0
83604,0
83605,0
83606,1
83607,0
83608,1
83609,1
83610,0
83611,0
83612,0
83613,0
83614,0
83615,0
83616,0
83617,0
83618,1
83619,0
83620,0
83621,0
83622,1
83623,1
83624,1
83625,1
83626,0
83627,1
83628,1
83629,1
83630,1
83631,0
83632,0
83633,1
83634,0
83635,0
83636,1
83637,0
83638,1
83639,0
83640,0
83641,0
83642,1
83643,0
83644,0
83645,0
83646,1
83647,0
83648,0
83649,1
83650,0
83651,1
83652,1
83653,1
83654,0
83655,1
83656,0
83657,0
83658,1
83659,0
83660,1
83661,0
83662,0
83663,0
83664,1
83665,1
83666,0
83667,0
83668,0
83669,0
83670,1
83671,1
83672,1
83673,0
83674,1
83675,0
83676,1
83677,0
83678,1
83679,0
83680,0
83681,1
83682,0
83683,1
83684,1
83685,1
83686,0
83687,0
83688,0
83689,0
83690,0
83691,0
83692,0
83693,0
83694,1
83695,0
83696,0
83697,1
83698,0
83699,0
83700,0
83701,0
83702,0
83703,1
83704,1
83705,0
83706,0
83707,0
83708,0
83709,1
83710,1
83711,0
83712,1
83713,0
83714,0
83715,1
83716,1
83717,1
83718,0
83719,0
83720,0
83721,0
83722,0
83723,0
83724,0
83725,1
83726,0
83727,0
83728,0
83729,0
83730,0
83731,0
83732,0
83733,0
83734,0
83735,0
83736,0
83737,1
83738,0
83739,1
83740,1
83741,0
83742,0
83743,0
83744,0
83745,1
83746,0
83747,0
83748,0
83749,0
83750,1
83751,0
83752,0
83753,1
83754,1
83755,0
83756,1
83757,1
83758,1
83759,0
83760,0
83761,0
83762,0
83763,1
83764,1
83765,0
83766,0
83767,0
83768,1
83769,1
83770,1
83771,0
83772,0
83773,1
83774,1
83775,0
83776,1
83777,1
83778,1
83779,1
83780,1
83781,0
83782,0
83783,0
83784,0
83785,0
83786,0
83787,1
83788,0
83789,0
83790,0
83791,1
83792,0
83793,1
83794,0
83795,1
83796,1
83797,0
83798,0
83799,1
83800,1
83801,0
83802,1
83803,0
83804,1
83805,1
83806,0
83807,1
83808,0
83809,0
83810,0
83811,0
83812,1
83813,1
83814,0
83815,0
83816,1
83817,1
83818,0
83819,1
83820,0
83821,1
83822,1
83823,0
83824,0
83825,0
83826,1
83827,0
83828,0
83829,1
83830,0
83831,1
83832,1
83833,0
83834,1
83835,1
83836,0
83837,0
83838,1
83839,1
83840,1
83841,1
83842,0
83843,1
83844,1
83845,0
83846,0
83847,0
83848,0
83849,1
83850,0
83851,0
83852,0
83853,0
83854,1
83855,0
83856,1
83857,0
83858,0
83859,0
83860,0
83861,0
83862,0
83863,0
83864,0
83865,0
83866,1
83867,1
83868,0
83869,1
83870,1
83871,0
83872,1
83873,1
83874,0
83875,0
83876,1
83877,0
83878,0
83879,1
83880,1
83881,1
83882,0
83883,1
83884,1
83885,0
83886,0
83887,0
83888,1
83889,1
83890,1
83891,0
83892,0
83893,0
83894,1
83895,1
83896,0
83897,0
83898,0
83899,1
83900,0
83901,0
83902,1
83903,0
83904,1
83905,0
83906,0
83907,1
83908,0
83909,0
83910,1
83911,1
83912,0
83913,0
83914,1
83915,0
83916,0
83917,0
83918,1
83919,0
83920,0
83921,1
83922,0
83923,0
83924,0
83925,0
83926,0
83927,1
83928,0
83929,1
83930,1
83931,0
83932,0
83933,1
83934,0
83935,1
83936,0
83937,1
83938,1
83939,0
83940,0
83941,0
83942,1
83943,0
83944,0
83945,1
83946,0
83947,0
83948,1
83949,0
83950,0
83951,1
83952,0
83953,1
83954,1
83955,1
83956,1
83957,0
83958,0
83959,0
83960,1
83961,0
83962,0
83963,1
83964,0
83965,1
83966,1
83967,0
83968,0
83969,0
83970,0
83971,1
83972,1
83973,1
83974,1
83975,1
83976,0
83977,1
83978,1
83979,1
83980,0
83981,1
83982,0
83983,1
83984,1
83985,1
83986,0
83987,1
83988,0
83989,1
83990,0
83991,0
83992,1
83993,1
83994,1
83995,0
83996,1
83997,0
83998,1
83999,1
84000,0
84001,1
84002,1
84003,0
84004,1
84005,1
84006,1
84007,0
84008,0
84009,1
84010,0
84011,1
84012,0
84013,0
84014,1
84015,0
84016,1
84017,0
84018,1
84019,0
84020,0
84021,0
84022,0
84023,0
84024,0
84025,0
84026,0
84027,0
84028,1
84029,1
84030,0
84031,1
84032,0
84033,0
84034,0
84035,1
84036,1
84037,0
84038,1
84039,0
84040,0
84041,0
84042,0
84043,0
84044,0
84045,1
84046,0
84047,0
84048,0
84049,0
84050,1
84051,0
84052,0
84053,1
84054,0
84055,1
84056,1
84057,1
84058,0
84059,0
84060,0
84061,1
84062,0
84063,0
84064,0
84065,0
84066,0
84067,1
84068,0
84069,1
84070,0
84071,1
84072,0
84073,1
84074,1
84075,1
84076,0
84077,0
84078,1
84079,0
84080,0
84081,0
84082,0
84083,1
84084,1
84085,1
84086,0
84087,1
84088,1
84089,0
84090,0
84091,0
84092,0
84093,0
84094,0
84095,0
84096,1
84097,0
84098,1
84099,1
84100,0
84101,1
84102,1
84103,1
84104,0
84105,1
84106,0
84107,0
84108,1
84109,0
84110,1
84111,0
84112,0
84113,0
84114,0
84115,1
84116,0
84117,0
84118,1
84119,0
84120,1
84121,0
84122,0
84123,0
84124,1
84125,1
84126,0
84127,1
84128,0
84129,1
84130,0
84131,0
84132,0
84133,0
84134,0
84135,1
84136,1
84137,0
84138,0
84139,1
84140,0
84141,0
84142,0
84143,0
84144,0
84145,0
84146,0
84147,0
84148,1
84149,1
84150,0
84151,0
84152,0
84153,0
84154,1
84155,0
84156,0
84157,0
84158,1
84159,1
84160,0
84161,1
84162,1
84163,0
84164,0
84165,0
84166,0
84167,0
84168,1
84169,0
84170,0
84171,1
84172,1
84173,1
84174,0
84175,0
84176,0
84177,0
84178,0
84179,0
84180,0
84181,1
84182,1
84183,1
84184,0
84185,0
84186,0
84187,0
84188,1
84189,0
84190,1
84191,1
84192,0
84193,0
84194,1
84195,0
84196,0
84197,0
84198,0
84199,1
84200,0
84201,0
84202,1
84203,0
84204,1
84205,1
84206,1
84207,0
84208,0
84209,1
84210,0
84211,0
84212,0
84213,0
84214,1
84215,1
84216,0
84217,0
84218,1
84219,1
84220,0
84221,0
84222,0
84223,0
84224,0
84225,0
84226,1
84227,1
84228,0
84229,1
84230,0
84231,1
84232,0
84233,1
84234,0
84235,1
84236,1
84237,1
84238,0
84239,0
84240,0
84241,0
84242,0
84243,0
84244,0
84245,0
84246,0
84247,1
84248,1
84249,0
84250,0
84251,1
84252,1
84253,1
84254,0
84255,0
84256,0
84257,1
84258,0
84259,1
84260,1
84261,1
84262,1
84263,0
84264,0
84265,0
84266,0
84267,1
84268,0
84269,0
84270,0
84271,0
84272,0
84273,1
84274,0
84275,0
84276,0
84277,0
84278,0
84279,1
84280,0
84281,0
84282,0
84283,1
84284,0
84285,1
84286,0
84287,1
84288,0
84289,1
84290,0
84291,0
84292,0
84293,0
84294,0
84295,1
84296,0
84297,0
84298,0
84299,0
84300,0
84301,0
84302,0
84303,1
84304,0
84305,1
84306,0
84307,1
84308,0
84309,1
84310,0
84311,0
84312,0
84313,0
84314,1
84315,1
84316,0
84317,0
84318,1
84319,0
84320,0
84321,0
84322,0
84323,0
84324,1
84325,0
84326,0
84327,0
84328,0
84329,0
84330,0
84331,1
84332,0
84333,1
84334,1
84335,1
84336,0
84337,1
84338,0
84339,0
84340,0
84341,0
84342,0
84343,0
84344,0
84345,0
84346,1
84347,0
84348,0
84349,1
84350,0
84351,1
84352,0
84353,1
84354,0
84355,1
84356,0
84357,1
84358,1
84359,0
84360,0
84361,0
84362,1
84363,0
84364,0
84365,0
84366,0
84367,0
84368,0
84369,0
84370,0
84371,1
84372,0
84373,0
84374,0
84375,1
84376,0
84377,1
84378,1
84379,1
84380,0
84381,0
84382,0
84383,1
84384,0
84385,1
84386,1
84387,0
84388,1
84389,0
84390,0
84391,1
84392,1
84393,0
84394,0
84395,0
84396,0
84397,0
84398,0
84399,0
84400,0
84401,0
84402,0
84403,1
84404,1
84405,0
84406,0
84407,1
84408,0
84409,0
84410,0
84411,0
84412,0
84413,1
84414,0
84415,1
84416,0
84417,0
84418,0
84419,0
84420,0
84421,1
84422,0
84423,1
84424,0
84425,1
84426,1
84427,1
84428,1
84429,0
84430,0
84431,0
84432,0
84433,1
84434,0
84435,0
84436,0
84437,1
84438,0
84439,0
84440,1
84441,0
84442,0
84443,1
84444,0
84445,1
84446,0
84447,0
84448,0
84449,0
84450,0
84451,1
84452,1
84453,1
84454,0
84455,1
84456,0
84457,0
84458,1
84459,0
84460,0
84461,0
84462,0
84463,0
84464,0
84465,0
84466,0
84467,1
84468,0
84469,0
84470,0
84471,1
84472,0
84473,0
84474,0
84475,0
84476,1
84477,0
84478,0
84479,0
84480,1
84481,0
84482,0
84483,0
84484,1
84485,0
84486,1
84487,0
84488,0
84489,0
84490,1
84491,1
84492,0
84493,0
84494,0
84495,0
84496,1
84497,0
84498,1
84499,0
84500,1
84501,1
84502,1
84503,1
84504,0
84505,1
84506,0
84507,0
84508,0
84509,1
84510,0
84511,0
84512,0
84513,0
84514,1
84515,0
84516,0
84517,0
84518,0
84519,0
84520,1
84521,0
84522,0
84523,1
84524,0
84525,0
84526,1
84527,0
84528,1
84529,0
84530,1
84531,0
84532,0
84533,0
84534,1
84535,0
84536,1
84537,0
84538,0
84539,0
84540,1
84541,0
84542,0
84543,1
84544,1
84545,1
84546,0
84547,0
84548,0
84549,1
84550,0
84551,1
84552,0
84553,1
84554,0
84555,0
84556,1
84557,1
84558,1
84559,0
84560,0
84561,0
84562,1
84563,0
84564,0
84565,0
84566,1
84567,0
84568,0
84569,0
84570,1
84571,0
84572,0
84573,0
84574,1
84575,1
84576,1
84577,1
84578,1
84579,1
84580,1
84581,1
84582,1
84583,0
84584,0
84585,0
84586,1
84587,1
84588,1
84589,1
84590,0
84591,0
84592,0
84593,0
84594,1
84595,1
84596,1
84597,0
84598,1
84599,1
84600,1
84601,0
84602,0
84603,1
84604,1
84605,0
84606,0
84607,0
84608,1
84609,1
84610,0
84611,1
84612,0
84613,1
84614,0
84615,1
84616,0
84617,0
84618,0
84619,0
84620,0
84621,1
84622,0
84623,0
84624,1
84625,0
84626,0
84627,0
84628,1
84629,0
84630,0
84631,0
84632,1
84633,0
84634,0
84635,0
84636,0
84637,0
84638,1
84639,1
84640,0
84641,0
84642,0
84643,0
84644,0
84645,0
84646,0
84647,1
84648,0
84649,0
84650,0
84651,0
84652,0
84653,1
84654,0
84655,0
84656,1
84657,0
84658,0
84659,1
84660,1
84661,1
84662,0
84663,1
84664,0
84665,0
84666,0
84667,0
84668,0
84669,0
84670,0
84671,0
84672,0
84673,0
84674,0
84675,0
84676,0
84677,0
84678,0
84679,1
84680,1
84681,0
84682,1
84683,0
84684,1
84685,1
84686,1
84687,1
84688,1
84689,1
84690,1
84691,0
84692,1
84693,0
84694,0
84695,1
84696,1
84697,0
84698,0
84699,1
84700,0
84701,0
84702,1
84703,0
84704,1
84705,1
84706,1
84707,1
84708,0
84709,1
84710,1
84711,1
84712,0
84713,0
84714,1
84715,1
84716,0
84717,0
84718,0
84719,0
84720,1
84721,1
84722,1
84723,0
84724,0
84725,0
84726,0
84727,1
84728,0
84729,1
84730,0
84731,0
84732,0
84733,0
84734,0
84735,0
84736,0
84737,1
84738,1
84739,0
84740,1
84741,1
84742,0
84743,1
84744,1
84745,0
84746,0
84747,0
84748,1
84749,0
84750,1
84751,1
84752,0
84753,1
84754,1
84755,0
84756,1
84757,1
84758,1
84759,0
84760,1
84761,0
84762,1
84763,0
84764,1
84765,0
84766,0
84767,1
84768,0
84769,1
84770,0
84771,1
84772,0
84773,0
84774,1
84775,0
84776,0
84777,0
84778,0
84779,0
84780,0
84781,1
84782,1
84783,1
84784,0
84785,1
84786,0
84787,0
84788,0
84789,1
84790,1
84791,0
84792,1
84793,1
84794,0
84795,0
84796,0
84797,0
84798,0
84799,0
84800,0
84801,0
84802,0
84803,0
84804,0
84805,0
84806,0
84807,0
84808,1
84809,0
84810,1
84811,0
84812,0
84813,1
84814,0
84815,1
84816,0
84817,1
84818,0
84819,1
84820,0
84821,1
84822,0
84823,0
84824,1
84825,0
84826,0
84827,1
84828,1
84829,0
84830,0
84831,0
84832,0
84833,0
84834,0
84835,0
84836,1
84837,0
84838,1
84839,1
84840,0
84841,1
84842,1
84843,0
84844,0
84845,1
84846,0
84847,0
84848,1
84849,1
84850,0
84851,0
84852,1
84853,1
84854,1
84855,0
84856,0
84857,1
84858,0
84859,0
84860,1
84861,0
84862,0
84863,0
84864,1
84865,0
84866,1
84867,1
84868,1
84869,1
84870,0
84871,0
84872,1
84873,0
84874,0
84875,0
84876,1
84877,0
84878,0
84879,1
84880,0
84881,1
84882,0
84883,1
84884,0
84885,1
84886,1
84887,1
84888,1
84889,0
84890,1
84891,0
84892,0
84893,0
84894,1
84895,1
84896,0
84897,0
84898,1
84899,1
84900,1
84901,1
84902,0
84903,1
84904,0
84905,0
84906,0
84907,0
84908,0
84909,1
84910,1
84911,0
84912,0
84913,1
84914,0
84915,1
84916,0
84917,0
84918,1
84919,1
84920,0
84921,1
84922,1
84923,0
84924,1
84925,0
84926,0
84927,0
84928,0
84929,1
84930,1
84931,0
84932,0
84933,0
84934,0
84935,0
84936,1
84937,1
84938,1
84939,0
84940,0
84941,1
84942,0
84943,0
84944,1
84945,1
84946,0
84947,0
84948,1
84949,1
84950,0
84951,0
84952,1
84953,0
84954,1
84955,0
84956,1
84957,1
84958,0
84959,0
84960,0
84961,1
84962,0
84963,0
84964,0
84965,1
84966,0
84967,0
84968,0
84969,1
84970,0
84971,0
84972,1
84973,0
84974,0
84975,1
84976,1
84977,0
84978,0
84979,0
84980,1
84981,0
84982,1
84983,1
84984,1
84985,0
84986,0
84987,0
84988,1
84989,0
84990,0
84991,1
84992,0
84993,0
84994,0
84995,1
84996,0
84997,0
84998,0
84999,0
85000,0
85001,0
85002,0
85003,0
85004,0
85005,0
85006,0
85007,1
85008,1
85009,1
85010,0
85011,0
85012,0
85013,0
85014,1
85015,0
85016,1
85017,0
85018,0
85019,0
85020,1
85021,0
85022,0
85023,0
85024,0
85025,0
85026,0
85027,1
85028,1
85029,1
85030,0
85031,1
85032,0
85033,0
85034,0
85035,0
85036,0
85037,0
85038,0
85039,0
85040,0
85041,0
85042,0
85043,0
85044,0
85045,0
85046,1
85047,0
85048,0
85049,0
85050,0
85051,1
85052,1
85053,0
85054,0
85055,1
85056,1
85057,0
85058,0
85059,0
85060,0
85061,0
85062,0
85063,0
85064,1
85065,0
85066,0
85067,1
85068,0
85069,0
85070,0
85071,1
85072,0
85073,1
85074,0
85075,0
85076,0
85077,1
85078,0
85079,0
85080,0
85081,1
85082,0
85083,0
85084,0
85085,1
85086,1
85087,0
85088,0
85089,0
85090,1
85091,0
85092,0
85093,1
85094,0
85095,1
85096,1
85097,1
85098,0
85099,0
85100,0
85101,0
85102,1
85103,0
85104,0
85105,0
85106,0
85107,0
85108,0
85109,1
85110,0
85111,0
85112,1
85113,1
85114,1
85115,0
85116,1
85117,1
85118,0
85119,0
85120,0
85121,0
85122,0
85123,1
85124,1
85125,1
85126,0
85127,1
85128,0
85129,1
85130,0
85131,1
85132,1
85133,0
85134,0
85135,1
85136,0
85137,0
85138,1
85139,1
85140,0
85141,1
85142,0
85143,0
85144,1
85145,0
85146,1
85147,0
85148,1
85149,1
85150,0
85151,1
85152,0
85153,0
85154,0
85155,0
85156,1
85157,0
85158,0
85159,0
85160,1
85161,0
85162,0
85163,1
85164,1
85165,0
85166,0
85167,1
85168,0
85169,0
85170,0
85171,0
85172,0
85173,1
85174,0
85175,0
85176,0
85177,1
85178,1
85179,0
85180,0
85181,0
85182,0
85183,0
85184,0
85185,0
85186,0
85187,0
85188,0
85189,0
85190,1
85191,0
85192,1
85193,1
85194,1
85195,1
85196,0
85197,0
85198,1
85199,0
85200,0
85201,1
85202,0
85203,0
85204,0
85205,0
85206,0
85207,0
85208,0
85209,0
85210,0
85211,0
85212,1
85213,0
85214,0
85215,0
85216,0
85217,0
85218,1
85219,1
85220,0
85221,0
85222,0
85223,1
85224,0
85225,1
85226,1
85227,0
85228,1
85229,1
85230,1
85231,0
85232,0
85233,0
85234,0
85235,1
85236,0
85237,1
85238,0
85239,1
85240,0
85241,0
85242,1
85243,0
85244,1
85245,1
85246,0
85247,0
85248,1
85249,1
85250,0
85251,0
85252,0
85253,1
85254,0
85255,0
85256,1
85257,1
85258,0
85259,0
85260,0
85261,0
85262,0
85263,0
85264,0
85265,0
85266,0
85267,0
85268,0
85269,1
85270,0
85271,0
85272,0
85273,0
85274,0
85275,0
85276,0
85277,0
85278,0
85279,0
85280,0
85281,0
85282,0
85283,1
85284,0
85285,0
85286,0
85287,1
85288,1
85289,1
85290,0
85291,1
85292,0
85293,0
85294,1
85295,1
85296,0
85297,0
85298,1
85299,0
85300,1
85301,1
85302,0
85303,0
85304,0
85305,1
85306,1
85307,1
85308,0
85309,0
85310,0
85311,0
85312,1
85313,0
85314,0
85315,1
85316,1
85317,1
85318,1
85319,0
85320,1
85321,1
85322,0
85323,1
85324,1
85325,0
85326,0
85327,0
85328,1
85329,1
85330,0
85331,0
85332,1
85333,1
85334,0
85335,1
85336,0
85337,0
85338,1
85339,0
85340,1
85341,0
85342,1
85343,0
85344,0
85345,0
85346,0
85347,1
85348,0
85349,1
85350,1
85351,0
85352,1
85353,0
85354,0
85355,0
85356,0
85357,0
85358,0
85359,1
85360,0
85361,0
85362,0
85363,0
85364,0
85365,1
85366,1
85367,1
85368,0
85369,0
85370,0
85371,0
85372,0
85373,1
85374,0
85375,0
85376,1
85377,1
85378,0
85379,0
85380,0
85381,0
85382,0
85383,0
85384,0
85385,1
85386,0
85387,1
85388,0
85389,1
85390,0
85391,0
85392,1
85393,0
85394,0
85395,1
85396,0
85397,0
85398,1
85399,1
85400,1
85401,1
85402,0
85403,1
85404,1
85405,0
85406,0
85407,1
85408,0
85409,1
85410,0
85411,0
85412,0
85413,0
85414,1
85415,0
85416,1
85417,0
85418,1
85419,0
85420,1
85421,1
85422,1
85423,0
85424,0
85425,1
85426,0
85427,1
85428,0
85429,0
85430,0
85431,1
85432,1
85433,1
85434,0
85435,1
85436,1
85437,1
85438,1
85439,0
85440,0
85441,0
85442,0
85443,1
85444,0
85445,0
85446,0
85447,1
85448,0
85449,0
85450,0
85451,0
85452,0
85453,0
85454,0
85455,0
85456,0
85457,0
85458,0
85459,0
85460,0
85461,0
85462,1
85463,1
85464,0
85465,1
85466,0
85467,0
85468,0
85469,0
85470,1
85471,0
85472,1
85473,1
85474,0
85475,0
85476,1
85477,0
85478,1
85479,0
85480,0
85481,0
85482,0
85483,0
85484,1
85485,1
85486,1
85487,1
85488,0
85489,1
85490,1
85491,1
85492,0
85493,1
85494,1
85495,0
85496,0
85497,1
85498,0
85499,1
85500,1
85501,0
85502,1
85503,1
85504,0
85505,1
85506,1
85507,1
85508,0
85509,0
85510,0
85511,0
85512,0
85513,0
85514,0
85515,0
85516,0
85517,0
85518,0
85519,0
85520,0
85521,0
85522,0
85523,0
85524,0
85525,0
85526,0
85527,1
85528,0
85529,0
85530,1
85531,1
85532,0
85533,1
85534,0
85535,0
85536,1
85537,1
85538,1
85539,0
85540,1
85541,0
85542,1
85543,0
85544,1
85545,0
85546,1
85547,0
85548,0
85549,1
85550,1
85551,0
85552,1
85553,0
85554,0
85555,1
85556,0
85557,1
85558,0
85559,0
85560,0
85561,0
85562,0
85563,0
85564,0
85565,0
85566,1
85567,1
85568,1
85569,0
85570,0
85571,0
85572,0
85573,1
85574,0
85575,1
85576,0
85577,0
85578,0
85579,0
85580,0
85581,1
85582,0
85583,1
85584,1
85585,1
85586,1
85587,0
85588,0
85589,1
85590,0
85591,0
85592,0
85593,0
85594,0
85595,0
85596,0
85597,1
85598,0
85599,0
85600,1
85601,0
85602,1
85603,0
85604,0
85605,0
85606,0
85607,1
85608,0
85609,0
85610,0
85611,0
85612,0
85613,0
85614,0
85615,0
85616,1
85617,0
85618,0
85619,0
85620,0
85621,0
85622,0
85623,1
85624,0
85625,0
85626,1
85627,1
85628,1
85629,0
85630,1
85631,0
85632,0
85633,0
85634,0
85635,1
85636,1
85637,1
85638,0
85639,1
85640,0
85641,0
85642,1
85643,0
85644,1
85645,1
85646,1
85647,1
85648,1
85649,1
85650,1
85651,1
85652,1
85653,0
85654,1
85655,0
85656,0
85657,0
85658,0
85659,1
85660,0
85661,0
85662,0
85663,0
85664,1
85665,0
85666,1
85667,1
85668,0
85669,0
85670,0
85671,0
85672,0
85673,1
85674,0
85675,1
85676,1
85677,0
85678,0
85679,0
85680,0
85681,1
85682,1
85683,1
85684,0
85685,1
85686,1
85687,0
85688,1
85689,1
85690,0
85691,0
85692,1
85693,1
85694,0
85695,0
85696,0
85697,0
85698,0
85699,1
85700,0
85701,1
85702,0
85703,0
85704,1
85705,1
85706,0
85707,0
85708,1
85709,0
85710,1
85711,0
85712,1
85713,0
85714,0
85715,0
85716,0
85717,0
85718,0
85719,0
85720,1
85721,0
85722,0
85723,1
85724,1
85725,1
85726,0
85727,0
85728,0
85729,0
85730,0
85731,1
85732,1
85733,0
85734,0
85735,0
85736,0
85737,0
85738,1
85739,0
85740,0
85741,0
85742,0
85743,1
85744,1
85745,0
85746,1
85747,0
85748,0
85749,0
85750,1
85751,0
85752,1
85753,1
85754,0
85755,0
85756,0
85757,0
85758,0
85759,0
85760,1
85761,1
85762,0
85763,0
85764,0
85765,0
85766,0
85767,0
85768,0
85769,0
85770,1
85771,0
85772,0
85773,0
85774,0
85775,0
85776,0
85777,0
85778,0
85779,1
85780,0
85781,0
85782,1
85783,0
85784,0
85785,0
85786,1
85787,0
85788,0
85789,0
85790,1
85791,1
85792,0
85793,0
85794,1
85795,0
85796,1
85797,0
85798,0
85799,0
85800,0
85801,0
85802,0
85803,0
85804,0
85805,0
85806,0
85807,0
85808,0
85809,0
85810,0
85811,0
85812,0
85813,0
85814,1
85815,0
85816,1
85817,1
85818,1
85819,0
85820,1
85821,0
85822,1
85823,1
85824,0
85825,0
85826,0
85827,0
85828,0
85829,0
85830,1
85831,0
85832,0
85833,0
85834,1
85835,1
85836,1
85837,1
85838,0
85839,0
85840,0
85841,0
85842,1
85843,0
85844,0
85845,0
85846,0
85847,1
85848,0
85849,0
85850,1
85851,1
85852,1
85853,0
85854,0
85855,0
85856,1
85857,1
85858,1
85859,1
85860,0
85861,1
85862,1
85863,0
85864,1
85865,0
85866,0
85867,0
85868,0
85869,1
85870,0
85871,0
85872,0
85873,0
85874,0
85875,0
85876,1
85877,1
85878,1
85879,0
85880,1
85881,1
85882,0
85883,0
85884,0
85885,0
85886,0
85887,1
85888,0
85889,0
85890,0
85891,0
85892,1
85893,1
85894,1
85895,0
85896,1
85897,0
85898,1
85899,0
85900,1
85901,1
85902,0
85903,0
85904,1
85905,0
85906,0
85907,1
85908,1
85909,1
85910,0
85911,0
85912,1
85913,0
85914,0
85915,1
85916,0
85917,0
85918,0
85919,1
85920,1
85921,1
85922,0
85923,0
85924,0
85925,1
85926,1
85927,1
85928,0
85929,0
85930,0
85931,1
85932,1
85933,0
85934,0
85935,1
85936,0
85937,1
85938,1
85939,0
85940,0
85941,0
85942,1
85943,1
85944,0
85945,1
85946,0
85947,0
85948,0
85949,0
85950,0
85951,1
85952,0
85953,0
85954,0
85955,0
85956,1
85957,0
85958,1
85959,0
85960,0
85961,0
85962,1
85963,0
85964,0
85965,0
85966,1
85967,0
85968,0
85969,0
85970,0
85971,0
85972,1
85973,1
85974,0
85975,0
85976,1
85977,0
85978,0
85979,0
85980,1
85981,1
85982,0
85983,0
85984,0
85985,0
85986,1
85987,0
85988,0
85989,0
85990,0
85991,0
85992,1
85993,0
85994,1
85995,0
85996,1
85997,0
85998,0
85999,0
86000,0
86001,1
86002,1
86003,0
86004,0
86005,0
86006,1
86007,1
86008,0
86009,1
86010,1
86011,0
86012,0
86013,0
86014,0
86015,0
86016,0
86017,1
86018,1
86019,1
86020,1
86021,0
86022,0
86023,0
86024,0
86025,1
86026,1
86027,0
86028,1
86029,0
86030,1
86031,1
86032,0
86033,1
86034,0
86035,0
86036,0
86037,0
86038,1
86039,1
86040,0
86041,1
86042,1
86043,0
86044,0
86045,0
86046,1
86047,1
86048,0
86049,0
86050,0
86051,0
86052,1
86053,1
86054,0
86055,1
86056,0
86057,0
86058,0
86059,1
86060,1
86061,1
86062,1
86063,0
86064,1
86065,0
86066,1
86067,1
86068,0
86069,0
86070,0
86071,0
86072,0
86073,0
86074,0
86075,0
86076,0
86077,0
86078,1
86079,1
86080,0
86081,0
86082,1
86083,1
86084,0
86085,1
86086,1
86087,1
86088,0
86089,0
86090,0
86091,0
86092,0
86093,0
86094,1
86095,0
86096,1
86097,0
86098,0
86099,0
86100,1
86101,0
86102,0
86103,1
86104,1
86105,0
86106,0
86107,1
86108,1
86109,1
86110,1
86111,0
86112,1
86113,0
86114,0
86115,0
86116,0
86117,0
86118,0
86119,0
86120,0
86121,1
86122,0
86123,0
86124,0
86125,0
86126,0
86127,1
86128,0
86129,0
86130,0
86131,1
86132,0
86133,0
86134,0
86135,0
86136,0
86137,1
86138,0
86139,0
86140,1
86141,0
86142,0
86143,1
86144,0
86145,1
86146,0
86147,1
86148,1
86149,0
86150,0
86151,1
86152,1
86153,0
86154,0
86155,0
86156,0
86157,0
86158,1
86159,0
86160,0
86161,0
86162,0
86163,0
86164,0
86165,0
86166,0
86167,1
86168,0
86169,0
86170,1
86171,0
86172,0
86173,1
86174,1
86175,0
86176,0
86177,0
86178,0
86179,1
86180,1
86181,1
86182,0
86183,1
86184,1
86185,1
86186,0
86187,0
86188,0
86189,0
86190,1
86191,1
86192,1
86193,0
86194,0
86195,1
86196,0
86197,1
86198,1
86199,0
86200,0
86201,0
86202,0
86203,0
86204,0
86205,0
86206,0
86207,0
86208,0
86209,0
86210,1
86211,1
86212,1
86213,0
86214,1
86215,0
86216,0
86217,1
86218,0
86219,1
86220,1
86221,0
86222,1
86223,1
86224,0
86225,1
86226,1
86227,1
86228,0
86229,0
86230,1
86231,1
86232,0
86233,1
86234,0
86235,0
86236,0
86237,0
86238,1
86239,1
86240,0
86241,1
86242,0
86243,1
86244,0
86245,0
86246,0
86247,1
86248,0
86249,0
86250,0
86251,1
86252,1
86253,0
86254,1
86255,0
86256,0
86257,0
86258,1
86259,1
86260,0
86261,1
86262,0
86263,1
86264,0
86265,1
86266,0
86267,0
86268,0
86269,0
86270,0
86271,1
86272,0
86273,0
86274,0
86275,0
86276,0
86277,0
86278,1
86279,0
86280,0
86281,1
86282,1
86283,1
86284,0
86285,0
86286,0
86287,1
86288,1
86289,1
86290,0
86291,0
86292,0
86293,1
86294,0
86295,0
86296,0
86297,1
86298,0
86299,0
86300,0
86301,0
86302,1
86303,0
86304,1
86305,0
86306,0
86307,0
86308,0
86309,0
86310,0
86311,0
86312,0
86313,0
86314,1
86315,1
86316,1
86317,1
86318,1
86319,0
86320,0
86321,0
86322,0
86323,0
86324,0
86325,1
86326,0
86327,1
86328,0
86329,0
86330,1
86331,1
86332,1
86333,1
86334,0
86335,0
86336,0
86337,0
86338,0
86339,0
86340,1
86341,0
86342,0
86343,1
86344,0
86345,0
86346,1
86347,0
86348,0
86349,0
86350,0
86351,1
86352,1
86353,1
86354,1
86355,0
86356,0
86357,1
86358,1
86359,0
86360,0
86361,0
86362,0
86363,1
86364,0
86365,1
86366,1
86367,0
86368,0
86369,1
86370,0
86371,1
86372,0
86373,0
86374,0
86375,0
86376,1
86377,0
86378,1
86379,0
86380,0
86381,0
86382,0
86383,1
86384,0
86385,1
86386,0
86387,1
86388,0
86389,1
86390,1
86391,1
86392,0
86393,0
86394,0
86395,0
86396,1
86397,0
86398,0
86399,0
86400,1
86401,1
86402,0
86403,0
86404,0
86405,0
86406,1
86407,0
86408,1
86409,0
86410,0
86411,0
86412,1
86413,1
86414,1
86415,0
86416,0
86417,1
86418,0
86419,1
86420,1
86421,0
86422,0
86423,0
86424,1
86425,0
86426,0
86427,1
86428,0
86429,1
86430,0
86431,0
86432,1
86433,1
86434,0
86435,1
86436,1
86437,1
86438,0
86439,0
86440,0
86441,0
86442,0
86443,0
86444,0
86445,0
86446,0
86447,1
86448,1
86449,0
86450,0
86451,0
86452,0
86453,0
86454,1
86455,1
86456,0
86457,0
86458,0
86459,1
86460,1
86461,1
86462,0
86463,1
86464,0
86465,1
86466,0
86467,0
86468,1
86469,0
86470,0
86471,0
86472,0
86473,0
86474,0
86475,0
86476,0
86477,1
86478,1
86479,0
86480,0
86481,0
86482,0
86483,0
86484,0
86485,0
86486,0
86487,1
86488,0
86489,1
86490,0
86491,0
86492,0
86493,0
86494,0
86495,0
86496,0
86497,0
86498,1
86499,1
86500,1
86501,1
86502,1
86503,0
86504,1
86505,0
86506,0
86507,0
86508,0
86509,1
86510,0
86511,1
86512,0
86513,0
86514,0
86515,0
86516,0
86517,1
86518,0
86519,1
86520,0
86521,1
86522,1
86523,1
86524,0
86525,0
86526,1
86527,0
86528,0
86529,1
86530,0
86531,0
86532,0
86533,1
86534,1
86535,0
86536,1
86537,0
86538,0
86539,1
86540,1
86541,0
86542,0
86543,0
86544,0
86545,1
86546,0
86547,0
86548,0
86549,0
86550,1
86551,1
86552,0
86553,0
86554,0
86555,0
86556,1
86557,0
86558,0
86559,1
86560,0
86561,0
86562,1
86563,1
86564,0
86565,0
86566,0
86567,0
86568,1
86569,0
86570,0
86571,0
86572,0
86573,0
86574,1
86575,0
86576,0
86577,0
86578,0
86579,0
86580,0
86581,1
86582,0
86583,0
86584,0
86585,0
86586,0
86587,0
86588,0
86589,0
86590,0
86591,1
86592,0
86593,1
86594,0
86595,0
86596,0
86597,1
86598,1
86599,1
86600,1
86601,0
86602,0
86603,0
86604,1
86605,0
86606,0
86607,0
86608,1
86609,0
86610,1
86611,0
86612,0
86613,1
86614,1
86615,0
86616,0
86617,0
86618,0
86619,0
86620,0
86621,1
86622,0
86623,0
86624,0
86625,0
86626,1
86627,1
86628,0
86629,0
86630,1
86631,1
86632,1
86633,0
86634,0
86635,0
86636,0
86637,0
86638,0
86639,1
86640,1
86641,1
86642,1
86643,1
86644,0
86645,0
86646,0
86647,0
86648,0
86649,0
86650,0
86651,0
86652,1
86653,1
86654,0
86655,0
86656,1
86657,1
86658,0
86659,1
86660,0
86661,0
86662,0
86663,1
86664,0
86665,0
86666,1
86667,0
86668,1
86669,1
86670,0
86671,1
86672,0
86673,1
86674,1
86675,0
86676,0
86677,0
86678,0
86679,0
86680,0
86681,1
86682,0
86683,0
86684,0
86685,0
86686,0
86687,0
86688,1
86689,1
86690,1
86691,1
86692,1
86693,0
86694,1
86695,0
86696,1
86697,1
86698,0
86699,0
86700,0
86701,1
86702,0
86703,0
86704,0
86705,0
86706,0
86707,0
86708,0
86709,0
86710,1
86711,0
86712,0
86713,0
86714,1
86715,0
86716,0
86717,0
86718,0
86719,1
86720,0
86721,0
86722,0
86723,0
86724,0
86725,0
86726,0
86727,1
86728,0
86729,0
86730,1
86731,1
86732,1
86733,0
86734,0
86735,1
86736,0
86737,0
86738,0
86739,0
86740,0
86741,0
86742,0
86743,0
86744,1
86745,0
86746,0
86747,1
86748,1
86749,0
86750,0
86751,1
86752,0
86753,1
86754,0
86755,0
86756,1
86757,0
86758,1
86759,1
86760,0
86761,1
86762,1
86763,0
86764,0
86765,0
86766,0
86767,0
86768,1
86769,0
86770,0
86771,0
86772,0
86773,0
86774,1
86775,0
86776,0
86777,1
86778,1
86779,0
86780,0
86781,0
86782,0
86783,1
86784,0
86785,0
86786,1
86787,1
86788,0
86789,1
86790,1
86791,1
86792,1
86793,0
86794,0
86795,0
86796,0
86797,0
86798,0
86799,1
86800,1
86801,0
86802,1
86803,1
86804,1
86805,0
86806,1
86807,0
86808,0
86809,0
86810,0
86811,0
86812,0
86813,0
86814,0
86815,0
86816,0
86817,0
86818,1
86819,1
86820,0
86821,1
86822,0
86823,0
86824,0
86825,0
86826,0
86827,0
86828,1
86829,0
86830,1
86831,1
86832,0
86833,0
86834,0
86835,0
86836,0
86837,1
86838,0
86839,0
86840,0
86841,0
86842,0
86843,0
86844,0
86845,0
86846,0
86847,0
86848,0
86849,1
86850,0
86851,1
86852,0
86853,0
86854,1
86855,0
86856,0
86857,0
86858,0
86859,0
86860,0
86861,0
86862,1
86863,0
86864,0
86865,0
86866,0
86867,1
86868,1
86869,0
86870,0
86871,0
86872,0
86873,1
86874,0
86875,1
86876,0
86877,1
86878,0
86879,1
86880,1
86881,1
86882,1
86883,0
86884,1
86885,0
86886,0
86887,0
86888,0
86889,1
86890,0
86891,1
86892,0
86893,1
86894,0
86895,1
86896,0
86897,1
86898,1
86899,0
86900,0
86901,0
86902,0
86903,0
86904,1
86905,0
86906,0
86907,1
86908,0
86909,1
86910,1
86911,0
86912,0
86913,0
86914,0
86915,0
86916,0
86917,1
86918,1
86919,1
86920,1
86921,1
86922,1
86923,0
86924,0
86925,1
86926,0
86927,0
86928,0
86929,1
86930,0
86931,0
86932,1
86933,1
86934,0
86935,1
86936,0
86937,0
86938,1
86939,1
86940,1
86941,1
86942,0
86943,1
86944,1
86945,1
86946,0
86947,0
86948,0
86949,0
86950,1
86951,0
86952,0
86953,0
86954,0
86955,0
86956,0
86957,0
86958,0
86959,0
86960,0
86961,1
86962,0
86963,0
86964,0
86965,1
86966,0
86967,0
86968,0
86969,0
86970,0
86971,1
86972,1
86973,1
86974,1
86975,0
86976,0
86977,0
86978,0
86979,0
86980,1
86981,0
86982,0
86983,1
86984,1
86985,0
86986,1
86987,0
86988,1
86989,0
86990,0
86991,0
86992,0
86993,1
86994,1
86995,1
86996,1
86997,1
86998,1
86999,1
87000,1
87001,1
87002,0
87003,1
87004,0
87005,0
87006,1
87007,1
87008,1
87009,1
87010,1
87011,1
87012,0
87013,0
87014,0
87015,1
87016,0
87017,1
87018,1
87019,0
87020,1
87021,0
87022,0
87023,0
87024,0
87025,1
87026,1
87027,0
87028,0
87029,1
87030,0
87031,1
87032,1
87033,1
87034,1
87035,1
87036,0
87037,0
87038,1
87039,0
87040,1
87041,1
87042,0
87043,0
87044,0
87045,1
87046,0
87047,1
87048,0
87049,0
87050,1
87051,0
87052,0
87053,1
87054,1
87055,0
87056,1
87057,1
87058,1
87059,1
87060,0
87061,1
87062,0
87063,0
87064,1
87065,0
87066,0
87067,0
87068,0
87069,0
87070,0
87071,1
87072,0
87073,0
87074,0
87075,0
87076,0
87077,1
87078,0
87079,1
87080,0
87081,1
87082,0
87083,0
87084,1
87085,0
87086,1
87087,1
87088,1
87089,0
87090,0
87091,1
87092,0
87093,0
87094,1
87095,1
87096,1
87097,1
87098,0
87099,0
87100,0
87101,0
87102,0
87103,0
87104,1
87105,0
87106,0
87107,1
87108,0
87109,0
87110,1
87111,1
87112,0
87113,1
87114,0
87115,1
87116,1
87117,0
87118,1
87119,1
87120,0
87121,0
87122,1
87123,0
87124,1
87125,0
87126,0
87127,0
87128,0
87129,1
87130,0
87131,0
87132,0
87133,1
87134,1
87135,0
87136,1
87137,0
87138,1
87139,1
87140,0
87141,0
87142,0
87143,0
87144,1
87145,1
87146,1
87147,0
87148,0
87149,1
87150,0
87151,0
87152,0
87153,0
87154,0
87155,0
87156,0
87157,0
87158,0
87159,0
87160,1
87161,1
87162,0
87163,1
87164,0
87165,1
87166,0
87167,0
87168,1
87169,0
87170,0
87171,1
87172,0
87173,0
87174,0
87175,1
87176,0
87177,0
87178,0
87179,1
87180,0
87181,1
87182,1
87183,0
87184,0
87185,1
87186,0
87187,0
87188,0
87189,1
87190,0
87191,1
87192,1
87193,0
87194,1
87195,0
87196,0
87197,1
87198,0
87199,0
87200,0
87201,0
87202,1
87203,0
87204,0
87205,1
87206,0
87207,0
87208,0
87209,0
87210,0
87211,0
87212,1
87213,1
87214,1
87215,0
87216,0
87217,0
87218,0
87219,0
87220,1
87221,1
87222,0
87223,0
87224,0
87225,0
87226,0
87227,0
87228,0
87229,1
87230,1
87231,0
87232,0
87233,1
87234,0
87235,0
87236,0
87237,0
87238,0
87239,0
87240,0
87241,1
87242,0
87243,1
87244,0
87245,0
87246,0
87247,0
87248,0
87249,0
87250,0
87251,0
87252,1
87253,1
87254,0
87255,0
87256,1
87257,0
87258,0
87259,1
87260,1
87261,1
87262,0
87263,1
87264,0
87265,0
87266,1
87267,1
87268,1
87269,0
87270,0
87271,0
87272,0
87273,0
87274,0
87275,1
87276,0
87277,0
87278,0
87279,0
87280,0
87281,0
87282,1
87283,1
87284,0
87285,0
87286,1
87287,0
87288,0
87289,0
87290,0
87291,0
87292,1
87293,0
87294,0
87295,1
87296,0
87297,0
87298,0
87299,0
87300,0
87301,0
87302,0
87303,1
87304,0
87305,0
87306,0
87307,1
87308,0
87309,0
87310,0
87311,0
87312,0
87313,1
87314,1
87315,1
87316,1
87317,0
87318,1
87319,0
87320,1
87321,0
87322,1
87323,0
87324,0
87325,0
87326,0
87327,1
87328,0
87329,1
87330,0
87331,0
87332,1
87333,1
87334,1
87335,0
87336,0
87337,0
87338,0
87339,0
87340,1
87341,1
87342,0
87343,0
87344,1
87345,0
87346,0
87347,0
87348,0
87349,1
87350,0
87351,0
87352,1
87353,1
87354,0
87355,0
87356,1
87357,0
87358,0
87359,0
87360,0
87361,1
87362,0
87363,1
87364,0
87365,0
87366,1
87367,0
87368,1
87369,1
87370,1
87371,0
87372,0
87373,0
87374,1
87375,0
87376,0
87377,0
87378,0
87379,0
87380,0
87381,0
87382,0
87383,0
87384,0
87385,1
87386,0
87387,0
87388,1
87389,0
87390,1
87391,1
87392,0
87393,1
87394,0
87395,0
87396,1
87397,0
87398,0
87399,0
87400,0
87401,1
87402,1
87403,0
87404,1
87405,0
87406,1
87407,0
87408,1
87409,0
87410,1
87411,1
87412,0
87413,0
87414,1
87415,1
87416,1
87417,0
87418,0
87419,0
87420,0
87421,0
87422,0
87423,0
87424,1
87425,1
87426,0
87427,1
87428,1
87429,0
87430,0
87431,1
87432,1
87433,0
87434,0
87435,1
87436,0
87437,0
87438,1
87439,0
87440,1
87441,0
87442,0
87443,1
87444,1
87445,0
87446,0
87447,0
87448,0
87449,0
87450,0
87451,1
87452,0
87453,0
87454,0
87455,0
87456,0
87457,0
87458,1
87459,1
87460,1
87461,1
87462,0
87463,1
87464,1
87465,1
87466,1
87467,1
87468,0
87469,0
87470,1
87471,0
87472,1
87473,1
87474,0
87475,1
87476,0
87477,0
87478,1
87479,0
87480,0
87481,0
87482,0
87483,1
87484,1
87485,0
87486,0
87487,1
87488,1
87489,0
87490,0
87491,0
87492,1
87493,1
87494,0
87495,0
87496,1
87497,0
87498,1
87499,1
87500,0
87501,0
87502,0
87503,1
87504,1
87505,1
87506,1
87507,0
87508,0
87509,1
87510,1
87511,0
87512,1
87513,0
87514,0
87515,1
87516,0
87517,0
87518,0
87519,0
87520,1
87521,0
87522,1
87523,0
87524,0
87525,0
87526,0
87527,0
87528,1
87529,1
87530,0
87531,0
87532,0
87533,0
87534,0
87535,0
87536,0
87537,0
87538,1
87539,1
87540,0
87541,0
87542,1
87543,0
87544,1
87545,0
87546,0
87547,0
87548,0
87549,0
87550,0
87551,1
87552,0
87553,0
87554,0
87555,1
87556,0
87557,0
87558,0
87559,0
87560,0
87561,1
87562,1
87563,0
87564,0
87565,0
87566,1
87567,0
87568,0
87569,0
87570,0
87571,0
87572,0
87573,0
87574,0
87575,1
87576,1
87577,1
87578,0
87579,0
87580,1
87581,0
87582,0
87583,0
87584,0
87585,1
87586,0
87587,1
87588,0
87589,0
87590,1
87591,0
87592,1
87593,1
87594,1
87595,1
87596,0
87597,1
87598,0
87599,1
87600,1
87601,1
87602,0
87603,1
87604,0
87605,0
87606,1
87607,1
87608,0
87609,0
87610,0
87611,1
87612,0
87613,0
87614,0
87615,1
87616,1
87617,0
87618,1
87619,1
87620,1
87621,0
87622,1
87623,0
87624,1
87625,0
87626,0
87627,0
87628,1
87629,1
87630,1
87631,0
87632,0
87633,0
87634,1
87635,1
87636,0
87637,1
87638,0
87639,0
87640,1
87641,0
87642,1
87643,0
87644,1
87645,1
87646,0
87647,0
87648,0
87649,1
87650,0
87651,1
87652,0
87653,1
87654,1
87655,1
87656,0
87657,0
87658,0
87659,1
87660,1
87661,1
87662,0
87663,0
87664,1
87665,0
87666,1
87667,0
87668,0
87669,1
87670,0
87671,1
87672,0
87673,1
87674,0
87675,0
87676,0
87677,0
87678,1
87679,0
87680,1
87681,0
87682,1
87683,0
87684,0
87685,0
87686,1
87687,0
87688,0
87689,0
87690,0
87691,0
87692,1
87693,0
87694,0
87695,0
87696,0
87697,1
87698,0
87699,0
87700,0
87701,0
87702,1
87703,0
87704,1
87705,0
87706,0
87707,0
87708,0
87709,0
87710,0
87711,0
87712,0
87713,0
87714,0
87715,1
87716,0
87717,0
87718,0
87719,0
87720,0
87721,0
87722,1
87723,0
87724,0
87725,0
87726,1
87727,0
87728,1
87729,0
87730,0
87731,0
87732,0
87733,1
87734,0
87735,1
87736,0
87737,1
87738,0
87739,0
87740,0
87741,0
87742,1
87743,1
87744,0
87745,0
87746,1
87747,1
87748,1
87749,1
87750,1
87751,0
87752,0
87753,0
87754,0
87755,0
87756,0
87757,1
87758,1
87759,1
87760,1
87761,1
87762,0
87763,1
87764,0
87765,0
87766,1
87767,1
87768,1
87769,1
87770,1
87771,0
87772,1
87773,0
87774,1
87775,0
87776,1
87777,1
87778,0
87779,0
87780,0
87781,1
87782,1
87783,0
87784,0
87785,0
87786,0
87787,0
87788,0
87789,0
87790,1
87791,0
87792,1
87793,0
87794,1
87795,1
87796,0
87797,0
87798,0
87799,0
87800,0
87801,0
87802,0
87803,0
87804,0
87805,0
87806,0
87807,1
87808,0
87809,0
87810,0
87811,0
87812,0
87813,0
87814,0
87815,0
87816,1
87817,0
87818,0
87819,0
87820,0
87821,0
87822,0
87823,0
87824,0
87825,0
87826,1
87827,1
87828,1
87829,0
87830,0
87831,0
87832,0
87833,0
87834,0
87835,1
87836,0
87837,0
87838,1
87839,0
87840,1
87841,0
87842,0
87843,0
87844,0
87845,1
87846,1
87847,0
87848,0
87849,0
87850,0
87851,1
87852,0
87853,1
87854,1
87855,0
87856,0
87857,1
87858,1
87859,1
87860,0
87861,0
87862,1
87863,0
87864,0
87865,0
87866,1
87867,1
87868,0
87869,0
87870,1
87871,1
87872,1
87873,1
87874,0
87875,0
87876,1
87877,0
87878,0
87879,0
87880,1
87881,1
87882,0
87883,1
87884,0
87885,1
87886,0
87887,0
87888,0
87889,1
87890,1
87891,0
87892,1
87893,0
87894,1
87895,0
87896,1
87897,0
87898,0
87899,0
87900,0
87901,0
87902,0
87903,1
87904,1
87905,1
87906,0
87907,1
87908,0
87909,0
87910,0
87911,0
87912,0
87913,1
87914,0
87915,0
87916,1
87917,0
87918,1
87919,1
87920,0
87921,0
87922,0
87923,0
87924,0
87925,0
87926,1
87927,1
87928,1
87929,0
87930,0
87931,1
87932,0
87933,0
87934,0
87935,1
87936,1
87937,0
87938,0
87939,0
87940,1
87941,1
87942,0
87943,0
87944,1
87945,0
87946,0
87947,1
87948,1
87949,0
87950,0
87951,0
87952,0
87953,1
87954,1
87955,0
87956,0
87957,1
87958,0
87959,1
87960,0
87961,1
87962,0
87963,0
87964,0
87965,0
87966,0
87967,1
87968,1
87969,0
87970,0
87971,1
87972,0
87973,0
87974,0
87975,1
87976,0
87977,1
87978,1
87979,1
87980,1
87981,0
87982,1
87983,0
87984,0
87985,0
87986,0
87987,1
87988,1
87989,0
87990,1
87991,0
87992,0
87993,1
87994,0
87995,0
87996,1
87997,0
87998,1
87999,0
88000,0
88001,0
88002,0
88003,0
88004,0
88005,0
88006,1
88007,1
88008,0
88009,0
88010,1
88011,0
88012,0
88013,0
88014,0
88015,0
88016,0
88017,1
88018,0
88019,1
88020,0
88021,0
88022,0
88023,0
88024,1
88025,0
88026,0
88027,1
88028,0
88029,0
88030,0
88031,1
88032,1
88033,0
88034,0
88035,0
88036,0
88037,0
88038,1
88039,1
88040,1
88041,1
88042,0
88043,0
88044,0
88045,0
88046,1
88047,1
88048,1
88049,0
88050,1
88051,1
88052,0
88053,1
88054,0
88055,1
88056,0
88057,0
88058,0
88059,0
88060,0
88061,0
88062,0
88063,0
88064,0
88065,0
88066,1
88067,1
88068,0
88069,0
88070,1
88071,0
88072,0
88073,1
88074,0
88075,0
88076,1
88077,1
88078,0
88079,0
88080,0
88081,1
88082,0
88083,1
88084,0
88085,0
88086,0
88087,1
88088,0
88089,0
88090,1
88091,1
88092,1
88093,1
88094,1
88095,0
88096,0
88097,1
88098,1
88099,0
88100,0
88101,0
88102,0
88103,1
88104,1
88105,0
88106,0
88107,0
88108,1
88109,1
88110,0
88111,0
88112,0
88113,0
88114,1
88115,1
88116,0
88117,1
88118,0
88119,1
88120,1
88121,1
88122,0
88123,1
88124,1
88125,1
88126,1
88127,0
88128,1
88129,1
88130,1
88131,0
88132,1
88133,1
88134,0
88135,0
88136,0
88137,0
88138,1
88139,0
88140,0
88141,1
88142,0
88143,0
88144,0
88145,1
88146,0
88147,0
88148,1
88149,0
88150,1
88151,1
88152,1
88153,0
88154,1
88155,1
88156,0
88157,1
88158,0
88159,0
88160,1
88161,0
88162,1
88163,0
88164,1
88165,1
88166,0
88167,1
88168,0
88169,0
88170,0
88171,0
88172,0
88173,1
88174,1
88175,1
88176,1
88177,0
88178,0
88179,0
88180,0
88181,0
88182,0
88183,1
88184,1
88185,1
88186,1
88187,0
88188,0
88189,0
88190,1
88191,0
88192,1
88193,0
88194,0
88195,0
88196,0
88197,0
88198,1
88199,0
88200,1
88201,0
88202,1
88203,0
88204,0
88205,0
88206,0
88207,0
88208,0
88209,0
88210,0
88211,1
88212,0
88213,0
88214,0
88215,0
88216,0
88217,1
88218,1
88219,1
88220,0
88221,0
88222,0
88223,1
88224,1
88225,0
88226,0
88227,1
88228,1
88229,0
88230,0
88231,0
88232,1
88233,0
88234,0
88235,1
88236,1
88237,0
88238,0
88239,0
88240,0
88241,1
88242,1
88243,1
88244,0
88245,0
88246,1
88247,0
88248,0
88249,0
88250,0
88251,1
88252,1
88253,1
88254,0
88255,1
88256,0
88257,0
88258,1
88259,1
88260,0
88261,0
88262,0
88263,1
88264,1
88265,1
88266,0
88267,1
88268,1
88269,0
88270,0
88271,0
88272,1
88273,0
88274,0
88275,1
88276,0
88277,0
88278,0
88279,1
88280,0
88281,1
88282,1
88283,1
88284,0
88285,0
88286,0
88287,0
88288,0
88289,0
88290,1
88291,0
88292,1
88293,0
88294,0
88295,0
88296,1
88297,0
88298,0
88299,1
88300,0
88301,0
88302,0
88303,1
88304,0
88305,0
88306,0
88307,0
88308,1
88309,1
88310,1
88311,0
88312,0
88313,0
88314,0
88315,0
88316,0
88317,1
88318,0
88319,1
88320,0
88321,1
88322,1
88323,0
88324,1
88325,0
88326,1
88327,1
88328,0
88329,0
88330,0
88331,1
88332,0
88333,0
88334,0
88335,0
88336,0
88337,1
88338,0
88339,0
88340,0
88341,0
88342,0
88343,0
88344,0
88345,0
88346,0
88347,1
88348,0
88349,0
88350,0
88351,0
88352,1
88353,1
88354,1
88355,0
88356,1
88357,1
88358,1
88359,0
88360,0
88361,0
88362,0
88363,1
88364,1
88365,0
88366,1
88367,0
88368,0
88369,0
88370,1
88371,1
88372,0
88373,0
88374,1
88375,1
88376,1
88377,0
88378,1
88379,0
88380,1
88381,0
88382,1
88383,1
88384,0
88385,1
88386,0
88387,1
88388,0
88389,0
88390,0
88391,0
88392,1
88393,0
88394,1
88395,0
88396,1
88397,0
88398,0
88399,1
88400,1
88401,0
88402,0
88403,0
88404,1
88405,0
88406,1
88407,0
88408,0
88409,0
88410,0
88411,1
88412,0
88413,0
88414,1
88415,1
88416,1
88417,1
88418,0
88419,1
88420,1
88421,1
88422,0
88423,1
88424,0
88425,0
88426,1
88427,0
88428,0
88429,1
88430,0
88431,1
88432,0
88433,0
88434,0
88435,0
88436,1
88437,0
88438,0
88439,0
88440,0
88441,0
88442,0
88443,1
88444,0
88445,1
88446,1
88447,0
88448,0
88449,0
88450,0
88451,0
88452,0
88453,0
88454,1
88455,1
88456,0
88457,1
88458,1
88459,0
88460,0
88461,0
88462,1
88463,0
88464,0
88465,0
88466,0
88467,0
88468,1
88469,1
88470,1
88471,1
88472,0
88473,0
88474,1
88475,0
88476,0
88477,0
88478,0
88479,0
88480,0
88481,0
88482,0
88483,1
88484,1
88485,1
88486,0
88487,0
88488,0
88489,0
88490,0
88491,0
88492,0
88493,0
88494,0
88495,1
88496,1
88497,0
88498,0
88499,0
88500,0
88501,1
88502,1
88503,1
88504,0
88505,0
88506,0
88507,0
88508,1
88509,1
88510,1
88511,1
88512,0
88513,0
88514,0
88515,0
88516,1
88517,0
88518,1
88519,0
88520,0
88521,0
88522,1
88523,0
88524,0
88525,0
88526,0
88527,1
88528,0
88529,1
88530,1
88531,1
88532,1
88533,0
88534,1
88535,0
88536,0
88537,0
88538,1
88539,0
88540,1
88541,1
88542,0
88543,0
88544,0
88545,0
88546,0
88547,0
88548,0
88549,1
88550,0
88551,0
88552,1
88553,0
88554,0
88555,0
88556,0
88557,0
88558,0
88559,0
88560,1
88561,0
88562,0
88563,1
88564,1
88565,1
88566,0
88567,0
88568,0
88569,0
88570,1
88571,0
88572,0
88573,1
88574,0
88575,0
88576,0
88577,0
88578,1
88579,1
88580,1
88581,0
88582,1
88583,0
88584,0
88585,1
88586,0
88587,1
88588,0
88589,0
88590,0
88591,0
88592,1
88593,0
88594,0
88595,1
88596,0
88597,0
88598,1
88599,1
88600,1
88601,0
88602,0
88603,0
88604,1
88605,1
88606,0
88607,1
88608,0
88609,0
88610,1
88611,1
88612,1
88613,1
88614,1
88615,1
88616,0
88617,0
88618,0
88619,0
88620,0
88621,1
88622,0
88623,1
88624,0
88625,1
88626,0
88627,0
88628,1
88629,0
88630,1
88631,0
88632,1
88633,1
88634,0
88635,0
88636,1
88637,0
88638,0
88639,1
88640,1
88641,0
88642,1
88643,0
88644,0
88645,0
88646,1
88647,0
88648,0
88649,0
88650,0
88651,0
88652,1
88653,1
88654,0
88655,1
88656,0
88657,1
88658,1
88659,1
88660,0
88661,0
88662,1
88663,0
88664,0
88665,1
88666,0
88667,0
88668,0
88669,0
88670,1
88671,0
88672,1
88673,1
88674,0
88675,0
88676,0
88677,0
88678,1
88679,1
88680,0
88681,0
88682,0
88683,1
88684,0
88685,0
88686,0
88687,0
88688,0
88689,1
88690,0
88691,0
88692,0
88693,0
88694,0
88695,0
88696,1
88697,1
88698,1
88699,0
88700,1
88701,0
88702,1
88703,0
88704,1
88705,0
88706,0
88707,1
88708,0
88709,0
88710,1
88711,0
88712,0
88713,0
88714,0
88715,0
88716,1
88717,0
88718,0
88719,0
88720,0
88721,1
88722,0
88723,0
88724,1
88725,0
88726,1
88727,0
88728,0
88729,0
88730,0
88731,0
88732,0
88733,0
88734,1
88735,1
88736,0
88737,1
88738,0
88739,0
88740,0
88741,1
88742,0
88743,0
88744,0
88745,0
88746,1
88747,0
88748,1
88749,0
88750,0
88751,0
88752,0
88753,1
88754,1
88755,0
88756,0
88757,0
88758,1
88759,0
88760,0
88761,0
88762,0
88763,0
88764,0
88765,0
88766,0
88767,0
88768,1
88769,1
88770,1
88771,1
88772,0
88773,0
88774,1
88775,1
88776,0
88777,0
88778,0
88779,0
88780,0
88781,0
88782,0
88783,1
88784,1
88785,1
88786,0
88787,0
88788,1
88789,0
88790,0
88791,1
88792,0
88793,1
88794,0
88795,1
88796,0
88797,1
88798,1
88799,0
88800,0
88801,0
88802,0
88803,1
88804,1
88805,0
88806,0
88807,0
88808,0
88809,0
88810,1
88811,0
88812,0
88813,0
88814,0
88815,0
88816,1
88817,1
88818,0
88819,0
88820,0
88821,1
88822,0
88823,1
88824,0
88825,0
88826,0
88827,0
88828,1
88829,0
88830,1
88831,0
88832,0
88833,0
88834,0
88835,0
88836,0
88837,0
88838,0
88839,0
88840,1
88841,0
88842,0
88843,0
88844,1
88845,1
88846,0
88847,0
88848,0
88849,1
88850,0
88851,1
88852,0
88853,0
88854,0
88855,0
88856,0
88857,0
88858,1
88859,1
88860,0
88861,1
88862,0
88863,1
88864,1
88865,0
88866,0
88867,0
88868,0
88869,0
88870,1
88871,0
88872,0
88873,1
88874,1
88875,0
88876,0
88877,1
88878,1
88879,1
88880,0
88881,0
88882,0
88883,0
88884,0
88885,0
88886,0
88887,1
88888,0
88889,1
88890,1
88891,0
88892,0
88893,1
88894,1
88895,0
88896,1
88897,0
88898,1
88899,1
88900,0
88901,0
88902,0
88903,1
88904,1
88905,0
88906,0
88907,0
88908,1
88909,1
88910,0
88911,0
88912,0
88913,1
88914,1
88915,1
88916,0
88917,0
88918,0
88919,0
88920,0
88921,0
88922,1
88923,1
88924,0
88925,1
88926,0
88927,1
88928,0
88929,0
88930,0
88931,0
88932,0
88933,1
88934,0
88935,0
88936,0
88937,0
88938,0
88939,0
88940,1
88941,0
88942,1
88943,0
88944,0
88945,0
88946,0
88947,0
88948,0
88949,0
88950,0
88951,0
88952,1
88953,0
88954,0
88955,0
88956,0
88957,1
88958,0
88959,0
88960,0
88961,0
88962,0
88963,1
88964,1
88965,1
88966,1
88967,0
88968,1
88969,0
88970,0
88971,1
88972,1
88973,1
88974,0
88975,1
88976,0
88977,0
88978,1
88979,1
88980,1
88981,1
88982,0
88983,0
88984,0
88985,0
88986,0
88987,0
88988,0
88989,1
88990,0
88991,0
88992,0
88993,1
88994,1
88995,0
88996,1
88997,1
88998,0
88999,0
89000,0
89001,0
89002,1
89003,0
89004,0
89005,0
89006,0
89007,0
89008,0
89009,1
89010,0
89011,0
89012,1
89013,1
89014,0
89015,0
89016,0
89017,0
89018,1
89019,1
89020,0
89021,0
89022,0
89023,0
89024,1
89025,0
89026,0
89027,0
89028,1
89029,0
89030,1
89031,1
89032,0
89033,0
89034,1
89035,1
89036,0
89037,1
89038,0
89039,0
89040,0
89041,0
89042,1
89043,0
89044,0
89045,0
89046,0
89047,0
89048,1
89049,0
89050,1
89051,1
89052,0
89053,1
89054,0
89055,1
89056,1
89057,1
89058,0
89059,0
89060,1
89061,0
89062,1
89063,0
89064,0
89065,0
89066,0
89067,0
89068,1
89069,0
89070,1
89071,1
89072,0
89073,0
89074,1
89075,0
89076,0
89077,0
89078,0
89079,0
89080,1
89081,0
89082,0
89083,1
89084,0
89085,0
89086,0
89087,1
89088,0
89089,0
89090,1
89091,0
89092,0
89093,1
89094,1
89095,0
89096,0
89097,1
89098,0
89099,0
89100,0
89101,0
89102,0
89103,1
89104,1
89105,1
89106,0
89107,1
89108,1
89109,0
89110,0
89111,1
89112,1
89113,0
89114,0
89115,1
89116,1
89117,1
89118,1
89119,0
89120,1
89121,0
89122,1
89123,0
89124,1
89125,0
89126,0
89127,0
89128,1
89129,1
89130,0
89131,0
89132,0
89133,0
89134,0
89135,1
89136,0
89137,0
89138,1
89139,0
89140,0
89141,0
89142,1
89143,0
89144,0
89145,0
89146,0
89147,0
89148,0
89149,0
89150,0
89151,0
89152,0
89153,0
89154,0
89155,0
89156,1
89157,0
89158,0
89159,1
89160,0
89161,0
89162,0
89163,0
89164,1
89165,1
89166,0
89167,1
89168,0
89169,0
89170,0
89171,1
89172,1
89173,0
89174,0
89175,1
89176,0
89177,0
89178,0
89179,0
89180,1
89181,1
89182,1
89183,0
89184,0
89185,1
89186,1
89187,0
89188,0
89189,1
89190,0
89191,0
89192,1
89193,1
89194,0
89195,0
89196,0
89197,0
89198,0
89199,0
89200,0
89201,0
89202,1
89203,0
89204,1
89205,0
89206,0
89207,1
89208,0
89209,1
89210,1
89211,0
89212,0
89213,1
89214,0
89215,0
89216,1
89217,0
89218,0
89219,1
89220,1
89221,0
89222,0
89223,0
89224,1
89225,0
89226,0
89227,1
89228,0
89229,0
89230,1
89231,0
89232,0
89233,1
89234,0
89235,0
89236,0
89237,0
89238,0
89239,0
89240,1
89241,0
89242,0
89243,1
89244,0
89245,0
89246,0
89247,0
89248,0
89249,0
89250,0
89251,1
89252,0
89253,0
89254,0
89255,0
89256,1
89257,0
89258,0
89259,1
89260,1
89261,0
89262,1
89263,0
89264,0
89265,0
89266,0
89267,0
89268,0
89269,0
89270,0
89271,0
89272,1
89273,1
89274,1
89275,0
89276,0
89277,1
89278,1
89279,1
89280,0
89281,0
89282,0
89283,0
89284,0
89285,1
89286,0
89287,1
89288,0
89289,1
89290,1
89291,1
89292,0
89293,0
89294,0
89295,0
89296,1
89297,0
89298,0
89299,0
89300,0
89301,0
89302,1
89303,0
89304,1
89305,1
89306,0
89307,0
89308,1
89309,1
89310,0
89311,0
89312,1
89313,1
89314,1
89315,0
89316,1
89317,1
89318,1
89319,0
89320,1
89321,0
89322,0
89323,0
89324,0
89325,1
89326,0
89327,1
89328,0
89329,1
89330,1
89331,1
89332,0
89333,0
89334,0
89335,1
89336,0
89337,0
89338,0
89339,0
89340,1
89341,0
89342,1
89343,0
89344,0
89345,0
89346,0
89347,0
89348,1
89349,1
89350,1
89351,0
89352,1
89353,1
89354,1
89355,0
89356,0
89357,1
89358,1
89359,0
89360,1
89361,1
89362,1
89363,0
89364,0
89365,0
89366,0
89367,1
89368,1
89369,0
89370,0
89371,0
89372,1
89373,0
89374,0
89375,1
89376,1
89377,1
89378,0
89379,0
89380,0
89381,0
89382,1
89383,1
89384,0
89385,0
89386,0
89387,0
89388,0
89389,0
89390,1
89391,0
89392,1
89393,1
89394,0
89395,1
89396,0
89397,1
89398,0
89399,0
89400,0
89401,0
89402,1
89403,0
89404,0
89405,0
89406,0
89407,0
89408,0
89409,1
89410,0
89411,0
89412,0
89413,1
89414,1
89415,0
89416,0
89417,1
89418,0
89419,0
89420,0
89421,1
89422,0
89423,1
89424,0
89425,1
89426,0
89427,0
89428,0
89429,1
89430,0
89431,0
89432,0
89433,0
89434,0
89435,1
89436,0
89437,0
89438,0
89439,0
89440,0
89441,0
89442,0
89443,0
89444,0
89445,1
89446,0
89447,0
89448,0
89449,1
89450,1
89451,0
89452,0
89453,0
89454,1
89455,0
89456,1
89457,0
89458,0
89459,0
89460,0
89461,1
89462,1
89463,1
89464,1
89465,1
89466,0
89467,1
89468,0
89469,0
89470,1
89471,0
89472,1
89473,0
89474,0
89475,1
89476,0
89477,0
89478,0
89479,0
89480,0
89481,0
89482,0
89483,0
89484,0
89485,1
89486,1
89487,0
89488,0
89489,0
89490,1
89491,0
89492,0
89493,1
89494,1
89495,0
89496,1
89497,1
89498,0
89499,1
89500,1
89501,1
89502,0
89503,0
89504,0
89505,0
89506,0
89507,0
89508,1
89509,0
89510,0
89511,0
89512,0
89513,1
89514,0
89515,1
89516,0
89517,0
89518,0
89519,0
89520,1
89521,1
89522,0
89523,1
89524,0
89525,0
89526,1
89527,0
89528,1
89529,1
89530,0
89531,0
89532,0
89533,1
89534,1
89535,0
89536,0
89537,1
89538,0
89539,0
89540,0
89541,1
89542,0
89543,0
89544,0
89545,1
89546,1
89547,0
89548,0
89549,0
89550,0
89551,1
89552,0
89553,0
89554,0
89555,0
89556,0
89557,0
89558,0
89559,0
89560,1
89561,0
89562,1
89563,1
89564,1
89565,1
89566,1
89567,0
89568,0
89569,0
89570,1
89571,1
89572,1
89573,1
89574,0
89575,0
89576,0
89577,1
89578,0
89579,0
89580,0
89581,0
89582,1
89583,0
89584,1
89585,1
89586,1
89587,0
89588,1
89589,0
89590,0
89591,1
89592,0
89593,0
89594,1
89595,0
89596,1
89597,1
89598,0
89599,0
89600,1
89601,0
89602,0
89603,0
89604,1
89605,0
89606,1
89607,0
89608,0
89609,0
89610,0
89611,1
89612,1
89613,0
89614,0
89615,1
89616,0
89617,0
89618,1
89619,0
89620,1
89621,0
89622,1
89623,1
89624,0
89625,1
89626,0
89627,0
89628,0
89629,0
89630,0
89631,1
89632,0
89633,0
89634,1
89635,0
89636,1
89637,1
89638,0
89639,1
89640,1
89641,1
89642,0
89643,0
89644,0
89645,1
89646,0
89647,1
89648,0
89649,1
89650,0
89651,0
89652,1
89653,0
89654,0
89655,1
89656,0
89657,1
89658,1
89659,0
89660,0
89661,1
89662,0
89663,1
89664,0
89665,0
89666,0
89667,1
89668,0
89669,1
89670,0
89671,1
89672,0
89673,0
89674,0
89675,0
89676,0
89677,1
89678,1
89679,0
89680,0
89681,1
89682,1
89683,1
89684,1
89685,0
89686,1
89687,0
89688,0
89689,0
89690,0
89691,1
89692,0
89693,1
89694,0
89695,1
89696,1
89697,0
89698,1
89699,0
89700,0
89701,0
89702,0
89703,0
89704,0
89705,0
89706,1
89707,1
89708,0
89709,0
89710,0
89711,0
89712,1
89713,0
89714,1
89715,1
89716,1
89717,1
89718,0
89719,0
89720,0
89721,0
89722,0
89723,1
89724,0
89725,0
89726,1
89727,0
89728,1
89729,0
89730,0
89731,0
89732,0
89733,0
89734,0
89735,0
89736,0
89737,0
89738,0
89739,0
89740,1
89741,0
89742,1
89743,0
89744,0
89745,1
89746,0
89747,0
89748,0
89749,0
89750,0
89751,0
89752,1
89753,0
89754,0
89755,0
89756,1
89757,1
89758,0
89759,1
89760,1
89761,0
89762,1
89763,1
89764,0
89765,0
89766,1
89767,0
89768,1
89769,0
89770,0
89771,1
89772,0
89773,0
89774,0
89775,0
89776,1
89777,0
89778,1
89779,0
89780,0
89781,1
89782,0
89783,1
89784,0
89785,1
89786,1
89787,1
89788,0
89789,1
89790,0
89791,0
89792,0
89793,1
89794,0
89795,0
89796,1
89797,0
89798,0
89799,0
89800,0
89801,1
89802,0
89803,1
89804,1
89805,0
89806,0
89807,0
89808,1
89809,0
89810,0
89811,1
89812,0
89813,1
89814,0
89815,0
89816,1
89817,0
89818,1
89819,1
89820,0
89821,1
89822,0
89823,0
89824,0
89825,1
89826,0
89827,1
89828,0
89829,0
89830,1
89831,0
89832,0
89833,1
89834,1
89835,0
89836,0
89837,0
89838,1
89839,0
89840,0
89841,0
89842,0
89843,0
89844,1
89845,0
89846,0
89847,0
89848,1
89849,1
89850,0
89851,0
89852,0
89853,0
89854,0
89855,1
89856,0
89857,0
89858,1
89859,0
89860,0
89861,1
89862,0
89863,0
89864,1
89865,1
89866,1
89867,1
89868,1
89869,1
89870,1
89871,1
89872,0
89873,0
89874,0
89875,0
89876,1
89877,1
89878,0
89879,0
89880,1
89881,1
89882,0
89883,0
89884,0
89885,0
89886,0
89887,1
89888,1
89889,0
89890,0
89891,0
89892,0
89893,0
89894,1
89895,0
89896,0
89897,1
89898,1
89899,0
89900,0
89901,1
89902,0
89903,0
89904,0
89905,0
89906,1
89907,0
89908,0
89909,1
89910,1
89911,1
89912,0
89913,1
89914,1
89915,0
89916,1
89917,1
89918,0
89919,0
89920,0
89921,0
89922,0
89923,0
89924,1
89925,1
89926,0
89927,0
89928,1
89929,0
89930,1
89931,0
89932,1
89933,0
89934,0
89935,1
89936,0
89937,0
89938,0
89939,0
89940,0
89941,0
89942,0
89943,0
89944,0
89945,1
89946,0
89947,0
89948,0
89949,0
89950,1
89951,0
89952,0
89953,1
89954,0
89955,0
89956,0
89957,1
89958,1
89959,1
89960,0
89961,1
89962,1
89963,0
89964,0
89965,0
89966,0
89967,0
89968,1
89969,0
89970,0
89971,1
89972,0
89973,0
89974,1
89975,0
89976,0
89977,0
89978,0
89979,0
89980,1
89981,0
89982,0
89983,0
89984,0
89985,0
89986,0
89987,1
89988,0
89989,0
89990,0
89991,0
89992,1
89993,0
89994,1
89995,0
89996,1
89997,0
89998,0
89999,1
90000,0
90001,1
90002,1
90003,0
90004,0
90005,0
90006,0
90007,0
90008,1
90009,0
90010,1
90011,1
90012,0
90013,0
90014,0
90015,0
90016,0
90017,1
90018,1
90019,0
90020,1
90021,0
90022,0
90023,0
90024,0
90025,0
90026,0
90027,0
90028,1
90029,0
90030,1
90031,0
90032,1
90033,1
90034,0
90035,0
90036,1
90037,1
90038,0
90039,0
90040,1
90041,0
90042,1
90043,0
90044,1
90045,1
90046,0
90047,0
90048,0
90049,0
90050,1
90051,0
90052,1
90053,0
90054,1
90055,0
90056,0
90057,0
90058,0
90059,1
90060,0
90061,1
90062,1
90063,0
90064,0
90065,1
90066,0
90067,0
90068,0
90069,1
90070,0
90071,0
90072,1
90073,1
90074,0
90075,1
90076,0
90077,0
90078,1
90079,0
90080,0
90081,1
90082,0
90083,0
90084,0
90085,1
90086,0
90087,1
90088,1
90089,1
90090,0
90091,1
90092,0
90093,0
90094,1
90095,1
90096,0
90097,0
90098,0
90099,0
90100,1
90101,0
90102,1
90103,1
90104,0
90105,1
90106,1
90107,0
90108,1
90109,0
90110,0
90111,0
90112,1
90113,0
90114,0
90115,0
90116,1
90117,0
90118,0
90119,0
90120,0
90121,1
90122,0
90123,1
90124,0
90125,0
90126,0
90127,1
90128,0
90129,1
90130,0
90131,1
90132,0
90133,0
90134,0
90135,0
90136,0
90137,1
90138,0
90139,0
90140,1
90141,0
90142,0
90143,0
90144,1
90145,0
90146,0
90147,0
90148,1
90149,0
90150,0
90151,0
90152,1
90153,0
90154,0
90155,0
90156,0
90157,0
90158,1
90159,1
90160,0
90161,0
90162,0
90163,0
90164,1
90165,1
90166,1
90167,0
90168,1
90169,0
90170,0
90171,0
90172,0
90173,0
90174,1
90175,1
90176,1
90177,0
90178,1
90179,0
90180,0
90181,1
90182,0
90183,0
90184,0
90185,1
90186,0
90187,1
90188,0
90189,1
90190,1
90191,0
90192,0
90193,0
90194,1
90195,0
90196,0
90197,1
90198,0
90199,0
90200,0
90201,1
90202,0
90203,1
90204,1
90205,1
90206,0
90207,0
90208,1
90209,0
90210,0
90211,0
90212,0
90213,1
90214,0
90215,0
90216,0
90217,1
90218,0
90219,0
90220,0
90221,0
90222,0
90223,0
90224,1
90225,1
90226,0
90227,0
90228,1
90229,0
90230,1
90231,0
90232,0
90233,1
90234,1
90235,0
90236,0
90237,0
90238,0
90239,0
90240,0
90241,0
90242,1
90243,0
90244,1
90245,0
90246,0
90247,1
90248,1
90249,1
90250,0
90251,0
90252,0
90253,0
90254,0
90255,0
90256,0
90257,1
90258,0
90259,0
90260,0
90261,0
90262,1
90263,1
90264,0
90265,0
90266,0
90267,1
90268,1
90269,0
90270,1
90271,1
90272,0
90273,0
90274,1
90275,0
90276,0
90277,0
90278,1
90279,0
90280,1
90281,0
90282,0
90283,1
90284,1
90285,0
90286,1
90287,1
90288,0
90289,0
90290,1
90291,0
90292,0
90293,1
90294,0
90295,1
90296,1
90297,0
90298,0
90299,0
90300,0
90301,0
90302,0
90303,1
90304,0
90305,0
90306,0
90307,0
90308,1
90309,1
90310,1
90311,0
90312,0
90313,0
90314,0
90315,1
90316,0
90317,0
90318,0
90319,0
90320,0
90321,0
90322,1
90323,0
90324,0
90325,1
90326,1
90327,0
90328,1
90329,0
90330,1
90331,1
90332,0
90333,0
90334,1
90335,0
90336,1
90337,0
90338,1
90339,0
90340,0
90341,1
90342,0
90343,0
90344,0
90345,0
90346,0
90347,1
90348,1
90349,1
90350,1
90351,0
90352,0
90353,0
90354,0
90355,0
90356,0
90357,1
90358,1
90359,0
90360,1
90361,1
90362,0
90363,1
90364,0
90365,0
90366,1
90367,0
90368,1
90369,0
90370,0
90371,0
90372,1
90373,0
90374,0
90375,0
90376,0
90377,0
90378,1
90379,0
90380,0
90381,0
90382,1
90383,0
90384,0
90385,0
90386,0
90387,0
90388,0
90389,0
90390,1
90391,1
90392,1
90393,1
90394,1
90395,0
90396,1
90397,0
90398,1
90399,0
90400,1
90401,0
90402,1
90403,1
90404,0
90405,0
90406,1
90407,1
90408,1
90409,1
90410,0
90411,0
90412,0
90413,0
90414,0
90415,1
90416,0
90417,1
90418,0
90419,0
90420,1
90421,0
90422,0
90423,0
90424,0
90425,1
90426,0
90427,1
90428,1
90429,1
90430,1
90431,0
90432,1
90433,0
90434,1
90435,0
90436,1
90437,1
90438,1
90439,1
90440,1
90441,0
90442,0
90443,0
90444,0
90445,0
90446,0
90447,1
90448,1
90449,1
90450,0
90451,0
90452,0
90453,0
90454,1
90455,1
90456,0
90457,1
90458,0
90459,0
90460,1
90461,1
90462,0
90463,0
90464,1
90465,0
90466,1
90467,1
90468,1
90469,1
90470,1
90471,1
90472,0
90473,0
90474,1
90475,1
90476,0
90477,0
90478,1
90479,0
90480,0
90481,0
90482,0
90483,1
90484,0
90485,0
90486,0
90487,0
90488,0
90489,0
90490,1
90491,0
90492,0
90493,1
90494,0
90495,1
90496,0
90497,0
90498,0
90499,0
90500,1
90501,0
90502,1
90503,1
90504,1
90505,1
90506,0
90507,0
90508,0
90509,0
90510,1
90511,0
90512,0
90513,0
90514,0
90515,0
90516,0
90517,1
90518,0
90519,1
90520,1
90521,0
90522,1
90523,1
90524,0
90525,0
90526,0
90527,0
90528,1
90529,1
90530,0
90531,1
90532,1
90533,1
90534,0
90535,0
90536,1
90537,0
90538,0
90539,0
90540,1
90541,0
90542,0
90543,1
90544,1
90545,1
90546,0
90547,1
90548,1
90549,0
90550,1
90551,1
90552,1
90553,1
90554,0
90555,0
90556,0
90557,0
90558,1
90559,0
90560,1
90561,1
90562,1
90563,0
90564,0
90565,0
90566,1
90567,0
90568,1
90569,0
90570,1
90571,1
90572,0
90573,0
90574,0
90575,0
90576,1
90577,0
90578,0
90579,1
90580,1
90581,0
90582,1
90583,0
90584,0
90585,0
90586,1
90587,0
90588,0
90589,0
90590,0
90591,0
90592,0
90593,0
90594,0
90595,0
90596,0
90597,1
90598,0
90599,0
90600,1
90601,0
90602,1
90603,1
90604,1
90605,1
90606,1
90607,0
90608,1
90609,0
90610,1
90611,0
90612,0
90613,0
90614,0
90615,0
90616,1
90617,1
90618,0
90619,1
90620,0
90621,0
90622,0
90623,0
90624,0
90625,1
90626,0
90627,0
90628,0
90629,0
90630,1
90631,0
90632,0
90633,1
90634,0
90635,0
90636,1
90637,0
90638,1
90639,1
90640,0
90641,0
90642,0
90643,1
90644,0
90645,0
90646,0
90647,0
90648,0
90649,0
90650,1
90651,0
90652,1
90653,1
90654,0
90655,1
90656,0
90657,0
90658,0
90659,0
90660,1
90661,0
90662,0
90663,0
90664,0
90665,1
90666,0
90667,0
90668,0
90669,1
90670,0
90671,0
90672,0
90673,0
90674,0
90675,0
90676,1
90677,1
90678,0
90679,0
90680,1
90681,1
90682,0
90683,0
90684,0
90685,0
90686,0
90687,1
90688,0
90689,0
90690,1
90691,1
90692,0
90693,0
90694,1
90695,0
90696,0
90697,0
90698,1
90699,0
90700,1
90701,0
90702,0
90703,0
90704,0
90705,0
90706,0
90707,0
90708,1
90709,1
90710,0
90711,0
90712,0
90713,1
90714,1
90715,0
90716,0
90717,0
90718,1
90719,1
90720,0
90721,0
90722,0
90723,0
90724,0
90725,1
90726,0
90727,0
90728,0
90729,1
90730,1
90731,0
90732,0
90733,1
90734,0
90735,1
90736,0
90737,1
90738,0
90739,0
90740,0
90741,0
90742,0
90743,0
90744,0
90745,0
90746,0
90747,0
90748,1
90749,1
90750,0
90751,0
90752,1
90753,0
90754,0
90755,0
90756,0
90757,1
90758,0
90759,0
90760,0
90761,0
90762,0
90763,1
90764,0
90765,0
90766,1
90767,1
90768,1
90769,0
90770,0
90771,0
90772,1
90773,1
90774,0
90775,0
90776,0
90777,0
90778,1
90779,0
90780,1
90781,1
90782,1
90783,0
90784,1
90785,0
90786,1
90787,0
90788,0
90789,0
90790,0
90791,1
90792,0
90793,0
90794,1
90795,0
90796,0
90797,1
90798,0
90799,1
90800,1
90801,0
90802,0
90803,1
90804,1
90805,1
90806,0
90807,1
90808,0
90809,0
90810,0
90811,0
90812,1
90813,1
90814,0
90815,0
90816,0
90817,0
90818,1
90819,0
90820,0
90821,0
90822,0
90823,0
90824,0
90825,0
90826,1
90827,0
90828,0
90829,1
90830,0
90831,1
90832,0
90833,0
90834,0
90835,0
90836,1
90837,0
90838,1
90839,1
90840,0
90841,0
90842,1
90843,1
90844,0
90845,0
90846,0
90847,0
90848,1
90849,0
90850,0
90851,0
90852,1
90853,1
90854,0
90855,0
90856,0
90857,0
90858,1
90859,1
90860,0
90861,0
90862,0
90863,1
90864,0
90865,0
90866,1
90867,1
90868,1
90869,0
90870,0
90871,0
90872,0
90873,1
90874,0
90875,1
90876,0
90877,1
90878,0
90879,0
90880,1
90881,0
90882,0
90883,0
90884,0
90885,1
90886,0
90887,1
90888,0
90889,0
90890,0
90891,1
90892,0
90893,1
90894,1
90895,0
90896,0
90897,0
90898,0
90899,0
90900,0
90901,1
90902,0
90903,1
90904,1
90905,0
90906,0
90907,1
90908,0
90909,1
90910,0
90911,0
90912,1
90913,0
90914,1
90915,0
90916,1
90917,1
90918,1
90919,0
90920,1
90921,0
90922,0
90923,0
90924,0
90925,0
90926,0
90927,1
90928,1
90929,0
90930,1
90931,0
90932,0
90933,0
90934,0
90935,0
90936,0
90937,0
90938,1
90939,1
90940,1
90941,1
90942,1
90943,1
90944,0
90945,0
90946,0
90947,0
90948,1
90949,1
90950,0
90951,0
90952,0
90953,0
90954,1
90955,0
90956,0
90957,0
90958,1
90959,1
90960,1
90961,0
90962,0
90963,1
90964,0
90965,0
90966,1
90967,1
90968,0
90969,0
90970,0
90971,0
90972,0
90973,0
90974,0
90975,0
90976,0
90977,1
90978,1
90979,1
90980,1
90981,0
90982,1
90983,1
90984,1
90985,1
90986,0
90987,1
90988,1
90989,0
90990,0
90991,1
90992,0
90993,1
90994,0
90995,1
90996,0
90997,1
90998,1
90999,0
91000,0
91001,1
91002,0
91003,0
91004,1
91005,0
91006,1
91007,0
91008,0
91009,0
91010,0
91011,1
91012,1
91013,0
91014,0
91015,0
91016,1
91017,0
91018,0
91019,0
91020,0
91021,0
91022,0
91023,0
91024,1
91025,1
91026,1
91027,1
91028,0
91029,0
91030,1
91031,0
91032,1
91033,0
91034,1
91035,0
91036,1
91037,0
91038,1
91039,1
91040,1
91041,0
91042,1
91043,0
91044,0
91045,0
91046,0
91047,1
91048,0
91049,0
91050,1
91051,1
91052,1
91053,0
91054,1
91055,0
91056,1
91057,0
91058,0
91059,0
91060,0
91061,0
91062,0
91063,0
91064,1
91065,0
91066,1
91067,0
91068,0
91069,0
91070,0
91071,0
91072,1
91073,0
91074,1
91075,0
91076,1
91077,0
91078,1
91079,0
91080,1
91081,0
91082,0
91083,1
91084,0
91085,1
91086,0
91087,1
91088,0
91089,1
91090,0
91091,0
91092,1
91093,0
91094,0
91095,1
91096,0
91097,0
91098,0
91099,0
91100,0
91101,0
91102,0
91103,1
91104,0
91105,0
91106,0
91107,1
91108,0
91109,1
91110,0
91111,1
91112,1
91113,0
91114,0
91115,0
91116,1
91117,1
91118,1
91119,1
91120,0
91121,0
91122,1
91123,0
91124,0
91125,1
91126,0
91127,1
91128,0
91129,0
91130,1
91131,0
91132,0
91133,1
91134,0
91135,0
91136,0
91137,1
91138,1
91139,0
91140,0
91141,0
91142,0
91143,0
91144,0
91145,1
91146,1
91147,0
91148,0
91149,0
91150,0
91151,0
91152,1
91153,0
91154,0
91155,0
91156,0
91157,0
91158,1
91159,0
91160,0
91161,1
91162,0
91163,1
91164,0
91165,1
91166,0
91167,1
91168,0
91169,0
91170,0
91171,0
91172,1
91173,0
91174,1
91175,0
91176,0
91177,0
91178,1
91179,1
91180,1
91181,0
91182,0
91183,1
91184,1
91185,0
91186,0
91187,1
91188,0
91189,1
91190,1
91191,0
91192,1
91193,1
91194,1
91195,0
91196,0
91197,1
91198,0
91199,1
91200,1
91201,1
91202,1
91203,1
91204,1
91205,0
91206,0
91207,0
91208,1
91209,1
91210,0
91211,0
91212,1
91213,0
91214,1
91215,1
91216,0
91217,1
91218,1
91219,1
91220,1
91221,1
91222,0
91223,0
91224,0
91225,1
91226,1
91227,1
91228,1
91229,0
91230,0
91231,0
91232,0
91233,0
91234,1
91235,0
91236,1
91237,1
91238,0
91239,1
91240,0
91241,0
91242,0
91243,0
91244,1
91245,1
91246,0
91247,0
91248,0
91249,0
91250,1
91251,0
91252,1
91253,0
91254,0
91255,0
91256,0
91257,0
91258,1
91259,0
91260,0
91261,1
91262,0
91263,0
91264,0
91265,0
91266,1
91267,0
91268,0
91269,1
91270,0
91271,1
91272,0
91273,0
91274,0
91275,0
91276,1
91277,0
91278,0
91279,0
91280,0
91281,1
91282,1
91283,1
91284,1
91285,0
91286,0
91287,0
91288,0
91289,0
91290,0
91291,0
91292,0
91293,1
91294,0
91295,0
91296,1
91297,1
91298,0
91299,1
91300,0
91301,0
91302,1
91303,1
91304,0
91305,1
91306,0
91307,0
91308,0
91309,0
91310,0
91311,0
91312,1
91313,0
91314,0
91315,0
91316,0
91317,0
91318,0
91319,0
91320,1
91321,0
91322,0
91323,0
91324,1
91325,1
91326,0
91327,1
91328,0
91329,0
91330,1
91331,0
91332,0
91333,0
91334,0
91335,0
91336,0
91337,0
91338,0
91339,0
91340,0
91341,0
91342,0
91343,0
91344,1
91345,0
91346,1
91347,0
91348,0
91349,0
91350,1
91351,1
91352,1
91353,0
91354,1
91355,0
91356,1
91357,1
91358,1
91359,1
91360,0
91361,1
91362,1
91363,1
91364,1
91365,1
91366,1
91367,0
91368,1
91369,0
91370,0
91371,0
91372,0
91373,0
91374,0
91375,0
91376,0
91377,0
91378,0
91379,1
91380,1
91381,1
91382,0
91383,0
91384,1
91385,0
91386,0
91387,0
91388,1
91389,0
91390,0
91391,1
91392,0
91393,0
91394,0
91395,0
91396,1
91397,1
91398,1
91399,0
91400,0
91401,0
91402,0
91403,0
91404,0
91405,0
91406,0
91407,0
91408,0
91409,1
91410,1
91411,1
91412,0
91413,1
91414,0
91415,0
91416,1
91417,0
91418,1
91419,1
91420,1
91421,0
91422,1
91423,0
91424,0
91425,0
91426,0
91427,0
91428,1
91429,1
91430,1
91431,0
91432,1
91433,1
91434,1
91435,0
91436,1
91437,0
91438,0
91439,1
91440,1
91441,1
91442,0
91443,0
91444,1
91445,0
91446,0
91447,1
91448,0
91449,1
91450,0
91451,0
91452,0
91453,1
91454,0
91455,0
91456,0
91457,0
91458,1
91459,1
91460,1
91461,0
91462,0
91463,1
91464,0
91465,0
91466,0
91467,1
91468,0
91469,0
91470,1
91471,0
91472,1
91473,0
91474,0
91475,0
91476,0
91477,1
91478,1
91479,1
91480,0
91481,0
91482,0
91483,0
91484,1
91485,0
91486,1
91487,0
91488,0
91489,1
91490,1
91491,1
91492,0
91493,0
91494,0
91495,1
91496,1
91497,0
91498,0
91499,0
91500,1
91501,0
91502,1
91503,1
91504,0
91505,1
91506,0
91507,1
91508,1
91509,1
91510,0
91511,0
91512,1
91513,0
91514,1
91515,0
91516,0
91517,0
91518,1
91519,0
91520,0
91521,0
91522,1
91523,1
91524,0
91525,0
91526,0
91527,0
91528,1
91529,0
91530,0
91531,1
91532,0
91533,0
91534,0
91535,0
91536,0
91537,1
91538,1
91539,1
91540,0
91541,1
91542,1
91543,0
91544,1
91545,0
91546,0
91547,1
91548,0
91549,1
91550,1
91551,0
91552,0
91553,0
91554,0
91555,1
91556,0
91557,0
91558,1
91559,0
91560,0
91561,0
91562,0
91563,0
91564,0
91565,0
91566,0
91567,1
91568,1
91569,0
91570,1
91571,0
91572,1
91573,0
91574,0
91575,1
91576,0
91577,0
91578,0
91579,0
91580,1
91581,0
91582,0
91583,1
91584,0
91585,0
91586,1
91587,0
91588,1
91589,1
91590,0
91591,0
91592,1
91593,1
91594,0
91595,0
91596,1
91597,1
91598,1
91599,0
91600,1
91601,0
91602,0
91603,0
91604,0
91605,0
91606,0
91607,0
91608,1
91609,1
91610,0
91611,0
91612,0
91613,1
91614,0
91615,1
91616,0
91617,1
91618,0
91619,0
91620,0
91621,0
91622,0
91623,1
91624,0
91625,0
91626,1
91627,0
91628,0
91629,1
91630,0
91631,1
91632,1
91633,0
91634,1
91635,1
91636,0
91637,0
91638,1
91639,0
91640,1
91641,0
91642,0
91643,1
91644,0
91645,0
91646,1
91647,1
91648,1
91649,0
91650,0
91651,0
91652,1
91653,1
91654,1
91655,0
91656,0
91657,1
91658,0
91659,1
91660,0
91661,0
91662,0
91663,0
91664,0
91665,0
91666,1
91667,1
91668,0
91669,0
91670,1
91671,1
91672,0
91673,0
91674,1
91675,0
91676,0
91677,0
91678,0
91679,0
91680,0
91681,0
91682,1
91683,0
91684,1
91685,0
91686,1
91687,1
91688,0
91689,0
91690,0
91691,0
91692,1
91693,0
91694,1
91695,1
91696,0
91697,0
91698,0
91699,1
91700,1
91701,1
91702,1
91703,0
91704,1
91705,0
91706,0
91707,1
91708,0
91709,0
91710,0
91711,0
91712,0
91713,0
91714,0
91715,0
91716,1
91717,1
91718,0
91719,1
91720,0
91721,0
91722,0
91723,0
91724,0
91725,0
91726,0
91727,0
91728,0
91729,1
91730,1
91731,0
91732,0
91733,0
91734,0
91735,1
91736,1
91737,0
91738,0
91739,0
91740,0
91741,1
91742,1
91743,0
91744,1
91745,0
91746,0
91747,1
91748,0
91749,0
91750,1
91751,0
91752,1
91753,0
91754,0
91755,1
91756,0
91757,1
91758,0
91759,0
91760,0
91761,0
91762,0
91763,0
91764,0
91765,0
91766,0
91767,0
91768,0
91769,0
91770,1
91771,0
91772,0
91773,0
91774,1
91775,0
91776,0
91777,0
91778,0
91779,0
91780,0
91781,0
91782,0
91783,0
91784,1
91785,1
91786,0
91787,1
91788,0
91789,1
91790,0
91791,0
91792,1
91793,1
91794,1
91795,1
91796,0
91797,0
91798,0
91799,1
91800,0
91801,1
91802,0
91803,1
91804,1
91805,0
91806,0
91807,0
91808,1
91809,0
91810,0
91811,0
91812,1
91813,1
91814,0
91815,0
91816,0
91817,1
91818,0
91819,0
91820,1
91821,0
91822,0
91823,0
91824,0
91825,1
91826,1
91827,1
91828,1
91829,0
91830,0
91831,1
91832,0
91833,0
91834,0
91835,0
91836,1
91837,1
91838,0
91839,1
91840,0
91841,0
91842,0
91843,1
91844,1
91845,0
91846,0
91847,0
91848,0
91849,0
91850,0
91851,0
91852,0
91853,1
91854,0
91855,1
91856,0
91857,0
91858,0
91859,1
91860,1
91861,1
91862,1
91863,0
91864,1
91865,0
91866,1
91867,0
91868,0
91869,1
91870,0
91871,0
91872,0
91873,0
91874,1
91875,1
91876,0
91877,0
91878,1
91879,1
91880,0
91881,0
91882,0
91883,0
91884,0
91885,0
91886,1
91887,0
91888,0
91889,0
91890,0
91891,0
91892,0
91893,1
91894,0
91895,1
91896,0
91897,0
91898,0
91899,0
91900,1
91901,1
91902,1
91903,0
91904,1
91905,1
91906,1
91907,1
91908,0
91909,0
91910,0
91911,1
91912,0
91913,1
91914,0
91915,0
91916,1
91917,0
91918,0
91919,0
91920,0
91921,0
91922,0
91923,0
91924,0
91925,0
91926,0
91927,0
91928,0
91929,0
91930,1
91931,0
91932,1
91933,0
91934,1
91935,0
91936,1
91937,1
91938,0
91939,0
91940,1
91941,1
91942,0
91943,1
91944,1
91945,1
91946,0
91947,1
91948,1
91949,1
91950,0
91951,0
91952,0
91953,1
91954,1
91955,1
91956,1
91957,0
91958,0
91959,0
91960,0
91961,0
91962,1
91963,0
91964,0
91965,0
91966,0
91967,0
91968,0
91969,1
91970,0
91971,0
91972,0
91973,1
91974,1
91975,0
91976,0
91977,0
91978,0
91979,0
91980,0
91981,1
91982,1
91983,0
91984,1
91985,0
91986,1
91987,0
91988,1
91989,0
91990,0
91991,0
91992,0
91993,1
91994,0
91995,0
91996,0
91997,0
91998,1
91999,0
92000,1
92001,1
92002,0
92003,0
92004,0
92005,1
92006,0
92007,0
92008,0
92009,0
92010,0
92011,1
92012,0
92013,1
92014,0
92015,1
92016,1
92017,1
92018,1
92019,1
92020,1
92021,0
92022,0
92023,0
92024,1
92025,0
92026,1
92027,1
92028,1
92029,0
92030,1
92031,0
92032,1
92033,0
92034,0
92035,0
92036,1
92037,0
92038,0
92039,1
92040,1
92041,1
92042,1
92043,1
92044,1
92045,1
92046,1
92047,0
92048,0
92049,1
92050,0
92051,1
92052,0
92053,1
92054,1
92055,1
92056,1
92057,1
92058,0
92059,0
92060,0
92061,0
92062,0
92063,0
92064,0
92065,0
92066,0
92067,0
92068,0
92069,0
92070,1
92071,1
92072,0
92073,0
92074,0
92075,1
92076,0
92077,1
92078,0
92079,0
92080,1
92081,0
92082,0
92083,0
92084,0
92085,0
92086,1
92087,0
92088,0
92089,1
92090,1
92091,1
92092,0
92093,0
92094,0
92095,0
92096,1
92097,1
92098,0
92099,1
92100,0
92101,0
92102,0
92103,0
92104,0
92105,1
92106,0
92107,1
92108,1
92109,1
92110,0
92111,1
92112,0
92113,0
92114,1
92115,1
92116,0
92117,0
92118,1
92119,0
92120,1
92121,1
92122,0
92123,0
92124,0
92125,1
92126,0
92127,0
92128,0
92129,0
92130,0
92131,1
92132,1
92133,0
92134,1
92135,1
92136,0
92137,0
92138,0
92139,1
92140,1
92141,0
92142,0
92143,0
92144,0
92145,1
92146,0
92147,0
92148,0
92149,1
92150,0
92151,1
92152,1
92153,0
92154,1
92155,1
92156,1
92157,0
92158,0
92159,1
92160,1
92161,0
92162,1
92163,1
92164,1
92165,0
92166,1
92167,1
92168,0
92169,0
92170,1
92171,1
92172,1
92173,0
92174,1
92175,0
92176,1
92177,0
92178,0
92179,0
92180,0
92181,1
92182,0
92183,0
92184,0
92185,1
92186,1
92187,0
92188,1
92189,1
92190,0
92191,1
92192,0
92193,0
92194,0
92195,0
92196,1
92197,0
92198,0
92199,1
92200,1
92201,0
92202,1
92203,0
92204,0
92205,1
92206,1
92207,0
92208,0
92209,1
92210,0
92211,0
92212,0
92213,1
92214,0
92215,0
92216,1
92217,0
92218,0
92219,1
92220,0
92221,0
92222,1
92223,0
92224,0
92225,0
92226,1
92227,1
92228,0
92229,1
92230,1
92231,0
92232,0
92233,0
92234,1
92235,1
92236,0
92237,0
92238,0
92239,0
92240,1
92241,0
92242,0
92243,0
92244,0
92245,0
92246,1
92247,0
92248,1
92249,0
92250,1
92251,0
92252,1
92253,0
92254,0
92255,0
92256,1
92257,0
92258,1
92259,1
92260,0
92261,1
92262,0
92263,0
92264,0
92265,0
92266,0
92267,0
92268,0
92269,0
92270,0
92271,0
92272,1
92273,1
92274,0
92275,0
92276,1
92277,0
92278,0
92279,0
92280,0
92281,1
92282,1
92283,0
92284,0
92285,0
92286,1
92287,1
92288,0
92289,0
92290,0
92291,0
92292,0
92293,0
92294,0
92295,1
92296,0
92297,1
92298,0
92299,0
92300,1
92301,0
92302,0
92303,0
92304,1
92305,0
92306,0
92307,0
92308,0
92309,0
92310,0
92311,0
92312,0
92313,0
92314,0
92315,0
92316,0
92317,1
92318,0
92319,1
92320,0
92321,0
92322,1
92323,0
92324,0
92325,1
92326,0
92327,0
92328,1
92329,0
92330,1
92331,1
92332,0
92333,1
92334,0
92335,0
92336,1
92337,0
92338,0
92339,0
92340,1
92341,0
92342,1
92343,0
92344,1
92345,0
92346,0
92347,0
92348,1
92349,0
92350,0
92351,0
92352,1
92353,0
92354,0
92355,0
92356,1
92357,1
92358,1
92359,0
92360,1
92361,0
92362,1
92363,0
92364,1
92365,0
92366,1
92367,0
92368,0
92369,0
92370,0
92371,0
92372,0
92373,0
92374,0
92375,1
92376,0
92377,0
92378,1
92379,1
92380,1
92381,0
92382,0
92383,1
92384,0
92385,0
92386,0
92387,1
92388,0
92389,0
92390,0
92391,0
92392,0
92393,0
92394,0
92395,1
92396,0
92397,1
92398,0
92399,1
92400,0
92401,1
92402,0
92403,1
92404,0
92405,0
92406,0
92407,0
92408,0
92409,0
92410,0
92411,1
92412,0
92413,0
92414,0
92415,0
92416,0
92417,1
92418,1
92419,1
92420,0
92421,1
92422,0
92423,0
92424,0
92425,0
92426,0
92427,0
92428,0
92429,1
92430,0
92431,0
92432,0
92433,1
92434,1
92435,0
92436,1
92437,0
92438,1
92439,0
92440,0
92441,0
92442,1
92443,0
92444,0
92445,1
92446,0
92447,0
92448,0
92449,0
92450,0
92451,1
92452,0
92453,0
92454,1
92455,0
92456,1
92457,0
92458,0
92459,0
92460,0
92461,0
92462,0
92463,0
92464,0
92465,0
92466,0
92467,0
92468,0
92469,0
92470,0
92471,0
92472,0
92473,1
92474,0
92475,0
92476,1
92477,0
92478,0
92479,1
92480,0
92481,1
92482,0
92483,0
92484,0
92485,1
92486,1
92487,0
92488,1
92489,0
92490,0
92491,1
92492,0
92493,0
92494,1
92495,0
92496,1
92497,0
92498,0
92499,0
92500,1
92501,1
92502,1
92503,0
92504,0
92505,1
92506,0
92507,1
92508,0
92509,0
92510,0
92511,0
92512,0
92513,1
92514,1
92515,1
92516,0
92517,0
92518,0
92519,1
92520,0
92521,0
92522,1
92523,0
92524,0
92525,1
92526,0
92527,1
92528,0
92529,1
92530,1
92531,0
92532,1
92533,0
92534,1
92535,1
92536,0
92537,1
92538,0
92539,0
92540,0
92541,0
92542,1
92543,0
92544,1
92545,0
92546,0
92547,0
92548,0
92549,1
92550,1
92551,1
92552,1
92553,0
92554,1
92555,0
92556,1
92557,0
92558,1
92559,1
92560,0
92561,1
92562,0
92563,1
92564,1
92565,1
92566,0
92567,1
92568,0
92569,1
92570,0
92571,1
92572,0
92573,0
92574,0
92575,0
92576,0
92577,0
92578,0
92579,0
92580,0
92581,1
92582,1
92583,0
92584,0
92585,1
92586,1
92587,0
92588,0
92589,0
92590,0
92591,1
92592,0
92593,0
92594,1
92595,1
92596,1
92597,0
92598,0
92599,1
92600,0
92601,0
92602,0
92603,0
92604,0
92605,1
92606,0
92607,0
92608,0
92609,1
92610,1
92611,1
92612,0
92613,0
92614,0
92615,0
92616,0
92617,1
92618,1
92619,1
92620,0
92621,0
92622,0
92623,0
92624,0
92625,0
92626,1
92627,0
92628,0
92629,0
92630,0
92631,0
92632,0
92633,0
92634,0
92635,1
92636,1
92637,1
92638,1
92639,0
92640,0
92641,1
92642,0
92643,0
92644,0
92645,1
92646,0
92647,0
92648,0
92649,1
92650,0
92651,0
92652,1
92653,0
92654,0
92655,0
92656,0
92657,0
92658,1
92659,0
92660,0
92661,1
92662,1
92663,1
92664,0
92665,0
92666,0
92667,0
92668,0
92669,0
92670,0
92671,0
92672,1
92673,1
92674,1
92675,0
92676,1
92677,0
92678,0
92679,1
92680,0
92681,1
92682,0
92683,1
92684,0
92685,0
92686,0
92687,1
92688,1
92689,0
92690,0
92691,0
92692,1
92693,1
92694,0
92695,1
92696,0
92697,0
92698,0
92699,1
92700,0
92701,0
92702,1
92703,0
92704,1
92705,1
92706,0
92707,0
92708,1
92709,1
92710,0
92711,1
92712,1
92713,0
92714,1
92715,0
92716,1
92717,0
92718,0
92719,1
92720,1
92721,0
92722,0
92723,0
92724,0
92725,0
92726,1
92727,1
92728,1
92729,0
92730,0
92731,0
92732,0
92733,1
92734,1
92735,0
92736,0
92737,0
92738,1
92739,0
92740,0
92741,0
92742,0
92743,0
92744,0
92745,0
92746,1
92747,0
92748,0
92749,1
92750,0
92751,1
92752,1
92753,0
92754,0
92755,0
92756,0
92757,0
92758,0
92759,0
92760,0
92761,0
92762,0
92763,1
92764,0
92765,0
92766,1
92767,1
92768,0
92769,0
92770,1
92771,1
92772,0
92773,0
92774,0
92775,0
92776,0
92777,1
92778,0
92779,0
92780,1
92781,1
92782,0
92783,0
92784,0
92785,1
92786,0
92787,0
92788,1
92789,1
92790,0
92791,0
92792,1
92793,0
92794,1
92795,1
92796,0
92797,0
92798,0
92799,0
92800,1
92801,0
92802,0
92803,0
92804,1
92805,0
92806,0
92807,1
92808,0
92809,0
92810,1
92811,0
92812,0
92813,0
92814,1
92815,1
92816,1
92817,1
92818,0
92819,0
92820,0
92821,0
92822,1
92823,0
92824,0
92825,1
92826,1
92827,1
92828,0
92829,0
92830,0
92831,0
92832,1
92833,0
92834,1
92835,0
92836,0
92837,0
92838,1
92839,0
92840,1
92841,0
92842,1
92843,1
92844,1
92845,1
92846,1
92847,0
92848,1
92849,0
92850,0
92851,0
92852,1
92853,1
92854,0
92855,0
92856,0
92857,0
92858,1
92859,1
92860,0
92861,0
92862,1
92863,1
92864,0
92865,0
92866,1
92867,1
92868,1
92869,0
92870,0
92871,0
92872,1
92873,0
92874,1
92875,0
92876,0
92877,0
92878,1
92879,1
92880,0
92881,0
92882,0
92883,0
92884,0
92885,0
92886,0
92887,1
92888,0
92889,1
92890,1
92891,0
92892,0
92893,1
92894,0
92895,0
92896,1
92897,0
92898,0
92899,0
92900,0
92901,0
92902,1
92903,1
92904,1
92905,1
92906,0
92907,0
92908,1
92909,0
92910,0
92911,0
92912,0
92913,1
92914,0
92915,0
92916,0
92917,1
92918,0
92919,0
92920,1
92921,1
92922,0
92923,0
92924,0
92925,0
92926,0
92927,1
92928,1
92929,0
92930,0
92931,1
92932,0
92933,1
92934,0
92935,0
92936,0
92937,0
92938,0
92939,0
92940,1
92941,1
92942,0
92943,1
92944,0
92945,0
92946,0
92947,1
92948,1
92949,0
92950,1
92951,1
92952,0
92953,1
92954,0
92955,1
92956,1
92957,0
92958,0
92959,1
92960,0
92961,1
92962,1
92963,0
92964,0
92965,1
92966,1
92967,0
92968,0
92969,0
92970,1
92971,0
92972,1
92973,0
92974,1
92975,1
92976,0
92977,0
92978,0
92979,0
92980,0
92981,1
92982,0
92983,0
92984,0
92985,1
92986,1
92987,0
92988,0
92989,0
92990,0
92991,0
92992,1
92993,0
92994,1
92995,0
92996,1
92997,1
92998,1
92999,1
93000,1
93001,0
93002,0
93003,0
93004,1
93005,0
93006,0
93007,1
93008,0
93009,0
93010,1
93011,0
93012,1
93013,1
93014,0
93015,0
93016,1
93017,0
93018,1
93019,0
93020,1
93021,1
93022,0
93023,1
93024,0
93025,1
93026,1
93027,1
93028,1
93029,0
93030,1
93031,1
93032,1
93033,0
93034,0
93035,0
93036,1
93037,1
93038,0
93039,0
93040,0
93041,0
93042,0
93043,1
93044,0
93045,0
93046,0
93047,0
93048,0
93049,0
93050,0
93051,1
93052,1
93053,0
93054,0
93055,1
93056,0
93057,0
93058,1
93059,1
93060,0
93061,0
93062,1
93063,1
93064,0
93065,0
93066,1
93067,1
93068,0
93069,0
93070,0
93071,0
93072,0
93073,1
93074,0
93075,0
93076,0
93077,1
93078,0
93079,0
93080,0
93081,1
93082,1
93083,1
93084,0
93085,0
93086,0
93087,0
93088,0
93089,1
93090,1
93091,1
93092,0
93093,0
93094,0
93095,0
93096,1
93097,1
93098,0
93099,0
93100,1
93101,0
93102,1
93103,0
93104,1
93105,1
93106,0
93107,0
93108,0
93109,0
93110,1
93111,0
93112,1
93113,0
93114,0
93115,0
93116,1
93117,1
93118,0
93119,0
93120,0
93121,0
93122,0
93123,1
93124,0
93125,1
93126,1
93127,1
93128,0
93129,0
93130,1
93131,1
93132,0
93133,0
93134,1
93135,0
93136,0
93137,0
93138,1
93139,1
93140,0
93141,1
93142,1
93143,0
93144,1
93145,0
93146,0
93147,0
93148,0
93149,1
93150,0
93151,0
93152,0
93153,0
93154,0
93155,0
93156,0
93157,1
93158,1
93159,0
93160,1
93161,0
93162,0
93163,0
93164,1
93165,1
93166,1
93167,0
93168,1
93169,0
93170,0
93171,0
93172,0
93173,0
93174,0
93175,0
93176,1
93177,1
93178,1
93179,0
93180,1
93181,1
93182,0
93183,0
93184,0
93185,0
93186,1
93187,0
93188,0
93189,1
93190,1
93191,1
93192,0
93193,0
93194,0
93195,0
93196,0
93197,1
93198,0
93199,1
93200,0
93201,0
93202,0
93203,1
93204,0
93205,0
93206,1
93207,0
93208,0
93209,1
93210,0
93211,0
93212,1
93213,1
93214,0
93215,1
93216,0
93217,0
93218,1
93219,0
93220,0
93221,1
93222,0
93223,0
93224,0
93225,0
93226,0
93227,0
93228,0
93229,0
93230,0
93231,1
93232,1
93233,1
93234,0
93235,0
93236,0
93237,0
93238,1
93239,1
93240,1
93241,0
93242,0
93243,1
93244,0
93245,1
93246,0
93247,1
93248,0
93249,0
93250,1
93251,0
93252,0
93253,0
93254,0
93255,1
93256,0
93257,1
93258,0
93259,1
93260,0
93261,1
93262,1
93263,0
93264,1
93265,0
93266,0
93267,0
93268,0
93269,0
93270,0
93271,1
93272,1
93273,1
93274,1
93275,0
93276,0
93277,0
93278,0
93279,1
93280,0
93281,0
93282,0
93283,1
93284,1
93285,1
93286,1
93287,0
93288,1
93289,0
93290,0
93291,0
93292,0
93293,0
93294,0
93295,0
93296,1
93297,0
93298,1
93299,0
93300,0
93301,0
93302,0
93303,1
93304,1
93305,1
93306,0
93307,1
93308,0
93309,0
93310,0
93311,0
93312,0
93313,0
93314,0
93315,1
93316,0
93317,1
93318,0
93319,0
93320,1
93321,0
93322,0
93323,1
93324,0
93325,0
93326,1
93327,0
93328,0
93329,1
93330,0
93331,0
93332,1
93333,0
93334,0
93335,0
93336,0
93337,1
93338,0
93339,0
93340,0
93341,0
93342,0
93343,0
93344,0
93345,1
93346,0
93347,0
93348,0
93349,0
93350,0
93351,0
93352,0
93353,1
93354,1
93355,0
93356,0
93357,0
93358,0
93359,1
93360,1
93361,0
93362,1
93363,1
93364,1
93365,0
93366,0
93367,0
93368,1
93369,0
93370,0
93371,0
93372,0
93373,1
93374,1
93375,0
93376,0
93377,0
93378,1
93379,0
93380,0
93381,1
93382,1
93383,0
93384,1
93385,0
93386,1
93387,0
93388,0
93389,0
93390,1
93391,0
93392,0
93393,1
93394,0
93395,0
93396,0
93397,0
93398,0
93399,0
93400,0
93401,0
93402,1
93403,0
93404,1
93405,0
93406,0
93407,0
93408,1
93409,1
93410,0
93411,0
93412,1
93413,1
93414,0
93415,0
93416,0
93417,1
93418,1
93419,0
93420,1
93421,0
93422,0
93423,1
93424,0
93425,0
93426,0
93427,0
93428,0
93429,1
93430,0
93431,0
93432,0
93433,0
93434,0
93435,0
93436,1
93437,1
93438,0
93439,0
93440,0
93441,1
93442,1
93443,0
93444,0
93445,0
93446,0
93447,1
93448,1
93449,0
93450,1
93451,1
93452,1
93453,0
93454,0
93455,1
93456,1
93457,0
93458,1
93459,1
93460,0
93461,1
93462,0
93463,0
93464,0
93465,0
93466,1
93467,0
93468,1
93469,0
93470,1
93471,0
93472,0
93473,0
93474,1
93475,0
93476,0
93477,0
93478,0
93479,1
93480,0
93481,0
93482,0
93483,0
93484,0
93485,1
93486,0
93487,0
93488,0
93489,1
93490,1
93491,0
93492,0
93493,0
93494,0
93495,0
93496,1
93497,0
93498,0
93499,0
93500,0
93501,1
93502,0
93503,0
93504,0
93505,0
93506,0
93507,0
93508,0
93509,1
93510,0
93511,1
93512,0
93513,1
93514,0
93515,0
93516,1
93517,1
93518,0
93519,0
93520,1
93521,1
93522,0
93523,0
93524,1
93525,0
93526,0
93527,0
93528,0
93529,0
93530,0
93531,0
93532,0
93533,0
93534,0
93535,1
93536,0
93537,0
93538,0
93539,0
93540,0
93541,0
93542,1
93543,0
93544,1
93545,0
93546,0
93547,0
93548,0
93549,0
93550,0
93551,1
93552,0
93553,0
93554,0
93555,1
93556,1
93557,1
93558,1
93559,0
93560,0
93561,0
93562,1
93563,1
93564,1
93565,0
93566,1
93567,1
93568,1
93569,1
93570,0
93571,0
93572,1
93573,0
93574,1
93575,0
93576,1
93577,0
93578,0
93579,1
93580,0
93581,0
93582,1
93583,1
93584,0
93585,0
93586,0
93587,1
93588,0
93589,0
93590,0
93591,0
93592,1
93593,0
93594,1
93595,0
93596,0
93597,1
93598,1
93599,0
93600,0
93601,1
93602,0
93603,0
93604,0
93605,0
93606,1
93607,0
93608,0
93609,1
93610,0
93611,1
93612,0
93613,0
93614,1
93615,1
93616,1
93617,0
93618,1
93619,0
93620,1
93621,0
93622,0
93623,0
93624,0
93625,1
93626,0
93627,1
93628,0
93629,1
93630,1
93631,0
93632,1
93633,0
93634,0
93635,1
93636,0
93637,0
93638,0
93639,0
93640,0
93641,0
93642,0
93643,1
93644,0
93645,0
93646,0
93647,0
93648,0
93649,1
93650,1
93651,0
93652,0
93653,1
93654,0
93655,0
93656,0
93657,1
93658,0
93659,1
93660,1
93661,0
93662,0
93663,0
93664,1
93665,1
93666,1
93667,1
93668,0
93669,1
93670,1
93671,0
93672,0
93673,1
93674,1
93675,0
93676,1
93677,0
93678,1
93679,1
93680,0
93681,0
93682,0
93683,1
93684,0
93685,0
93686,1
93687,0
93688,0
93689,0
93690,1
93691,1
93692,0
93693,1
93694,1
93695,0
93696,1
93697,1
93698,1
93699,0
93700,1
93701,0
93702,1
93703,0
93704,1
93705,0
93706,0
93707,0
93708,0
93709,0
93710,1
93711,0
93712,0
93713,0
93714,0
93715,0
93716,0
93717,0
93718,0
93719,0
93720,1
93721,1
93722,0
93723,1
93724,1
93725,0
93726,1
93727,0
93728,0
93729,0
93730,0
93731,1
93732,0
93733,0
93734,1
93735,1
93736,1
93737,0
93738,0
93739,1
93740,0
93741,1
93742,0
93743,1
93744,0
93745,0
93746,1
93747,1
93748,0
93749,0
93750,1
93751,0
93752,0
93753,0
93754,0
93755,1
93756,1
93757,0
93758,0
93759,1
93760,1
93761,0
93762,1
93763,1
93764,1
93765,0
93766,0
93767,1
93768,1
93769,0
93770,1
93771,1
93772,0
93773,0
93774,1
93775,0
93776,1
93777,0
93778,1
93779,0
93780,0
93781,0
93782,0
93783,1
93784,0
93785,1
93786,0
93787,0
93788,0
93789,0
93790,0
93791,0
93792,1
93793,0
93794,0
93795,0
93796,1
93797,0
93798,0
93799,1
93800,1
93801,1
93802,0
93803,1
93804,0
93805,0
93806,1
93807,0
93808,1
93809,0
93810,0
93811,0
93812,1
93813,0
93814,1
93815,1
93816,0
93817,0
93818,1
93819,0
93820,1
93821,0
93822,1
93823,1
93824,0
93825,0
93826,1
93827,1
93828,0
93829,0
93830,1
93831,1
93832,0
93833,0
93834,0
93835,0
93836,1
93837,1
93838,1
93839,0
93840,1
93841,0
93842,0
93843,1
93844,1
93845,0
93846,0
93847,1
93848,1
93849,0
93850,1
93851,1
93852,1
93853,1
93854,1
93855,0
93856,0
93857,1
93858,0
93859,0
93860,0
93861,1
93862,1
93863,0
93864,1
93865,0
93866,0
93867,0
93868,1
93869,0
93870,0
93871,0
93872,0
93873,0
93874,1
93875,0
93876,1
93877,1
93878,0
93879,0
93880,1
93881,1
93882,0
93883,0
93884,0
93885,1
93886,0
93887,0
93888,0
93889,0
93890,0
93891,0
93892,1
93893,1
93894,0
93895,0
93896,1
93897,1
93898,1
93899,1
93900,0
93901,0
93902,0
93903,0
93904,1
93905,0
93906,1
93907,1
93908,0
93909,0
93910,1
93911,0
93912,1
93913,0
93914,1
93915,0
93916,1
93917,1
93918,1
93919,1
93920,0
93921,0
93922,1
93923,1
93924,0
93925,0
93926,0
93927,0
93928,1
93929,1
93930,0
93931,0
93932,0
93933,0
93934,1
93935,1
93936,1
93937,1
93938,1
93939,0
93940,1
93941,0
93942,0
93943,1
93944,1
93945,0
93946,0
93947,0
93948,1
93949,0
93950,1
93951,0
93952,0
93953,0
93954,0
93955,0
93956,0
93957,0
93958,1
93959,0
93960,1
93961,1
93962,0
93963,0
93964,1
93965,0
93966,0
93967,1
93968,0
93969,0
93970,0
93971,0
93972,1
93973,0
93974,1
93975,0
93976,0
93977,0
93978,0
93979,0
93980,0
93981,0
93982,1
93983,0
93984,1
93985,1
93986,0
93987,0
93988,1
93989,0
93990,0
93991,0
93992,1
93993,0
93994,1
93995,0
93996,0
93997,0
93998,0
93999,1
94000,1
94001,1
94002,1
94003,0
94004,0
94005,1
94006,0
94007,1
94008,1
94009,1
94010,0
94011,0
94012,0
94013,0
94014,0
94015,1
94016,1
94017,0
94018,0
94019,0
94020,1
94021,0
94022,1
94023,1
94024,1
94025,1
94026,0
94027,1
94028,1
94029,1
94030,0
94031,0
94032,0
94033,1
94034,1
94035,1
94036,0
94037,0
94038,1
94039,0
94040,1
94041,0
94042,0
94043,1
94044,1
94045,1
94046,0
94047,0
94048,1
94049,1
94050,0
94051,0
94052,0
94053,0
94054,1
94055,1
94056,0
94057,0
94058,1
94059,0
94060,0
94061,1
94062,1
94063,1
94064,1
94065,0
94066,0
94067,0
94068,0
94069,1
94070,0
94071,0
94072,1
94073,0
94074,0
94075,0
94076,0
94077,0
94078,0
94079,0
94080,0
94081,1
94082,1
94083,0
94084,0
94085,0
94086,0
94087,1
94088,0
94089,0
94090,0
94091,0
94092,1
94093,0
94094,0
94095,0
94096,0
94097,0
94098,0
94099,0
94100,1
94101,1
94102,0
94103,1
94104,1
94105,0
94106,1
94107,0
94108,0
94109,0
94110,1
94111,0
94112,0
94113,0
94114,0
94115,0
94116,0
94117,1
94118,1
94119,1
94120,0
94121,0
94122,0
94123,1
94124,1
94125,0
94126,1
94127,0
94128,0
94129,0
94130,0
94131,1
94132,1
94133,1
94134,0
94135,0
94136,1
94137,1
94138,0
94139,1
94140,0
94141,0
94142,0
94143,0
94144,1
94145,1
94146,0
94147,0
94148,0
94149,0
94150,0
94151,0
94152,0
94153,0
94154,1
94155,1
94156,1
94157,0
94158,1
94159,1
94160,0
94161,1
94162,0
94163,1
94164,0
94165,0
94166,0
94167,0
94168,0
94169,0
94170,0
94171,0
94172,0
94173,0
94174,0
94175,1
94176,1
94177,1
94178,0
94179,0
94180,0
94181,0
94182,0
94183,0
94184,1
94185,1
94186,0
94187,0
94188,1
94189,1
94190,1
94191,1
94192,0
94193,1
94194,1
94195,0
94196,1
94197,1
94198,1
94199,0
94200,0
94201,0
94202,0
94203,0
94204,0
94205,0
94206,1
94207,0
94208,0
94209,0
94210,1
94211,0
94212,0
94213,0
94214,0
94215,0
94216,1
94217,0
94218,1
94219,0
94220,1
94221,0
94222,1
94223,0
94224,0
94225,0
94226,0
94227,1
94228,1
94229,0
94230,1
94231,0
94232,0
94233,0
94234,1
94235,0
94236,0
94237,0
94238,0
94239,0
94240,1
94241,0
94242,0
94243,1
94244,1
94245,0
94246,0
94247,0
94248,0
94249,0
94250,1
94251,0
94252,1
94253,0
94254,0
94255,1
94256,0
94257,0
94258,1
94259,1
94260,0
94261,0
94262,1
94263,0
94264,0
94265,0
94266,0
94267,0
94268,1
94269,1
94270,0
94271,0
94272,1
94273,0
94274,0
94275,1
94276,0
94277,1
94278,0
94279,1
94280,0
94281,0
94282,0
94283,0
94284,1
94285,1
94286,0
94287,0
94288,1
94289,0
94290,0
94291,0
94292,0
94293,0
94294,0
94295,0
94296,1
94297,0
94298,0
94299,0
94300,0
94301,1
94302,1
94303,0
94304,0
94305,0
94306,1
94307,1
94308,0
94309,1
94310,0
94311,1
94312,0
94313,1
94314,0
94315,1
94316,1
94317,0
94318,0
94319,1
94320,0
94321,1
94322,1
94323,1
94324,1
94325,0
94326,1
94327,0
94328,0
94329,1
94330,0
94331,1
94332,1
94333,0
94334,0
94335,0
94336,0
94337,1
94338,1
94339,1
94340,0
94341,0
94342,0
94343,0
94344,0
94345,0
94346,0
94347,1
94348,0
94349,0
94350,0
94351,1
94352,0
94353,0
94354,0
94355,0
94356,1
94357,0
94358,1
94359,0
94360,0
94361,0
94362,0
94363,1
94364,1
94365,1
94366,0
94367,1
94368,0
94369,1
94370,0
94371,1
94372,0
94373,0
94374,0
94375,0
94376,0
94377,0
94378,0
94379,1
94380,0
94381,1
94382,0
94383,0
94384,0
94385,0
94386,0
94387,0
94388,1
94389,1
94390,0
94391,0
94392,0
94393,1
94394,0
94395,0
94396,0
94397,0
94398,0
94399,1
94400,0
94401,0
94402,1
94403,0
94404,1
94405,0
94406,1
94407,1
94408,0
94409,0
94410,1
94411,0
94412,0
94413,0
94414,0
94415,1
94416,1
94417,0
94418,0
94419,0
94420,0
94421,0
94422,0
94423,0
94424,1
94425,0
94426,0
94427,1
94428,0
94429,0
94430,0
94431,1
94432,1
94433,0
94434,0
94435,0
94436,1
94437,0
94438,0
94439,0
94440,0
94441,0
94442,0
94443,0
94444,0
94445,0
94446,1
94447,0
94448,1
94449,1
94450,0
94451,1
94452,1
94453,1
94454,0
94455,0
94456,0
94457,1
94458,1
94459,0
94460,0
94461,0
94462,1
94463,0
94464,0
94465,0
94466,0
94467,0
94468,1
94469,1
94470,0
94471,1
94472,0
94473,0
94474,0
94475,1
94476,0
94477,0
94478,0
94479,0
94480,1
94481,0
94482,0
94483,0
94484,0
94485,0
94486,1
94487,0
94488,1
94489,1
94490,1
94491,0
94492,0
94493,0
94494,1
94495,1
94496,0
94497,0
94498,1
94499,0
94500,1
94501,0
94502,1
94503,1
94504,1
94505,1
94506,0
94507,0
94508,0
94509,1
94510,0
94511,1
94512,0
94513,0
94514,0
94515,0
94516,0
94517,0
94518,0
94519,0
94520,1
94521,1
94522,0
94523,0
94524,0
94525,1
94526,0
94527,1
94528,0
94529,1
94530,1
94531,0
94532,0
94533,0
94534,0
94535,1
94536,0
94537,1
94538,1
94539,1
94540,0
94541,0
94542,0
94543,0
94544,0
94545,1
94546,1
94547,1
94548,0
94549,1
94550,0
94551,0
94552,1
94553,1
94554,1
94555,1
94556,1
94557,0
94558,0
94559,0
94560,0
94561,0
94562,0
94563,0
94564,1
94565,1
94566,1
94567,1
94568,1
94569,0
94570,1
94571,0
94572,1
94573,0
94574,1
94575,1
94576,0
94577,0
94578,0
94579,0
94580,1
94581,0
94582,1
94583,0
94584,1
94585,0
94586,0
94587,1
94588,0
94589,1
94590,1
94591,0
94592,1
94593,0
94594,1
94595,0
94596,1
94597,1
94598,1
94599,0
94600,1
94601,0
94602,0
94603,0
94604,0
94605,0
94606,1
94607,0
94608,1
94609,0
94610,1
94611,1
94612,0
94613,0
94614,0
94615,0
94616,0
94617,0
94618,0
94619,1
94620,1
94621,1
94622,0
94623,1
94624,0
94625,1
94626,0
94627,0
94628,1
94629,0
94630,0
94631,0
94632,0
94633,0
94634,0
94635,1
94636,0
94637,1
94638,1
94639,0
94640,0
94641,1
94642,1
94643,0
94644,0
94645,0
94646,0
94647,0
94648,0
94649,1
94650,0
94651,0
94652,1
94653,0
94654,0
94655,0
94656,0
94657,1
94658,0
94659,0
94660,1
94661,0
94662,1
94663,1
94664,0
94665,0
94666,1
94667,1
94668,0
94669,1
94670,0
94671,1
94672,0
94673,0
94674,0
94675,0
94676,0
94677,1
94678,0
94679,0
94680,0
94681,0
94682,1
94683,0
94684,1
94685,1
94686,0
94687,0
94688,0
94689,1
94690,1
94691,0
94692,0
94693,1
94694,1
94695,1
94696,1
94697,0
94698,0
94699,1
94700,1
94701,1
94702,0
94703,1
94704,1
94705,0
94706,1
94707,1
94708,1
94709,0
94710,0
94711,1
94712,1
94713,1
94714,0
94715,0
94716,1
94717,1
94718,1
94719,0
94720,1
94721,0
94722,0
94723,0
94724,0
94725,0
94726,1
94727,0
94728,1
94729,0
94730,1
94731,0
94732,0
94733,1
94734,1
94735,0
94736,0
94737,1
94738,0
94739,0
94740,0
94741,0
94742,0
94743,0
94744,0
94745,0
94746,1
94747,0
94748,0
94749,0
94750,0
94751,1
94752,1
94753,1
94754,0
94755,0
94756,0
94757,1
94758,0
94759,0
94760,0
94761,0
94762,0
94763,0
94764,1
94765,0
94766,0
94767,0
94768,0
94769,1
94770,1
94771,0
94772,1
94773,0
94774,0
94775,1
94776,0
94777,1
94778,1
94779,0
94780,0
94781,1
94782,0
94783,1
94784,0
94785,0
94786,0
94787,1
94788,0
94789,0
94790,0
94791,1
94792,1
94793,1
94794,0
94795,0
94796,1
94797,1
94798,0
94799,0
94800,1
94801,1
94802,1
94803,1
94804,0
94805,0
94806,0
94807,0
94808,0
94809,0
94810,0
94811,0
94812,0
94813,1
94814,0
94815,0
94816,1
94817,1
94818,0
94819,1
94820,0
94821,0
94822,1
94823,1
94824,0
94825,1
94826,0
94827,0
94828,1
94829,0
94830,0
94831,0
94832,0
94833,0
94834,0
94835,0
94836,0
94837,1
94838,0
94839,1
94840,0
94841,0
94842,0
94843,0
94844,0
94845,0
94846,1
94847,0
94848,1
94849,0
94850,1
94851,0
94852,1
94853,0
94854,0
94855,0
94856,0
94857,0
94858,0
94859,1
94860,0
94861,0
94862,1
94863,1
94864,1
94865,1
94866,0
94867,1
94868,0
94869,1
94870,1
94871,0
94872,0
94873,0
94874,1
94875,1
94876,0
94877,0
94878,0
94879,1
94880,0
94881,1
94882,0
94883,0
94884,1
94885,0
94886,1
94887,0
94888,0
94889,1
94890,0
94891,1
94892,1
94893,0
94894,1
94895,1
94896,1
94897,0
94898,1
94899,0
94900,0
94901,0
94902,0
94903,0
94904,0
94905,1
94906,0
94907,1
94908,1
94909,1
94910,0
94911,0
94912,0
94913,0
94914,1
94915,0
94916,0
94917,0
94918,0
94919,0
94920,1
94921,0
94922,1
94923,1
94924,0
94925,0
94926,0
94927,0
94928,0
94929,0
94930,0
94931,1
94932,1
94933,1
94934,0
94935,0
94936,0
94937,1
94938,1
94939,0
94940,0
94941,0
94942,1
94943,0
94944,0
94945,0
94946,0
94947,0
94948,0
94949,0
94950,1
94951,1
94952,0
94953,1
94954,0
94955,0
94956,0
94957,1
94958,1
94959,0
94960,0
94961,0
94962,1
94963,0
94964,1
94965,0
94966,0
94967,0
94968,1
94969,0
94970,0
94971,1
94972,1
94973,1
94974,1
94975,1
94976,1
94977,0
94978,0
94979,1
94980,0
94981,1
94982,0
94983,0
94984,0
94985,1
94986,0
94987,0
94988,0
94989,0
94990,0
94991,0
94992,0
94993,0
94994,1
94995,0
94996,0
94997,0
94998,0
94999,1
95000,0
95001,1
95002,0
95003,1
95004,0
95005,0
95006,1
95007,0
95008,0
95009,0
95010,0
95011,1
95012,1
95013,0
95014,0
95015,1
95016,0
95017,0
95018,0
95019,1
95020,0
95021,0
95022,1
95023,0
95024,0
95025,1
95026,1
95027,0
95028,1
95029,0
95030,0
95031,0
95032,0
95033,1
95034,0
95035,0
95036,0
95037,1
95038,0
95039,1
95040,0
95041,1
95042,1
95043,1
95044,0
95045,1
95046,0
95047,0
95048,1
95049,0
95050,0
95051,0
95052,0
95053,0
95054,0
95055,1
95056,1
95057,0
95058,0
95059,0
95060,0
95061,0
95062,0
95063,0
95064,1
95065,0
95066,0
95067,0
95068,1
95069,0
95070,0
95071,0
95072,1
95073,0
95074,1
95075,1
95076,0
95077,1
95078,1
95079,1
95080,0
95081,1
95082,0
95083,0
95084,1
95085,1
95086,1
95087,1
95088,0
95089,0
95090,0
95091,1
95092,0
95093,0
95094,0
95095,0
95096,0
95097,0
95098,0
95099,1
95100,0
95101,0
95102,0
95103,0
95104,0
95105,1
95106,0
95107,1
95108,0
95109,1
95110,0
95111,1
95112,1
95113,0
95114,1
95115,0
95116,0
95117,0
95118,1
95119,1
95120,0
95121,1
95122,0
95123,0
95124,1
95125,1
95126,1
95127,0
95128,0
95129,1
95130,1
95131,0
95132,0
95133,1
95134,0
95135,0
95136,0
95137,1
95138,1
95139,1
95140,0
95141,0
95142,0
95143,0
95144,0
95145,1
95146,1
95147,0
95148,0
95149,0
95150,1
95151,0
95152,0
95153,0
95154,1
95155,1
95156,1
95157,0
95158,0
95159,0
95160,0
95161,1
95162,0
95163,0
95164,0
95165,0
95166,0
95167,0
95168,0
95169,1
95170,1
95171,0
95172,1
95173,0
95174,1
95175,0
95176,0
95177,0
95178,1
95179,1
95180,1
95181,0
95182,1
95183,1
95184,1
95185,0
95186,1
95187,1
95188,1
95189,0
95190,0
95191,0
95192,1
95193,1
95194,0
95195,0
95196,1
95197,1
95198,0
95199,1
95200,0
95201,0
95202,0
95203,0
95204,0
95205,0
95206,0
95207,0
95208,0
95209,1
95210,1
95211,0
95212,0
95213,0
95214,0
95215,0
95216,1
95217,0
95218,1
95219,1
95220,0
95221,0
95222,0
95223,0
95224,0
95225,0
95226,0
95227,1
95228,1
95229,1
95230,0
95231,1
95232,1
95233,0
95234,0
95235,1
95236,0
95237,0
95238,1
95239,0
95240,1
95241,1
95242,1
95243,0
95244,1
95245,1
95246,0
95247,1
95248,1
95249,0
95250,1
95251,0
95252,0
95253,1
95254,0
95255,1
95256,0
95257,0
95258,1
95259,0
95260,1
95261,0
95262,1
95263,0
95264,0
95265,1
95266,0
95267,1
95268,1
95269,1
95270,0
95271,0
95272,0
95273,1
95274,0
95275,0
95276,0
95277,0
95278,1
95279,0
95280,1
95281,0
95282,0
95283,0
95284,1
95285,0
95286,0
95287,0
95288,0
95289,1
95290,1
95291,1
95292,1
95293,0
95294,1
95295,1
95296,0
95297,0
95298,0
95299,0
95300,0
95301,0
95302,0
95303,0
95304,0
95305,0
95306,0
95307,0
95308,0
95309,1
95310,1
95311,0
95312,0
95313,0
95314,0
95315,0
95316,0
95317,0
95318,1
95319,1
95320,1
95321,0
95322,0
95323,0
95324,0
95325,1
95326,0
95327,1
95328,0
95329,1
95330,1
95331,0
95332,0
95333,0
95334,1
95335,1
95336,1
95337,1
95338,1
95339,0
95340,0
95341,0
95342,0
95343,0
95344,0
95345,1
95346,0
95347,0
95348,0
95349,0
95350,1
95351,0
95352,1
95353,0
95354,0
95355,0
95356,0
95357,0
95358,0
95359,0
95360,0
95361,1
95362,1
95363,0
95364,1
95365,0
95366,0
95367,1
95368,0
95369,1
95370,0
95371,1
95372,0
95373,1
95374,1
95375,0
95376,0
95377,1
95378,0
95379,0
95380,1
95381,0
95382,0
95383,1
95384,0
95385,0
95386,0
95387,1
95388,1
95389,0
95390,1
95391,0
95392,0
95393,0
95394,1
95395,0
95396,0
95397,0
95398,0
95399,1
95400,0
95401,0
95402,0
95403,0
95404,1
95405,0
95406,1
95407,0
95408,0
95409,0
95410,0
95411,0
95412,1
95413,0
95414,0
95415,0
95416,1
95417,1
95418,1
95419,0
95420,0
95421,0
95422,0
95423,1
95424,0
95425,0
95426,1
95427,1
95428,1
95429,1
95430,0
95431,0
95432,0
95433,0
95434,0
95435,1
95436,0
95437,0
95438,0
95439,0
95440,0
95441,1
95442,0
95443,0
95444,1
95445,1
95446,1
95447,0
95448,0
95449,0
95450,0
95451,1
95452,0
95453,1
95454,0
95455,0
95456,0
95457,0
95458,1
95459,1
95460,0
95461,0
95462,1
95463,0
95464,0
95465,0
95466,0
95467,1
95468,0
95469,1
95470,0
95471,0
95472,1
95473,0
95474,1
95475,1
95476,1
95477,1
95478,0
95479,1
95480,0
95481,0
95482,0
95483,1
95484,1
95485,1
95486,1
95487,1
95488,0
95489,0
95490,0
95491,0
95492,1
95493,0
95494,0
95495,0
95496,0
95497,1
95498,1
95499,1
95500,0
95501,1
95502,1
95503,1
95504,0
95505,0
95506,0
95507,0
95508,0
95509,1
95510,0
95511,0
95512,0
95513,1
95514,0
95515,0
95516,0
95517,1
95518,1
95519,0
95520,0
95521,0
95522,0
95523,0
95524,0
95525,1
95526,1
95527,1
95528,0
95529,0
95530,0
95531,0
95532,1
95533,0
95534,0
95535,0
95536,0
95537,0
95538,1
95539,1
95540,1
95541,1
95542,1
95543,0
95544,0
95545,1
95546,1
95547,0
95548,0
95549,0
95550,0
95551,1
95552,0
95553,0
95554,1
95555,0
95556,0
95557,0
95558,0
95559,0
95560,1
95561,0
95562,1
95563,0
95564,0
95565,1
95566,0
95567,0
95568,1
95569,0
95570,0
95571,0
95572,0
95573,0
95574,0
95575,0
95576,0
95577,1
95578,0
95579,0
95580,1
95581,0
95582,1
95583,0
95584,0
95585,0
95586,1
95587,0
95588,0
95589,1
95590,0
95591,0
95592,1
95593,0
95594,0
95595,0
95596,1
95597,0
95598,1
95599,0
95600,1
95601,0
95602,0
95603,1
95604,0
95605,0
95606,0
95607,0
95608,1
95609,1
95610,1
95611,0
95612,0
95613,0
95614,0
95615,0
95616,1
95617,1
95618,0
95619,1
95620,0
95621,1
95622,0
95623,0
95624,0
95625,1
95626,0
95627,0
95628,1
95629,0
95630,1
95631,0
95632,1
95633,0
95634,0
95635,0
95636,0
95637,1
95638,0
95639,0
95640,0
95641,1
95642,1
95643,0
95644,0
95645,0
95646,0
95647,0
95648,0
95649,0
95650,0
95651,0
95652,1
95653,1
95654,0
95655,0
95656,0
95657,0
95658,1
95659,0
95660,0
95661,0
95662,1
95663,1
95664,1
95665,0
95666,0
95667,0
95668,0
95669,1
95670,0
95671,0
95672,0
95673,1
95674,0
95675,1
95676,0
95677,0
95678,0
95679,0
95680,0
95681,0
95682,0
95683,1
95684,0
95685,1
95686,0
95687,0
95688,1
95689,0
95690,1
95691,0
95692,0
95693,0
95694,0
95695,0
95696,0
95697,1
95698,1
95699,0
95700,0
95701,1
95702,0
95703,0
95704,0
95705,0
95706,1
95707,0
95708,0
95709,1
95710,1
95711,0
95712,0
95713,0
95714,0
95715,0
95716,1
95717,0
95718,0
95719,0
95720,1
95721,0
95722,0
95723,0
95724,0
95725,1
95726,1
95727,0
95728,0
95729,0
95730,0
95731,1
95732,1
95733,0
95734,0
95735,0
95736,0
95737,1
95738,1
95739,0
95740,1
95741,0
95742,0
95743,1
95744,0
95745,0
95746,0
95747,1
95748,0
95749,0
95750,0
95751,0
95752,0
95753,1
95754,1
95755,0
95756,1
95757,0
95758,1
95759,1
95760,1
95761,0
95762,1
95763,1
95764,1
95765,0
95766,0
95767,1
95768,1
95769,0
95770,0
95771,0
95772,1
95773,0
95774,0
95775,0
95776,0
95777,0
95778,1
95779,1
95780,1
95781,0
95782,1
95783,0
95784,0
95785,1
95786,0
95787,0
95788,1
95789,0
95790,0
95791,1
95792,0
95793,1
95794,1
95795,0
95796,0
95797,1
95798,0
95799,0
95800,0
95801,0
95802,0
95803,1
95804,1
95805,0
95806,1
95807,0
95808,1
95809,1
95810,0
95811,0
95812,0
95813,1
95814,0
95815,0
95816,0
95817,0
95818,0
95819,0
95820,0
95821,0
95822,1
95823,0
95824,1
95825,0
95826,0
95827,0
95828,0
95829,0
95830,0
95831,1
95832,0
95833,1
95834,0
95835,1
95836,1
95837,1
95838,1
95839,0
95840,0
95841,0
95842,0
95843,0
95844,0
95845,1
95846,1
95847,0
95848,0
95849,0
95850,1
95851,0
95852,1
95853,0
95854,1
95855,1
95856,0
95857,0
95858,0
95859,1
95860,0
95861,0
95862,0
95863,0
95864,0
95865,0
95866,1
95867,0
95868,0
95869,0
95870,0
95871,0
95872,1
95873,1
95874,0
95875,1
95876,0
95877,0
95878,1
95879,1
95880,0
95881,1
95882,0
95883,0
95884,0
95885,0
95886,0
95887,1
95888,1
95889,1
95890,0
95891,0
95892,1
95893,1
95894,0
95895,0
95896,0
95897,0
95898,0
95899,0
95900,0
95901,0
95902,1
95903,0
95904,1
95905,1
95906,1
95907,0
95908,0
95909,0
95910,1
95911,0
95912,0
95913,0
95914,1
95915,1
95916,0
95917,0
95918,1
95919,0
95920,0
95921,0
95922,0
95923,0
95924,1
95925,0
95926,1
95927,1
95928,0
95929,0
95930,1
95931,1
95932,0
95933,0
95934,1
95935,0
95936,1
95937,1
95938,1
95939,0
95940,1
95941,1
95942,0
95943,0
95944,0
95945,0
95946,0
95947,0
95948,0
95949,1
95950,0
95951,0
95952,1
95953,0
95954,1
95955,1
95956,0
95957,0
95958,0
95959,0
95960,1
95961,0
95962,1
95963,0
95964,0
95965,1
95966,0
95967,1
95968,1
95969,0
95970,1
95971,1
95972,1
95973,0
95974,1
95975,0
95976,0
95977,1
95978,0
95979,1
95980,1
95981,0
95982,1
95983,0
95984,0
95985,1
95986,0
95987,1
95988,0
95989,0
95990,0
95991,0
95992,1
95993,0
95994,0
95995,0
95996,0
95997,0
95998,0
95999,1
96000,0
96001,0
96002,1
96003,0
96004,0
96005,1
96006,1
96007,0
96008,1
96009,1
96010,1
96011,0
96012,0
96013,1
96014,1
96015,0
96016,0
96017,1
96018,1
96019,0
96020,0
96021,0
96022,1
96023,0
96024,0
96025,1
96026,0
96027,1
96028,0
96029,1
96030,0
96031,1
96032,1
96033,0
96034,1
96035,0
96036,0
96037,0
96038,1
96039,1
96040,0
96041,1
96042,1
96043,1
96044,0
96045,1
96046,0
96047,0
96048,0
96049,1
96050,1
96051,1
96052,0
96053,0
96054,1
96055,0
96056,0
96057,0
96058,1
96059,0
96060,1
96061,0
96062,0
96063,1
96064,0
96065,0
96066,0
96067,1
96068,1
96069,0
96070,0
96071,1
96072,1
96073,1
96074,0
96075,0
96076,0
96077,0
96078,0
96079,0
96080,1
96081,1
96082,0
96083,0
96084,1
96085,0
96086,0
96087,0
96088,1
96089,0
96090,0
96091,0
96092,0
96093,0
96094,0
96095,1
96096,0
96097,1
96098,0
96099,0
96100,0
96101,0
96102,0
96103,0
96104,0
96105,1
96106,1
96107,0
96108,1
96109,0
96110,0
96111,0
96112,0
96113,1
96114,0
96115,1
96116,1
96117,1
96118,0
96119,0
96120,1
96121,0
96122,0
96123,0
96124,0
96125,0
96126,0
96127,0
96128,0
96129,0
96130,1
96131,1
96132,1
96133,1
96134,0
96135,0
96136,1
96137,1
96138,1
96139,0
96140,0
96141,0
96142,0
96143,0
96144,0
96145,0
96146,0
96147,1
96148,0
96149,0
96150,0
96151,0
96152,0
96153,0
96154,0
96155,0
96156,1
96157,1
96158,1
96159,0
96160,1
96161,0
96162,1
96163,0
96164,0
96165,1
96166,0
96167,0
96168,0
96169,1
96170,1
96171,1
96172,0
96173,0
96174,1
96175,0
96176,0
96177,1
96178,0
96179,1
96180,0
96181,1
96182,1
96183,0
96184,0
96185,0
96186,0
96187,0
96188,0
96189,0
96190,0
96191,0
96192,0
96193,0
96194,1
96195,0
96196,0
96197,1
96198,1
96199,0
96200,1
96201,1
96202,0
96203,0
96204,1
96205,0
96206,0
96207,0
96208,0
96209,1
96210,1
96211,0
96212,1
96213,0
96214,0
96215,0
96216,1
96217,0
96218,0
96219,0
96220,0
96221,1
96222,0
96223,0
96224,0
96225,0
96226,0
96227,0
96228,0
96229,0
96230,1
96231,0
96232,0
96233,1
96234,1
96235,0
96236,1
96237,1
96238,1
96239,0
96240,1
96241,0
96242,0
96243,0
96244,1
96245,0
96246,0
96247,1
96248,1
96249,0
96250,0
96251,1
96252,0
96253,0
96254,0
96255,1
96256,0
96257,0
96258,1
96259,0
96260,0
96261,0
96262,1
96263,0
96264,0
96265,0
96266,0
96267,1
96268,1
96269,0
96270,1
96271,1
96272,1
96273,0
96274,0
96275,0
96276,0
96277,1
96278,1
96279,0
96280,1
96281,0
96282,1
96283,1
96284,0
96285,0
96286,0
96287,1
96288,1
96289,0
96290,1
96291,0
96292,1
96293,0
96294,1
96295,1
96296,1
96297,1
96298,0
96299,0
96300,0
96301,0
96302,0
96303,0
96304,0
96305,0
96306,0
96307,1
96308,1
96309,0
96310,1
96311,0
96312,0
96313,1
96314,1
96315,0
96316,0
96317,0
96318,0
96319,0
96320,1
96321,1
96322,0
96323,0
96324,0
96325,1
96326,1
96327,0
96328,1
96329,1
96330,1
96331,1
96332,0
96333,1
96334,1
96335,0
96336,0
96337,0
96338,1
96339,0
96340,0
96341,0
96342,1
96343,0
96344,1
96345,0
96346,0
96347,1
96348,1
96349,1
96350,1
96351,0
96352,0
96353,1
96354,0
96355,0
96356,1
96357,0
96358,1
96359,1
96360,0
96361,0
96362,0
96363,0
96364,0
96365,0
96366,1
96367,1
96368,0
96369,1
96370,1
96371,0
96372,1
96373,0
96374,1
96375,0
96376,1
96377,1
96378,0
96379,0
96380,0
96381,1
96382,1
96383,0
96384,1
96385,0
96386,0
96387,0
96388,0
96389,0
96390,0
96391,0
96392,1
96393,0
96394,0
96395,0
96396,0
96397,1
96398,0
96399,1
96400,0
96401,0
96402,0
96403,0
96404,1
96405,0
96406,1
96407,1
96408,1
96409,0
96410,0
96411,0
96412,0
96413,0
96414,1
96415,1
96416,0
96417,1
96418,0
96419,1
96420,1
96421,0
96422,1
96423,1
96424,0
96425,1
96426,1
96427,1
96428,0
96429,1
96430,1
96431,1
96432,0
96433,0
96434,0
96435,0
96436,0
96437,0
96438,1
96439,1
96440,1
96441,1
96442,0
96443,0
96444,0
96445,0
96446,1
96447,0
96448,0
96449,1
96450,0
96451,0
96452,1
96453,1
96454,1
96455,0
96456,0
96457,0
96458,1
96459,0
96460,1
96461,0
96462,0
96463,1
96464,1
96465,1
96466,1
96467,0
96468,1
96469,0
96470,0
96471,0
96472,1
96473,1
96474,1
96475,0
96476,1
96477,1
96478,0
96479,0
96480,1
96481,0
96482,0
96483,0
96484,1
96485,0
96486,1
96487,0
96488,0
96489,0
96490,1
96491,1
96492,0
96493,0
96494,0
96495,0
96496,0
96497,0
96498,1
96499,0
96500,0
96501,1
96502,1
96503,0
96504,1
96505,0
96506,1
96507,0
96508,0
96509,0
96510,1
96511,0
96512,0
96513,0
96514,1
96515,0
96516,0
96517,0
96518,1
96519,0
96520,1
96521,0
96522,0
96523,1
96524,0
96525,0
96526,1
96527,0
96528,0
96529,0
96530,1
96531,1
96532,0
96533,1
96534,0
96535,0
96536,0
96537,0
96538,0
96539,1
96540,0
96541,1
96542,0
96543,0
96544,0
96545,1
96546,0
96547,0
96548,1
96549,1
96550,0
96551,1
96552,1
96553,0
96554,0
96555,0
96556,0
96557,0
96558,0
96559,0
96560,1
96561,0
96562,1
96563,1
96564,0
96565,0
96566,0
96567,1
96568,0
96569,0
96570,1
96571,1
96572,1
96573,0
96574,0
96575,0
96576,1
96577,0
96578,0
96579,0
96580,1
96581,0
96582,1
96583,1
96584,0
96585,0
96586,0
96587,0
96588,0
96589,0
96590,0
96591,0
96592,0
96593,0
96594,0
96595,0
96596,1
96597,0
96598,0
96599,0
96600,1
96601,1
96602,0
96603,0
96604,1
96605,0
96606,0
96607,1
96608,0
96609,0
96610,0
96611,0
96612,0
96613,0
96614,1
96615,0
96616,1
96617,1
96618,1
96619,0
96620,1
96621,0
96622,1
96623,0
96624,0
96625,0
96626,0
96627,0
96628,0
96629,1
96630,1
96631,0
96632,1
96633,0
96634,1
96635,0
96636,1
96637,0
96638,1
96639,1
96640,0
96641,1
96642,0
96643,0
96644,0
96645,0
96646,0
96647,0
96648,0
96649,0
96650,1
96651,0
96652,1
96653,1
96654,0
96655,0
96656,1
96657,0
96658,1
96659,1
96660,0
96661,0
96662,0
96663,0
96664,1
96665,1
96666,0
96667,0
96668,1
96669,0
96670,1
96671,0
96672,0
96673,0
96674,0
96675,0
96676,1
96677,1
96678,0
96679,0
96680,0
96681,0
96682,1
96683,0
96684,0
96685,1
96686,0
96687,0
96688,0
96689,0
96690,0
96691,0
96692,0
96693,1
96694,0
96695,1
96696,0
96697,0
96698,1
96699,1
96700,0
96701,1
96702,1
96703,1
96704,0
96705,0
96706,0
96707,1
96708,0
96709,0
96710,1
96711,1
96712,0
96713,1
96714,0
96715,0
96716,1
96717,0
96718,0
96719,1
96720,0
96721,1
96722,0
96723,1
96724,1
96725,1
96726,1
96727,0
96728,0
96729,1
96730,1
96731,0
96732,1
96733,1
96734,1
96735,0
96736,0
96737,1
96738,0
96739,0
96740,1
96741,0
96742,0
96743,1
96744,1
96745,1
96746,1
96747,0
96748,0
96749,0
96750,0
96751,0
96752,0
96753,0
96754,0
96755,1
96756,1
96757,1
96758,1
96759,0
96760,0
96761,1
96762,0
96763,0
96764,0
96765,0
96766,0
96767,0
96768,0
96769,0
96770,0
96771,0
96772,0
96773,0
96774,0
96775,0
96776,0
96777,1
96778,0
96779,1
96780,0
96781,1
96782,0
96783,1
96784,1
96785,0
96786,1
96787,0
96788,1
96789,1
96790,0
96791,0
96792,1
96793,0
96794,0
96795,0
96796,0
96797,0
96798,1
96799,0
96800,0
96801,0
96802,1
96803,0
96804,0
96805,1
96806,1
96807,0
96808,0
96809,1
96810,0
96811,0
96812,0
96813,0
96814,1
96815,0
96816,1
96817,0
96818,1
96819,1
96820,1
96821,1
96822,0
96823,0
96824,0
96825,1
96826,1
96827,1
96828,1
96829,1
96830,0
96831,0
96832,0
96833,1
96834,0
96835,0
96836,1
96837,0
96838,0
96839,1
96840,1
96841,0
96842,0
96843,0
96844,1
96845,0
96846,1
96847,1
96848,0
96849,0
96850,0
96851,0
96852,0
96853,1
96854,0
96855,0
96856,0
96857,0
96858,0
96859,1
96860,0
96861,0
96862,0
96863,0
96864,0
96865,0
96866,1
96867,1
96868,0
96869,1
96870,0
96871,1
96872,0
96873,0
96874,0
96875,0
96876,1
96877,0
96878,0
96879,0
96880,1
96881,0
96882,0
96883,0
96884,0
96885,0
96886,0
96887,1
96888,0
96889,0
96890,1
96891,1
96892,1
96893,0
96894,0
96895,0
96896,1
96897,0
96898,0
96899,0
96900,0
96901,1
96902,0
96903,0
96904,1
96905,0
96906,0
96907,0
96908,1
96909,1
96910,0
96911,0
96912,1
96913,0
96914,0
96915,1
96916,0
96917,0
96918,0
96919,1
96920,1
96921,1
96922,0
96923,1
96924,0
96925,0
96926,1
96927,0
96928,1
96929,0
96930,0
96931,0
96932,1
96933,0
96934,0
96935,1
96936,0
96937,0
96938,0
96939,0
96940,0
96941,0
96942,1
96943,0
96944,0
96945,0
96946,1
96947,0
96948,0
96949,0
96950,0
96951,0
96952,1
96953,0
96954,1
96955,0
96956,0
96957,0
96958,1
96959,0
96960,1
96961,0
96962,1
96963,1
96964,1
96965,0
96966,0
96967,0
96968,1
96969,1
96970,0
96971,0
96972,0
96973,1
96974,1
96975,1
96976,1
96977,0
96978,1
96979,1
96980,1
96981,1
96982,1
96983,0
96984,0
96985,0
96986,1
96987,0
96988,1
96989,1
96990,0
96991,0
96992,0
96993,1
96994,0
96995,1
96996,0
96997,0
96998,0
96999,0
97000,1
97001,1
97002,0
97003,1
97004,0
97005,0
97006,1
97007,0
97008,1
97009,0
97010,0
97011,1
97012,0
97013,0
97014,0
97015,0
97016,1
97017,0
97018,1
97019,0
97020,1
97021,1
97022,0
97023,0
97024,0
97025,0
97026,0
97027,0
97028,0
97029,1
97030,1
97031,1
97032,0
97033,0
97034,0
97035,1
97036,1
97037,0
97038,0
97039,0
97040,1
97041,1
97042,1
97043,0
97044,0
97045,0
97046,1
97047,1
97048,0
97049,1
97050,0
97051,1
97052,0
97053,1
97054,1
97055,1
97056,0
97057,0
97058,0
97059,1
97060,1
97061,0
97062,0
97063,1
97064,1
97065,1
97066,0
97067,0
97068,1
97069,0
97070,1
97071,0
97072,1
97073,1
97074,0
97075,0
97076,1
97077,0
97078,0
97079,1
97080,1
97081,0
97082,0
97083,1
97084,0
97085,0
97086,1
97087,0
97088,1
97089,1
97090,1
97091,1
97092,0
97093,1
97094,0
97095,1
97096,0
97097,1
97098,0
97099,0
97100,1
97101,0
97102,0
97103,1
97104,0
97105,0
97106,1
97107,0
97108,1
97109,1
97110,1
97111,0
97112,1
97113,0
97114,1
97115,0
97116,0
97117,1
97118,0
97119,0
97120,0
97121,1
97122,0
97123,0
97124,0
97125,0
97126,0
97127,0
97128,1
97129,1
97130,0
97131,0
97132,0
97133,1
97134,0
97135,1
97136,0
97137,0
97138,0
97139,0
97140,0
97141,0
97142,1
97143,1
97144,1
97145,0
97146,0
97147,1
97148,1
97149,1
97150,0
97151,1
97152,1
97153,1
97154,0
97155,1
97156,0
97157,1
97158,0
97159,0
97160,0
97161,0
97162,1
97163,0
97164,0
97165,0
97166,0
97167,0
97168,0
97169,1
97170,1
97171,1
97172,1
97173,0
97174,0
97175,1
97176,0
97177,1
97178,0
97179,0
97180,0
97181,0
97182,1
97183,0
97184,0
97185,0
97186,0
97187,0
97188,0
97189,0
97190,1
97191,0
97192,0
97193,0
97194,1
97195,1
97196,0
97197,1
97198,1
97199,0
97200,0
97201,0
97202,1
97203,1
97204,1
97205,0
97206,0
97207,0
97208,0
97209,0
97210,0
97211,0
97212,1
97213,1
97214,1
97215,0
97216,0
97217,0
97218,0
97219,0
97220,0
97221,1
97222,1
97223,0
97224,0
97225,1
97226,0
97227,0
97228,0
97229,1
97230,0
97231,0
97232,0
97233,0
97234,1
97235,0
97236,0
97237,1
97238,0
97239,0
97240,1
97241,1
97242,0
97243,0
97244,1
97245,1
97246,1
97247,0
97248,0
97249,0
97250,0
97251,0
97252,1
97253,1
97254,1
97255,1
97256,0
97257,1
97258,1
97259,1
97260,0
97261,0
97262,1
97263,0
97264,1
97265,0
97266,0
97267,0
97268,0
97269,0
97270,1
97271,0
97272,1
97273,0
97274,1
97275,0
97276,1
97277,0
97278,0
97279,0
97280,0
97281,1
97282,1
97283,0
97284,0
97285,0
97286,1
97287,0
97288,0
97289,0
97290,1
97291,0
97292,0
97293,1
97294,1
97295,1
97296,0
97297,0
97298,0
97299,0
97300,1
97301,1
97302,1
97303,1
97304,1
97305,0
97306,1
97307,0
97308,1
97309,0
97310,1
97311,1
97312,1
97313,1
97314,0
97315,0
97316,0
97317,0
97318,1
97319,0
97320,0
97321,1
97322,0
97323,0
97324,0
97325,0
97326,1
97327,0
97328,0
97329,1
97330,0
97331,1
97332,0
97333,0
97334,1
97335,0
97336,0
97337,0
97338,1
97339,0
97340,1
97341,0
97342,1
97343,0
97344,1
97345,0
97346,0
97347,1
97348,0
97349,0
97350,0
97351,1
97352,0
97353,0
97354,0
97355,1
97356,0
97357,0
97358,1
97359,0
97360,0
97361,0
97362,1
97363,1
97364,1
97365,0
97366,0
97367,0
97368,0
97369,0
97370,1
97371,0
97372,0
97373,0
97374,0
97375,0
97376,0
97377,1
97378,0
97379,1
97380,0
97381,0
97382,1
97383,1
97384,1
97385,0
97386,1
97387,0
97388,1
97389,1
97390,1
97391,0
97392,0
97393,0
97394,0
97395,1
97396,1
97397,0
97398,0
97399,1
97400,0
97401,0
97402,0
97403,0
97404,1
97405,1
97406,0
97407,1
97408,1
97409,1
97410,0
97411,1
97412,1
97413,1
97414,0
97415,0
97416,0
97417,1
97418,1
97419,0
97420,0
97421,1
97422,1
97423,1
97424,0
97425,0
97426,0
97427,0
97428,0
97429,1
97430,1
97431,0
97432,0
97433,0
97434,0
97435,0
97436,1
97437,0
97438,1
97439,0
97440,1
97441,0
97442,1
97443,0
97444,0
97445,1
97446,0
97447,0
97448,0
97449,0
97450,1
97451,1
97452,0
97453,1
97454,1
97455,0
97456,1
97457,0
97458,0
97459,0
97460,1
97461,0
97462,0
97463,1
97464,0
97465,0
97466,1
97467,0
97468,0
97469,0
97470,1
97471,0
97472,0
97473,1
97474,0
97475,0
97476,0
97477,0
97478,0
97479,0
97480,0
97481,0
97482,0
97483,1
97484,1
97485,1
97486,1
97487,0
97488,1
97489,1
97490,0
97491,0
97492,1
97493,0
97494,1
97495,0
97496,0
97497,1
97498,0
97499,1
97500,0
97501,1
97502,0
97503,0
97504,1
97505,1
97506,1
97507,0
97508,1
97509,0
97510,0
97511,1
97512,1
97513,1
97514,0
97515,1
97516,0
97517,0
97518,0
97519,1
97520,0
97521,1
97522,0
97523,1
97524,1
97525,0
97526,1
97527,0
97528,0
97529,0
97530,0
97531,1
97532,1
97533,0
97534,0
97535,0
97536,1
97537,1
97538,0
97539,1
97540,0
97541,0
97542,0
97543,1
97544,1
97545,1
97546,1
97547,1
97548,0
97549,0
97550,0
97551,0
97552,0
97553,0
97554,0
97555,1
97556,0
97557,0
97558,1
97559,0
97560,0
97561,1
97562,0
97563,1
97564,1
97565,1
97566,1
97567,1
97568,1
97569,0
97570,1
97571,0
97572,1
97573,1
97574,0
97575,0
97576,1
97577,0
97578,1
97579,0
97580,0
97581,0
97582,1
97583,0
97584,1
97585,0
97586,0
97587,0
97588,0
97589,0
97590,0
97591,0
97592,0
97593,0
97594,0
97595,0
97596,0
97597,0
97598,0
97599,0
97600,0
97601,0
97602,1
97603,0
97604,1
97605,0
97606,0
97607,0
97608,1
97609,1
97610,1
97611,0
97612,1
97613,1
97614,0
97615,0
97616,1
97617,1
97618,0
97619,1
97620,0
97621,1
97622,1
97623,0
97624,1
97625,1
97626,0
97627,0
97628,0
97629,1
97630,1
97631,0
97632,0
97633,1
97634,1
97635,1
97636,0
97637,0
97638,0
97639,1
97640,0
97641,1
97642,0
97643,1
97644,0
97645,1
97646,0
97647,0
97648,1
97649,1
97650,0
97651,0
97652,0
97653,1
97654,0
97655,1
97656,0
97657,1
97658,0
97659,0
97660,0
97661,1
97662,0
97663,1
97664,0
97665,0
97666,0
97667,0
97668,1
97669,1
97670,1
97671,0
97672,0
97673,1
97674,0
97675,0
97676,1
97677,0
97678,1
97679,1
97680,1
97681,0
97682,1
97683,0
97684,1
97685,0
97686,0
97687,1
97688,0
97689,0
97690,1
97691,0
97692,0
97693,0
97694,0
97695,0
97696,0
97697,1
97698,1
97699,0
97700,1
97701,1
97702,0
97703,0
97704,0
97705,1
97706,0
97707,0
97708,1
97709,0
97710,1
97711,0
97712,0
97713,0
97714,0
97715,0
97716,0
97717,0
97718,0
97719,0
97720,0
97721,0
97722,1
97723,0
97724,1
97725,0
97726,1
97727,0
97728,0
97729,1
97730,0
97731,1
97732,0
97733,0
97734,0
97735,0
97736,0
97737,0
97738,0
97739,1
97740,0
97741,1
97742,1
97743,1
97744,0
97745,0
97746,1
97747,0
97748,0
97749,1
97750,0
97751,0
97752,1
97753,0
97754,1
97755,1
97756,0
97757,1
97758,1
97759,0
97760,0
97761,1
97762,1
97763,0
97764,0
97765,0
97766,0
97767,1
97768,0
97769,1
97770,0
97771,0
97772,0
97773,1
97774,1
97775,0
97776,0
97777,1
97778,0
97779,0
97780,1
97781,0
97782,0
97783,1
97784,0
97785,0
97786,0
97787,0
97788,1
97789,0
97790,0
97791,1
97792,0
97793,0
97794,1
97795,1
97796,1
97797,0
97798,1
97799,1
97800,0
97801,1
97802,0
97803,1
97804,0
97805,1
97806,1
97807,1
97808,1
97809,0
97810,1
97811,0
97812,1
97813,0
97814,0
97815,1
97816,1
97817,0
97818,1
97819,0
97820,0
97821,0
97822,1
97823,0
97824,0
97825,0
97826,1
97827,1
97828,0
97829,0
97830,1
97831,1
97832,1
97833,1
97834,1
97835,0
97836,0
97837,1
97838,0
97839,0
97840,0
97841,0
97842,0
97843,1
97844,0
97845,1
97846,0
97847,0
97848,0
97849,1
97850,0
97851,0
97852,0
97853,0
97854,1
97855,0
97856,0
97857,0
97858,0
97859,0
97860,0
97861,1
97862,1
97863,1
97864,1
97865,0
97866,0
97867,0
97868,0
97869,1
97870,0
97871,0
97872,1
97873,1
97874,0
97875,1
97876,0
97877,0
97878,0
97879,1
97880,1
97881,0
97882,1
97883,0
97884,0
97885,1
97886,1
97887,1
97888,0
97889,0
97890,0
97891,0
97892,1
97893,1
97894,0
97895,0
97896,0
97897,0
97898,0
97899,0
97900,1
97901,1
97902,1
97903,0
97904,1
97905,0
97906,1
97907,1
97908,0
97909,0
97910,0
97911,1
97912,0
97913,1
97914,0
97915,1
97916,0
97917,0
97918,0
97919,0
97920,0
97921,1
97922,0
97923,0
97924,1
97925,0
97926,1
97927,1
97928,1
97929,1
97930,0
97931,0
97932,1
97933,0
97934,0
97935,0
97936,0
97937,1
97938,0
97939,1
97940,0
97941,1
97942,0
97943,0
97944,0
97945,1
97946,1
97947,1
97948,0
97949,1
97950,0
97951,1
97952,0
97953,0
97954,0
97955,0
97956,0
97957,0
97958,0
97959,0
97960,1
97961,0
97962,0
97963,0
97964,1
97965,1
97966,0
97967,0
97968,0
97969,0
97970,1
97971,0
97972,1
97973,1
97974,0
97975,0
97976,0
97977,0
97978,0
97979,1
97980,1
97981,0
97982,1
97983,0
97984,1
97985,0
97986,0
97987,0
97988,1
97989,0
97990,0
97991,0
97992,1
97993,0
97994,0
97995,0
97996,0
97997,1
97998,0
97999,1
98000,1
98001,1
98002,0
98003,0
98004,0
98005,0
98006,0
98007,0
98008,0
98009,0
98010,1
98011,0
98012,0
98013,0
98014,0
98015,0
98016,0
98017,0
98018,0
98019,0
98020,0
98021,1
98022,0
98023,0
98024,0
98025,1
98026,0
98027,0
98028,0
98029,1
98030,0
98031,0
98032,0
98033,0
98034,0
98035,1
98036,0
98037,1
98038,1
98039,0
98040,0
98041,0
98042,0
98043,0
98044,0
98045,1
98046,1
98047,0
98048,0
98049,0
98050,1
98051,0
98052,1
98053,0
98054,1
98055,1
98056,0
98057,1
98058,1
98059,1
98060,0
98061,0
98062,0
98063,0
98064,0
98065,1
98066,0
98067,0
98068,1
98069,1
98070,0
98071,0
98072,1
98073,1
98074,0
98075,0
98076,1
98077,0
98078,0
98079,0
98080,1
98081,0
98082,0
98083,0
98084,1
98085,0
98086,0
98087,1
98088,1
98089,1
98090,0
98091,0
98092,0
98093,1
98094,1
98095,0
98096,0
98097,0
98098,0
98099,1
98100,0
98101,0
98102,0
98103,0
98104,0
98105,0
98106,0
98107,0
98108,0
98109,0
98110,0
98111,0
98112,1
98113,0
98114,0
98115,1
98116,0
98117,0
98118,0
98119,0
98120,0
98121,1
98122,1
98123,0
98124,1
98125,0
98126,0
98127,1
98128,0
98129,0
98130,1
98131,1
98132,1
98133,1
98134,0
98135,1
98136,1
98137,0
98138,1
98139,0
98140,1
98141,0
98142,0
98143,0
98144,1
98145,0
98146,1
98147,1
98148,0
98149,0
98150,0
98151,0
98152,0
98153,0
98154,0
98155,0
98156,0
98157,0
98158,0
98159,0
98160,1
98161,0
98162,0
98163,0
98164,0
98165,1
98166,1
98167,0
98168,1
98169,1
98170,0
98171,1
98172,0
98173,0
98174,0
98175,1
98176,1
98177,1
98178,0
98179,1
98180,0
98181,0
98182,0
98183,1
98184,1
98185,0
98186,1
98187,0
98188,1
98189,1
98190,0
98191,0
98192,0
98193,0
98194,1
98195,0
98196,0
98197,0
98198,0
98199,0
98200,1
98201,0
98202,0
98203,0
98204,0
98205,0
98206,0
98207,0
98208,1
98209,0
98210,0
98211,1
98212,0
98213,0
98214,1
98215,1
98216,0
98217,0
98218,1
98219,0
98220,0
98221,1
98222,1
98223,1
98224,0
98225,0
98226,0
98227,0
98228,0
98229,1
98230,1
98231,1
98232,0
98233,1
98234,0
98235,0
98236,1
98237,0
98238,0
98239,1
98240,1
98241,0
98242,1
98243,0
98244,1
98245,0
98246,1
98247,1
98248,0
98249,0
98250,1
98251,1
98252,0
98253,0
98254,0
98255,1
98256,0
98257,1
98258,0
98259,0
98260,1
98261,0
98262,1
98263,0
98264,0
98265,0
98266,0
98267,0
98268,0
98269,1
98270,0
98271,1
98272,0
98273,0
98274,1
98275,0
98276,1
98277,0
98278,1
98279,0
98280,1
98281,1
98282,0
98283,0
98284,0
98285,1
98286,1
98287,0
98288,0
98289,0
98290,0
98291,1
98292,0
98293,0
98294,0
98295,0
98296,0
98297,1
98298,0
98299,1
98300,1
98301,0
98302,0
98303,0
98304,1
98305,1
98306,0
98307,1
98308,0
98309,0
98310,1
98311,0
98312,0
98313,0
98314,1
98315,1
98316,0
98317,0
98318,0
98319,0
98320,1
98321,0
98322,0
98323,1
98324,1
98325,0
98326,0
98327,1
98328,1
98329,0
98330,0
98331,1
98332,1
98333,0
98334,0
98335,1
98336,1
98337,0
98338,1
98339,1
98340,0
98341,0
98342,1
98343,0
98344,1
98345,0
98346,0
98347,0
98348,0
98349,1
98350,0
98351,0
98352,0
98353,0
98354,1
98355,0
98356,1
98357,0
98358,0
98359,1
98360,1
98361,0
98362,0
98363,0
98364,1
98365,1
98366,0
98367,1
98368,1
98369,0
98370,0
98371,0
98372,0
98373,0
98374,0
98375,0
98376,0
98377,1
98378,0
98379,1
98380,0
98381,0
98382,1
98383,1
98384,0
98385,0
98386,0
98387,0
98388,0
98389,0
98390,0
98391,0
98392,0
98393,0
98394,0
98395,0
98396,0
98397,0
98398,1
98399,0
98400,0
98401,1
98402,0
98403,0
98404,1
98405,1
98406,1
98407,1
98408,1
98409,0
98410,1
98411,1
98412,1
98413,0
98414,1
98415,0
98416,0
98417,0
98418,1
98419,0
98420,0
98421,0
98422,1
98423,0
98424,0
98425,0
98426,0
98427,0
98428,1
98429,0
98430,0
98431,0
98432,0
98433,0
98434,1
98435,0
98436,1
98437,0
98438,0
98439,1
98440,0
98441,0
98442,1
98443,0
98444,0
98445,0
98446,0
98447,0
98448,1
98449,0
98450,0
98451,0
98452,1
98453,1
98454,1
98455,0
98456,0
98457,0
98458,0
98459,1
98460,0
98461,1
98462,0
98463,0
98464,0
98465,1
98466,1
98467,0
98468,0
98469,0
98470,0
98471,1
98472,0
98473,0
98474,0
98475,1
98476,1
98477,0
98478,1
98479,1
98480,0
98481,0
98482,1
98483,0
98484,0
98485,0
98486,0
98487,0
98488,0
98489,0
98490,1
98491,0
98492,0
98493,1
98494,0
98495,0
98496,1
98497,0
98498,0
98499,0
98500,0
98501,0
98502,0
98503,1
98504,1
98505,0
98506,0
98507,0
98508,0
98509,0
98510,0
98511,0
98512,1
98513,0
98514,1
98515,0
98516,1
98517,1
98518,0
98519,1
98520,1
98521,1
98522,0
98523,1
98524,0
98525,0
98526,1
98527,0
98528,1
98529,1
98530,0
98531,1
98532,0
98533,1
98534,0
98535,1
98536,1
98537,1
98538,1
98539,0
98540,0
98541,0
98542,1
98543,1
98544,0
98545,1
98546,0
98547,1
98548,0
98549,0
98550,0
98551,1
98552,1
98553,1
98554,1
98555,1
98556,1
98557,0
98558,0
98559,0
98560,1
98561,1
98562,0
98563,0
98564,0
98565,1
98566,0
98567,0
98568,1
98569,0
98570,0
98571,0
98572,0
98573,1
98574,0
98575,0
98576,0
98577,0
98578,1
98579,1
98580,1
98581,1
98582,1
98583,1
98584,1
98585,1
98586,0
98587,1
98588,1
98589,0
98590,0
98591,0
98592,0
98593,1
98594,1
98595,0
98596,1
98597,0
98598,0
98599,0
98600,1
98601,1
98602,0
98603,0
98604,0
98605,0
98606,0
98607,0
98608,1
98609,0
98610,0
98611,1
98612,0
98613,0
98614,0
98615,0
98616,1
98617,0
98618,0
98619,0
98620,0
98621,0
98622,0
98623,1
98624,0
98625,0
98626,1
98627,1
98628,1
98629,1
98630,0
98631,1
98632,0
98633,1
98634,1
98635,0
98636,0
98637,1
98638,0
98639,0
98640,1
98641,1
98642,1
98643,0
98644,0
98645,1
98646,1
98647,1
98648,0
98649,0
98650,0
98651,1
98652,0
98653,0
98654,0
98655,1
98656,0
98657,0
98658,0
98659,0
98660,1
98661,1
98662,0
98663,1
98664,1
98665,0
98666,0
98667,1
98668,0
98669,0
98670,1
98671,0
98672,0
98673,0
98674,0
98675,1
98676,0
98677,0
98678,0
98679,0
98680,0
98681,1
98682,0
98683,1
98684,0
98685,1
98686,1
98687,0
98688,0
98689,0
98690,1
98691,0
98692,0
98693,0
98694,0
98695,0
98696,0
98697,1
98698,0
98699,1
98700,1
98701,1
98702,0
98703,0
98704,0
98705,1
98706,0
98707,0
98708,1
98709,0
98710,0
98711,0
98712,0
98713,0
98714,0
98715,0
98716,0
98717,0
98718,1
98719,1
98720,1
98721,1
98722,0
98723,1
98724,0
98725,1
98726,0
98727,0
98728,1
98729,0
98730,0
98731,0
98732,0
98733,1
98734,0
98735,0
98736,0
98737,0
98738,0
98739,0
98740,0
98741,0
98742,0
98743,0
98744,0
98745,1
98746,0
98747,0
98748,0
98749,1
98750,0
98751,0
98752,0
98753,0
98754,0
98755,0
98756,0
98757,1
98758,0
98759,0
98760,0
98761,1
98762,1
98763,0
98764,0
98765,0
98766,1
98767,0
98768,0
98769,1
98770,0
98771,0
98772,0
98773,1
98774,0
98775,0
98776,0
98777,1
98778,0
98779,1
98780,0
98781,0
98782,0
98783,1
98784,1
98785,1
98786,0
98787,1
98788,0
98789,1
98790,0
98791,0
98792,1
98793,1
98794,0
98795,0
98796,0
98797,0
98798,0
98799,1
98800,1
98801,1
98802,0
98803,0
98804,0
98805,0
98806,1
98807,0
98808,0
98809,0
98810,0
98811,1
98812,0
98813,1
98814,0
98815,1
98816,1
98817,0
98818,0
98819,1
98820,0
98821,1
98822,1
98823,0
98824,0
98825,0
98826,0
98827,0
98828,1
98829,1
98830,1
98831,0
98832,1
98833,1
98834,1
98835,0
98836,1
98837,0
98838,0
98839,0
98840,0
98841,0
98842,1
98843,0
98844,0
98845,0
98846,0
98847,0
98848,0
98849,0
98850,0
98851,0
98852,1
98853,0
98854,0
98855,1
98856,0
98857,0
98858,0
98859,0
98860,1
98861,1
98862,1
98863,1
98864,0
98865,1
98866,1
98867,0
98868,0
98869,1
98870,0
98871,0
98872,1
98873,0
98874,0
98875,0
98876,1
98877,1
98878,0
98879,0
98880,0
98881,0
98882,1
98883,1
98884,0
98885,0
98886,0
98887,0
98888,0
98889,0
98890,0
98891,1
98892,0
98893,1
98894,0
98895,1
98896,0
98897,0
98898,1
98899,0
98900,0
98901,0
98902,1
98903,0
98904,1
98905,0
98906,0
98907,0
98908,0
98909,0
98910,0
98911,0
98912,0
98913,0
98914,1
98915,0
98916,1
98917,0
98918,0
98919,0
98920,1
98921,0
98922,0
98923,0
98924,0
98925,0
98926,1
98927,1
98928,1
98929,0
98930,0
98931,1
98932,1
98933,1
98934,1
98935,1
98936,0
98937,0
98938,1
98939,0
98940,0
98941,1
98942,0
98943,0
98944,1
98945,1
98946,1
98947,0
98948,0
98949,0
98950,0
98951,1
98952,0
98953,1
98954,1
98955,0
98956,1
98957,0
98958,1
98959,0
98960,0
98961,1
98962,0
98963,0
98964,0
98965,1
98966,1
98967,0
98968,1
98969,0
98970,0
98971,0
98972,1
98973,0
98974,0
98975,1
98976,0
98977,0
98978,0
98979,1
98980,1
98981,0
98982,0
98983,0
98984,0
98985,1
98986,0
98987,1
98988,1
98989,1
98990,0
98991,1
98992,0
98993,0
98994,0
98995,1
98996,0
98997,1
98998,0
98999,0
99000,1
99001,0
99002,1
99003,1
99004,0
99005,1
99006,1
99007,0
99008,0
99009,1
99010,1
99011,0
99012,1
99013,0
99014,0
99015,0
99016,1
99017,0
99018,0
99019,0
99020,0
99021,1
99022,0
99023,1
99024,0
99025,0
99026,0
99027,1
99028,0
99029,0
99030,0
99031,0
99032,1
99033,0
99034,0
99035,1
99036,0
99037,0
99038,0
99039,1
99040,0
99041,0
99042,1
99043,0
99044,0
99045,1
99046,0
99047,0
99048,0
99049,0
99050,0
99051,0
99052,0
99053,1
99054,0
99055,1
99056,0
99057,1
99058,0
99059,1
99060,0
99061,0
99062,0
99063,0
99064,1
99065,1
99066,0
99067,0
99068,0
99069,0
99070,0
99071,1
99072,1
99073,0
99074,0
99075,0
99076,0
99077,1
99078,0
99079,0
99080,0
99081,0
99082,0
99083,0
99084,0
99085,0
99086,1
99087,0
99088,1
99089,0
99090,0
99091,0
99092,0
99093,1
99094,0
99095,0
99096,1
99097,1
99098,1
99099,0
99100,1
99101,1
99102,0
99103,1
99104,0
99105,0
99106,0
99107,1
99108,0
99109,0
99110,0
99111,0
99112,1
99113,0
99114,1
99115,0
99116,1
99117,1
99118,0
99119,1
99120,1
99121,1
99122,0
99123,0
99124,0
99125,1
99126,0
99127,0
99128,0
99129,1
99130,0
99131,0
99132,0
99133,0
99134,0
99135,0
99136,1
99137,0
99138,0
99139,0
99140,0
99141,0
99142,0
99143,0
99144,0
99145,1
99146,1
99147,0
99148,1
99149,1
99150,0
99151,0
99152,0
99153,1
99154,0
99155,0
99156,1
99157,0
99158,1
99159,0
99160,1
99161,0
99162,1
99163,0
99164,0
99165,0
99166,0
99167,0
99168,0
99169,0
99170,0
99171,0
99172,0
99173,1
99174,0
99175,0
99176,0
99177,1
99178,1
99179,0
99180,1
99181,1
99182,0
99183,1
99184,1
99185,1
99186,1
99187,1
99188,0
99189,1
99190,0
99191,0
99192,1
99193,0
99194,0
99195,0
99196,0
99197,0
99198,0
99199,1
99200,0
99201,1
99202,0
99203,1
99204,0
99205,1
99206,0
99207,1
99208,0
99209,1
99210,0
99211,1
99212,0
99213,0
99214,0
99215,1
99216,0
99217,0
99218,0
99219,1
99220,0
99221,0
99222,0
99223,1
99224,0
99225,0
99226,0
99227,0
99228,0
99229,1
99230,1
99231,0
99232,1
99233,0
99234,0
99235,0
99236,0
99237,0
99238,0
99239,0
99240,1
99241,0
99242,0
99243,0
99244,1
99245,1
99246,0
99247,1
99248,0
99249,0
99250,1
99251,0
99252,1
99253,0
99254,0
99255,0
99256,1
99257,0
99258,0
99259,0
99260,0
99261,0
99262,0
99263,0
99264,0
99265,0
99266,1
99267,0
99268,0
99269,0
99270,0
99271,0
99272,0
99273,1
99274,0
99275,1
99276,1
99277,1
99278,1
99279,1
99280,1
99281,0
99282,1
99283,0
99284,0
99285,0
99286,0
99287,0
99288,0
99289,1
99290,1
99291,0
99292,1
99293,1
99294,0
99295,0
99296,0
99297,0
99298,0
99299,0
99300,1
99301,1
99302,1
99303,0
99304,1
99305,0
99306,1
99307,0
99308,0
99309,1
99310,0
99311,1
99312,0
99313,0
99314,1
99315,1
99316,1
99317,0
99318,0
99319,0
99320,0
99321,0
99322,1
99323,1
99324,0
99325,1
99326,0
99327,0
99328,0
99329,0
99330,1
99331,1
99332,0
99333,0
99334,0
99335,1
99336,1
99337,0
99338,0
99339,0
99340,1
99341,0
99342,1
99343,0
99344,0
99345,0
99346,0
99347,0
99348,1
99349,0
99350,0
99351,0
99352,0
99353,1
99354,0
99355,1
99356,1
99357,0
99358,0
99359,1
99360,0
99361,0
99362,1
99363,1
99364,0
99365,0
99366,1
99367,0
99368,1
99369,0
99370,0
99371,1
99372,0
99373,0
99374,0
99375,0
99376,1
99377,0
99378,0
99379,0
99380,0
99381,0
99382,1
99383,0
99384,0
99385,1
99386,0
99387,1
99388,0
99389,1
99390,0
99391,0
99392,0
99393,1
99394,0
99395,0
99396,1
99397,1
99398,1
99399,0
99400,0
99401,0
99402,0
99403,1
99404,0
99405,1
99406,1
99407,0
99408,1
99409,0
99410,0
99411,0
99412,0
99413,0
99414,1
99415,0
99416,1
99417,0
99418,0
99419,0
99420,1
99421,1
99422,0
99423,0
99424,0
99425,1
99426,1
99427,0
99428,0
99429,0
99430,0
99431,1
99432,0
99433,0
99434,0
99435,0
99436,0
99437,0
99438,0
99439,0
99440,0
99441,1
99442,0
99443,0
99444,0
99445,0
99446,0
99447,0
99448,0
99449,0
99450,0
99451,0
99452,0
99453,0
99454,0
99455,1
99456,0
99457,1
99458,0
99459,0
99460,0
99461,0
99462,0
99463,0
99464,1
99465,0
99466,1
99467,0
99468,0
99469,1
99470,0
99471,0
99472,0
99473,0
99474,0
99475,0
99476,1
99477,0
99478,1
99479,1
99480,1
99481,0
99482,0
99483,1
99484,1
99485,1
99486,0
99487,0
99488,0
99489,0
99490,1
99491,1
99492,0
99493,1
99494,0
99495,0
99496,0
99497,0
99498,1
99499,0
99500,0
99501,1
99502,0
99503,0
99504,1
99505,0
99506,0
99507,0
99508,0
99509,0
99510,0
99511,0
99512,1
99513,0
99514,1
99515,1
99516,0
99517,0
99518,1
99519,0
99520,0
99521,1
99522,1
99523,0
99524,0
99525,1
99526,0
99527,0
99528,0
99529,0
99530,0
99531,1
99532,0
99533,0
99534,0
99535,0
99536,1
99537,0
99538,1
99539,0
99540,0
99541,0
99542,0
99543,0
99544,1
99545,0
99546,0
99547,0
99548,1
99549,1
99550,0
99551,0
99552,1
99553,0
99554,0
99555,0
99556,1
99557,0
99558,0
99559,0
99560,0
99561,0
99562,1
99563,0
99564,1
99565,0
99566,0
99567,1
99568,1
99569,1
99570,1
99571,0
99572,1
99573,0
99574,0
99575,0
99576,0
99577,1
99578,1
99579,0
99580,0
99581,1
99582,0
99583,0
99584,1
99585,1
99586,1
99587,1
99588,0
99589,0
99590,0
99591,1
99592,1
99593,0
99594,0
99595,1
99596,0
99597,1
99598,1
99599,0
99600,1
99601,1
99602,0
99603,0
99604,1
99605,0
99606,1
99607,0
99608,1
99609,0
99610,0
99611,1
99612,0
99613,0
99614,0
99615,1
99616,1
99617,0
99618,0
99619,1
99620,0
99621,1
99622,1
99623,0
99624,1
99625,0
99626,1
99627,0
99628,0
99629,1
99630,0
99631,0
99632,0
99633,0
99634,1
99635,0
99636,0
99637,0
99638,1
99639,1
99640,0
99641,0
99642,0
99643,0
99644,0
99645,0
99646,0
99647,0
99648,0
99649,1
99650,0
99651,0
99652,1
99653,0
99654,0
99655,0
99656,0
99657,0
99658,0
99659,1
99660,1
99661,0
99662,0
99663,0
99664,0
99665,0
99666,1
99667,1
99668,1
99669,0
99670,0
99671,1
99672,0
99673,1
99674,0
99675,1
99676,1
99677,0
99678,1
99679,1
99680,1
99681,0
99682,0
99683,0
99684,0
99685,1
99686,0
99687,1
99688,0
99689,0
99690,1
99691,0
99692,1
99693,0
99694,1
99695,0
99696,0
99697,0
99698,0
99699,0
99700,0
99701,1
99702,1
99703,1
99704,1
99705,0
99706,1
99707,0
99708,0
99709,0
99710,0
99711,0
99712,0
99713,1
99714,0
99715,0
99716,0
99717,1
99718,1
99719,1
99720,0
99721,1
99722,0
99723,0
99724,1
99725,1
99726,0
99727,0
99728,0
99729,0
99730,0
99731,1
99732,0
99733,0
99734,1
99735,1
99736,1
99737,0
99738,0
99739,0
99740,0
99741,0
99742,0
99743,0
99744,0
99745,0
99746,1
99747,1
99748,1
99749,0
99750,1
99751,0
99752,0
99753,0
99754,0
99755,1
99756,0
99757,1
99758,1
99759,0
99760,0
99761,0
99762,1
99763,1
99764,0
99765,0
99766,0
99767,0
99768,0
99769,0
99770,1
99771,0
99772,0
99773,0
99774,0
99775,1
99776,1
99777,1
99778,0
99779,0
99780,0
99781,1
99782,0
99783,1
99784,0
99785,0
99786,0
99787,1
99788,0
99789,1
99790,0
99791,0
99792,1
99793,0
99794,1
99795,0
99796,0
99797,0
99798,0
99799,1
99800,0
99801,1
99802,0
99803,0
99804,0
99805,0
99806,0
99807,1
99808,1
99809,0
99810,0
99811,1
99812,0
99813,1
99814,0
99815,0
99816,1
99817,0
99818,1
99819,0
99820,1
99821,0
99822,0
99823,0
99824,0
99825,0
99826,1
99827,0
99828,0
99829,0
99830,1
99831,0
99832,0
99833,0
99834,1
99835,0
99836,0
99837,0
99838,1
99839,0
99840,0
99841,1
99842,0
99843,1
99844,1
99845,0
99846,0
99847,1
99848,0
99849,0
99850,0
99851,0
99852,1
99853,0
99854,0
99855,0
99856,0
99857,0
99858,0
99859,1
99860,0
99861,0
99862,0
99863,1
99864,1
99865,0
99866,0
99867,0
99868,0
99869,0
99870,1
99871,0
99872,0
99873,0
99874,0
99875,0
99876,1
99877,1
99878,0
99879,1
99880,0
99881,0
99882,0
99883,1
99884,0
99885,1
99886,0
99887,1
99888,0
99889,1
99890,0
99891,0
99892,0
99893,1
99894,1
99895,1
99896,1
99897,1
99898,0
99899,1
99900,0
99901,0
99902,0
99903,0
99904,1
99905,0
99906,0
99907,1
99908,0
99909,1
99910,1
99911,1
99912,0
99913,0
99914,1
99915,1
99916,0
99917,0
99918,0
99919,0
99920,0
99921,1
99922,1
99923,0
99924,0
99925,0
99926,0
99927,0
99928,0
99929,1
99930,0
99931,0
99932,0
99933,1
99934,0
99935,0
99936,0
99937,0
99938,1
99939,0
99940,1
99941,1
99942,0
99943,0
99944,1
99945,1
99946,0
99947,0
99948,0
99949,1
99950,1
99951,0
99952,0
99953,1
99954,0
99955,1
99956,1
99957,0
99958,0
99959,0
99960,0
99961,0
99962,0
99963,0
99964,1
99965,1
99966,1
99967,0
99968,0
99969,0
99970,1
99971,1
99972,1
99973,0
99974,0
99975,0
99976,1
99977,1
99978,0
99979,0
99980,0
99981,0
99982,0
99983,1
99984,0
99985,1
99986,0
99987,0
99988,1
99989,1
99990,0
99991,0
99992,1
99993,1
99994,1
99995,1
99996,0
99997,0
99998,1
99999,0
